kernel,backend,size,algorithm,run_idx,evaluation,config,grid_time_ms,regret_ms,regret_pct,best_regret_pct_so_far,observed_time_ms,observed_selected_regret_pct,observed_best_regret_pct_so_far,grid_status
matmul,sycl,1024,bayesian,0,1,32_32_32_2_2,3.476480007171631,0.5652480125427246,19.416110209889915,19.416110209889904,3.2993279695510864,19.416110209889915,19.416110209889915,ok
matmul,sycl,1024,bayesian,0,2,64_32_8_2_2,3.259392023086548,0.3481600284576416,11.959199029825918,11.959199029825909,3.1559680700302124,11.959199029825918,11.959199029825918,ok
matmul,sycl,1024,bayesian,0,3,64_32_8_4_4,3.1580159664154053,0.24678397178649902,8.476960003249644,8.476960003249639,3.220479965209961,8.476960003249644,11.959199029825918,ok
matmul,sycl,1024,bayesian,0,4,32_64_8_1_4,3.4211840629577637,0.5099520683288574,17.516710082525066,8.476960003249639,3.324415922164917,17.516710082525066,11.959199029825918,ok
matmul,sycl,1024,bayesian,0,5,32_32_8_4_4,3.6065280437469482,0.695296049118042,23.883223679900212,8.476960003249639,3.0863358974456787,23.883223679900212,23.883223679900212,ok
matmul,sycl,1024,bayesian,0,6,32_32_16_2_1,3.2860159873962402,0.374783992767334,12.873724713756719,8.476960003249639,3.215872049331665,12.873724713756719,23.883223679900212,ok
matmul,sycl,1024,bayesian,0,7,32_32_8_4_4,3.6065280437469482,0.695296049118042,23.883223679900212,8.476960003249639,3.0924800634384155,23.883223679900212,23.883223679900212,ok
matmul,sycl,1024,bayesian,0,8,64_32_32_4_2,3.5082240104675293,0.596992015838623,20.506507792578766,8.476960003249639,2.9808640480041504,20.506507792578766,20.506507792578766,ok
matmul,sycl,1024,bayesian,0,9,64_32_32_4_2,3.5082240104675293,0.596992015838623,20.506507792578766,8.476960003249639,2.992128014564514,20.506507792578766,20.506507792578766,ok
matmul,sycl,1024,bayesian,0,10,64_32_32_4_2,3.5082240104675293,0.596992015838623,20.506507792578766,8.476960003249639,3.0412800312042236,20.506507792578766,20.506507792578766,ok
matmul,sycl,1024,bayesian,0,11,64_32_16_4_4,3.379199981689453,0.4679679870605469,16.074568702320093,8.476960003249639,3.047424077987671,16.074568702320093,20.506507792578766,ok
matmul,sycl,1024,bayesian,0,12,64_32_32_4_2,3.5082240104675293,0.596992015838623,20.506507792578766,8.476960003249639,3.0965760946273804,20.506507792578766,20.506507792578766,ok
matmul,sycl,1024,bayesian,0,13,32_32_32_1_4,3.5737600326538086,0.6625280380249023,22.757651717459737,8.476960003249639,3.414528012275696,22.757651717459737,20.506507792578766,ok
matmul,sycl,1024,bayesian,0,14,64_32_16_1_4,3.177471876144409,0.26623988151550293,9.145265028919148,8.476960003249639,3.341823935508728,9.145265028919148,20.506507792578766,ok
matmul,sycl,1024,bayesian,0,15,64_32_32_4_1,3.140608072280884,0.22937607765197754,7.8790037370833454,7.8790037370833454,2.941439986228943,7.8790037370833454,7.8790037370833454,ok
matmul,sycl,1024,bayesian,1,1,32_32_32_2_2,3.476480007171631,0.5652480125427246,19.416110209889915,19.416110209889904,3.8154239654541016,19.416110209889915,19.416110209889915,ok
matmul,sycl,1024,bayesian,1,2,32_32_32_4_1,3.1795198917388916,0.26828789710998535,9.215613788422372,9.21561378842238,3.787775993347168,9.215613788422372,9.215613788422372,ok
matmul,sycl,1024,bayesian,1,3,32_128_8_2_4,3.1979520320892334,0.28672003746032715,9.848752623951395,9.21561378842238,3.914240002632141,9.848752623951395,9.215613788422372,ok
matmul,sycl,1024,bayesian,1,4,32_32_32_2_2,3.476480007171631,0.5652480125427246,19.416110209889915,9.21561378842238,4.093440055847168,19.416110209889915,9.215613788422372,ok
matmul,sycl,1024,bayesian,1,5,32_32_32_2_4,4.343808174133301,1.4325761795043945,49.208588740005396,9.21561378842238,4.089855909347534,49.208588740005396,9.215613788422372,ok
matmul,sycl,1024,bayesian,1,6,32_32_32_4_1,3.1795198917388916,0.26828789710998535,9.215613788422372,9.21561378842238,3.732480049133301,9.215613788422372,9.215613788422372,ok
matmul,sycl,1024,bayesian,1,7,64_32_32_1_4,4.100096225738525,1.1888642311096191,40.8371518760106,9.21561378842238,4.217344045639038,40.8371518760106,9.215613788422372,ok
matmul,sycl,1024,bayesian,1,8,32_128_32_4_2,3.414016008377075,0.502784013748169,17.27048942426379,9.21561378842238,3.6346880197525024,17.27048942426379,17.27048942426379,ok
matmul,sycl,1024,bayesian,1,9,32_128_8_4_2,3.0412800312042236,0.13004803657531738,4.467113470010298,4.4671134700102995,3.8046720027923584,4.467113470010298,17.27048942426379,ok
matmul,sycl,1024,bayesian,1,10,32_32_32_1_4,3.5737600326538086,0.6625280380249023,22.757651717459737,4.4671134700102995,3.5389440059661865,22.757651717459737,22.757651717459737,ok
matmul,sycl,1024,bayesian,1,11,32_64_32_1_4,4.219903945922852,1.3086719512939453,44.952513358893654,4.4671134700102995,3.7765119075775146,44.952513358893654,22.757651717459737,ok
matmul,sycl,1024,bayesian,1,12,128_64_16_4_4,3.5235838890075684,0.6123518943786621,21.03411529924184,4.4671134700102995,3.2235519886016846,21.03411529924184,21.03411529924184,ok
matmul,sycl,1024,bayesian,1,13,64_64_32_2_4,3.1641600131988525,0.2529280185699463,8.68800628175932,4.4671134700102995,3.455999970436096,8.68800628175932,21.03411529924184,ok
matmul,sycl,1024,bayesian,1,14,128_64_16_4_4,3.5235838890075684,0.6123518943786621,21.03411529924184,4.4671134700102995,3.307007908821106,21.03411529924184,21.03411529924184,ok
matmul,sycl,1024,bayesian,1,15,128_64_32_4_4,3.8451199531555176,0.9338879585266113,32.07878864513694,4.4671134700102995,2.946560025215149,32.07878864513694,32.07878864513694,ok
matmul,sycl,1024,bayesian,2,1,32_32_32_2_2,3.476480007171631,0.5652480125427246,19.416110209889915,19.416110209889904,3.8814719915390015,19.416110209889915,19.416110209889915,ok
matmul,sycl,1024,bayesian,2,2,32_64_16_4_2,3.299328088760376,0.3880960941314697,13.330991650527668,13.330991650527674,3.5973119735717773,13.330991650527668,13.330991650527668,ok
matmul,sycl,1024,bayesian,2,3,32_64_16_1_4,3.959807872772217,1.0485758781433105,36.01828641887306,13.330991650527674,4.538367986679077,36.01828641887306,13.330991650527668,ok
matmul,sycl,1024,bayesian,2,4,32_32_16_1_4,3.6136960983276367,0.7024641036987305,24.129444338161488,13.330991650527674,3.9772160053253174,24.129444338161488,13.330991650527668,ok
matmul,sycl,1024,bayesian,2,5,32_128_16_4_2,2.9112319946289062,0.0,0.0,0.0,3.6295679807662964,0.0,13.330991650527668,ok
matmul,sycl,1024,bayesian,2,6,64_32_8_2_4,3.2880640029907227,0.3768320083618164,12.944073473259943,0.0,3.691007971763611,12.944073473259943,13.330991650527668,ok
matmul,sycl,1024,bayesian,2,7,32_64_16_4_2,3.299328088760376,0.3880960941314697,13.330991650527668,0.0,3.6116479635238647,13.330991650527668,13.330991650527668,ok
matmul,sycl,1024,bayesian,2,8,32_64_8_2_2,3.6966400146484375,0.7854080200195312,26.978544529208737,0.0,3.824128031730652,26.978544529208737,13.330991650527668,ok
matmul,sycl,1024,bayesian,2,9,128_32_8_4_2,3.8359038829803467,0.9246718883514404,31.762219227372434,0.0,3.8681600093841553,31.762219227372434,13.330991650527668,ok
matmul,sycl,1024,bayesian,2,10,128_32_16_4_4,3.290112018585205,0.37888002395629883,13.014422232763167,0.0,3.899392008781433,13.014422232763167,13.330991650527668,ok
matmul,sycl,1024,bayesian,2,11,64_32_16_4_2,3.4068479537963867,0.49561595916748047,17.024268766002493,0.0,3.6792320013046265,17.024268766002493,13.330991650527668,ok
matmul,sycl,1024,bayesian,2,12,32_64_16_4_2,3.299328088760376,0.3880960941314697,13.330991650527668,0.0,3.825663924217224,13.330991650527668,13.330991650527668,ok
matmul,sycl,1024,bayesian,2,13,64_32_32_4_1,3.140608072280884,0.22937607765197754,7.8790037370833454,0.0,3.744256019592285,7.8790037370833454,13.330991650527668,ok
matmul,sycl,1024,bayesian,2,14,32_32_16_2_2,3.9772160053253174,1.0659840106964111,36.61625087465046,0.0,3.970047950744629,36.61625087465046,13.330991650527668,ok
matmul,sycl,1024,bayesian,2,15,64_32_16_2_2,3.759104013442993,0.8478720188140869,29.124165314834862,0.0,4.050431847572327,29.124165314834862,13.330991650527668,ok
matmul,sycl,1024,bayesian,3,1,32_32_32_2_2,3.476480007171631,0.5652480125427246,19.416110209889915,19.416110209889904,3.4037760496139526,19.416110209889915,19.416110209889915,ok
matmul,sycl,1024,bayesian,3,2,32_64_8_2_2,3.6966400146484375,0.7854080200195312,26.978544529208737,19.416110209889904,3.13753604888916,26.978544529208737,26.978544529208737,ok
matmul,sycl,1024,bayesian,3,3,128_64_32_4_4,3.8451199531555176,0.9338879585266113,32.07878864513694,19.416110209889904,3.1713279485702515,32.07878864513694,26.978544529208737,ok
matmul,sycl,1024,bayesian,3,4,64_32_8_4_1,3.264512062072754,0.35328006744384766,12.135070928583968,12.13507092858397,3.2506879568099976,12.135070928583968,26.978544529208737,ok
matmul,sycl,1024,bayesian,3,5,64_32_32_4_1,3.140608072280884,0.22937607765197754,7.8790037370833454,7.8790037370833454,3.061247944831848,7.8790037370833454,7.8790037370833454,ok
matmul,sycl,1024,bayesian,3,6,128_32_8_4_4,3.4897921085357666,0.5785601139068604,19.873377146660864,7.8790037370833454,3.1093759536743164,19.873377146660864,7.8790037370833454,ok
matmul,sycl,1024,bayesian,3,7,64_32_32_4_1,3.140608072280884,0.22937607765197754,7.8790037370833454,7.8790037370833454,3.058687925338745,7.8790037370833454,7.8790037370833454,ok
matmul,sycl,1024,bayesian,3,8,64_32_32_4_1,3.140608072280884,0.22937607765197754,7.8790037370833454,7.8790037370833454,2.789888024330139,7.8790037370833454,7.8790037370833454,ok
matmul,sycl,1024,bayesian,3,9,64_64_8_2_4,3.5133440494537354,0.6021120548248291,20.682379691336838,7.8790037370833454,3.15392005443573,20.682379691336838,7.8790037370833454,ok
matmul,sycl,1024,bayesian,3,10,64_32_8_2_4,3.2880640029907227,0.3768320083618164,12.944073473259943,7.8790037370833454,3.032576084136963,12.944073473259943,7.8790037370833454,ok
matmul,sycl,1024,bayesian,3,11,64_128_32_4_4,3.595263957977295,0.6840319633483887,23.496305502632463,7.8790037370833454,3.3392640352249146,23.496305502632463,7.8790037370833454,ok
matmul,sycl,1024,bayesian,3,12,32_32_8_4_2,3.3208320140838623,0.40960001945495605,14.069645435700417,7.8790037370833454,3.0740480422973633,14.069645435700417,7.8790037370833454,ok
matmul,sycl,1024,bayesian,3,13,64_64_8_4_4,3.4119679927825928,0.5007359981536865,17.200140664760568,7.8790037370833454,3.2250880002975464,17.200140664760568,7.8790037370833454,ok
matmul,sycl,1024,bayesian,3,14,64_32_8_2_4,3.2880640029907227,0.3768320083618164,12.944073473259943,7.8790037370833454,2.950655937194824,12.944073473259943,7.8790037370833454,ok
matmul,sycl,1024,bayesian,3,15,64_64_32_4_2,2.9317119121551514,0.020479917526245117,0.7034794054211257,0.7034794054211295,3.0714880228042603,0.7034794054211257,7.8790037370833454,ok
matmul,sycl,1024,bayesian,4,1,32_32_32_2_2,3.476480007171631,0.5652480125427246,19.416110209889915,19.416110209889904,3.348479986190796,19.416110209889915,19.416110209889915,ok
matmul,sycl,1024,bayesian,4,2,128_32_32_4_4,3.2481279373168945,0.3368959426879883,11.572280852558169,11.572280852558173,2.833407998085022,11.572280852558169,11.572280852558169,ok
matmul,sycl,1024,bayesian,4,3,64_32_8_2_2,3.259392023086548,0.3481600284576416,11.959199029825918,11.572280852558173,3.2921600341796875,11.959199029825918,11.572280852558169,ok
matmul,sycl,1024,bayesian,4,4,128_32_32_4_4,3.2481279373168945,0.3368959426879883,11.572280852558169,11.572280852558173,3.0909440517425537,11.572280852558169,11.572280852558169,ok
matmul,sycl,1024,bayesian,4,5,32_64_32_2_2,3.338239908218384,0.42700791358947754,14.667601701866717,11.572280852558173,3.322368025779724,14.667601701866717,11.572280852558169,ok
matmul,sycl,1024,bayesian,4,6,64_32_16_4_1,3.0105600357055664,0.09932804107666016,3.4118902670730478,3.4118902670730464,2.9946879148483276,3.4118902670730478,11.572280852558169,ok
matmul,sycl,1024,bayesian,4,7,32_32_16_2_1,3.2860159873962402,0.374783992767334,12.873724713756719,3.4118902670730464,3.1662079095840454,12.873724713756719,11.572280852558169,ok
matmul,sycl,1024,bayesian,4,8,32_64_16_2_4,3.9782400131225586,1.0670080184936523,36.651425254402085,3.4118902670730464,3.1790080070495605,36.651425254402085,11.572280852558169,ok
matmul,sycl,1024,bayesian,4,9,128_32_8_2_4,3.5676159858703613,0.6563839912414551,22.546605438950063,3.4118902670730464,3.2440320253372192,22.546605438950063,11.572280852558169,ok
matmul,sycl,1024,bayesian,4,10,32_32_8_2_4,2.9378559589385986,0.026623964309692383,0.9145256839308002,0.9145256839308037,3.072000026702881,0.9145256839308002,11.572280852558169,ok
matmul,sycl,1024,bayesian,4,11,32_32_16_2_2,3.9772160053253174,1.0659840106964111,36.61625087465046,0.9145256839308037,3.3699840307235718,36.61625087465046,11.572280852558169,ok
matmul,sycl,1024,bayesian,4,12,64_64_16_2_4,3.7765119075775146,0.8652799129486084,29.72212158100116,0.9145256839308037,3.3740800619125366,29.72212158100116,11.572280852558169,ok
matmul,sycl,1024,bayesian,4,13,64_32_16_4_1,3.0105600357055664,0.09932804107666016,3.4118902670730478,0.9145256839308037,2.9972479343414307,3.4118902670730478,11.572280852558169,ok
matmul,sycl,1024,bayesian,4,14,64_64_8_4_4,3.4119679927825928,0.5007359981536865,17.200140664760568,0.9145256839308037,3.075584053993225,17.200140664760568,11.572280852558169,ok
matmul,sycl,1024,bayesian,4,15,64_32_8_1_4,3.224575996398926,0.31334400177001953,10.763278307882196,0.9145256839308037,3.194368004798889,10.763278307882196,11.572280852558169,ok
matmul,sycl,1024,bayesian,5,1,32_32_32_2_2,3.476480007171631,0.5652480125427246,19.416110209889915,19.416110209889904,4.067839860916138,19.416110209889915,19.416110209889915,ok
matmul,sycl,1024,bayesian,5,2,32_32_8_4_2,3.3208320140838623,0.40960001945495605,14.069645435700417,14.069645435700414,3.7688320875167847,14.069645435700417,14.069645435700417,ok
matmul,sycl,1024,bayesian,5,3,128_32_16_4_2,3.280895948410034,0.36966395378112793,12.697852814998644,12.697852814998651,3.6741119623184204,12.697852814998644,12.697852814998644,ok
matmul,sycl,1024,bayesian,5,4,32_64_8_4_1,3.4150400161743164,0.5038080215454102,17.305663804015392,12.697852814998651,4.040704011917114,17.305663804015392,12.697852814998644,ok
matmul,sycl,1024,bayesian,5,5,64_64_8_4_2,3.1744000911712646,0.2631680965423584,9.039750079275443,9.039750079275436,3.782655954360962,9.039750079275443,12.697852814998644,ok
matmul,sycl,1024,bayesian,5,6,32_32_16_1_4,3.6136960983276367,0.7024641036987305,24.129444338161488,9.039750079275436,4.009984016418457,24.129444338161488,12.697852814998644,ok
matmul,sycl,1024,bayesian,5,7,128_32_16_4_2,3.280895948410034,0.36966395378112793,12.697852814998644,9.039750079275436,3.83078396320343,12.697852814998644,12.697852814998644,ok
matmul,sycl,1024,bayesian,5,8,128_32_16_4_2,3.280895948410034,0.36966395378112793,12.697852814998644,9.039750079275436,3.747328042984009,12.697852814998644,12.697852814998644,ok
matmul,sycl,1024,bayesian,5,9,64_32_16_1_4,3.177471876144409,0.26623988151550293,9.145265028919148,9.039750079275436,4.02892804145813,9.145265028919148,12.697852814998644,ok
matmul,sycl,1024,bayesian,5,10,64_32_32_4_2,3.5082240104675293,0.596992015838623,20.506507792578766,9.039750079275436,3.4186240434646606,20.506507792578766,20.506507792578766,ok
matmul,sycl,1024,bayesian,5,11,32_64_32_4_4,3.3126399517059326,0.40140795707702637,13.788250397687518,9.039750079275436,3.703295946121216,13.788250397687518,20.506507792578766,ok
matmul,sycl,1024,bayesian,5,12,64_128_16_4_4,3.6833279132843018,0.7720959186553955,26.521277592437787,9.039750079275436,4.215296030044556,26.521277592437787,20.506507792578766,ok
matmul,sycl,1024,bayesian,5,13,64_32_32_4_2,3.5082240104675293,0.596992015838623,20.506507792578766,9.039750079275436,3.4580479860305786,20.506507792578766,20.506507792578766,ok
matmul,sycl,1024,bayesian,5,14,64_32_32_4_2,3.5082240104675293,0.596992015838623,20.506507792578766,9.039750079275436,2.9393919706344604,20.506507792578766,20.506507792578766,ok
matmul,sycl,1024,bayesian,5,15,64_32_32_4_2,3.5082240104675293,0.596992015838623,20.506507792578766,9.039750079275436,2.905087947845459,20.506507792578766,20.506507792578766,ok
matmul,sycl,1024,bayesian,6,1,32_32_32_2_2,3.476480007171631,0.5652480125427246,19.416110209889915,19.416110209889904,3.37663996219635,19.416110209889915,19.416110209889915,ok
matmul,sycl,1024,bayesian,6,2,32_32_32_1_4,3.5737600326538086,0.6625280380249023,22.757651717459737,19.416110209889904,3.460096001625061,22.757651717459737,19.416110209889915,ok
matmul,sycl,1024,bayesian,6,3,32_64_8_2_2,3.6966400146484375,0.7854080200195312,26.978544529208737,19.416110209889904,3.0796799659729004,26.978544529208737,26.978544529208737,ok
matmul,sycl,1024,bayesian,6,4,32_64_32_2_2,3.338239908218384,0.42700791358947754,14.667601701866717,14.667601701866706,3.356160044670105,14.667601701866717,26.978544529208737,ok
matmul,sycl,1024,bayesian,6,5,64_32_16_2_2,3.759104013442993,0.8478720188140869,29.124165314834862,14.667601701866706,3.45907199382782,29.124165314834862,26.978544529208737,ok
matmul,sycl,1024,bayesian,6,6,32_128_16_4_2,2.9112319946289062,0.0,0.0,0.0,3.048448085784912,0.0,0.0,ok
matmul,sycl,1024,bayesian,6,7,32_64_32_1_4,4.219903945922852,1.3086719512939453,44.952513358893654,0.0,3.7642239332199097,44.952513358893654,0.0,ok
matmul,sycl,1024,bayesian,6,8,64_32_32_2_4,3.3812479972839355,0.4700160026550293,16.144917461823315,0.0,3.4012160301208496,16.144917461823315,0.0,ok
matmul,sycl,1024,bayesian,6,9,32_32_32_1_2,3.4058239459991455,0.49459195137023926,16.98909438625089,0.0,3.3648639917373657,16.98909438625089,0.0,ok
matmul,sycl,1024,bayesian,6,10,32_128_16_4_2,2.9112319946289062,0.0,0.0,0.0,3.082751989364624,0.0,0.0,ok
matmul,sycl,1024,bayesian,6,11,32_32_16_2_4,3.7160959243774414,0.8048639297485352,27.646849554878262,0.0,3.455999970436096,27.646849554878262,0.0,ok
matmul,sycl,1024,bayesian,6,12,32_64_8_2_2,3.6966400146484375,0.7854080200195312,26.978544529208737,0.0,3.0740479230880737,26.978544529208737,0.0,ok
matmul,sycl,1024,bayesian,6,13,64_64_8_4_2,3.1744000911712646,0.2631680965423584,9.039750079275443,0.0,2.9184000492095947,9.039750079275443,9.039750079275443,ok
matmul,sycl,1024,bayesian,6,14,64_32_32_4_1,3.140608072280884,0.22937607765197754,7.8790037370833454,0.0,2.9926400184631348,7.8790037370833454,9.039750079275443,ok
matmul,sycl,1024,bayesian,6,15,64_64_8_4_2,3.1744000911712646,0.2631680965423584,9.039750079275443,0.0,2.9030399322509766,9.039750079275443,9.039750079275443,ok
matmul,sycl,1024,bayesian,7,1,32_32_32_2_2,3.476480007171631,0.5652480125427246,19.416110209889915,19.416110209889904,3.312127947807312,19.416110209889915,19.416110209889915,ok
matmul,sycl,1024,bayesian,7,2,32_32_8_1_4,4.376575946807861,1.465343952178955,50.33415251283475,19.416110209889904,2.8528640270233154,50.33415251283475,50.33415251283475,ok
matmul,sycl,1024,bayesian,7,3,128_32_32_2_4,3.9127039909362793,1.001471996307373,34.400281329521135,19.416110209889904,3.39302396774292,34.400281329521135,50.33415251283475,ok
matmul,sycl,1024,bayesian,7,4,64_64_8_4_4,3.4119679927825928,0.5007359981536865,17.200140664760568,17.200140664760564,2.9839359521865845,17.200140664760568,50.33415251283475,ok
matmul,sycl,1024,bayesian,7,5,32_32_16_2_2,3.9772160053253174,1.0659840106964111,36.61625087465046,17.200140664760564,3.4135040044784546,36.61625087465046,50.33415251283475,ok
matmul,sycl,1024,bayesian,7,6,32_32_8_1_4,4.376575946807861,1.465343952178955,50.33415251283475,17.200140664760564,3.247615933418274,50.33415251283475,50.33415251283475,ok
matmul,sycl,1024,bayesian,7,7,128_64_16_4_4,3.5235838890075684,0.6123518943786621,21.03411529924184,17.200140664760564,2.7560960054397583,21.03411529924184,21.03411529924184,ok
matmul,sycl,1024,bayesian,7,8,32_64_16_4_1,3.305471897125244,0.3942399024963379,13.54202973942622,13.542029739426228,3.125760078430176,13.54202973942622,21.03411529924184,ok
matmul,sycl,1024,bayesian,7,9,32_32_16_4_2,3.146751880645752,0.2355198860168457,8.090041825981897,8.090041825981901,2.960383892059326,8.090041825981897,21.03411529924184,ok
matmul,sycl,1024,bayesian,7,10,128_32_8_2_4,3.5676159858703613,0.6563839912414551,22.546605438950063,8.090041825981901,3.2670719623565674,22.546605438950063,21.03411529924184,ok
matmul,sycl,1024,bayesian,7,11,32_128_16_2_4,4.348927974700928,1.4376959800720215,49.38445244915235,8.090041825981901,3.848191976547241,49.38445244915235,21.03411529924184,ok
matmul,sycl,1024,bayesian,7,12,128_64_16_4_4,3.5235838890075684,0.6123518943786621,21.03411529924184,8.090041825981901,3.1406079530715942,21.03411529924184,21.03411529924184,ok
matmul,sycl,1024,bayesian,7,13,32_64_32_2_4,3.8492159843444824,0.9379839897155762,32.21948616414338,8.090041825981901,3.2424960136413574,32.21948616414338,21.03411529924184,ok
matmul,sycl,1024,bayesian,7,14,32_32_8_1_4,4.376575946807861,1.465343952178955,50.33415251283475,8.090041825981901,3.1938560009002686,50.33415251283475,21.03411529924184,ok
matmul,sycl,1024,bayesian,7,15,32_128_32_4_2,3.414016008377075,0.502784013748169,17.27048942426379,8.090041825981901,2.997760057449341,17.27048942426379,21.03411529924184,ok
matmul,sycl,1024,bayesian,8,1,32_32_32_2_2,3.476480007171631,0.5652480125427246,19.416110209889915,19.416110209889904,3.3305599689483643,19.416110209889915,19.416110209889915,ok
matmul,sycl,1024,bayesian,8,2,64_32_16_2_4,4.169727802276611,1.258495807647705,43.22897694067578,19.416110209889904,3.312127947807312,43.22897694067578,43.22897694067578,ok
matmul,sycl,1024,bayesian,8,3,64_32_32_2_4,3.3812479972839355,0.4700160026550293,16.144917461823315,16.144917461823308,3.3126399517059326,16.144917461823315,43.22897694067578,ok
matmul,sycl,1024,bayesian,8,4,32_32_32_2_2,3.476480007171631,0.5652480125427246,19.416110209889915,16.144917461823308,3.412992000579834,19.416110209889915,43.22897694067578,ok
matmul,sycl,1024,bayesian,8,5,128_64_8_4_4,3.920896053314209,1.0096640586853027,34.68167636753403,16.144917461823308,3.1994879245758057,34.68167636753403,34.68167636753403,ok
matmul,sycl,1024,bayesian,8,6,32_64_8_2_4,3.362816095352173,0.4515841007232666,15.511786815905415,15.511786815905404,2.7356159687042236,15.511786815905415,15.511786815905415,ok
matmul,sycl,1024,bayesian,8,7,64_64_16_4_4,3.49183988571167,0.5806078910827637,19.943717716552968,15.511786815905404,3.0049279928207397,19.943717716552968,15.511786815905415,ok
matmul,sycl,1024,bayesian,8,8,32_64_8_2_4,3.362816095352173,0.4515841007232666,15.511786815905415,15.511786815905404,2.9112319946289062,15.511786815905415,15.511786815905415,ok
matmul,sycl,1024,bayesian,8,9,128_32_16_2_4,3.866623878479004,0.9553918838500977,32.81744243030968,15.511786815905404,3.353600025177002,32.81744243030968,15.511786815905415,ok
matmul,sycl,1024,bayesian,8,10,64_32_32_4_4,3.118079900741577,0.2068479061126709,7.105167382547872,7.105167382547874,3.067903995513916,7.105167382547872,15.511786815905415,ok
matmul,sycl,1024,bayesian,8,11,32_64_8_4_4,3.344383955001831,0.4331519603729248,14.878647980376392,7.105167382547874,2.9675519466400146,14.878647980376392,15.511786815905415,ok
matmul,sycl,1024,bayesian,8,12,32_64_8_2_4,3.362816095352173,0.4515841007232666,15.511786815905415,7.105167382547874,3.0382080078125,15.511786815905415,15.511786815905415,ok
matmul,sycl,1024,bayesian,8,13,32_64_8_4_1,3.4150400161743164,0.5038080215454102,17.305663804015392,7.105167382547874,3.100160002708435,17.305663804015392,15.511786815905415,ok
matmul,sycl,1024,bayesian,8,14,32_64_8_2_4,3.362816095352173,0.4515841007232666,15.511786815905415,7.105167382547874,3.0335999727249146,15.511786815905415,15.511786815905415,ok
matmul,sycl,1024,bayesian,8,15,64_32_8_4_1,3.264512062072754,0.35328006744384766,12.135070928583968,7.105167382547874,3.2680959701538086,12.135070928583968,15.511786815905415,ok
matmul,sycl,1024,bayesian,9,1,32_32_32_2_2,3.476480007171631,0.5652480125427246,19.416110209889915,19.416110209889904,3.3121280670166016,19.416110209889915,19.416110209889915,ok
matmul,sycl,1024,bayesian,9,2,32_32_8_1_4,4.376575946807861,1.465343952178955,50.33415251283475,19.416110209889904,3.4032639265060425,50.33415251283475,19.416110209889915,ok
matmul,sycl,1024,bayesian,9,3,64_64_32_2_4,3.1641600131988525,0.2529280185699463,8.68800628175932,8.68800628175931,3.4529279470443726,8.68800628175932,19.416110209889915,ok
matmul,sycl,1024,bayesian,9,4,32_64_32_2_4,3.8492159843444824,0.9379839897155762,32.21948616414338,8.68800628175931,3.3520638942718506,32.21948616414338,19.416110209889915,ok
matmul,sycl,1024,bayesian,9,5,32_32_32_4_1,3.1795198917388916,0.26828789710998535,9.215613788422372,8.68800628175931,2.884608030319214,9.215613788422372,9.215613788422372,ok
matmul,sycl,1024,bayesian,9,6,32_32_16_4_2,3.146751880645752,0.2355198860168457,8.090041825981897,8.090041825981901,3.0279680490493774,8.090041825981897,9.215613788422372,ok
matmul,sycl,1024,bayesian,9,7,32_32_32_4_1,3.1795198917388916,0.26828789710998535,9.215613788422372,8.090041825981901,2.9460479021072388,9.215613788422372,9.215613788422372,ok
matmul,sycl,1024,bayesian,9,8,32_32_32_4_4,3.458048105239868,0.5468161106109619,18.782979563971992,8.090041825981901,3.0295040607452393,18.782979563971992,9.215613788422372,ok
matmul,sycl,1024,bayesian,9,9,128_64_16_4_4,3.5235838890075684,0.6123518943786621,21.03411529924184,8.090041825981901,3.1964160203933716,21.03411529924184,9.215613788422372,ok
matmul,sycl,1024,bayesian,9,10,32_32_32_1_4,3.5737600326538086,0.6625280380249023,22.757651717459737,8.090041825981901,3.644416093826294,22.757651717459737,9.215613788422372,ok
matmul,sycl,1024,bayesian,9,11,32_128_16_2_4,4.348927974700928,1.4376959800720215,49.38445244915235,8.090041825981901,3.8507519960403442,49.38445244915235,9.215613788422372,ok
matmul,sycl,1024,bayesian,9,12,32_32_32_4_1,3.1795198917388916,0.26828789710998535,9.215613788422372,8.090041825981901,2.8190720081329346,9.215613788422372,9.215613788422372,ok
matmul,sycl,1024,bayesian,9,13,32_32_32_4_1,3.1795198917388916,0.26828789710998535,9.215613788422372,8.090041825981901,3.1180800199508667,9.215613788422372,9.215613788422372,ok
matmul,sycl,1024,bayesian,9,14,32_32_32_4_1,3.1795198917388916,0.26828789710998535,9.215613788422372,8.090041825981901,3.0740479230880737,9.215613788422372,9.215613788422372,ok
matmul,sycl,1024,bayesian,9,15,32_64_8_2_2,3.6966400146484375,0.7854080200195312,26.978544529208737,8.090041825981901,3.1242239475250244,26.978544529208737,9.215613788422372,ok
matmul,sycl,1024,random,0,1,32_32_32_2_2,3.476480007171631,0.5652480125427246,19.416110209889915,19.416110209889904,3.302911877632141,19.416110209889915,19.416110209889915,ok
matmul,sycl,1024,random,0,2,32_128_32_4_4,3.9434239864349365,1.0321919918060303,35.455504532458384,19.416110209889904,3.2261120080947876,35.455504532458384,35.455504532458384,ok
matmul,sycl,1024,random,0,3,64_32_8_4_1,3.264512062072754,0.35328006744384766,12.135070928583968,12.13507092858397,3.223039984703064,12.135070928583968,12.135070928583968,ok
matmul,sycl,1024,random,0,4,32_32_8_4_1,3.1150078773498535,0.20377588272094727,6.999644243293046,6.999644243293036,3.1503360271453857,6.999644243293046,6.999644243293046,ok
matmul,sycl,1024,random,0,5,32_64_16_4_2,3.299328088760376,0.3880960941314697,13.330991650527668,6.999644243293036,3.0469119548797607,13.330991650527668,13.330991650527668,ok
matmul,sycl,1024,random,0,6,64_32_32_4_1,3.140608072280884,0.22937607765197754,7.8790037370833454,6.999644243293036,3.0039039850234985,7.8790037370833454,7.8790037370833454,ok
matmul,sycl,1024,random,0,7,64_32_32_1_4,4.100096225738525,1.1888642311096191,40.8371518760106,6.999644243293036,3.5266560316085815,40.8371518760106,7.8790037370833454,ok
matmul,sycl,1024,random,0,8,64_32_8_2_2,3.259392023086548,0.3481600284576416,11.959199029825918,6.999644243293036,3.2819199562072754,11.959199029825918,7.8790037370833454,ok
matmul,sycl,1024,random,0,9,32_64_32_4_1,3.240959882736206,0.3297278881072998,11.326060194296893,6.999644243293036,2.9987839460372925,11.326060194296893,11.326060194296893,ok
matmul,sycl,1024,random,0,10,64_32_16_4_4,3.379199981689453,0.4679679870605469,16.074568702320093,6.999644243293036,3.0673919916152954,16.074568702320093,11.326060194296893,ok
matmul,sycl,1024,random,0,11,32_128_16_4_2,2.9112319946289062,0.0,0.0,0.0,2.9291518926620483,0.0,0.0,ok
matmul,sycl,1024,random,0,12,64_64_32_2_4,3.1641600131988525,0.2529280185699463,8.68800628175932,0.0,3.5635199546813965,8.68800628175932,0.0,ok
matmul,sycl,1024,random,0,13,32_64_8_4_2,3.44268798828125,0.5314559936523438,18.255363867697817,0.0,3.061247944831848,18.255363867697817,0.0,ok
matmul,sycl,1024,random,0,14,64_32_32_2_4,3.3812479972839355,0.4700160026550293,16.144917461823315,0.0,3.3935359716415405,16.144917461823315,0.0,ok
matmul,sycl,1024,random,0,15,32_32_32_1_4,3.5737600326538086,0.6625280380249023,22.757651717459737,0.0,4.133375883102417,22.757651717459737,0.0,ok
matmul,sycl,1024,random,1,1,32_32_32_2_2,3.476480007171631,0.5652480125427246,19.416110209889915,19.416110209889904,3.337216019630432,19.416110209889915,19.416110209889915,ok
matmul,sycl,1024,random,1,2,64_32_8_4_2,3.1150078773498535,0.20377588272094727,6.999644243293046,6.999644243293036,2.9931520223617554,6.999644243293046,6.999644243293046,ok
matmul,sycl,1024,random,1,3,128_32_16_4_4,3.290112018585205,0.37888002395629883,13.014422232763167,6.999644243293036,2.936832070350647,13.014422232763167,13.014422232763167,ok
matmul,sycl,1024,random,1,4,32_32_16_2_4,3.7160959243774414,0.8048639297485352,27.646849554878262,6.999644243293036,3.1984639167785645,27.646849554878262,13.014422232763167,ok
matmul,sycl,1024,random,1,5,64_32_8_1_4,3.224575996398926,0.31334400177001953,10.763278307882196,6.999644243293036,3.2629759311676025,10.763278307882196,13.014422232763167,ok
matmul,sycl,1024,random,1,6,32_128_16_4_2,2.9112319946289062,0.0,0.0,0.0,3.131392002105713,0.0,13.014422232763167,ok
matmul,sycl,1024,random,1,7,32_32_16_1_2,3.624959945678711,0.7137279510498047,24.516354325818114,0.0,3.2148479223251343,24.516354325818114,13.014422232763167,ok
matmul,sycl,1024,random,1,8,64_32_16_4_1,3.0105600357055664,0.09932804107666016,3.4118902670730478,0.0,3.0494719743728638,3.4118902670730478,13.014422232763167,ok
matmul,sycl,1024,random,1,9,32_32_32_4_2,3.368959903717041,0.45772790908813477,15.722824904803968,0.0,2.9900799989700317,15.722824904803968,13.014422232763167,ok
matmul,sycl,1024,random,1,10,64_64_8_2_4,3.5133440494537354,0.6021120548248291,20.682379691336838,0.0,3.1831040382385254,20.682379691336838,13.014422232763167,ok
matmul,sycl,1024,random,1,11,64_32_8_4_4,3.1580159664154053,0.24678397178649902,8.476960003249644,0.0,3.085312008857727,8.476960003249644,13.014422232763167,ok
matmul,sycl,1024,random,1,12,32_32_32_1_2,3.4058239459991455,0.49459195137023926,16.98909438625089,0.0,3.6065280437469482,16.98909438625089,13.014422232763167,ok
matmul,sycl,1024,random,1,13,32_64_8_4_4,3.344383955001831,0.4331519603729248,14.878647980376392,0.0,2.945024013519287,14.878647980376392,13.014422232763167,ok
matmul,sycl,1024,random,1,14,32_64_16_2_2,3.6474878787994385,0.7362558841705322,25.290182490742463,0.0,3.2383999824523926,25.290182490742463,13.014422232763167,ok
matmul,sycl,1024,random,1,15,32_128_16_4_4,3.5819520950317383,0.670720100402832,23.039046755472636,0.0,3.3018879890441895,23.039046755472636,13.014422232763167,ok
matmul,sycl,1024,random,2,1,32_32_32_2_2,3.476480007171631,0.5652480125427246,19.416110209889915,19.416110209889904,4.140032052993774,19.416110209889915,19.416110209889915,ok
matmul,sycl,1024,random,2,2,64_32_16_2_2,3.759104013442993,0.8478720188140869,29.124165314834862,19.416110209889904,4.073983907699585,29.124165314834862,29.124165314834862,ok
matmul,sycl,1024,random,2,3,32_32_8_4_2,3.3208320140838623,0.40960001945495605,14.069645435700417,14.069645435700414,3.8118399381637573,14.069645435700417,14.069645435700417,ok
matmul,sycl,1024,random,2,4,64_32_16_4_2,3.4068479537963867,0.49561595916748047,17.024268766002493,14.069645435700414,3.6049920320510864,17.024268766002493,17.024268766002493,ok
matmul,sycl,1024,random,2,5,32_64_16_4_1,3.305471897125244,0.3942399024963379,13.54202973942622,13.542029739426228,3.6208640336990356,13.54202973942622,17.024268766002493,ok
matmul,sycl,1024,random,2,6,128_64_16_4_4,3.5235838890075684,0.6123518943786621,21.03411529924184,13.542029739426228,3.804159998893738,21.03411529924184,17.024268766002493,ok
matmul,sycl,1024,random,2,7,32_64_8_1_4,3.4211840629577637,0.5099520683288574,17.516710082525066,13.542029739426228,3.845120072364807,17.516710082525066,17.024268766002493,ok
matmul,sycl,1024,random,2,8,64_64_16_4_4,3.49183988571167,0.5806078910827637,19.943717716552968,13.542029739426228,3.9659520387649536,19.943717716552968,17.024268766002493,ok
matmul,sycl,1024,random,2,9,128_32_8_4_2,3.8359038829803467,0.9246718883514404,31.762219227372434,13.542029739426228,3.6331520080566406,31.762219227372434,17.024268766002493,ok
matmul,sycl,1024,random,2,10,32_32_32_1_4,3.5737600326538086,0.6625280380249023,22.757651717459737,13.542029739426228,4.264447927474976,22.757651717459737,17.024268766002493,ok
matmul,sycl,1024,random,2,11,64_32_8_2_2,3.259392023086548,0.3481600284576416,11.959199029825918,11.959199029825909,3.860991954803467,11.959199029825918,17.024268766002493,ok
matmul,sycl,1024,random,2,12,32_64_8_2_2,3.6966400146484375,0.7854080200195312,26.978544529208737,11.959199029825909,3.8615039587020874,26.978544529208737,17.024268766002493,ok
matmul,sycl,1024,random,2,13,128_32_16_2_4,3.866623878479004,0.9553918838500977,32.81744243030968,11.959199029825909,4.1410558223724365,32.81744243030968,17.024268766002493,ok
matmul,sycl,1024,random,2,14,32_32_32_2_1,3.733504056930542,0.8222720623016357,28.24481401065566,11.959199029825909,4.009471893310547,28.24481401065566,17.024268766002493,ok
matmul,sycl,1024,random,2,15,64_64_8_2_4,3.5133440494537354,0.6021120548248291,20.682379691336838,11.959199029825909,3.154944062232971,20.682379691336838,20.682379691336838,ok
matmul,sycl,1024,random,3,1,32_32_32_2_2,3.476480007171631,0.5652480125427246,19.416110209889915,19.416110209889904,3.3151999711990356,19.416110209889915,19.416110209889915,ok
matmul,sycl,1024,random,3,2,128_32_8_4_2,3.8359038829803467,0.9246718883514404,31.762219227372434,19.416110209889904,3.2255998849868774,31.762219227372434,31.762219227372434,ok
matmul,sycl,1024,random,3,3,32_32_32_1_2,3.4058239459991455,0.49459195137023926,16.98909438625089,16.989094386250887,3.6336640119552612,16.98909438625089,31.762219227372434,ok
matmul,sycl,1024,random,3,4,32_64_32_4_2,3.216383934020996,0.30515193939208984,10.481883269869297,10.481883269869305,2.865664005279541,10.481883269869297,10.481883269869297,ok
matmul,sycl,1024,random,3,5,32_32_16_2_1,3.2860159873962402,0.374783992767334,12.873724713756719,10.481883269869305,3.100160002708435,12.873724713756719,10.481883269869297,ok
matmul,sycl,1024,random,3,6,32_64_32_1_4,4.219903945922852,1.3086719512939453,44.952513358893654,10.481883269869305,3.805184006690979,44.952513358893654,10.481883269869297,ok
matmul,sycl,1024,random,3,7,128_64_32_4_4,3.8451199531555176,0.9338879585266113,32.07878864513694,10.481883269869305,3.1667200326919556,32.07878864513694,10.481883269869297,ok
matmul,sycl,1024,random,3,8,128_32_8_4_4,3.4897921085357666,0.5785601139068604,19.873377146660864,10.481883269869305,3.063807964324951,19.873377146660864,10.481883269869297,ok
matmul,sycl,1024,random,3,9,32_32_32_2_1,3.733504056930542,0.8222720623016357,28.24481401065566,10.481883269869305,3.3561599254608154,28.24481401065566,10.481883269869297,ok
matmul,sycl,1024,random,3,10,64_128_8_4_4,3.5184640884399414,0.6072320938110352,20.858251590094888,10.481883269869305,3.539456009864807,20.858251590094888,10.481883269869297,ok
matmul,sycl,1024,random,3,11,128_32_32_2_4,3.9127039909362793,1.001471996307373,34.400281329521135,10.481883269869305,3.474943995475769,34.400281329521135,10.481883269869297,ok
matmul,sycl,1024,random,3,12,64_32_16_1_4,3.177471876144409,0.26623988151550293,9.145265028919148,9.145265028919153,3.293183922767639,9.145265028919148,10.481883269869297,ok
matmul,sycl,1024,random,3,13,32_64_32_4_1,3.240959882736206,0.3297278881072998,11.326060194296893,9.145265028919153,3.034111976623535,11.326060194296893,10.481883269869297,ok
matmul,sycl,1024,random,3,14,32_64_8_4_4,3.344383955001831,0.4331519603729248,14.878647980376392,9.145265028919153,2.962943911552429,14.878647980376392,10.481883269869297,ok
matmul,sycl,1024,random,3,15,32_64_8_1_4,3.4211840629577637,0.5099520683288574,17.516710082525066,9.145265028919153,3.0643199682235718,17.516710082525066,10.481883269869297,ok
matmul,sycl,1024,random,4,1,32_32_32_2_2,3.476480007171631,0.5652480125427246,19.416110209889915,19.416110209889904,3.4181119203567505,19.416110209889915,19.416110209889915,ok
matmul,sycl,1024,random,4,2,64_32_8_2_4,3.2880640029907227,0.3768320083618164,12.944073473259943,12.944073473259937,3.031040072441101,12.944073473259943,12.944073473259943,ok
matmul,sycl,1024,random,4,3,64_32_8_4_1,3.264512062072754,0.35328006744384766,12.135070928583968,12.13507092858397,3.2911360263824463,12.135070928583968,12.944073473259943,ok
matmul,sycl,1024,random,4,4,64_32_16_4_1,3.0105600357055664,0.09932804107666016,3.4118902670730478,3.4118902670730464,3.0929919481277466,3.4118902670730478,12.944073473259943,ok
matmul,sycl,1024,random,4,5,128_64_16_4_4,3.5235838890075684,0.6123518943786621,21.03411529924184,3.4118902670730464,3.200000047683716,21.03411529924184,12.944073473259943,ok
matmul,sycl,1024,random,4,6,32_64_16_2_4,3.9782400131225586,1.0670080184936523,36.651425254402085,3.4118902670730464,3.3679360151290894,36.651425254402085,12.944073473259943,ok
matmul,sycl,1024,random,4,7,64_32_32_2_4,3.3812479972839355,0.4700160026550293,16.144917461823315,3.4118902670730464,3.41759991645813,16.144917461823315,12.944073473259943,ok
matmul,sycl,1024,random,4,8,128_32_16_4_2,3.280895948410034,0.36966395378112793,12.697852814998644,3.4118902670730464,2.9721599817276,12.697852814998644,12.697852814998644,ok
matmul,sycl,1024,random,4,9,64_32_16_2_4,4.169727802276611,1.258495807647705,43.22897694067578,3.4118902670730464,3.444223999977112,43.22897694067578,12.697852814998644,ok
matmul,sycl,1024,random,4,10,32_64_32_4_4,3.3126399517059326,0.40140795707702637,13.788250397687518,3.4118902670730464,3.028991937637329,13.788250397687518,12.697852814998644,ok
matmul,sycl,1024,random,4,11,32_128_32_4_4,3.9434239864349365,1.0321919918060303,35.455504532458384,3.4118902670730464,3.206655979156494,35.455504532458384,12.697852814998644,ok
matmul,sycl,1024,random,4,12,128_32_16_4_4,3.290112018585205,0.37888002395629883,13.014422232763167,3.4118902670730464,3.6142079830169678,13.014422232763167,12.697852814998644,ok
matmul,sycl,1024,random,4,13,32_32_16_4_2,3.146751880645752,0.2355198860168457,8.090041825981897,3.4118902670730464,3.738111972808838,8.090041825981897,12.697852814998644,ok
matmul,sycl,1024,random,4,14,32_128_16_4_4,3.5819520950317383,0.670720100402832,23.039046755472636,3.4118902670730464,3.9285759925842285,23.039046755472636,12.697852814998644,ok
matmul,sycl,1024,random,4,15,32_128_16_2_4,4.348927974700928,1.4376959800720215,49.38445244915235,3.4118902670730464,4.660223960876465,49.38445244915235,12.697852814998644,ok
matmul,sycl,1024,random,5,1,32_32_32_2_2,3.476480007171631,0.5652480125427246,19.416110209889915,19.416110209889904,3.2343039512634277,19.416110209889915,19.416110209889915,ok
matmul,sycl,1024,random,5,2,32_64_16_1_4,3.959807872772217,1.0485758781433105,36.01828641887306,19.416110209889904,3.676159977912903,36.01828641887306,19.416110209889915,ok
matmul,sycl,1024,random,5,3,32_128_16_4_4,3.5819520950317383,0.670720100402832,23.039046755472636,19.416110209889904,3.326464056968689,23.039046755472636,19.416110209889915,ok
matmul,sycl,1024,random,5,4,64_32_8_1_4,3.224575996398926,0.31334400177001953,10.763278307882196,10.763278307882205,3.2250880002975464,10.763278307882196,10.763278307882196,ok
matmul,sycl,1024,random,5,5,64_32_16_2_4,4.169727802276611,1.258495807647705,43.22897694067578,10.763278307882205,3.3428479433059692,43.22897694067578,10.763278307882196,ok
matmul,sycl,1024,random,5,6,32_32_16_4_2,3.146751880645752,0.2355198860168457,8.090041825981897,8.090041825981901,2.989567995071411,8.090041825981897,8.090041825981897,ok
matmul,sycl,1024,random,5,7,64_32_32_2_4,3.3812479972839355,0.4700160026550293,16.144917461823315,8.090041825981901,3.3208320140838623,16.144917461823315,8.090041825981897,ok
matmul,sycl,1024,random,5,8,64_32_8_2_2,3.259392023086548,0.3481600284576416,11.959199029825918,8.090041825981901,3.254271984100342,11.959199029825918,8.090041825981897,ok
matmul,sycl,1024,random,5,9,32_32_8_4_1,3.1150078773498535,0.20377588272094727,6.999644243293046,6.999644243293036,2.9829119443893433,6.999644243293046,6.999644243293046,ok
matmul,sycl,1024,random,5,10,32_128_8_4_4,3.4498560428619385,0.5386240482330322,18.501584525959093,6.999644243293036,3.313663959503174,18.501584525959093,6.999644243293046,ok
matmul,sycl,1024,random,5,11,64_32_32_4_2,3.5082240104675293,0.596992015838623,20.506507792578766,6.999644243293036,2.956287980079651,20.506507792578766,20.506507792578766,ok
matmul,sycl,1024,random,5,12,32_64_16_4_1,3.305471897125244,0.3942399024963379,13.54202973942622,6.999644243293036,3.0837759971618652,13.54202973942622,20.506507792578766,ok
matmul,sycl,1024,random,5,13,64_64_32_4_2,2.9317119121551514,0.020479917526245117,0.7034794054211257,0.7034794054211295,3.0335999727249146,0.7034794054211257,20.506507792578766,ok
matmul,sycl,1024,random,5,14,32_32_16_1_2,3.624959945678711,0.7137279510498047,24.516354325818114,0.7034794054211295,3.2122879028320312,24.516354325818114,20.506507792578766,ok
matmul,sycl,1024,random,5,15,64_32_32_1_4,4.100096225738525,1.1888642311096191,40.8371518760106,0.7034794054211295,3.6029438972473145,40.8371518760106,20.506507792578766,ok
matmul,sycl,1024,random,6,1,32_32_32_2_2,3.476480007171631,0.5652480125427246,19.416110209889915,19.416110209889904,3.3177599906921387,19.416110209889915,19.416110209889915,ok
matmul,sycl,1024,random,6,2,32_32_32_4_4,3.458048105239868,0.5468161106109619,18.782979563971992,18.782979563972003,3.045888066291809,18.782979563971992,18.782979563971992,ok
matmul,sycl,1024,random,6,3,32_64_32_1_4,4.219903945922852,1.3086719512939453,44.952513358893654,18.782979563972003,3.7708799839019775,44.952513358893654,18.782979563971992,ok
matmul,sycl,1024,random,6,4,32_32_32_4_2,3.368959903717041,0.45772790908813477,15.722824904803968,15.72282490480396,2.861567974090576,15.722824904803968,15.722824904803968,ok
matmul,sycl,1024,random,6,5,32_128_8_2_4,3.1979520320892334,0.28672003746032715,9.848752623951395,9.848752623951402,3.081215977668762,9.848752623951395,15.722824904803968,ok
matmul,sycl,1024,random,6,6,32_32_32_1_4,3.5737600326538086,0.6625280380249023,22.757651717459737,9.848752623951402,3.4344959259033203,22.757651717459737,15.722824904803968,ok
matmul,sycl,1024,random,6,7,32_32_8_4_2,3.3208320140838623,0.40960001945495605,14.069645435700417,9.848752623951402,3.14572811126709,14.069645435700417,15.722824904803968,ok
matmul,sycl,1024,random,6,8,32_128_32_4_2,3.414016008377075,0.502784013748169,17.27048942426379,9.848752623951402,2.93068790435791,17.27048942426379,15.722824904803968,ok
matmul,sycl,1024,random,6,9,32_128_16_4_4,3.5819520950317383,0.670720100402832,23.039046755472636,9.848752623951402,3.3448959589004517,23.039046755472636,15.722824904803968,ok
matmul,sycl,1024,random,6,10,64_64_8_4_2,3.1744000911712646,0.2631680965423584,9.039750079275443,9.039750079275436,3.0796799659729004,9.039750079275443,15.722824904803968,ok
matmul,sycl,1024,random,6,11,128_32_16_4_4,3.290112018585205,0.37888002395629883,13.014422232763167,9.039750079275436,2.9629440307617188,13.014422232763167,15.722824904803968,ok
matmul,sycl,1024,random,6,12,128_32_8_4_4,3.4897921085357666,0.5785601139068604,19.873377146660864,9.039750079275436,3.152895927429199,19.873377146660864,15.722824904803968,ok
matmul,sycl,1024,random,6,13,32_64_16_4_4,3.2522239685058594,0.3409919738769531,11.71297837156462,9.039750079275436,3.0295039415359497,11.71297837156462,15.722824904803968,ok
matmul,sycl,1024,random,6,14,64_32_8_2_4,3.2880640029907227,0.3768320083618164,12.944073473259943,9.039750079275436,2.8979198932647705,12.944073473259943,15.722824904803968,ok
matmul,sycl,1024,random,6,15,64_32_8_4_4,3.1580159664154053,0.24678397178649902,8.476960003249644,8.476960003249639,2.983423948287964,8.476960003249644,15.722824904803968,ok
matmul,sycl,1024,random,7,1,32_32_32_2_2,3.476480007171631,0.5652480125427246,19.416110209889915,19.416110209889904,3.476480007171631,19.416110209889915,19.416110209889915,ok
matmul,sycl,1024,random,7,2,32_128_8_2_4,3.1979520320892334,0.28672003746032715,9.848752623951395,9.848752623951402,3.000831961631775,9.848752623951395,9.848752623951395,ok
matmul,sycl,1024,random,7,3,32_32_8_4_1,3.1150078773498535,0.20377588272094727,6.999644243293046,6.999644243293036,2.9332480430603027,6.999644243293046,6.999644243293046,ok
matmul,sycl,1024,random,7,4,32_128_8_4_4,3.4498560428619385,0.5386240482330322,18.501584525959093,6.999644243293036,3.316223978996277,18.501584525959093,6.999644243293046,ok
matmul,sycl,1024,random,7,5,64_64_16_4_4,3.49183988571167,0.5806078910827637,19.943717716552968,6.999644243293036,3.15392005443573,19.943717716552968,6.999644243293046,ok
matmul,sycl,1024,random,7,6,32_64_8_4_4,3.344383955001831,0.4331519603729248,14.878647980376392,6.999644243293036,3.035647988319397,14.878647980376392,6.999644243293046,ok
matmul,sycl,1024,random,7,7,64_32_8_2_4,3.2880640029907227,0.3768320083618164,12.944073473259943,6.999644243293036,2.9004799127578735,12.944073473259943,12.944073473259943,ok
matmul,sycl,1024,random,7,8,64_32_32_4_4,3.118079900741577,0.2068479061126709,7.105167382547872,6.999644243293036,2.974720001220703,7.105167382547872,12.944073473259943,ok
matmul,sycl,1024,random,7,9,32_32_8_4_4,3.6065280437469482,0.695296049118042,23.883223679900212,6.999644243293036,3.018239974975586,23.883223679900212,12.944073473259943,ok
matmul,sycl,1024,random,7,10,64_64_16_2_4,3.7765119075775146,0.8652799129486084,29.72212158100116,6.999644243293036,3.5199999809265137,29.72212158100116,12.944073473259943,ok
matmul,sycl,1024,random,7,11,32_32_32_1_2,3.4058239459991455,0.49459195137023926,16.98909438625089,6.999644243293036,3.4012160301208496,16.98909438625089,12.944073473259943,ok
matmul,sycl,1024,random,7,12,32_64_32_1_4,4.219903945922852,1.3086719512939453,44.952513358893654,6.999644243293036,3.572735905647278,44.952513358893654,12.944073473259943,ok
matmul,sycl,1024,random,7,13,64_32_16_4_1,3.0105600357055664,0.09932804107666016,3.4118902670730478,3.4118902670730464,3.0469119548797607,3.4118902670730478,12.944073473259943,ok
matmul,sycl,1024,random,7,14,32_32_8_2_4,2.9378559589385986,0.026623964309692383,0.9145256839308002,0.9145256839308037,3.0719999074935913,0.9145256839308002,12.944073473259943,ok
matmul,sycl,1024,random,7,15,32_32_16_1_4,3.6136960983276367,0.7024641036987305,24.129444338161488,0.9145256839308037,3.245568037033081,24.129444338161488,12.944073473259943,ok
matmul,sycl,1024,random,8,1,32_32_32_2_2,3.476480007171631,0.5652480125427246,19.416110209889915,19.416110209889904,3.3433600664138794,19.416110209889915,19.416110209889915,ok
matmul,sycl,1024,random,8,2,64_64_16_4_4,3.49183988571167,0.5806078910827637,19.943717716552968,19.416110209889904,3.000320076942444,19.943717716552968,19.943717716552968,ok
matmul,sycl,1024,random,8,3,32_128_16_4_2,2.9112319946289062,0.0,0.0,0.0,3.1308799982070923,0.0,19.943717716552968,ok
matmul,sycl,1024,random,8,4,32_32_8_4_2,3.3208320140838623,0.40960001945495605,14.069645435700417,0.0,3.0883840322494507,14.069645435700417,19.943717716552968,ok
matmul,sycl,1024,random,8,5,64_128_32_4_4,3.595263957977295,0.6840319633483887,23.496305502632463,0.0,3.228671908378601,23.496305502632463,19.943717716552968,ok
matmul,sycl,1024,random,8,6,32_64_32_4_4,3.3126399517059326,0.40140795707702637,13.788250397687518,0.0,2.9829119443893433,13.788250397687518,13.788250397687518,ok
matmul,sycl,1024,random,8,7,32_32_16_1_4,3.6136960983276367,0.7024641036987305,24.129444338161488,0.0,3.4554879665374756,24.129444338161488,13.788250397687518,ok
matmul,sycl,1024,random,8,8,32_128_16_2_4,4.348927974700928,1.4376959800720215,49.38445244915235,0.0,3.833343982696533,49.38445244915235,13.788250397687518,ok
matmul,sycl,1024,random,8,9,64_64_16_2_4,3.7765119075775146,0.8652799129486084,29.72212158100116,0.0,3.554304003715515,29.72212158100116,13.788250397687518,ok
matmul,sycl,1024,random,8,10,64_32_8_4_2,3.1150078773498535,0.20377588272094727,6.999644243293046,0.0,2.9455360174179077,6.999644243293046,6.999644243293046,ok
matmul,sycl,1024,random,8,11,32_32_16_4_2,3.146751880645752,0.2355198860168457,8.090041825981897,0.0,2.9670400619506836,8.090041825981897,6.999644243293046,ok
matmul,sycl,1024,random,8,12,128_32_8_2_4,3.5676159858703613,0.6563839912414551,22.546605438950063,0.0,3.2767999172210693,22.546605438950063,6.999644243293046,ok
matmul,sycl,1024,random,8,13,128_64_32_4_4,3.8451199531555176,0.9338879585266113,32.07878864513694,0.0,3.2522239685058594,32.07878864513694,6.999644243293046,ok
matmul,sycl,1024,random,8,14,32_64_8_4_4,3.344383955001831,0.4331519603729248,14.878647980376392,0.0,2.9655040502548218,14.878647980376392,6.999644243293046,ok
matmul,sycl,1024,random,8,15,32_32_32_4_2,3.368959903717041,0.45772790908813477,15.722824904803968,0.0,3.010048031806946,15.722824904803968,6.999644243293046,ok
matmul,sycl,1024,random,9,1,32_32_32_2_2,3.476480007171631,0.5652480125427246,19.416110209889915,19.416110209889904,3.107327938079834,19.416110209889915,19.416110209889915,ok
matmul,sycl,1024,random,9,2,32_128_16_2_4,4.348927974700928,1.4376959800720215,49.38445244915235,19.416110209889904,3.8599679470062256,49.38445244915235,19.416110209889915,ok
matmul,sycl,1024,random,9,3,32_128_8_4_2,3.0412800312042236,0.13004803657531738,4.467113470010298,4.4671134700102995,3.1779839992523193,4.467113470010298,19.416110209889915,ok
matmul,sycl,1024,random,9,4,64_64_32_4_4,3.55020809173584,0.6389760971069336,21.948649172783764,4.4671134700102995,3.111423969268799,21.948649172783764,19.416110209889915,ok
matmul,sycl,1024,random,9,5,32_32_8_2_4,2.9378559589385986,0.026623964309692383,0.9145256839308002,0.9145256839308037,3.0709760189056396,0.9145256839308002,0.9145256839308002,ok
matmul,sycl,1024,random,9,6,64_64_8_4_2,3.1744000911712646,0.2631680965423584,9.039750079275443,0.9145256839308037,2.969599962234497,9.039750079275443,9.039750079275443,ok
matmul,sycl,1024,random,9,7,32_32_32_2_1,3.733504056930542,0.8222720623016357,28.24481401065566,0.9145256839308037,3.37663996219635,28.24481401065566,9.039750079275443,ok
matmul,sycl,1024,random,9,8,64_32_8_4_4,3.1580159664154053,0.24678397178649902,8.476960003249644,0.9145256839308037,3.1600639820098877,8.476960003249644,9.039750079275443,ok
matmul,sycl,1024,random,9,9,64_32_16_4_1,3.0105600357055664,0.09932804107666016,3.4118902670730478,0.9145256839308037,3.140096068382263,3.4118902670730478,9.039750079275443,ok
matmul,sycl,1024,random,9,10,32_32_32_4_4,3.458048105239868,0.5468161106109619,18.782979563971992,0.9145256839308037,3.0873600244522095,18.782979563971992,9.039750079275443,ok
matmul,sycl,1024,random,9,11,64_32_16_2_4,4.169727802276611,1.258495807647705,43.22897694067578,0.9145256839308037,3.4094079732894897,43.22897694067578,9.039750079275443,ok
matmul,sycl,1024,random,9,12,32_128_16_4_4,3.5819520950317383,0.670720100402832,23.039046755472636,0.9145256839308037,3.295232057571411,23.039046755472636,9.039750079275443,ok
matmul,sycl,1024,random,9,13,64_32_32_2_2,3.6618239879608154,0.7505919933319092,25.782623807265036,0.9145256839308037,3.306496024131775,25.782623807265036,9.039750079275443,ok
matmul,sycl,1024,random,9,14,64_32_8_4_2,3.1150078773498535,0.20377588272094727,6.999644243293046,0.9145256839308037,2.9772799015045166,6.999644243293046,9.039750079275443,ok
matmul,sycl,1024,random,9,15,32_32_16_1_4,3.6136960983276367,0.7024641036987305,24.129444338161488,0.9145256839308037,3.320319890975952,24.129444338161488,9.039750079275443,ok
matmul,cuda,1024,bayesian,0,1,32_32_32_2_2,0.43007999658584595,0.11017599701881409,34.44033121434236,34.44033121434235,0.4628640115261078,34.44033121434236,34.44033121434236,ok
matmul,cuda,1024,bayesian,0,2,64_32_8_2_2,0.46086400747299194,0.14096000790596008,44.063221496680185,34.44033121434235,0.49216000735759735,44.063221496680185,34.44033121434236,ok
matmul,cuda,1024,bayesian,0,3,64_32_8_4_4,0.41702398657798767,0.09711998701095581,30.359103713114255,30.359103713114266,0.4404960125684738,30.359103713114255,30.359103713114255,ok
matmul,cuda,1024,bayesian,0,4,32_64_8_1_4,0.7550079822540283,0.43510398268699646,136.01079801311639,30.359103713114266,0.7628639936447144,136.01079801311639,30.359103713114255,ok
matmul,cuda,1024,bayesian,0,5,32_32_8_4_4,0.4813440144062042,0.16144001483917236,50.46514424879662,30.359103713114266,0.49903999269008636,50.46514424879662,30.359103713114255,ok
matmul,cuda,1024,bayesian,0,6,64_32_8_4_4,0.41702398657798767,0.09711998701095581,30.359103713114255,30.359103713114266,0.46638399362564087,30.359103713114255,30.359103713114255,ok
matmul,cuda,1024,bayesian,0,7,128_64_8_4_4,0.43248000741004944,0.11257600784301758,35.19055966645666,30.359103713114266,0.46163199841976166,35.19055966645666,30.359103713114255,ok
matmul,cuda,1024,bayesian,0,8,64_32_32_4_2,0.5770879983901978,0.2571839988231659,80.39411797640754,30.359103713114266,0.6032159924507141,80.39411797640754,30.359103713114255,ok
matmul,cuda,1024,bayesian,0,9,32_32_16_4_4,0.4853760004043579,0.16547200083732605,51.72551798704645,30.359103713114266,0.8269919753074646,51.72551798704645,30.359103713114255,ok
matmul,cuda,1024,bayesian,0,10,32_64_16_1_4,0.6813120245933533,0.3614080250263214,112.97390014362509,30.359103713114266,0.5905599892139435,112.97390014362509,30.359103713114255,ok
matmul,cuda,1024,bayesian,0,11,64_32_16_4_4,0.424703985452652,0.10479998588562012,32.759823580655365,30.359103713114266,0.4500639885663986,32.759823580655365,30.359103713114255,ok
matmul,cuda,1024,bayesian,0,12,64_32_16_4_4,0.424703985452652,0.10479998588562012,32.759823580655365,30.359103713114266,0.44864000380039215,32.759823580655365,30.359103713114255,ok
matmul,cuda,1024,bayesian,0,13,32_32_32_1_4,0.7320640087127686,0.4121600091457367,128.8386546287533,30.359103713114266,0.686704009771347,128.8386546287533,30.359103713114255,ok
matmul,cuda,1024,bayesian,0,14,64_32_16_1_4,0.5633919835090637,0.24348798394203186,76.1128289335476,30.359103713114266,0.6286559998989105,76.1128289335476,30.359103713114255,ok
matmul,cuda,1024,bayesian,0,15,64_32_32_1_4,0.8835520148277283,0.5636480152606964,176.1928628662209,30.359103713114266,0.6850720047950745,176.1928628662209,30.359103713114255,ok
matmul,cuda,1024,bayesian,1,1,32_32_32_2_2,0.43007999658584595,0.11017599701881409,34.44033121434236,34.44033121434235,0.4981120079755783,34.44033121434236,34.44033121434236,ok
matmul,cuda,1024,bayesian,1,2,32_32_32_4_1,0.7030400037765503,0.38313600420951843,119.76593125689794,34.44033121434235,0.5643040239810944,119.76593125689794,34.44033121434236,ok
matmul,cuda,1024,bayesian,1,3,32_128_8_2_4,0.7156800031661987,0.39577600359916687,123.71711642706016,34.44033121434235,0.5808960199356079,123.71711642706016,34.44033121434236,ok
matmul,cuda,1024,bayesian,1,4,32_32_32_2_2,0.43007999658584595,0.11017599701881409,34.44033121434236,34.44033121434235,0.4010400027036667,34.44033121434236,34.44033121434236,ok
matmul,cuda,1024,bayesian,1,5,32_32_32_2_4,0.7010239958763123,0.3811199963092804,119.13573972976272,34.44033121434235,0.7074080109596252,119.13573972976272,34.44033121434236,ok
matmul,cuda,1024,bayesian,1,6,32_64_16_4_1,0.45497599244117737,0.1350719928741455,42.22266462968771,34.44033121434235,0.49483199417591095,42.22266462968771,34.44033121434236,ok
matmul,cuda,1024,bayesian,1,7,64_32_32_1_4,0.8835520148277283,0.5636480152606964,176.1928628662209,34.44033121434235,0.7611200213432312,176.1928628662209,34.44033121434236,ok
matmul,cuda,1024,bayesian,1,8,32_128_32_4_2,0.8064320087432861,0.4865280091762543,152.0856287619838,34.44033121434235,0.8372319936752319,152.0856287619838,34.44033121434236,ok
matmul,cuda,1024,bayesian,1,9,32_64_32_4_4,0.36444801092147827,0.04454401135444641,13.924180821350674,13.92418082135068,0.4548959881067276,13.924180821350674,34.44033121434236,ok
matmul,cuda,1024,bayesian,1,10,32_32_32_1_4,0.7320640087127686,0.4121600091457367,128.8386546287533,13.92418082135068,0.6552000045776367,128.8386546287533,34.44033121434236,ok
matmul,cuda,1024,bayesian,1,11,32_64_32_1_4,0.6295040249824524,0.30960002541542053,96.77904178579917,13.92418082135068,0.7754879891872406,96.77904178579917,34.44033121434236,ok
matmul,cuda,1024,bayesian,1,12,32_64_32_4_4,0.36444801092147827,0.04454401135444641,13.924180821350674,13.92418082135068,0.3986559957265854,13.924180821350674,13.924180821350674,ok
matmul,cuda,1024,bayesian,1,13,64_64_16_2_4,0.5383039712905884,0.21839997172355652,68.2704723977024,13.92418082135068,0.47681599855422974,68.2704723977024,13.924180821350674,ok
matmul,cuda,1024,bayesian,1,14,32_64_32_4_4,0.36444801092147827,0.04454401135444641,13.924180821350674,13.92418082135068,0.485727995634079,13.924180821350674,13.924180821350674,ok
matmul,cuda,1024,bayesian,1,15,128_64_32_4_4,0.6447359919548035,0.3248319923877716,101.54045989653441,13.92418082135068,0.6435840129852295,101.54045989653441,13.924180821350674,ok
matmul,cuda,1024,bayesian,2,1,32_32_32_2_2,0.43007999658584595,0.11017599701881409,34.44033121434236,34.44033121434235,0.48873600363731384,34.44033121434236,34.44033121434236,ok
matmul,cuda,1024,bayesian,2,2,32_64_16_4_2,0.43510401248931885,0.11520001292228699,36.01080732913697,34.44033121434235,0.5416480004787445,36.01080732913697,34.44033121434236,ok
matmul,cuda,1024,bayesian,2,3,32_64_16_1_4,0.6813120245933533,0.3614080250263214,112.97390014362509,34.44033121434235,0.5274720191955566,112.97390014362509,34.44033121434236,ok
matmul,cuda,1024,bayesian,2,4,32_32_16_1_4,0.5846080183982849,0.26470401883125305,82.7448294455561,34.44033121434235,0.5815840065479279,82.7448294455561,34.44033121434236,ok
matmul,cuda,1024,bayesian,2,5,32_128_16_4_2,0.5376960039138794,0.21779200434684753,68.08042557817787,34.44033121434235,0.5004480183124542,68.08042557817787,34.44033121434236,ok
matmul,cuda,1024,bayesian,2,6,32_32_32_2_2,0.43007999658584595,0.11017599701881409,34.44033121434236,34.44033121434235,0.3823999911546707,34.44033121434236,34.44033121434236,ok
matmul,cuda,1024,bayesian,2,7,128_32_8_4_4,0.4910399913787842,0.17113599181175232,53.49604632745235,34.44033121434235,0.4952480047941208,53.49604632745235,34.44033121434236,ok
matmul,cuda,1024,bayesian,2,8,32_64_8_2_2,0.5728960037231445,0.25299200415611267,79.08372652374463,34.44033121434235,0.5038719773292542,79.08372652374463,34.44033121434236,ok
matmul,cuda,1024,bayesian,2,9,128_32_8_4_2,0.5611839890480042,0.2412799894809723,75.42262360193315,34.44033121434235,0.5653760135173798,75.42262360193315,34.44033121434236,ok
matmul,cuda,1024,bayesian,2,10,128_32_16_4_4,0.400736004114151,0.08083200454711914,25.26758172968131,25.267581729681314,0.49003200232982635,25.26758172968131,34.44033121434236,ok
matmul,cuda,1024,bayesian,2,11,64_32_16_4_2,0.4347519874572754,0.11484798789024353,35.90076649422402,25.267581729681314,0.5593920052051544,35.90076649422402,34.44033121434236,ok
matmul,cuda,1024,bayesian,2,12,32_32_16_4_4,0.4853760004043579,0.16547200083732605,51.72551798704645,25.267581729681314,0.7776319980621338,51.72551798704645,34.44033121434236,ok
matmul,cuda,1024,bayesian,2,13,64_32_32_4_1,0.5814399719238281,0.26153597235679626,81.75451782746302,25.267581729681314,0.7087840139865875,81.75451782746302,34.44033121434236,ok
matmul,cuda,1024,bayesian,2,14,32_32_16_2_2,0.41020798683166504,0.09030398726463318,28.22846459777104,25.267581729681314,0.40753600001335144,28.22846459777104,34.44033121434236,ok
matmul,cuda,1024,bayesian,2,15,64_32_16_2_2,0.5202239751815796,0.20031997561454773,62.618778097700265,25.267581729681314,0.4528000056743622,62.618778097700265,34.44033121434236,ok
matmul,cuda,1024,bayesian,3,1,32_32_32_2_2,0.43007999658584595,0.11017599701881409,34.44033121434236,34.44033121434235,0.3848160058259964,34.44033121434236,34.44033121434236,ok
matmul,cuda,1024,bayesian,3,2,32_64_8_2_2,0.5728960037231445,0.25299200415611267,79.08372652374463,34.44033121434235,0.4726720005273819,79.08372652374463,34.44033121434236,ok
matmul,cuda,1024,bayesian,3,3,128_64_32_4_4,0.6447359919548035,0.3248319923877716,101.54045989653441,34.44033121434235,0.7826560139656067,101.54045989653441,34.44033121434236,ok
matmul,cuda,1024,bayesian,3,4,64_32_8_4_1,0.4620800018310547,0.14217600226402283,44.44333376777043,34.44033121434235,0.5757439732551575,44.44333376777043,34.44033121434236,ok
matmul,cuda,1024,bayesian,3,5,64_32_32_4_1,0.5814399719238281,0.26153597235679626,81.75451782746302,34.44033121434235,0.5836159884929657,81.75451782746302,34.44033121434236,ok
matmul,cuda,1024,bayesian,3,6,128_32_8_4_4,0.4910399913787842,0.17113599181175232,53.49604632745235,34.44033121434235,0.43320000171661377,53.49604632745235,34.44033121434236,ok
matmul,cuda,1024,bayesian,3,7,64_32_16_4_1,0.6194559931755066,0.29955199360847473,93.63808955620993,34.44033121434235,0.5389600098133087,93.63808955620993,34.44033121434236,ok
matmul,cuda,1024,bayesian,3,8,32_32_32_4_2,0.7103999853134155,0.39049598574638367,122.06661569561281,34.44033121434235,0.7049760222434998,122.06661569561281,34.44033121434236,ok
matmul,cuda,1024,bayesian,3,9,32_32_32_2_2,0.43007999658584595,0.11017599701881409,34.44033121434236,34.44033121434235,0.4328639954328537,34.44033121434236,34.44033121434236,ok
matmul,cuda,1024,bayesian,3,10,64_32_8_1_4,0.6850879788398743,0.3651839792728424,114.15423994920162,34.44033121434235,0.7901439964771271,114.15423994920162,34.44033121434236,ok
matmul,cuda,1024,bayesian,3,11,64_128_32_4_4,0.6244480013847351,0.30454400181770325,95.19856026491782,34.44033121434235,0.6708639860153198,95.19856026491782,34.44033121434236,ok
matmul,cuda,1024,bayesian,3,12,32_32_8_4_2,0.3575359880924225,0.037631988525390625,11.76352548774724,11.763525487747243,0.3606880009174347,11.76352548774724,11.76352548774724,ok
matmul,cuda,1024,bayesian,3,13,64_64_8_4_4,0.4692800045013428,0.1493760049343109,46.69400980809277,11.763525487747243,0.4376000016927719,46.69400980809277,11.76352548774724,ok
matmul,cuda,1024,bayesian,3,14,32_32_32_2_2,0.43007999658584595,0.11017599701881409,34.44033121434236,11.763525487747243,0.3845759928226471,34.44033121434236,11.76352548774724,ok
matmul,cuda,1024,bayesian,3,15,64_64_32_4_2,0.5157759785652161,0.1958719789981842,61.22836202838462,11.763525487747243,0.4258880019187927,61.22836202838462,11.76352548774724,ok
matmul,cuda,1024,bayesian,4,1,32_32_32_2_2,0.43007999658584595,0.11017599701881409,34.44033121434236,34.44033121434235,0.4607200026512146,34.44033121434236,34.44033121434236,ok
matmul,cuda,1024,bayesian,4,2,128_32_32_4_4,0.677344024181366,0.3574400246143341,111.73352790152818,34.44033121434235,0.6903679966926575,111.73352790152818,34.44033121434236,ok
matmul,cuda,1024,bayesian,4,3,64_32_8_2_2,0.46086400747299194,0.14096000790596008,44.063221496680185,34.44033121434235,0.6079199910163879,44.063221496680185,34.44033121434236,ok
matmul,cuda,1024,bayesian,4,4,128_32_32_4_4,0.677344024181366,0.3574400246143341,111.73352790152818,34.44033121434235,0.6875680088996887,111.73352790152818,34.44033121434236,ok
matmul,cuda,1024,bayesian,4,5,32_64_32_2_2,0.5792959928512573,0.25939199328422546,81.08432330802202,34.44033121434235,0.5067839920520782,81.08432330802202,34.44033121434236,ok
matmul,cuda,1024,bayesian,4,6,64_32_16_4_1,0.6194559931755066,0.29955199360847473,93.63808955620993,34.44033121434235,0.6260479986667633,93.63808955620993,34.44033121434236,ok
matmul,cuda,1024,bayesian,4,7,32_32_16_2_1,0.47567999362945557,0.1557759940624237,48.69460659237017,34.44033121434235,0.48028799891471863,48.69460659237017,34.44033121434236,ok
matmul,cuda,1024,bayesian,4,8,32_32_32_2_2,0.43007999658584595,0.11017599701881409,34.44033121434236,34.44033121434235,0.4978879988193512,34.44033121434236,34.44033121434236,ok
matmul,cuda,1024,bayesian,4,9,128_32_8_2_4,0.7319999933242798,0.4120959937572479,128.81864381657982,34.44033121434235,0.6406079828739166,128.81864381657982,34.44033121434236,ok
matmul,cuda,1024,bayesian,4,10,32_32_8_2_4,0.3826240003108978,0.06272000074386597,19.605882023592457,19.60588202359245,0.4387039989233017,19.605882023592457,19.605882023592457,ok
matmul,cuda,1024,bayesian,4,11,32_32_16_1_4,0.5846080183982849,0.26470401883125305,82.7448294455561,19.60588202359245,0.6166400015354156,82.7448294455561,19.605882023592457,ok
matmul,cuda,1024,bayesian,4,12,32_32_8_2_4,0.3826240003108978,0.06272000074386597,19.605882023592457,19.60588202359245,0.47807998955249786,19.605882023592457,19.605882023592457,ok
matmul,cuda,1024,bayesian,4,13,64_64_16_4_2,0.43238401412963867,0.11248001456260681,35.160552764217016,19.60588202359245,0.43212801218032837,35.160552764217016,35.160552764217016,ok
matmul,cuda,1024,bayesian,4,14,64_64_16_4_2,0.43238401412963867,0.11248001456260681,35.160552764217016,19.60588202359245,0.430527999997139,35.160552764217016,35.160552764217016,ok
matmul,cuda,1024,bayesian,4,15,64_32_8_1_4,0.6850879788398743,0.3651839792728424,114.15423994920162,19.60588202359245,0.7359519898891449,114.15423994920162,35.160552764217016,ok
matmul,cuda,1024,bayesian,5,1,32_32_32_2_2,0.43007999658584595,0.11017599701881409,34.44033121434236,34.44033121434235,0.432111993432045,34.44033121434236,34.44033121434236,ok
matmul,cuda,1024,bayesian,5,2,32_32_8_4_2,0.3575359880924225,0.037631988525390625,11.76352548774724,11.763525487747243,0.43619200587272644,11.76352548774724,34.44033121434236,ok
matmul,cuda,1024,bayesian,5,3,128_32_16_4_2,0.47043201327323914,0.15052801370620728,47.05412058303011,11.763525487747243,0.533519983291626,47.05412058303011,34.44033121434236,ok
matmul,cuda,1024,bayesian,5,4,32_64_8_4_1,0.47334399819374084,0.15343999862670898,47.96438895242932,11.763525487747243,0.4477600008249283,47.96438895242932,34.44033121434236,ok
matmul,cuda,1024,bayesian,5,5,64_64_8_4_2,0.31990399956703186,0.0,0.0,0.0,0.36873601377010345,0.0,0.0,ok
matmul,cuda,1024,bayesian,5,6,32_32_16_1_4,0.5846080183982849,0.26470401883125305,82.7448294455561,0.0,0.5759359896183014,82.7448294455561,0.0,ok
matmul,cuda,1024,bayesian,5,7,128_32_32_4_2,0.6929919719696045,0.37308797240257263,116.62497902730871,0.0,0.729423999786377,116.62497902730871,0.0,ok
matmul,cuda,1024,bayesian,5,8,64_64_8_4_2,0.31990399956703186,0.0,0.0,0.0,0.3685919940471649,0.0,0.0,ok
matmul,cuda,1024,bayesian,5,9,64_32_16_1_4,0.5633919835090637,0.24348798394203186,76.1128289335476,0.0,0.5927999913692474,76.1128289335476,0.0,ok
matmul,cuda,1024,bayesian,5,10,64_32_32_4_2,0.5770879983901978,0.2571839988231659,80.39411797640754,0.0,0.6048640012741089,80.39411797640754,0.0,ok
matmul,cuda,1024,bayesian,5,11,32_64_32_4_4,0.36444801092147827,0.04454401135444641,13.924180821350674,0.0,0.4864479899406433,13.924180821350674,0.0,ok
matmul,cuda,1024,bayesian,5,12,64_64_8_4_2,0.31990399956703186,0.0,0.0,0.0,0.3499840050935745,0.0,0.0,ok
matmul,cuda,1024,bayesian,5,13,32_32_32_4_4,0.4856320023536682,0.16572800278663635,51.80554260369918,0.0,0.6647679954767227,51.80554260369918,0.0,ok
matmul,cuda,1024,bayesian,5,14,64_64_8_4_2,0.31990399956703186,0.0,0.0,0.0,0.36934399604797363,0.0,0.0,ok
matmul,cuda,1024,bayesian,5,15,64_64_16_4_4,0.34992000460624695,0.030016005039215088,9.382816432379615,0.0,0.40590400993824005,9.382816432379615,0.0,ok
matmul,cuda,1024,bayesian,6,1,32_32_32_2_2,0.43007999658584595,0.11017599701881409,34.44033121434236,34.44033121434235,0.40591999888420105,34.44033121434236,34.44033121434236,ok
matmul,cuda,1024,bayesian,6,2,32_32_32_1_4,0.7320640087127686,0.4121600091457367,128.8386546287533,34.44033121434235,0.686191976070404,128.8386546287533,34.44033121434236,ok
matmul,cuda,1024,bayesian,6,3,32_64_8_2_2,0.5728960037231445,0.25299200415611267,79.08372652374463,34.44033121434235,0.5423679947853088,79.08372652374463,34.44033121434236,ok
matmul,cuda,1024,bayesian,6,4,32_64_32_2_2,0.5792959928512573,0.25939199328422546,81.08432330802202,34.44033121434235,0.47550399601459503,81.08432330802202,34.44033121434236,ok
matmul,cuda,1024,bayesian,6,5,64_32_16_2_2,0.5202239751815796,0.20031997561454773,62.618778097700265,34.44033121434235,0.48104000091552734,62.618778097700265,34.44033121434236,ok
matmul,cuda,1024,bayesian,6,6,32_32_32_2_2,0.43007999658584595,0.11017599701881409,34.44033121434236,34.44033121434235,0.4954560101032257,34.44033121434236,34.44033121434236,ok
matmul,cuda,1024,bayesian,6,7,32_64_32_1_4,0.6295040249824524,0.30960002541542053,96.77904178579917,34.44033121434235,0.6329280138015747,96.77904178579917,34.44033121434236,ok
matmul,cuda,1024,bayesian,6,8,64_32_32_2_4,0.6879680156707764,0.3680640161037445,115.05452154455523,34.44033121434235,0.5572640001773834,115.05452154455523,34.44033121434236,ok
matmul,cuda,1024,bayesian,6,9,32_32_32_1_2,0.5264959931373596,0.20659199357032776,64.57937188967186,34.44033121434235,0.5359359979629517,64.57937188967186,34.44033121434236,ok
matmul,cuda,1024,bayesian,6,10,64_32_8_4_4,0.41702398657798767,0.09711998701095581,30.359103713114255,30.359103713114266,0.538672000169754,30.359103713114255,34.44033121434236,ok
matmul,cuda,1024,bayesian,6,11,32_32_16_2_4,0.5358719825744629,0.21596798300743103,67.51024785552192,30.359103713114266,0.6473280191421509,67.51024785552192,34.44033121434236,ok
matmul,cuda,1024,bayesian,6,12,32_128_32_2_4,0.5057600140571594,0.18585601449012756,58.09743383692325,30.359103713114266,0.6052800118923187,58.09743383692325,34.44033121434236,ok
matmul,cuda,1024,bayesian,6,13,64_64_8_4_2,0.31990399956703186,0.0,0.0,0.0,0.39926399290561676,0.0,0.0,ok
matmul,cuda,1024,bayesian,6,14,64_32_32_4_1,0.5814399719238281,0.26153597235679626,81.75451782746302,0.0,0.5827680230140686,81.75451782746302,0.0,ok
matmul,cuda,1024,bayesian,6,15,64_64_8_4_2,0.31990399956703186,0.0,0.0,0.0,0.3678559958934784,0.0,0.0,ok
matmul,cuda,1024,bayesian,7,1,32_32_32_2_2,0.43007999658584595,0.11017599701881409,34.44033121434236,34.44033121434235,0.4081279933452606,34.44033121434236,34.44033121434236,ok
matmul,cuda,1024,bayesian,7,2,32_32_8_1_4,0.5335360169410706,0.2136320173740387,66.78003953160167,34.44033121434235,0.5313920080661774,66.78003953160167,34.44033121434236,ok
matmul,cuda,1024,bayesian,7,3,128_32_32_2_4,0.5302720069885254,0.21036800742149353,65.7597303272895,34.44033121434235,0.5366239845752716,65.7597303272895,34.44033121434236,ok
matmul,cuda,1024,bayesian,7,4,64_64_8_4_4,0.4692800045013428,0.1493760049343109,46.69400980809277,34.44033121434235,0.469760000705719,46.69400980809277,34.44033121434236,ok
matmul,cuda,1024,bayesian,7,5,32_32_16_2_2,0.41020798683166504,0.09030398726463318,28.22846459777104,28.22846459777103,0.39745600521564484,28.22846459777104,28.22846459777104,ok
matmul,cuda,1024,bayesian,7,6,32_64_16_2_4,0.5032960176467896,0.1833920180797577,57.327203888656044,28.22846459777103,0.6307519972324371,57.327203888656044,28.22846459777104,ok
matmul,cuda,1024,bayesian,7,7,128_64_16_4_4,0.6520959734916687,0.33219197392463684,103.8411443352493,28.22846459777103,0.7603360116481781,103.8411443352493,28.22846459777104,ok
matmul,cuda,1024,bayesian,7,8,32_32_16_2_2,0.41020798683166504,0.09030398726463318,28.22846459777104,28.22846459777103,0.4384640008211136,28.22846459777104,28.22846459777104,ok
matmul,cuda,1024,bayesian,7,9,32_32_16_2_4,0.5358719825744629,0.21596798300743103,67.51024785552192,28.22846459777103,0.6916960179805756,67.51024785552192,28.22846459777104,ok
matmul,cuda,1024,bayesian,7,10,128_32_8_2_4,0.7319999933242798,0.4120959937572479,128.81864381657982,28.22846459777103,0.690991997718811,128.81864381657982,28.22846459777104,ok
matmul,cuda,1024,bayesian,7,11,32_128_16_2_4,0.5902079939842224,0.27030399441719055,84.49534697378853,28.22846459777103,0.5265440046787262,84.49534697378853,28.22846459777104,ok
matmul,cuda,1024,bayesian,7,12,32_128_32_2_4,0.5057600140571594,0.18585601449012756,58.09743383692325,28.22846459777103,0.6507680118083954,58.09743383692325,28.22846459777104,ok
matmul,cuda,1024,bayesian,7,13,64_128_8_4_4,0.5466240048408508,0.22672000527381897,70.87126312289591,28.22846459777103,0.44364799559116364,70.87126312289591,28.22846459777104,ok
matmul,cuda,1024,bayesian,7,14,32_32_32_2_2,0.43007999658584595,0.11017599701881409,34.44033121434236,28.22846459777103,0.4996799975633621,34.44033121434236,28.22846459777104,ok
matmul,cuda,1024,bayesian,7,15,32_128_32_4_2,0.8064320087432861,0.4865280091762543,152.0856287619838,28.22846459777103,0.7025599777698517,152.0856287619838,28.22846459777104,ok
matmul,cuda,1024,bayesian,8,1,32_32_32_2_2,0.43007999658584595,0.11017599701881409,34.44033121434236,34.44033121434235,0.4058080017566681,34.44033121434236,34.44033121434236,ok
matmul,cuda,1024,bayesian,8,2,64_32_16_2_4,0.5425919890403748,0.2226879894733429,69.61088006862552,34.44033121434235,0.5801919996738434,69.61088006862552,34.44033121434236,ok
matmul,cuda,1024,bayesian,8,3,64_32_32_2_4,0.6879680156707764,0.3680640161037445,115.05452154455523,34.44033121434235,0.684799998998642,115.05452154455523,34.44033121434236,ok
matmul,cuda,1024,bayesian,8,4,32_32_32_2_2,0.43007999658584595,0.11017599701881409,34.44033121434236,34.44033121434235,0.4042239934206009,34.44033121434236,34.44033121434236,ok
matmul,cuda,1024,bayesian,8,5,128_64_8_4_4,0.43248000741004944,0.11257600784301758,35.19055966645666,34.44033121434235,0.532831996679306,35.19055966645666,34.44033121434236,ok
matmul,cuda,1024,bayesian,8,6,32_64_8_2_4,0.41606399416923523,0.09615999460220337,30.05901605867678,30.059016058676768,0.38756799697875977,30.05901605867678,30.05901605867678,ok
matmul,cuda,1024,bayesian,8,7,64_64_16_4_4,0.34992000460624695,0.030016005039215088,9.382816432379615,9.382816432379618,0.4338719993829727,9.382816432379615,30.05901605867678,ok
matmul,cuda,1024,bayesian,8,8,32_64_8_2_4,0.41606399416923523,0.09615999460220337,30.05901605867678,9.382816432379618,0.3877760022878647,30.05901605867678,30.05901605867678,ok
matmul,cuda,1024,bayesian,8,9,128_32_16_2_4,0.6815360188484192,0.36163201928138733,113.04391935419109,9.382816432379618,0.561055988073349,113.04391935419109,30.05901605867678,ok
matmul,cuda,1024,bayesian,8,10,64_32_32_4_4,0.5841599702835083,0.26425597071647644,82.60477239238296,9.382816432379618,0.4752639979124069,82.60477239238296,30.05901605867678,ok
matmul,cuda,1024,bayesian,8,11,32_64_8_4_4,0.4750399887561798,0.15513598918914795,48.49454505073831,9.382816432379618,0.48392000794410706,48.49454505073831,30.05901605867678,ok
matmul,cuda,1024,bayesian,8,12,32_64_8_2_4,0.41606399416923523,0.09615999460220337,30.05901605867678,9.382816432379618,0.38787201046943665,30.05901605867678,30.05901605867678,ok
matmul,cuda,1024,bayesian,8,13,32_64_8_4_1,0.47334399819374084,0.15343999862670898,47.96438895242932,9.382816432379618,0.47172799706459045,47.96438895242932,30.05901605867678,ok
matmul,cuda,1024,bayesian,8,14,32_64_8_2_4,0.41606399416923523,0.09615999460220337,30.05901605867678,9.382816432379618,0.47470399737358093,30.05901605867678,30.05901605867678,ok
matmul,cuda,1024,bayesian,8,15,64_32_8_4_1,0.4620800018310547,0.14217600226402283,44.44333376777043,9.382816432379618,0.45081600546836853,44.44333376777043,30.05901605867678,ok
matmul,cuda,1024,bayesian,9,1,32_32_32_2_2,0.43007999658584595,0.11017599701881409,34.44033121434236,34.44033121434235,0.4067839980125427,34.44033121434236,34.44033121434236,ok
matmul,cuda,1024,bayesian,9,2,32_32_8_1_4,0.5335360169410706,0.2136320173740387,66.78003953160167,34.44033121434235,0.6059359908103943,66.78003953160167,34.44033121434236,ok
matmul,cuda,1024,bayesian,9,3,64_64_32_2_4,0.4055359959602356,0.08563199639320374,26.76802931788935,26.768029317889358,0.5681440234184265,26.76802931788935,34.44033121434236,ok
matmul,cuda,1024,bayesian,9,4,32_64_32_2_4,0.669215977191925,0.3493119776248932,109.19275098081394,26.768029317889358,0.5241439938545227,109.19275098081394,34.44033121434236,ok
matmul,cuda,1024,bayesian,9,5,32_32_32_4_1,0.7030400037765503,0.38313600420951843,119.76593125689794,26.768029317889358,0.7036319971084595,119.76593125689794,34.44033121434236,ok
matmul,cuda,1024,bayesian,9,6,32_32_32_2_2,0.43007999658584595,0.11017599701881409,34.44033121434236,26.768029317889358,0.38808000087738037,34.44033121434236,34.44033121434236,ok
matmul,cuda,1024,bayesian,9,7,32_64_8_1_4,0.7550079822540283,0.43510398268699646,136.01079801311639,26.768029317889358,0.7507680058479309,136.01079801311639,34.44033121434236,ok
matmul,cuda,1024,bayesian,9,8,32_32_32_4_4,0.4856320023536682,0.16572800278663635,51.80554260369918,26.768029317889358,0.8446080386638641,51.80554260369918,34.44033121434236,ok
matmul,cuda,1024,bayesian,9,9,128_64_16_4_4,0.6520959734916687,0.33219197392463684,103.8411443352493,26.768029317889358,0.6646719872951508,103.8411443352493,34.44033121434236,ok
matmul,cuda,1024,bayesian,9,10,32_32_32_2_2,0.43007999658584595,0.11017599701881409,34.44033121434236,26.768029317889358,0.4984640032052994,34.44033121434236,34.44033121434236,ok
matmul,cuda,1024,bayesian,9,11,32_128_16_2_4,0.5902079939842224,0.27030399441719055,84.49534697378853,26.768029317889358,0.5523360073566437,84.49534697378853,34.44033121434236,ok
matmul,cuda,1024,bayesian,9,12,32_32_32_2_2,0.43007999658584595,0.11017599701881409,34.44033121434236,26.768029317889358,0.4049919992685318,34.44033121434236,34.44033121434236,ok
matmul,cuda,1024,bayesian,9,13,64_32_8_4_4,0.41702398657798767,0.09711998701095581,30.359103713114255,26.768029317889358,0.5357759892940521,30.359103713114255,34.44033121434236,ok
matmul,cuda,1024,bayesian,9,14,32_32_32_2_2,0.43007999658584595,0.11017599701881409,34.44033121434236,26.768029317889358,0.3988639861345291,34.44033121434236,34.44033121434236,ok
matmul,cuda,1024,bayesian,9,15,32_64_8_2_2,0.5728960037231445,0.25299200415611267,79.08372652374463,26.768029317889358,0.5807200074195862,79.08372652374463,34.44033121434236,ok
matmul,cuda,1024,random,0,1,32_32_32_2_2,0.43007999658584595,0.11017599701881409,34.44033121434236,34.44033121434235,0.4906399995088577,34.44033121434236,34.44033121434236,ok
matmul,cuda,1024,random,0,2,32_128_32_4_4,0.47676798701286316,0.1568639874458313,49.03470655513402,34.44033121434235,0.3890080004930496,49.03470655513402,49.03470655513402,ok
matmul,cuda,1024,random,0,3,64_32_8_4_1,0.4620800018310547,0.14217600226402283,44.44333376777043,34.44033121434235,0.5741600096225739,44.44333376777043,49.03470655513402,ok
matmul,cuda,1024,random,0,4,32_32_8_4_1,0.43222400546073914,0.11232000589370728,35.1105350498039,34.44033121434235,0.4083840101957321,35.1105350498039,49.03470655513402,ok
matmul,cuda,1024,random,0,5,32_64_16_4_2,0.43510401248931885,0.11520001292228699,36.01080732913697,34.44033121434235,0.5053600072860718,36.01080732913697,49.03470655513402,ok
matmul,cuda,1024,random,0,6,64_32_32_4_1,0.5814399719238281,0.26153597235679626,81.75451782746302,34.44033121434235,0.6200319826602936,81.75451782746302,49.03470655513402,ok
matmul,cuda,1024,random,0,7,64_32_32_1_4,0.8835520148277283,0.5636480152606964,176.1928628662209,34.44033121434235,0.7155520021915436,176.1928628662209,49.03470655513402,ok
matmul,cuda,1024,random,0,8,64_32_8_2_2,0.46086400747299194,0.14096000790596008,44.063221496680185,34.44033121434235,0.5635200142860413,44.063221496680185,49.03470655513402,ok
matmul,cuda,1024,random,0,9,32_64_32_4_1,0.49804800748825073,0.17814400792121887,55.686708563295426,34.44033121434235,0.4984479993581772,55.686708563295426,49.03470655513402,ok
matmul,cuda,1024,random,0,10,64_32_16_4_4,0.424703985452652,0.10479998588562012,32.759823580655365,32.75982358065536,0.5150080025196075,32.759823580655365,49.03470655513402,ok
matmul,cuda,1024,random,0,11,32_128_16_4_2,0.5376960039138794,0.21779200434684753,68.08042557817787,32.75982358065536,0.606687992811203,68.08042557817787,49.03470655513402,ok
matmul,cuda,1024,random,0,12,64_64_32_2_4,0.4055359959602356,0.08563199639320374,26.76802931788935,26.768029317889358,0.5328480005264282,26.76802931788935,49.03470655513402,ok
matmul,cuda,1024,random,0,13,32_64_8_4_2,0.3203200101852417,0.00041601061820983887,0.1300423310658383,0.13004233106584498,0.349823996424675,0.1300423310658383,0.1300423310658383,ok
matmul,cuda,1024,random,0,14,64_32_32_2_4,0.6879680156707764,0.3680640161037445,115.05452154455523,0.13004233106584498,0.5565119981765747,115.05452154455523,0.1300423310658383,ok
matmul,cuda,1024,random,0,15,32_32_32_1_4,0.7320640087127686,0.4121600091457367,128.8386546287533,0.13004233106584498,0.8286719918251038,128.8386546287533,0.1300423310658383,ok
matmul,cuda,1024,random,1,1,32_32_32_2_2,0.43007999658584595,0.11017599701881409,34.44033121434236,34.44033121434235,0.40673600137233734,34.44033121434236,34.44033121434236,ok
matmul,cuda,1024,random,1,2,64_32_8_4_2,0.3487359881401062,0.02883198857307434,9.012700251355543,9.012700251355552,0.40377600491046906,9.012700251355543,9.012700251355543,ok
matmul,cuda,1024,random,1,3,128_32_16_4_4,0.400736004114151,0.08083200454711914,25.26758172968131,9.012700251355552,0.4501440078020096,25.26758172968131,9.012700251355543,ok
matmul,cuda,1024,random,1,4,32_32_16_2_4,0.5358719825744629,0.21596798300743103,67.51024785552192,9.012700251355552,0.5668799877166748,67.51024785552192,9.012700251355543,ok
matmul,cuda,1024,random,1,5,64_32_8_1_4,0.6850879788398743,0.3651839792728424,114.15423994920162,9.012700251355552,0.7772959768772125,114.15423994920162,9.012700251355543,ok
matmul,cuda,1024,random,1,6,32_128_16_4_2,0.5376960039138794,0.21779200434684753,68.08042557817787,9.012700251355552,0.6132319867610931,68.08042557817787,9.012700251355543,ok
matmul,cuda,1024,random,1,7,32_32_16_1_2,0.5289599895477295,0.20905598998069763,65.34960183793908,9.012700251355552,0.5904639959335327,65.34960183793908,9.012700251355543,ok
matmul,cuda,1024,random,1,8,64_32_16_4_1,0.6194559931755066,0.29955199360847473,93.63808955620993,9.012700251355552,0.507999986410141,93.63808955620993,9.012700251355543,ok
matmul,cuda,1024,random,1,9,32_32_32_4_2,0.7103999853134155,0.39049598574638367,122.06661569561281,9.012700251355552,0.7067360281944275,122.06661569561281,9.012700251355543,ok
matmul,cuda,1024,random,1,10,64_64_8_2_4,0.38329601287841797,0.06339201331138611,19.815948971311027,9.012700251355552,0.38412800431251526,19.815948971311027,19.815948971311027,ok
matmul,cuda,1024,random,1,11,64_32_8_4_4,0.41702398657798767,0.09711998701095581,30.359103713114255,9.012700251355552,0.43302400410175323,30.359103713114255,19.815948971311027,ok
matmul,cuda,1024,random,1,12,32_32_32_1_2,0.5264959931373596,0.20659199357032776,64.57937188967186,9.012700251355552,0.6461119949817657,64.57937188967186,19.815948971311027,ok
matmul,cuda,1024,random,1,13,32_64_8_4_4,0.4750399887561798,0.15513598918914795,48.49454505073831,9.012700251355552,0.39691199362277985,48.49454505073831,19.815948971311027,ok
matmul,cuda,1024,random,1,14,32_64_16_2_2,0.41734400391578674,0.09744000434875488,30.459139141940472,9.012700251355552,0.5127359926700592,30.459139141940472,19.815948971311027,ok
matmul,cuda,1024,random,1,15,32_128_16_4_4,0.3550719916820526,0.03516799211502075,10.99329553948003,9.012700251355552,0.3882559984922409,10.99329553948003,19.815948971311027,ok
matmul,cuda,1024,random,2,1,32_32_32_2_2,0.43007999658584595,0.11017599701881409,34.44033121434236,34.44033121434235,0.49430400133132935,34.44033121434236,34.44033121434236,ok
matmul,cuda,1024,random,2,2,64_32_16_2_2,0.5202239751815796,0.20031997561454773,62.618778097700265,34.44033121434235,0.42686401307582855,62.618778097700265,62.618778097700265,ok
matmul,cuda,1024,random,2,3,32_32_8_4_2,0.3575359880924225,0.037631988525390625,11.76352548774724,11.763525487747243,0.36640000343322754,11.76352548774724,11.76352548774724,ok
matmul,cuda,1024,random,2,4,64_32_16_4_2,0.4347519874572754,0.11484798789024353,35.90076649422402,11.763525487747243,0.4601120054721832,35.90076649422402,11.76352548774724,ok
matmul,cuda,1024,random,2,5,32_64_16_4_1,0.45497599244117737,0.1350719928741455,42.22266462968771,11.763525487747243,0.5257600247859955,42.22266462968771,11.76352548774724,ok
matmul,cuda,1024,random,2,6,128_64_16_4_4,0.6520959734916687,0.33219197392463684,103.8411443352493,11.763525487747243,0.8165120184421539,103.8411443352493,11.76352548774724,ok
matmul,cuda,1024,random,2,7,32_64_8_1_4,0.7550079822540283,0.43510398268699646,136.01079801311639,11.763525487747243,0.711648017168045,136.01079801311639,11.76352548774724,ok
matmul,cuda,1024,random,2,8,64_64_16_4_4,0.34992000460624695,0.030016005039215088,9.382816432379615,9.382816432379618,0.3534400016069412,9.382816432379615,9.382816432379615,ok
matmul,cuda,1024,random,2,9,128_32_8_4_2,0.5611839890480042,0.2412799894809723,75.42262360193315,9.382816432379618,0.6903520226478577,75.42262360193315,9.382816432379615,ok
matmul,cuda,1024,random,2,10,32_32_32_1_4,0.7320640087127686,0.4121600091457367,128.8386546287533,9.382816432379618,0.7311680018901825,128.8386546287533,9.382816432379615,ok
matmul,cuda,1024,random,2,11,64_32_8_2_2,0.46086400747299194,0.14096000790596008,44.063221496680185,9.382816432379618,0.49719999730587006,44.063221496680185,9.382816432379615,ok
matmul,cuda,1024,random,2,12,32_64_8_2_2,0.5728960037231445,0.25299200415611267,79.08372652374463,9.382816432379618,0.5790719985961914,79.08372652374463,9.382816432379615,ok
matmul,cuda,1024,random,2,13,128_32_16_2_4,0.6815360188484192,0.36163201928138733,113.04391935419109,9.382816432379618,0.6854880154132843,113.04391935419109,9.382816432379615,ok
matmul,cuda,1024,random,2,14,32_32_32_2_1,0.5595200061798096,0.2396160066127777,74.90247290971091,9.382816432379618,0.486735999584198,74.90247290971091,9.382816432379615,ok
matmul,cuda,1024,random,2,15,64_64_8_2_4,0.38329601287841797,0.06339201331138611,19.815948971311027,9.382816432379618,0.3887839913368225,19.815948971311027,9.382816432379615,ok
matmul,cuda,1024,random,3,1,32_32_32_2_2,0.43007999658584595,0.11017599701881409,34.44033121434236,34.44033121434235,0.42980799078941345,34.44033121434236,34.44033121434236,ok
matmul,cuda,1024,random,3,2,128_32_8_4_2,0.5611839890480042,0.2412799894809723,75.42262360193315,34.44033121434235,0.5978080034255981,75.42262360193315,34.44033121434236,ok
matmul,cuda,1024,random,3,3,32_32_32_1_2,0.5264959931373596,0.20659199357032776,64.57937188967186,34.44033121434235,0.5084800124168396,64.57937188967186,34.44033121434236,ok
matmul,cuda,1024,random,3,4,32_64_32_4_2,0.48342400789260864,0.16352000832557678,51.11533727208473,34.44033121434235,0.46435199677944183,51.11533727208473,34.44033121434236,ok
matmul,cuda,1024,random,3,5,32_32_16_2_1,0.47567999362945557,0.1557759940624237,48.69460659237017,34.44033121434235,0.5863040089607239,48.69460659237017,34.44033121434236,ok
matmul,cuda,1024,random,3,6,32_64_32_1_4,0.6295040249824524,0.30960002541542053,96.77904178579917,34.44033121434235,0.6346240043640137,96.77904178579917,34.44033121434236,ok
matmul,cuda,1024,random,3,7,128_64_32_4_4,0.6447359919548035,0.3248319923877716,101.54045989653441,34.44033121434235,0.6865440011024475,101.54045989653441,34.44033121434236,ok
matmul,cuda,1024,random,3,8,128_32_8_4_4,0.4910399913787842,0.17113599181175232,53.49604632745235,34.44033121434235,0.49158400297164917,53.49604632745235,34.44033121434236,ok
matmul,cuda,1024,random,3,9,32_32_32_2_1,0.5595200061798096,0.2396160066127777,74.90247290971091,34.44033121434235,0.46006399393081665,74.90247290971091,34.44033121434236,ok
matmul,cuda,1024,random,3,10,64_128_8_4_4,0.5466240048408508,0.22672000527381897,70.87126312289591,34.44033121434235,0.4450399875640869,70.87126312289591,34.44033121434236,ok
matmul,cuda,1024,random,3,11,128_32_32_2_4,0.5302720069885254,0.21036800742149353,65.7597303272895,34.44033121434235,0.5123839974403381,65.7597303272895,34.44033121434236,ok
matmul,cuda,1024,random,3,12,64_32_16_1_4,0.5633919835090637,0.24348798394203186,76.1128289335476,34.44033121434235,0.627808004617691,76.1128289335476,34.44033121434236,ok
matmul,cuda,1024,random,3,13,32_64_32_4_1,0.49804800748825073,0.17814400792121887,55.686708563295426,34.44033121434235,0.6250559985637665,55.686708563295426,34.44033121434236,ok
matmul,cuda,1024,random,3,14,32_64_8_4_4,0.4750399887561798,0.15513598918914795,48.49454505073831,34.44033121434235,0.4177920073270798,48.49454505073831,48.49454505073831,ok
matmul,cuda,1024,random,3,15,32_64_8_1_4,0.7550079822540283,0.43510398268699646,136.01079801311639,34.44033121434235,0.7645600140094757,136.01079801311639,48.49454505073831,ok
matmul,cuda,1024,random,4,1,32_32_32_2_2,0.43007999658584595,0.11017599701881409,34.44033121434236,34.44033121434235,0.4978879988193512,34.44033121434236,34.44033121434236,ok
matmul,cuda,1024,random,4,2,64_32_8_2_4,0.3582080006599426,0.03830400109291077,11.973592435465829,11.973592435465829,0.3861600011587143,11.973592435465829,11.973592435465829,ok
matmul,cuda,1024,random,4,3,64_32_8_4_1,0.4620800018310547,0.14217600226402283,44.44333376777043,11.973592435465829,0.4662880003452301,44.44333376777043,11.973592435465829,ok
matmul,cuda,1024,random,4,4,64_32_16_4_1,0.6194559931755066,0.29955199360847473,93.63808955620993,11.973592435465829,0.578031986951828,93.63808955620993,11.973592435465829,ok
matmul,cuda,1024,random,4,5,128_64_16_4_4,0.6520959734916687,0.33219197392463684,103.8411443352493,11.973592435465829,0.7065759897232056,103.8411443352493,11.973592435465829,ok
matmul,cuda,1024,random,4,6,32_64_16_2_4,0.5032960176467896,0.1833920180797577,57.327203888656044,11.973592435465829,0.5100799798965454,57.327203888656044,11.973592435465829,ok
matmul,cuda,1024,random,4,7,64_32_32_2_4,0.6879680156707764,0.3680640161037445,115.05452154455523,11.973592435465829,0.531440019607544,115.05452154455523,11.973592435465829,ok
matmul,cuda,1024,random,4,8,128_32_16_4_2,0.47043201327323914,0.15052801370620728,47.05412058303011,11.973592435465829,0.4697920083999634,47.05412058303011,11.973592435465829,ok
matmul,cuda,1024,random,4,9,64_32_16_2_4,0.5425919890403748,0.2226879894733429,69.61088006862552,11.973592435465829,0.6715680062770844,69.61088006862552,11.973592435465829,ok
matmul,cuda,1024,random,4,10,32_64_32_4_4,0.36444801092147827,0.04454401135444641,13.924180821350674,11.973592435465829,0.37848000228405,13.924180821350674,13.924180821350674,ok
matmul,cuda,1024,random,4,11,32_128_32_4_4,0.47676798701286316,0.1568639874458313,49.03470655513402,11.973592435465829,0.4131840020418167,49.03470655513402,13.924180821350674,ok
matmul,cuda,1024,random,4,12,128_32_16_4_4,0.400736004114151,0.08083200454711914,25.26758172968131,11.973592435465829,0.5171200037002563,25.26758172968131,13.924180821350674,ok
matmul,cuda,1024,random,4,13,32_32_16_4_2,0.6298239827156067,0.30991998314857483,96.87905858258424,11.973592435465829,0.5481440126895905,96.87905858258424,13.924180821350674,ok
matmul,cuda,1024,random,4,14,32_128_16_4_4,0.3550719916820526,0.03516799211502075,10.99329553948003,10.993295539480037,0.41286399960517883,10.99329553948003,13.924180821350674,ok
matmul,cuda,1024,random,4,15,32_128_16_2_4,0.5902079939842224,0.27030399441719055,84.49534697378853,10.993295539480037,0.6670399904251099,84.49534697378853,13.924180821350674,ok
matmul,cuda,1024,random,5,1,32_32_32_2_2,0.43007999658584595,0.11017599701881409,34.44033121434236,34.44033121434235,0.45904000103473663,34.44033121434236,34.44033121434236,ok
matmul,cuda,1024,random,5,2,32_64_16_1_4,0.6813120245933533,0.3614080250263214,112.97390014362509,34.44033121434235,0.5571520030498505,112.97390014362509,34.44033121434236,ok
matmul,cuda,1024,random,5,3,32_128_16_4_4,0.3550719916820526,0.03516799211502075,10.99329553948003,10.993295539480037,0.3702879995107651,10.99329553948003,10.99329553948003,ok
matmul,cuda,1024,random,5,4,64_32_8_1_4,0.6850879788398743,0.3651839792728424,114.15423994920162,10.993295539480037,0.7902719974517822,114.15423994920162,10.99329553948003,ok
matmul,cuda,1024,random,5,5,64_32_16_2_4,0.5425919890403748,0.2226879894733429,69.61088006862552,10.993295539480037,0.546095997095108,69.61088006862552,10.99329553948003,ok
matmul,cuda,1024,random,5,6,32_32_16_4_2,0.6298239827156067,0.30991998314857483,96.87905858258424,10.993295539480037,0.5160799920558929,96.87905858258424,10.99329553948003,ok
matmul,cuda,1024,random,5,7,64_32_32_2_4,0.6879680156707764,0.3680640161037445,115.05452154455523,10.993295539480037,0.5564639866352081,115.05452154455523,10.99329553948003,ok
matmul,cuda,1024,random,5,8,64_32_8_2_2,0.46086400747299194,0.14096000790596008,44.063221496680185,10.993295539480037,0.48710399866104126,44.063221496680185,10.99329553948003,ok
matmul,cuda,1024,random,5,9,32_32_8_4_1,0.43222400546073914,0.11232000589370728,35.1105350498039,10.993295539480037,0.3989280015230179,35.1105350498039,10.99329553948003,ok
matmul,cuda,1024,random,5,10,32_128_8_4_4,0.4780479967594147,0.1581439971923828,49.43482963839774,10.993295539480037,0.4792480021715164,49.43482963839774,10.99329553948003,ok
matmul,cuda,1024,random,5,11,64_32_32_4_2,0.5770879983901978,0.2571839988231659,80.39411797640754,10.993295539480037,0.7463200092315674,80.39411797640754,10.99329553948003,ok
matmul,cuda,1024,random,5,12,32_64_16_4_1,0.45497599244117737,0.1350719928741455,42.22266462968771,10.993295539480037,0.4946399927139282,42.22266462968771,10.99329553948003,ok
matmul,cuda,1024,random,5,13,64_64_32_4_2,0.5157759785652161,0.1958719789981842,61.22836202838462,10.993295539480037,0.3887679874897003,61.22836202838462,10.99329553948003,ok
matmul,cuda,1024,random,5,14,32_32_16_1_2,0.5289599895477295,0.20905598998069763,65.34960183793908,10.993295539480037,0.5908479988574982,65.34960183793908,10.99329553948003,ok
matmul,cuda,1024,random,5,15,64_32_32_1_4,0.8835520148277283,0.5636480152606964,176.1928628662209,10.993295539480037,0.706384003162384,176.1928628662209,10.99329553948003,ok
matmul,cuda,1024,random,6,1,32_32_32_2_2,0.43007999658584595,0.11017599701881409,34.44033121434236,34.44033121434235,0.49958400428295135,34.44033121434236,34.44033121434236,ok
matmul,cuda,1024,random,6,2,32_32_32_4_4,0.4856320023536682,0.16572800278663635,51.80554260369918,34.44033121434235,0.6724640130996704,51.80554260369918,34.44033121434236,ok
matmul,cuda,1024,random,6,3,32_64_32_1_4,0.6295040249824524,0.30960002541542053,96.77904178579917,34.44033121434235,0.7634879946708679,96.77904178579917,34.44033121434236,ok
matmul,cuda,1024,random,6,4,32_32_32_4_2,0.7103999853134155,0.39049598574638367,122.06661569561281,34.44033121434235,0.7646879851818085,122.06661569561281,34.44033121434236,ok
matmul,cuda,1024,random,6,5,32_128_8_2_4,0.7156800031661987,0.39577600359916687,123.71711642706016,34.44033121434235,0.5810720026493073,123.71711642706016,34.44033121434236,ok
matmul,cuda,1024,random,6,6,32_32_32_1_4,0.7320640087127686,0.4121600091457367,128.8386546287533,34.44033121434235,0.6261120140552521,128.8386546287533,34.44033121434236,ok
matmul,cuda,1024,random,6,7,32_32_8_4_2,0.3575359880924225,0.037631988525390625,11.76352548774724,11.763525487747243,0.4466080069541931,11.76352548774724,11.76352548774724,ok
matmul,cuda,1024,random,6,8,32_128_32_4_2,0.8064320087432861,0.4865280091762543,152.0856287619838,11.763525487747243,0.6909759938716888,152.0856287619838,11.76352548774724,ok
matmul,cuda,1024,random,6,9,32_128_16_4_4,0.3550719916820526,0.03516799211502075,10.99329553948003,10.993295539480037,0.38942399621009827,10.99329553948003,10.99329553948003,ok
matmul,cuda,1024,random,6,10,64_64_8_4_2,0.31990399956703186,0.0,0.0,0.0,0.39662399888038635,0.0,10.99329553948003,ok
matmul,cuda,1024,random,6,11,128_32_16_4_4,0.400736004114151,0.08083200454711914,25.26758172968131,0.0,0.4234880059957504,25.26758172968131,10.99329553948003,ok
matmul,cuda,1024,random,6,12,128_32_8_4_4,0.4910399913787842,0.17113599181175232,53.49604632745235,0.0,0.4238559901714325,53.49604632745235,10.99329553948003,ok
matmul,cuda,1024,random,6,13,32_64_16_4_4,0.5060799717903137,0.18617597222328186,58.197450633708314,0.0,0.504399985074997,58.197450633708314,10.99329553948003,ok
matmul,cuda,1024,random,6,14,64_32_8_2_4,0.3582080006599426,0.03830400109291077,11.973592435465829,0.0,0.38683199882507324,11.973592435465829,11.973592435465829,ok
matmul,cuda,1024,random,6,15,64_32_8_4_4,0.41702398657798767,0.09711998701095581,30.359103713114255,0.0,0.43934398889541626,30.359103713114255,11.973592435465829,ok
matmul,cuda,1024,random,7,1,32_32_32_2_2,0.43007999658584595,0.11017599701881409,34.44033121434236,34.44033121434235,0.3895999938249588,34.44033121434236,34.44033121434236,ok
matmul,cuda,1024,random,7,2,32_128_8_2_4,0.7156800031661987,0.39577600359916687,123.71711642706016,34.44033121434235,0.7120159864425659,123.71711642706016,34.44033121434236,ok
matmul,cuda,1024,random,7,3,32_32_8_4_1,0.43222400546073914,0.11232000589370728,35.1105350498039,34.44033121434235,0.38864000141620636,35.1105350498039,35.1105350498039,ok
matmul,cuda,1024,random,7,4,32_128_8_4_4,0.4780479967594147,0.1581439971923828,49.43482963839774,34.44033121434235,0.4842880070209503,49.43482963839774,35.1105350498039,ok
matmul,cuda,1024,random,7,5,64_64_16_4_4,0.34992000460624695,0.030016005039215088,9.382816432379615,9.382816432379618,0.3725440055131912,9.382816432379615,9.382816432379615,ok
matmul,cuda,1024,random,7,6,32_64_8_4_4,0.4750399887561798,0.15513598918914795,48.49454505073831,9.382816432379618,0.45451200008392334,48.49454505073831,9.382816432379615,ok
matmul,cuda,1024,random,7,7,64_32_8_2_4,0.3582080006599426,0.03830400109291077,11.973592435465829,9.382816432379618,0.40888001024723053,11.973592435465829,9.382816432379615,ok
matmul,cuda,1024,random,7,8,64_32_32_4_4,0.5841599702835083,0.26425597071647644,82.60477239238296,9.382816432379618,0.5823360085487366,82.60477239238296,9.382816432379615,ok
matmul,cuda,1024,random,7,9,32_32_8_4_4,0.4813440144062042,0.16144001483917236,50.46514424879662,9.382816432379618,0.5678399801254272,50.46514424879662,9.382816432379615,ok
matmul,cuda,1024,random,7,10,64_64_16_2_4,0.5383039712905884,0.21839997172355652,68.2704723977024,9.382816432379618,0.47486400604248047,68.2704723977024,9.382816432379615,ok
matmul,cuda,1024,random,7,11,32_32_32_1_2,0.5264959931373596,0.20659199357032776,64.57937188967186,9.382816432379618,0.6611199975013733,64.57937188967186,9.382816432379615,ok
matmul,cuda,1024,random,7,12,32_64_32_1_4,0.6295040249824524,0.30960002541542053,96.77904178579917,9.382816432379618,0.6216639876365662,96.77904178579917,9.382816432379615,ok
matmul,cuda,1024,random,7,13,64_32_16_4_1,0.6194559931755066,0.29955199360847473,93.63808955620993,9.382816432379618,0.6236480176448822,93.63808955620993,9.382816432379615,ok
matmul,cuda,1024,random,7,14,32_32_8_2_4,0.3826240003108978,0.06272000074386597,19.605882023592457,9.382816432379618,0.38686399161815643,19.605882023592457,9.382816432379615,ok
matmul,cuda,1024,random,7,15,32_32_16_1_4,0.5846080183982849,0.26470401883125305,82.7448294455561,9.382816432379618,0.7174559831619263,82.7448294455561,9.382816432379615,ok
matmul,cuda,1024,random,8,1,32_32_32_2_2,0.43007999658584595,0.11017599701881409,34.44033121434236,34.44033121434235,0.5010879933834076,34.44033121434236,34.44033121434236,ok
matmul,cuda,1024,random,8,2,64_64_16_4_4,0.34992000460624695,0.030016005039215088,9.382816432379615,9.382816432379618,0.3522080034017563,9.382816432379615,9.382816432379615,ok
matmul,cuda,1024,random,8,3,32_128_16_4_2,0.5376960039138794,0.21779200434684753,68.08042557817787,9.382816432379618,0.5755040049552917,68.08042557817787,9.382816432379615,ok
matmul,cuda,1024,random,8,4,32_32_8_4_2,0.3575359880924225,0.037631988525390625,11.76352548774724,9.382816432379618,0.38415999710559845,11.76352548774724,9.382816432379615,ok
matmul,cuda,1024,random,8,5,64_128_32_4_4,0.6244480013847351,0.30454400181770325,95.19856026491782,9.382816432379618,0.6671199798583984,95.19856026491782,9.382816432379615,ok
matmul,cuda,1024,random,8,6,32_64_32_4_4,0.36444801092147827,0.04454401135444641,13.924180821350674,9.382816432379618,0.4904319941997528,13.924180821350674,9.382816432379615,ok
matmul,cuda,1024,random,8,7,32_32_16_1_4,0.5846080183982849,0.26470401883125305,82.7448294455561,9.382816432379618,0.6148959994316101,82.7448294455561,9.382816432379615,ok
matmul,cuda,1024,random,8,8,32_128_16_2_4,0.5902079939842224,0.27030399441719055,84.49534697378853,9.382816432379618,0.5511679947376251,84.49534697378853,9.382816432379615,ok
matmul,cuda,1024,random,8,9,64_64_16_2_4,0.5383039712905884,0.21839997172355652,68.2704723977024,9.382816432379618,0.5795199871063232,68.2704723977024,9.382816432379615,ok
matmul,cuda,1024,random,8,10,64_32_8_4_2,0.3487359881401062,0.02883198857307434,9.012700251355543,9.012700251355552,0.3280960023403168,9.012700251355543,9.012700251355543,ok
matmul,cuda,1024,random,8,11,32_32_16_4_2,0.6298239827156067,0.30991998314857483,96.87905858258424,9.012700251355552,0.5461920201778412,96.87905858258424,9.012700251355543,ok
matmul,cuda,1024,random,8,12,128_32_8_2_4,0.7319999933242798,0.4120959937572479,128.81864381657982,9.012700251355552,0.7420159876346588,128.81864381657982,9.012700251355543,ok
matmul,cuda,1024,random,8,13,128_64_32_4_4,0.6447359919548035,0.3248319923877716,101.54045989653441,9.012700251355552,0.6423680186271667,101.54045989653441,9.012700251355543,ok
matmul,cuda,1024,random,8,14,32_64_8_4_4,0.4750399887561798,0.15513598918914795,48.49454505073831,9.012700251355552,0.3782400041818619,48.49454505073831,9.012700251355543,ok
matmul,cuda,1024,random,8,15,32_32_32_4_2,0.7103999853134155,0.39049598574638367,122.06661569561281,9.012700251355552,0.80935999751091,122.06661569561281,9.012700251355543,ok
matmul,cuda,1024,random,9,1,32_32_32_2_2,0.43007999658584595,0.11017599701881409,34.44033121434236,34.44033121434235,0.40670399367809296,34.44033121434236,34.44033121434236,ok
matmul,cuda,1024,random,9,2,32_128_16_2_4,0.5902079939842224,0.27030399441719055,84.49534697378853,34.44033121434235,0.6812160015106201,84.49534697378853,34.44033121434236,ok
matmul,cuda,1024,random,9,3,32_128_8_4_2,0.5351359844207764,0.2152319848537445,67.28017941165045,34.44033121434235,0.49664001166820526,67.28017941165045,34.44033121434236,ok
matmul,cuda,1024,random,9,4,64_64_32_4_4,0.6010559797286987,0.28115198016166687,87.8863598273816,34.44033121434235,0.7468480169773102,87.8863598273816,34.44033121434236,ok
matmul,cuda,1024,random,9,5,32_32_8_2_4,0.3826240003108978,0.06272000074386597,19.605882023592457,19.60588202359245,0.38630400598049164,19.605882023592457,19.605882023592457,ok
matmul,cuda,1024,random,9,6,64_64_8_4_2,0.31990399956703186,0.0,0.0,0.0,0.36771200597286224,0.0,0.0,ok
matmul,cuda,1024,random,9,7,32_32_32_2_1,0.5595200061798096,0.2396160066127777,74.90247290971091,0.0,0.5662560164928436,74.90247290971091,0.0,ok
matmul,cuda,1024,random,9,8,64_32_8_4_4,0.41702398657798767,0.09711998701095581,30.359103713114255,0.0,0.4641120135784149,30.359103713114255,0.0,ok
matmul,cuda,1024,random,9,9,64_32_16_4_1,0.6194559931755066,0.29955199360847473,93.63808955620993,0.0,0.628959983587265,93.63808955620993,0.0,ok
matmul,cuda,1024,random,9,10,32_32_32_4_4,0.4856320023536682,0.16572800278663635,51.80554260369918,0.0,0.7069119811058044,51.80554260369918,0.0,ok
matmul,cuda,1024,random,9,11,64_32_16_2_4,0.5425919890403748,0.2226879894733429,69.61088006862552,0.0,0.5432320237159729,69.61088006862552,0.0,ok
matmul,cuda,1024,random,9,12,32_128_16_4_4,0.3550719916820526,0.03516799211502075,10.99329553948003,0.0,0.40889599919319153,10.99329553948003,0.0,ok
matmul,cuda,1024,random,9,13,64_32_32_2_2,0.472351998090744,0.15244799852371216,47.654295891905086,0.0,0.5799040198326111,47.654295891905086,0.0,ok
matmul,cuda,1024,random,9,14,64_32_8_4_2,0.3487359881401062,0.02883198857307434,9.012700251355543,0.0,0.3500960022211075,9.012700251355543,9.012700251355543,ok
matmul,cuda,1024,random,9,15,32_32_16_1_4,0.5846080183982849,0.26470401883125305,82.7448294455561,0.0,0.7097119987010956,82.7448294455561,9.012700251355543,ok
matmul,sycl,2048,bayesian,0,1,32_32_32_2_2,8.399871826171875,3.150847911834717,60.027311044030604,60.027311044030604,8.322047710418701,60.027311044030604,60.027311044030604,ok
matmul,sycl,2048,bayesian,0,2,64_32_8_2_2,7.5089921951293945,2.2599682807922363,43.05501970793788,43.055019707937895,7.387135982513428,43.05501970793788,43.05501970793788,ok
matmul,sycl,2048,bayesian,0,3,64_32_8_4_4,5.6750078201293945,0.42598390579223633,8.115487998229653,8.11548799822965,5.394943952560425,8.115487998229653,8.115487998229653,ok
matmul,sycl,2048,bayesian,0,4,32_64_8_1_4,7.73529577255249,2.486271858215332,47.36636560988685,8.11548799822965,7.4798078536987305,47.36636560988685,8.115487998229653,ok
matmul,sycl,2048,bayesian,0,5,32_32_8_4_4,5.795839786529541,0.5468158721923828,10.417477251319296,8.11548799822965,5.729791879653931,10.417477251319296,8.115487998229653,ok
matmul,sycl,2048,bayesian,0,6,64_32_8_4_4,5.6750078201293945,0.42598390579223633,8.115487998229653,8.11548799822965,5.582848072052002,8.115487998229653,8.115487998229653,ok
matmul,sycl,2048,bayesian,0,7,128_64_8_4_4,5.963776111602783,0.714752197265625,13.616859228119615,8.11548799822965,6.3354880809783936,13.616859228119615,8.115487998229653,ok
matmul,sycl,2048,bayesian,0,8,64_32_32_4_2,5.355519771575928,0.10649585723876953,2.028869728482041,2.0288697284820376,5.857792139053345,2.028869728482041,8.115487998229653,ok
matmul,sycl,2048,bayesian,0,9,32_32_16_4_4,5.468160152435303,0.21913623809814453,4.174799766097403,2.0288697284820376,6.291968107223511,4.174799766097403,8.115487998229653,ok
matmul,sycl,2048,bayesian,0,10,32_64_16_1_4,11.593728065490723,6.3447041511535645,120.87398066188402,2.0288697284820376,11.275263786315918,120.87398066188402,8.115487998229653,ok
matmul,sycl,2048,bayesian,0,11,64_32_16_4_4,5.547008037567139,0.29798412322998047,5.676943524986955,2.0288697284820376,6.310912132263184,5.676943524986955,8.115487998229653,ok
matmul,sycl,2048,bayesian,0,12,32_32_16_1_2,7.89299201965332,2.643968105316162,50.37066221196746,2.0288697284820376,8.341504096984863,50.37066221196746,8.115487998229653,ok
matmul,sycl,2048,bayesian,0,13,32_32_32_1_4,10.099712371826172,4.850688457489014,92.41124705566432,2.0288697284820376,10.572800159454346,92.41124705566432,8.115487998229653,ok
matmul,sycl,2048,bayesian,0,14,64_32_16_1_4,8.315903663635254,3.0668797492980957,58.42762005563045,2.0288697284820376,9.111040115356445,58.42762005563045,8.115487998229653,ok
matmul,sycl,2048,bayesian,0,15,64_32_32_1_4,9.636863708496094,4.3878397941589355,83.59344262414221,2.0288697284820376,10.832383632659912,83.59344262414221,8.115487998229653,ok
matmul,sycl,2048,bayesian,1,1,32_32_32_2_2,8.399871826171875,3.150847911834717,60.027311044030604,60.027311044030604,8.918015956878662,60.027311044030604,60.027311044030604,ok
matmul,sycl,2048,bayesian,1,2,32_32_32_4_1,6.13478422164917,0.8857603073120117,16.87476227518512,16.874762275185113,6.569472074508667,16.87476227518512,16.87476227518512,ok
matmul,sycl,2048,bayesian,1,3,32_128_8_2_4,6.552576065063477,1.3035521507263184,24.834181973639,16.874762275185113,6.5131518840789795,24.834181973639,24.834181973639,ok
matmul,sycl,2048,bayesian,1,4,32_32_32_2_2,8.399871826171875,3.150847911834717,60.027311044030604,16.874762275185113,9.004031658172607,60.027311044030604,24.834181973639,ok
matmul,sycl,2048,bayesian,1,5,32_32_32_2_4,9.187328338623047,3.9383044242858887,75.02927189050945,16.874762275185113,8.977407932281494,75.02927189050945,24.834181973639,ok
matmul,sycl,2048,bayesian,1,6,32_128_8_2_4,6.552576065063477,1.3035521507263184,24.834181973639,16.874762275185113,6.3646721839904785,24.834181973639,24.834181973639,ok
matmul,sycl,2048,bayesian,1,7,64_32_32_1_4,9.636863708496094,4.3878397941589355,83.59344262414221,16.874762275185113,10.566656112670898,83.59344262414221,24.834181973639,ok
matmul,sycl,2048,bayesian,1,8,32_128_8_2_4,6.552576065063477,1.3035521507263184,24.834181973639,16.874762275185113,6.46451210975647,24.834181973639,24.834181973639,ok
matmul,sycl,2048,bayesian,1,9,32_32_32_2_1,8.51968002319336,3.270656108856201,62.309796301799025,16.874762275185113,9.14739179611206,62.309796301799025,24.834181973639,ok
matmul,sycl,2048,bayesian,1,10,32_32_32_1_4,10.099712371826172,4.850688457489014,92.41124705566432,16.874762275185113,10.553344249725342,92.41124705566432,24.834181973639,ok
matmul,sycl,2048,bayesian,1,11,32_64_32_2_4,9.068544387817383,3.8195204734802246,72.76629971236378,16.874762275185113,8.90777587890625,72.76629971236378,24.834181973639,ok
matmul,sycl,2048,bayesian,1,12,32_128_8_2_4,6.552576065063477,1.3035521507263184,24.834181973639,16.874762275185113,6.444544076919556,24.834181973639,24.834181973639,ok
matmul,sycl,2048,bayesian,1,13,64_64_16_2_4,8.433664321899414,3.184640407562256,60.67109732275642,16.874762275185113,9.063424110412598,60.67109732275642,24.834181973639,ok
matmul,sycl,2048,bayesian,1,14,32_128_8_2_4,6.552576065063477,1.3035521507263184,24.834181973639,16.874762275185113,6.533632040023804,24.834181973639,24.834181973639,ok
matmul,sycl,2048,bayesian,1,15,128_64_32_4_4,5.8173441886901855,0.5683202743530273,10.827161080381442,10.827161080381442,6.160383939743042,10.827161080381442,10.827161080381442,ok
matmul,sycl,2048,bayesian,2,1,32_32_32_2_2,8.399871826171875,3.150847911834717,60.027311044030604,60.027311044030604,9.128960132598877,60.027311044030604,60.027311044030604,ok
matmul,sycl,2048,bayesian,2,2,32_64_16_4_2,5.67091178894043,0.4218878746032715,8.037453848341759,8.037453848341764,5.584895849227905,8.037453848341759,8.037453848341759,ok
matmul,sycl,2048,bayesian,2,3,32_64_16_1_4,11.593728065490723,6.3447041511535645,120.87398066188402,8.037453848341764,11.495423793792725,120.87398066188402,8.037453848341759,ok
matmul,sycl,2048,bayesian,2,4,32_32_16_1_4,8.664064407348633,3.4150404930114746,65.06048645889477,8.037453848341764,9.030655860900879,65.06048645889477,8.037453848341759,ok
matmul,sycl,2048,bayesian,2,5,32_128_16_4_2,5.701632022857666,0.4526081085205078,8.62270997250092,8.037453848341764,5.729791879653931,8.62270997250092,8.037453848341759,ok
matmul,sycl,2048,bayesian,2,6,64_32_8_2_4,5.966847896575928,0.7178239822387695,13.675380298384777,8.037453848341764,6.425087928771973,13.675380298384777,8.037453848341759,ok
matmul,sycl,2048,bayesian,2,7,32_64_16_4_2,5.67091178894043,0.4218878746032715,8.037453848341759,8.037453848341764,5.953536033630371,8.037453848341759,8.037453848341759,ok
matmul,sycl,2048,bayesian,2,8,32_64_8_2_2,6.567935943603516,1.3189120292663574,25.126805493567804,8.037453848341764,7.143424034118652,25.126805493567804,8.037453848341759,ok
matmul,sycl,2048,bayesian,2,9,128_32_8_4_2,6.623231887817383,1.3742079734802246,26.180257432752786,8.037453848341764,6.947839975357056,26.180257432752786,8.037453848341759,ok
matmul,sycl,2048,bayesian,2,10,128_32_16_4_4,5.368832111358643,0.11980819702148438,2.2824852577684185,2.2824852577684176,6.204927921295166,2.2824852577684185,8.037453848341759,ok
matmul,sycl,2048,bayesian,2,11,64_32_16_4_2,5.6248321533203125,0.3758082389831543,7.159583288555305,2.2824852577684176,5.890048027038574,7.159583288555305,8.037453848341759,ok
matmul,sycl,2048,bayesian,2,12,32_32_16_4_4,5.468160152435303,0.21913623809814453,4.174799766097403,2.2824852577684176,6.283263921737671,4.174799766097403,8.037453848341759,ok
matmul,sycl,2048,bayesian,2,13,64_32_32_4_1,6.083583831787109,0.8345599174499512,15.899335401586544,2.2824852577684176,6.575615882873535,15.899335401586544,8.037453848341759,ok
matmul,sycl,2048,bayesian,2,14,32_128_16_4_2,5.701632022857666,0.4526081085205078,8.62270997250092,2.2824852577684176,5.924864053726196,8.62270997250092,8.037453848341759,ok
matmul,sycl,2048,bayesian,2,15,64_32_16_2_2,8.540160179138184,3.2911362648010254,62.69996705123846,2.2824852577684176,8.999935626983643,62.69996705123846,8.037453848341759,ok
matmul,sycl,2048,bayesian,3,1,32_32_32_2_2,8.399871826171875,3.150847911834717,60.027311044030604,60.027311044030604,8.667136192321777,60.027311044030604,60.027311044030604,ok
matmul,sycl,2048,bayesian,3,2,32_64_8_2_2,6.567935943603516,1.3189120292663574,25.126805493567804,25.126805493567815,7.10041618347168,25.126805493567804,25.126805493567804,ok
matmul,sycl,2048,bayesian,3,3,128_64_32_4_4,5.8173441886901855,0.5683202743530273,10.827161080381442,10.827161080381442,6.099456071853638,10.827161080381442,10.827161080381442,ok
matmul,sycl,2048,bayesian,3,4,64_32_8_4_1,7.002111911773682,1.7530879974365234,33.39836179157323,10.827161080381442,7.074815988540649,33.39836179157323,10.827161080381442,ok
matmul,sycl,2048,bayesian,3,5,64_32_32_4_1,6.083583831787109,0.8345599174499512,15.899335401586544,10.827161080381442,6.50495982170105,15.899335401586544,10.827161080381442,ok
matmul,sycl,2048,bayesian,3,6,128_64_32_4_4,5.8173441886901855,0.5683202743530273,10.827161080381442,10.827161080381442,6.099456071853638,10.827161080381442,10.827161080381442,ok
matmul,sycl,2048,bayesian,3,7,64_32_16_4_1,6.011903762817383,0.7628798484802246,14.533746862850027,10.827161080381442,6.2812159061431885,14.533746862850027,10.827161080381442,ok
matmul,sycl,2048,bayesian,3,8,32_32_32_4_2,5.705728054046631,0.45670413970947266,8.700744122388793,8.700744122388796,6.027776002883911,8.700744122388793,8.700744122388793,ok
matmul,sycl,2048,bayesian,3,9,64_64_8_2_4,6.343679904937744,1.094655990600586,20.854467582261304,8.700744122388796,6.856703996658325,20.854467582261304,8.700744122388793,ok
matmul,sycl,2048,bayesian,3,10,64_32_8_1_4,7.997439861297607,2.748415946960449,52.36051486550555,8.700744122388796,8.47001600265503,52.36051486550555,8.700744122388793,ok
matmul,sycl,2048,bayesian,3,11,32_32_32_4_2,5.705728054046631,0.45670413970947266,8.700744122388793,8.700744122388796,5.964799880981445,8.700744122388793,8.700744122388793,ok
matmul,sycl,2048,bayesian,3,12,32_32_32_4_2,5.705728054046631,0.45670413970947266,8.700744122388793,8.700744122388796,5.608959913253784,8.700744122388793,8.700744122388793,ok
matmul,sycl,2048,bayesian,3,13,64_64_8_4_4,5.510143756866455,0.2611198425292969,4.974636175995983,4.974636175995987,6.391295909881592,4.974636175995983,8.700744122388793,ok
matmul,sycl,2048,bayesian,3,14,32_32_32_4_2,5.705728054046631,0.45670413970947266,8.700744122388793,4.974636175995987,6.095359802246094,8.700744122388793,8.700744122388793,ok
matmul,sycl,2048,bayesian,3,15,64_64_32_4_2,5.63097620010376,0.38195228576660156,7.276634513387137,4.974636175995987,5.979135990142822,7.276634513387137,8.700744122388793,ok
matmul,sycl,2048,bayesian,4,1,32_32_32_2_2,8.399871826171875,3.150847911834717,60.027311044030604,60.027311044030604,8.95795202255249,60.027311044030604,60.027311044030604,ok
matmul,sycl,2048,bayesian,4,2,128_32_32_4_4,5.734399795532227,0.48537588119506836,9.246974087302506,9.2469740873025,6.358527898788452,9.246974087302506,9.246974087302506,ok
matmul,sycl,2048,bayesian,4,3,64_32_8_2_2,7.5089921951293945,2.2599682807922363,43.05501970793788,9.2469740873025,7.971328020095825,43.05501970793788,9.246974087302506,ok
matmul,sycl,2048,bayesian,4,4,128_32_32_4_4,5.734399795532227,0.48537588119506836,9.246974087302506,9.2469740873025,6.1726720333099365,9.246974087302506,9.246974087302506,ok
matmul,sycl,2048,bayesian,4,5,32_64_32_2_2,9.142271995544434,3.8932480812072754,74.17089624174271,9.2469740873025,8.987648010253906,74.17089624174271,9.246974087302506,ok
matmul,sycl,2048,bayesian,4,6,64_32_16_4_1,6.011903762817383,0.7628798484802246,14.533746862850027,9.2469740873025,6.441472053527832,14.533746862850027,9.246974087302506,ok
matmul,sycl,2048,bayesian,4,7,32_32_16_2_1,7.371776103973389,2.1227521896362305,40.4408938552967,9.2469740873025,7.809024095535278,40.4408938552967,9.246974087302506,ok
matmul,sycl,2048,bayesian,4,8,32_64_16_2_4,9.381888389587402,4.132864475250244,78.73586675727955,9.2469740873025,8.869376182556152,78.73586675727955,9.246974087302506,ok
matmul,sycl,2048,bayesian,4,9,128_32_8_2_4,6.592512130737305,1.3434882164001465,25.595010392895134,9.2469740873025,7.0999040603637695,25.595010392895134,9.246974087302506,ok
matmul,sycl,2048,bayesian,4,10,32_32_8_2_4,5.805056095123291,0.5560321807861328,10.593058630717778,9.2469740873025,6.384128093719482,10.593058630717778,9.246974087302506,ok
matmul,sycl,2048,bayesian,4,11,32_32_16_2_2,8.48588752746582,3.236863613128662,61.66601002307321,9.2469740873025,9.06547212600708,61.66601002307321,9.246974087302506,ok
matmul,sycl,2048,bayesian,4,12,128_32_32_4_4,5.734399795532227,0.48537588119506836,9.246974087302506,9.2469740873025,6.303744077682495,9.246974087302506,9.246974087302506,ok
matmul,sycl,2048,bayesian,4,13,128_32_32_4_4,5.734399795532227,0.48537588119506836,9.246974087302506,9.2469740873025,6.265343904495239,9.246974087302506,9.246974087302506,ok
matmul,sycl,2048,bayesian,4,14,64_64_8_4_4,5.510143756866455,0.2611198425292969,4.974636175995983,4.974636175995987,6.2566399574279785,4.974636175995983,9.246974087302506,ok
matmul,sycl,2048,bayesian,4,15,64_32_8_1_4,7.997439861297607,2.748415946960449,52.36051486550555,4.974636175995987,8.1080322265625,52.36051486550555,9.246974087302506,ok
matmul,sycl,2048,bayesian,5,1,32_32_32_2_2,8.399871826171875,3.150847911834717,60.027311044030604,60.027311044030604,8.723968029022217,60.027311044030604,60.027311044030604,ok
matmul,sycl,2048,bayesian,5,2,32_32_8_4_2,5.468160152435303,0.21913623809814453,4.174799766097403,4.174799766097405,5.780992031097412,4.174799766097403,4.174799766097403,ok
matmul,sycl,2048,bayesian,5,3,128_32_16_4_2,5.653503894805908,0.40447998046875,7.705813253468996,4.174799766097405,6.0835840702056885,7.705813253468996,4.174799766097403,ok
matmul,sycl,2048,bayesian,5,4,32_64_8_4_1,6.78604793548584,1.5370240211486816,29.282092180042497,4.174799766097405,7.340031862258911,29.282092180042497,4.174799766097403,ok
matmul,sycl,2048,bayesian,5,5,64_64_8_4_2,5.5357441902160645,0.28672027587890625,5.462354154946025,4.174799766097405,5.626368045806885,5.462354154946025,5.462354154946025,ok
matmul,sycl,2048,bayesian,5,6,32_32_16_1_4,8.664064407348633,3.4150404930114746,65.06048645889477,4.174799766097405,9.006592273712158,65.06048645889477,5.462354154946025,ok
matmul,sycl,2048,bayesian,5,7,128_32_32_4_2,5.489664077758789,0.24064016342163086,4.584474510858061,4.174799766097405,5.554687976837158,4.584474510858061,4.584474510858061,ok
matmul,sycl,2048,bayesian,5,8,64_32_8_4_1,7.002111911773682,1.7530879974365234,33.39836179157323,4.174799766097405,7.3461761474609375,33.39836179157323,4.584474510858061,ok
matmul,sycl,2048,bayesian,5,9,64_32_16_1_4,8.315903663635254,3.0668797492980957,58.42762005563045,4.174799766097405,9.150464057922363,58.42762005563045,4.584474510858061,ok
matmul,sycl,2048,bayesian,5,10,64_32_32_4_2,5.355519771575928,0.10649585723876953,2.028869728482041,2.0288697284820376,5.752831935882568,2.028869728482041,4.584474510858061,ok
matmul,sycl,2048,bayesian,5,11,32_64_32_4_4,6.516736030578613,1.267712116241455,24.151387704270743,2.0288697284820376,6.056959867477417,24.151387704270743,4.584474510858061,ok
matmul,sycl,2048,bayesian,5,12,64_64_8_4_2,5.5357441902160645,0.28672027587890625,5.462354154946025,2.0288697284820376,6.061055898666382,5.462354154946025,4.584474510858061,ok
matmul,sycl,2048,bayesian,5,13,128_32_32_4_2,5.489664077758789,0.24064016342163086,4.584474510858061,2.0288697284820376,5.916671991348267,4.584474510858061,4.584474510858061,ok
matmul,sycl,2048,bayesian,5,14,64_64_8_4_2,5.5357441902160645,0.28672027587890625,5.462354154946025,2.0288697284820376,6.116352081298828,5.462354154946025,4.584474510858061,ok
matmul,sycl,2048,bayesian,5,15,64_64_32_4_4,5.438464164733887,0.18944025039672852,3.609056721560977,2.0288697284820376,5.723135948181152,3.609056721560977,4.584474510858061,ok
matmul,sycl,2048,bayesian,6,1,32_32_32_2_2,8.399871826171875,3.150847911834717,60.027311044030604,60.027311044030604,8.14899206161499,60.027311044030604,60.027311044030604,ok
matmul,sycl,2048,bayesian,6,2,32_32_32_1_4,10.099712371826172,4.850688457489014,92.41124705566432,60.027311044030604,9.781248092651367,92.41124705566432,60.027311044030604,ok
matmul,sycl,2048,bayesian,6,3,32_64_8_2_2,6.567935943603516,1.3189120292663574,25.126805493567804,25.126805493567815,6.4634881019592285,25.126805493567804,25.126805493567804,ok
matmul,sycl,2048,bayesian,6,4,32_64_32_2_2,9.142271995544434,3.8932480812072754,74.17089624174271,25.126805493567815,8.018431663513184,74.17089624174271,25.126805493567804,ok
matmul,sycl,2048,bayesian,6,5,64_32_16_2_2,8.540160179138184,3.2911362648010254,62.69996705123846,25.126805493567815,8.116735935211182,62.69996705123846,25.126805493567804,ok
matmul,sycl,2048,bayesian,6,6,32_128_16_4_2,5.701632022857666,0.4526081085205078,8.62270997250092,8.62270997250091,5.449215888977051,8.62270997250092,8.62270997250092,ok
matmul,sycl,2048,bayesian,6,7,32_64_32_1_4,12.232704162597656,6.983680248260498,133.04721720137925,8.62270997250091,11.272704124450684,133.04721720137925,8.62270997250092,ok
matmul,sycl,2048,bayesian,6,8,64_32_32_2_4,8.48588752746582,3.236863613128662,61.66601002307321,8.62270997250091,8.124927997589111,61.66601002307321,8.62270997250092,ok
matmul,sycl,2048,bayesian,6,9,32_32_32_1_2,10.171392440795898,4.92236852645874,93.77683559440084,8.62270997250091,9.942528247833252,93.77683559440084,8.62270997250092,ok
matmul,sycl,2048,bayesian,6,10,32_128_16_4_2,5.701632022857666,0.4526081085205078,8.62270997250092,8.62270997250091,5.451776027679443,8.62270997250092,8.62270997250092,ok
matmul,sycl,2048,bayesian,6,11,32_32_16_2_4,8.467455863952637,3.2184319496154785,61.31486543287923,8.62270997250091,8.612351894378662,61.31486543287923,8.62270997250092,ok
matmul,sycl,2048,bayesian,6,12,32_128_16_4_2,5.701632022857666,0.4526081085205078,8.62270997250092,8.62270997250091,5.39187216758728,8.62270997250092,8.62270997250092,ok
matmul,sycl,2048,bayesian,6,13,64_64_8_4_2,5.5357441902160645,0.28672027587890625,5.462354154946025,5.462354154946025,5.2408318519592285,5.462354154946025,5.462354154946025,ok
matmul,sycl,2048,bayesian,6,14,64_32_32_4_1,6.083583831787109,0.8345599174499512,15.899335401586544,5.462354154946025,5.752319812774658,15.899335401586544,5.462354154946025,ok
matmul,sycl,2048,bayesian,6,15,64_64_8_4_2,5.5357441902160645,0.28672027587890625,5.462354154946025,5.462354154946025,5.4077441692352295,5.462354154946025,5.462354154946025,ok
matmul,sycl,2048,bayesian,7,1,32_32_32_2_2,8.399871826171875,3.150847911834717,60.027311044030604,60.027311044030604,8.274943828582764,60.027311044030604,60.027311044030604,ok
matmul,sycl,2048,bayesian,7,2,32_32_8_1_4,8.530943870544434,3.2819199562072754,62.52438567183995,60.027311044030604,7.321088075637817,62.52438567183995,62.52438567183995,ok
matmul,sycl,2048,bayesian,7,3,128_32_32_2_4,8.632320404052734,3.383296489715576,64.45572633941438,60.027311044030604,8.421375751495361,64.45572633941438,62.52438567183995,ok
matmul,sycl,2048,bayesian,7,4,64_64_8_4_4,5.510143756866455,0.2611198425292969,4.974636175995983,4.974636175995987,5.750271797180176,4.974636175995983,4.974636175995983,ok
matmul,sycl,2048,bayesian,7,5,32_32_16_2_2,8.48588752746582,3.236863613128662,61.66601002307321,4.974636175995987,8.319487571716309,61.66601002307321,4.974636175995983,ok
matmul,sycl,2048,bayesian,7,6,32_64_16_4_2,5.67091178894043,0.4218878746032715,8.037453848341759,4.974636175995987,5.040127992630005,8.037453848341759,8.037453848341759,ok
matmul,sycl,2048,bayesian,7,7,32_64_16_4_2,5.67091178894043,0.4218878746032715,8.037453848341759,4.974636175995987,5.273599863052368,8.037453848341759,8.037453848341759,ok
matmul,sycl,2048,bayesian,7,8,32_64_16_4_1,6.928383827209473,1.6793599128723145,31.993756177892795,4.974636175995987,5.8224639892578125,31.993756177892795,8.037453848341759,ok
matmul,sycl,2048,bayesian,7,9,32_32_16_4_2,5.262335777282715,0.01331186294555664,0.2536064449848885,0.25360644498487966,5.136384010314941,0.2536064449848885,8.037453848341759,ok
matmul,sycl,2048,bayesian,7,10,32_64_16_4_2,5.67091178894043,0.4218878746032715,8.037453848341759,0.25360644498487966,5.152256011962891,8.037453848341759,8.037453848341759,ok
matmul,sycl,2048,bayesian,7,11,32_128_16_2_4,11.104255676269531,5.855231761932373,111.54896334039215,0.25360644498487966,11.042304039001465,111.54896334039215,8.037453848341759,ok
matmul,sycl,2048,bayesian,7,12,32_32_16_4_2,5.262335777282715,0.01331186294555664,0.2536064449848885,0.25360644498487966,5.263871908187866,0.2536064449848885,8.037453848341759,ok
matmul,sycl,2048,bayesian,7,13,64_128_8_4_4,7.1495680809021,1.9005441665649414,36.207573018934134,0.25360644498487966,7.029247999191284,36.207573018934134,8.037453848341759,ok
matmul,sycl,2048,bayesian,7,14,32_32_16_4_2,5.262335777282715,0.01331186294555664,0.2536064449848885,0.25360644498487966,5.229056119918823,0.2536064449848885,8.037453848341759,ok
matmul,sycl,2048,bayesian,7,15,32_128_32_4_2,5.501952171325684,0.2529282569885254,4.8185769605217255,0.25360644498487966,5.239296197891235,4.8185769605217255,8.037453848341759,ok
matmul,sycl,2048,bayesian,8,1,32_32_32_2_2,8.399871826171875,3.150847911834717,60.027311044030604,60.027311044030604,8.30463981628418,60.027311044030604,60.027311044030604,ok
matmul,sycl,2048,bayesian,8,2,64_32_16_2_4,8.154111862182617,2.905087947845459,55.345298387963446,55.345298387963446,8.131072044372559,55.345298387963446,55.345298387963446,ok
matmul,sycl,2048,bayesian,8,3,64_32_32_2_4,8.48588752746582,3.236863613128662,61.66601002307321,55.345298387963446,8.012287855148315,61.66601002307321,61.66601002307321,ok
matmul,sycl,2048,bayesian,8,4,32_32_32_2_2,8.399871826171875,3.150847911834717,60.027311044030604,55.345298387963446,8.234496116638184,60.027311044030604,61.66601002307321,ok
matmul,sycl,2048,bayesian,8,5,128_64_8_4_4,5.963776111602783,0.714752197265625,13.616859228119615,13.616859228119619,5.653504133224487,13.616859228119615,13.616859228119615,ok
matmul,sycl,2048,bayesian,8,6,32_64_8_2_4,5.5511040687561035,0.3020801544189453,5.7549776748748505,5.754977674874848,5.3887999057769775,5.7549776748748505,5.7549776748748505,ok
matmul,sycl,2048,bayesian,8,7,64_64_16_4_4,5.5715837478637695,0.32255983352661133,6.145139340012773,5.754977674874848,5.435391902923584,6.145139340012773,5.7549776748748505,ok
matmul,sycl,2048,bayesian,8,8,32_64_8_2_4,5.5511040687561035,0.3020801544189453,5.7549776748748505,5.754977674874848,5.476351976394653,5.7549776748748505,5.7549776748748505,ok
matmul,sycl,2048,bayesian,8,9,128_32_16_2_4,8.729599952697754,3.4805760383605957,66.30901468849795,5.754977674874848,8.434687614440918,66.30901468849795,5.7549776748748505,ok
matmul,sycl,2048,bayesian,8,10,64_32_32_4_4,5.249023914337158,0.0,0.0,0.0,4.8404481410980225,0.0,0.0,ok
matmul,sycl,2048,bayesian,8,11,64_32_32_4_4,5.249023914337158,0.0,0.0,0.0,5.070336103439331,0.0,0.0,ok
matmul,sycl,2048,bayesian,8,12,64_32_32_4_4,5.249023914337158,0.0,0.0,0.0,5.169152021408081,0.0,0.0,ok
matmul,sycl,2048,bayesian,8,13,32_64_16_1_4,11.593728065490723,6.3447041511535645,120.87398066188402,0.0,10.516992092132568,120.87398066188402,0.0,ok
matmul,sycl,2048,bayesian,8,14,64_32_32_4_4,5.249023914337158,0.0,0.0,0.0,5.2208640575408936,0.0,0.0,ok
matmul,sycl,2048,bayesian,8,15,64_32_8_4_1,7.002111911773682,1.7530879974365234,33.39836179157323,0.0,6.647807836532593,33.39836179157323,0.0,ok
matmul,sycl,2048,bayesian,9,1,32_32_32_2_2,8.399871826171875,3.150847911834717,60.027311044030604,60.027311044030604,8.325632095336914,60.027311044030604,60.027311044030604,ok
matmul,sycl,2048,bayesian,9,2,32_32_8_1_4,8.530943870544434,3.2819199562072754,62.52438567183995,60.027311044030604,7.279103994369507,62.52438567183995,62.52438567183995,ok
matmul,sycl,2048,bayesian,9,3,64_64_32_2_4,8.870911598205566,3.621887683868408,69.00116560672551,60.027311044030604,8.231935977935791,69.00116560672551,62.52438567183995,ok
matmul,sycl,2048,bayesian,9,4,32_64_32_2_4,9.068544387817383,3.8195204734802246,72.76629971236378,60.027311044030604,8.196095943450928,72.76629971236378,62.52438567183995,ok
matmul,sycl,2048,bayesian,9,5,32_32_32_4_1,6.13478422164917,0.8857603073120117,16.87476227518512,16.874762275185113,5.793791770935059,16.87476227518512,16.87476227518512,ok
matmul,sycl,2048,bayesian,9,6,32_32_16_4_2,5.262335777282715,0.01331186294555664,0.2536064449848885,0.25360644498487966,5.19219183921814,0.2536064449848885,0.2536064449848885,ok
matmul,sycl,2048,bayesian,9,7,32_64_8_1_4,7.73529577255249,2.486271858215332,47.36636560988685,0.25360644498487966,7.634432077407837,47.36636560988685,0.2536064449848885,ok
matmul,sycl,2048,bayesian,9,8,32_32_32_4_4,5.626880168914795,0.3778562545776367,7.198600363499241,0.25360644498487966,5.336063861846924,7.198600363499241,0.2536064449848885,ok
matmul,sycl,2048,bayesian,9,9,32_32_16_4_2,5.262335777282715,0.01331186294555664,0.2536064449848885,0.25360644498487966,5.315583944320679,0.2536064449848885,0.2536064449848885,ok
matmul,sycl,2048,bayesian,9,10,32_32_16_4_4,5.468160152435303,0.21913623809814453,4.174799766097403,0.25360644498487966,5.5808000564575195,4.174799766097403,0.2536064449848885,ok
matmul,sycl,2048,bayesian,9,11,32_128_16_2_4,11.104255676269531,5.855231761932373,111.54896334039215,0.25360644498487966,10.748927593231201,111.54896334039215,0.2536064449848885,ok
matmul,sycl,2048,bayesian,9,12,32_32_16_4_2,5.262335777282715,0.01331186294555664,0.2536064449848885,0.25360644498487966,5.268480062484741,0.2536064449848885,0.2536064449848885,ok
matmul,sycl,2048,bayesian,9,13,32_32_16_4_2,5.262335777282715,0.01331186294555664,0.2536064449848885,0.25360644498487966,5.035007953643799,0.2536064449848885,0.2536064449848885,ok
matmul,sycl,2048,bayesian,9,14,32_32_16_4_2,5.262335777282715,0.01331186294555664,0.2536064449848885,0.25360644498487966,5.163007974624634,0.2536064449848885,0.2536064449848885,ok
matmul,sycl,2048,bayesian,9,15,32_64_8_2_2,6.567935943603516,1.3189120292663574,25.126805493567804,0.25360644498487966,6.482944011688232,25.126805493567804,0.2536064449848885,ok
matmul,sycl,2048,random,0,1,32_32_32_2_2,8.399871826171875,3.150847911834717,60.027311044030604,60.027311044030604,8.942592144012451,60.027311044030604,60.027311044030604,ok
matmul,sycl,2048,random,0,2,32_128_32_4_4,7.9339518547058105,2.6849279403686523,51.15099462654482,51.15099462654482,8.018944025039673,51.15099462654482,51.15099462654482,ok
matmul,sycl,2048,random,0,3,64_32_8_4_1,7.002111911773682,1.7530879974365234,33.39836179157323,33.39836179157324,7.443967819213867,33.39836179157323,33.39836179157323,ok
matmul,sycl,2048,random,0,4,32_32_8_4_1,6.818816184997559,1.5697922706604004,29.906365379145594,29.906365379145587,7.176192045211792,29.906365379145594,29.906365379145594,ok
matmul,sycl,2048,random,0,5,32_64_16_4_2,5.67091178894043,0.4218878746032715,8.037453848341759,8.037453848341764,5.872128009796143,8.037453848341759,8.037453848341759,ok
matmul,sycl,2048,random,0,6,64_32_32_4_1,6.083583831787109,0.8345599174499512,15.899335401586544,8.037453848341764,6.5674238204956055,15.899335401586544,8.037453848341759,ok
matmul,sycl,2048,random,0,7,64_32_32_1_4,9.636863708496094,4.3878397941589355,83.59344262414221,8.037453848341764,10.362367630004883,83.59344262414221,8.037453848341759,ok
matmul,sycl,2048,random,0,8,64_32_8_2_2,7.5089921951293945,2.2599682807922363,43.05501970793788,8.037453848341764,8.019968032836914,43.05501970793788,8.037453848341759,ok
matmul,sycl,2048,random,0,9,32_64_32_4_1,6.9273600578308105,1.6783361434936523,31.974252182571572,8.037453848341764,6.675455808639526,31.974252182571572,8.037453848341759,ok
matmul,sycl,2048,random,0,10,64_32_16_4_4,5.547008037567139,0.29798412322998047,5.676943524986955,5.676943524986962,6.030848026275635,5.676943524986955,8.037453848341759,ok
matmul,sycl,2048,random,0,11,32_128_16_4_2,5.701632022857666,0.4526081085205078,8.62270997250092,5.676943524986962,6.366208076477051,8.62270997250092,8.037453848341759,ok
matmul,sycl,2048,random,0,12,64_64_32_2_4,8.870911598205566,3.621887683868408,69.00116560672551,5.676943524986962,9.066495895385742,69.00116560672551,8.037453848341759,ok
matmul,sycl,2048,random,0,13,32_64_8_4_2,5.329919815063477,0.08089590072631836,1.5411608338335103,1.5411608338334999,6.026240110397339,1.5411608338335103,8.037453848341759,ok
matmul,sycl,2048,random,0,14,64_32_32_2_4,8.48588752746582,3.236863613128662,61.66601002307321,1.5411608338334999,9.054207801818848,61.66601002307321,8.037453848341759,ok
matmul,sycl,2048,random,0,15,32_32_32_1_4,10.099712371826172,4.850688457489014,92.41124705566432,1.5411608338334999,10.717183589935303,92.41124705566432,8.037453848341759,ok
matmul,sycl,2048,random,1,1,32_32_32_2_2,8.399871826171875,3.150847911834717,60.027311044030604,60.027311044030604,8.976895809173584,60.027311044030604,60.027311044030604,ok
matmul,sycl,2048,random,1,2,64_32_8_4_2,5.6145920753479,0.3655681610107422,6.964497913835577,6.964497913835582,6.137344121932983,6.964497913835577,6.964497913835577,ok
matmul,sycl,2048,random,1,3,128_32_16_4_4,5.368832111358643,0.11980819702148438,2.2824852577684185,2.2824852577684176,6.055936098098755,2.2824852577684185,2.2824852577684185,ok
matmul,sycl,2048,random,1,4,32_32_16_2_4,8.467455863952637,3.2184319496154785,61.31486543287923,2.2824852577684176,9.240063667297363,61.31486543287923,2.2824852577684185,ok
matmul,sycl,2048,random,1,5,64_32_8_1_4,7.997439861297607,2.748415946960449,52.36051486550555,2.2824852577684176,8.33945608139038,52.36051486550555,2.2824852577684185,ok
matmul,sycl,2048,random,1,6,32_128_16_4_2,5.701632022857666,0.4526081085205078,8.62270997250092,2.2824852577684176,6.27507209777832,8.62270997250092,2.2824852577684185,ok
matmul,sycl,2048,random,1,7,32_32_16_1_2,7.89299201965332,2.643968105316162,50.37066221196746,2.2824852577684176,8.51968002319336,50.37066221196746,2.2824852577684185,ok
matmul,sycl,2048,random,1,8,64_32_16_4_1,6.011903762817383,0.7628798484802246,14.533746862850027,2.2824852577684176,6.739455938339233,14.533746862850027,2.2824852577684185,ok
matmul,sycl,2048,random,1,9,32_32_32_4_2,5.705728054046631,0.45670413970947266,8.700744122388793,2.2824852577684176,6.070271968841553,8.700744122388793,2.2824852577684185,ok
matmul,sycl,2048,random,1,10,64_64_8_2_4,6.343679904937744,1.094655990600586,20.854467582261304,2.2824852577684176,6.692351818084717,20.854467582261304,2.2824852577684185,ok
matmul,sycl,2048,random,1,11,64_32_8_4_4,5.6750078201293945,0.42598390579223633,8.115487998229653,2.2824852577684176,6.242815971374512,8.115487998229653,2.2824852577684185,ok
matmul,sycl,2048,random,1,12,32_32_32_1_2,10.171392440795898,4.92236852645874,93.77683559440084,2.2824852577684176,10.701824188232422,93.77683559440084,2.2824852577684185,ok
matmul,sycl,2048,random,1,13,32_64_8_4_4,6.184959888458252,0.9359359741210938,17.830666984859466,2.2824852577684176,6.379008054733276,17.830666984859466,2.2824852577684185,ok
matmul,sycl,2048,random,1,14,32_64_16_2_2,9.373696327209473,4.1246724128723145,78.57979845750378,2.2824852577684176,8.909311771392822,78.57979845750378,2.2824852577684185,ok
matmul,sycl,2048,random,1,15,32_128_16_4_4,7.043071746826172,1.7940478324890137,34.17869420615061,2.2824852577684176,7.979007959365845,34.17869420615061,2.2824852577684185,ok
matmul,sycl,2048,random,2,1,32_32_32_2_2,8.399871826171875,3.150847911834717,60.027311044030604,60.027311044030604,8.777728080749512,60.027311044030604,60.027311044030604,ok
matmul,sycl,2048,random,2,2,64_32_16_2_2,8.540160179138184,3.2911362648010254,62.69996705123846,60.027311044030604,8.882175922393799,62.69996705123846,60.027311044030604,ok
matmul,sycl,2048,random,2,3,32_32_8_4_2,5.468160152435303,0.21913623809814453,4.174799766097403,4.174799766097405,6.031872034072876,4.174799766097403,4.174799766097403,ok
matmul,sycl,2048,random,2,4,64_32_16_4_2,5.6248321533203125,0.3758082389831543,7.159583288555305,4.174799766097405,5.884927988052368,7.159583288555305,7.159583288555305,ok
matmul,sycl,2048,random,2,5,32_64_16_4_1,6.928383827209473,1.6793599128723145,31.993756177892795,4.174799766097405,6.558207988739014,31.993756177892795,7.159583288555305,ok
matmul,sycl,2048,random,2,6,128_64_16_4_4,5.840896129608154,0.5918722152709961,11.275852900086036,4.174799766097405,6.319103956222534,11.275852900086036,7.159583288555305,ok
matmul,sycl,2048,random,2,7,32_64_8_1_4,7.73529577255249,2.486271858215332,47.36636560988685,4.174799766097405,8.168447971343994,47.36636560988685,7.159583288555305,ok
matmul,sycl,2048,random,2,8,64_64_16_4_4,5.5715837478637695,0.32255983352661133,6.145139340012773,4.174799766097405,6.264831781387329,6.145139340012773,7.159583288555305,ok
matmul,sycl,2048,random,2,9,128_32_8_4_2,6.623231887817383,1.3742079734802246,26.180257432752786,4.174799766097405,7.016448020935059,26.180257432752786,7.159583288555305,ok
matmul,sycl,2048,random,2,10,32_32_32_1_4,10.099712371826172,4.850688457489014,92.41124705566432,4.174799766097405,10.629119873046875,92.41124705566432,7.159583288555305,ok
matmul,sycl,2048,random,2,11,64_32_8_2_2,7.5089921951293945,2.2599682807922363,43.05501970793788,4.174799766097405,8.05836796760559,43.05501970793788,7.159583288555305,ok
matmul,sycl,2048,random,2,12,32_64_8_2_2,6.567935943603516,1.3189120292663574,25.126805493567804,4.174799766097405,7.401472091674805,25.126805493567804,7.159583288555305,ok
matmul,sycl,2048,random,2,13,128_32_16_2_4,8.729599952697754,3.4805760383605957,66.30901468849795,4.174799766097405,9.200640201568604,66.30901468849795,7.159583288555305,ok
matmul,sycl,2048,random,2,14,32_32_32_2_1,8.51968002319336,3.270656108856201,62.309796301799025,4.174799766097405,9.294847965240479,62.309796301799025,7.159583288555305,ok
matmul,sycl,2048,random,2,15,64_64_8_2_4,6.343679904937744,1.094655990600586,20.854467582261304,4.174799766097405,6.883839845657349,20.854467582261304,7.159583288555305,ok
matmul,sycl,2048,random,3,1,32_32_32_2_2,8.399871826171875,3.150847911834717,60.027311044030604,60.027311044030604,8.615424156188965,60.027311044030604,60.027311044030604,ok
matmul,sycl,2048,random,3,2,128_32_8_4_2,6.623231887817383,1.3742079734802246,26.180257432752786,26.18025743275278,6.925823926925659,26.180257432752786,26.180257432752786,ok
matmul,sycl,2048,random,3,3,32_32_32_1_2,10.171392440795898,4.92236852645874,93.77683559440084,26.18025743275278,10.670591831207275,93.77683559440084,26.180257432752786,ok
matmul,sycl,2048,random,3,4,32_64_32_4_2,6.2412800788879395,0.9922561645507812,18.90363200366716,18.903632003667152,5.791743993759155,18.90363200366716,18.90363200366716,ok
matmul,sycl,2048,random,3,5,32_32_16_2_1,7.371776103973389,2.1227521896362305,40.4408938552967,18.903632003667152,7.556096076965332,40.4408938552967,18.90363200366716,ok
matmul,sycl,2048,random,3,6,32_64_32_1_4,12.232704162597656,6.983680248260498,133.04721720137925,18.903632003667152,12.083712100982666,133.04721720137925,18.90363200366716,ok
matmul,sycl,2048,random,3,7,128_64_32_4_4,5.8173441886901855,0.5683202743530273,10.827161080381442,10.827161080381442,6.160896062850952,10.827161080381442,18.90363200366716,ok
matmul,sycl,2048,random,3,8,128_32_8_4_4,6.253568172454834,1.0045442581176758,19.1377344533308,10.827161080381442,6.1829118728637695,19.1377344533308,18.90363200366716,ok
matmul,sycl,2048,random,3,9,32_32_32_2_1,8.51968002319336,3.270656108856201,62.309796301799025,10.827161080381442,9.099776268005371,62.309796301799025,18.90363200366716,ok
matmul,sycl,2048,random,3,10,64_128_8_4_4,7.1495680809021,1.9005441665649414,36.207573018934134,10.827161080381442,7.896064043045044,36.207573018934134,18.90363200366716,ok
matmul,sycl,2048,random,3,11,128_32_32_2_4,8.632320404052734,3.383296489715576,64.45572633941438,10.827161080381442,9.055232048034668,64.45572633941438,18.90363200366716,ok
matmul,sycl,2048,random,3,12,64_32_16_1_4,8.315903663635254,3.0668797492980957,58.42762005563045,10.827161080381442,8.940032005310059,58.42762005563045,18.90363200366716,ok
matmul,sycl,2048,random,3,13,32_64_32_4_1,6.9273600578308105,1.6783361434936523,31.974252182571572,10.827161080381442,6.570496082305908,31.974252182571572,18.90363200366716,ok
matmul,sycl,2048,random,3,14,32_64_8_4_4,6.184959888458252,0.9359359741210938,17.830666984859466,10.827161080381442,6.204927921295166,17.830666984859466,18.90363200366716,ok
matmul,sycl,2048,random,3,15,32_64_8_1_4,7.73529577255249,2.486271858215332,47.36636560988685,10.827161080381442,8.246272087097168,47.36636560988685,18.90363200366716,ok
matmul,sycl,2048,random,4,1,32_32_32_2_2,8.399871826171875,3.150847911834717,60.027311044030604,60.027311044030604,8.876031875610352,60.027311044030604,60.027311044030604,ok
matmul,sycl,2048,random,4,2,64_32_8_2_4,5.966847896575928,0.7178239822387695,13.675380298384777,13.675380298384784,6.319103956222534,13.675380298384777,13.675380298384777,ok
matmul,sycl,2048,random,4,3,64_32_8_4_1,7.002111911773682,1.7530879974365234,33.39836179157323,13.675380298384784,7.003648042678833,33.39836179157323,13.675380298384777,ok
matmul,sycl,2048,random,4,4,64_32_16_4_1,6.011903762817383,0.7628798484802246,14.533746862850027,13.675380298384784,6.703104019165039,14.533746862850027,13.675380298384777,ok
matmul,sycl,2048,random,4,5,128_64_16_4_4,5.840896129608154,0.5918722152709961,11.275852900086036,11.275852900086038,5.84499192237854,11.275852900086036,11.275852900086036,ok
matmul,sycl,2048,random,4,6,32_64_16_2_4,9.381888389587402,4.132864475250244,78.73586675727955,11.275852900086038,8.744448184967041,78.73586675727955,11.275852900086036,ok
matmul,sycl,2048,random,4,7,64_32_32_2_4,8.48588752746582,3.236863613128662,61.66601002307321,11.275852900086038,8.861695766448975,61.66601002307321,11.275852900086036,ok
matmul,sycl,2048,random,4,8,128_32_16_4_2,5.653503894805908,0.40447998046875,7.705813253468996,7.705813253468999,5.947904109954834,7.705813253468996,11.275852900086036,ok
matmul,sycl,2048,random,4,9,64_32_16_2_4,8.154111862182617,2.905087947845459,55.345298387963446,7.705813253468999,8.819712162017822,55.345298387963446,11.275852900086036,ok
matmul,sycl,2048,random,4,10,32_64_32_4_4,6.516736030578613,1.267712116241455,24.151387704270743,7.705813253468999,6.146559953689575,24.151387704270743,11.275852900086036,ok
matmul,sycl,2048,random,4,11,32_128_32_4_4,7.9339518547058105,2.6849279403686523,51.15099462654482,7.705813253468999,8.03327989578247,51.15099462654482,11.275852900086036,ok
matmul,sycl,2048,random,4,12,128_32_16_4_4,5.368832111358643,0.11980819702148438,2.2824852577684185,2.2824852577684176,6.168575763702393,2.2824852577684185,11.275852900086036,ok
matmul,sycl,2048,random,4,13,32_32_16_4_2,5.262335777282715,0.01331186294555664,0.2536064449848885,0.25360644498487966,5.835776090621948,0.2536064449848885,0.2536064449848885,ok
matmul,sycl,2048,random,4,14,32_128_16_4_4,7.043071746826172,1.7940478324890137,34.17869420615061,0.25360644498487966,7.803391933441162,34.17869420615061,0.2536064449848885,ok
matmul,sycl,2048,random,4,15,32_128_16_2_4,11.104255676269531,5.855231761932373,111.54896334039215,0.25360644498487966,11.47648000717163,111.54896334039215,0.2536064449848885,ok
matmul,sycl,2048,random,5,1,32_32_32_2_2,8.399871826171875,3.150847911834717,60.027311044030604,60.027311044030604,8.797695636749268,60.027311044030604,60.027311044030604,ok
matmul,sycl,2048,random,5,2,32_64_16_1_4,11.593728065490723,6.3447041511535645,120.87398066188402,60.027311044030604,11.563007831573486,120.87398066188402,60.027311044030604,ok
matmul,sycl,2048,random,5,3,32_128_16_4_4,7.043071746826172,1.7940478324890137,34.17869420615061,34.1786942061506,7.615999937057495,34.17869420615061,34.17869420615061,ok
matmul,sycl,2048,random,5,4,64_32_8_1_4,7.997439861297607,2.748415946960449,52.36051486550555,34.1786942061506,8.447999954223633,52.36051486550555,34.17869420615061,ok
matmul,sycl,2048,random,5,5,64_32_16_2_4,8.154111862182617,2.905087947845459,55.345298387963446,34.1786942061506,9.039360046386719,55.345298387963446,34.17869420615061,ok
matmul,sycl,2048,random,5,6,32_32_16_4_2,5.262335777282715,0.01331186294555664,0.2536064449848885,0.25360644498487966,5.9443199634552,0.2536064449848885,0.2536064449848885,ok
matmul,sycl,2048,random,5,7,64_32_32_2_4,8.48588752746582,3.236863613128662,61.66601002307321,0.25360644498487966,8.575999736785889,61.66601002307321,0.2536064449848885,ok
matmul,sycl,2048,random,5,8,64_32_8_2_2,7.5089921951293945,2.2599682807922363,43.05501970793788,0.25360644498487966,8.029695987701416,43.05501970793788,0.2536064449848885,ok
matmul,sycl,2048,random,5,9,32_32_8_4_1,6.818816184997559,1.5697922706604004,29.906365379145594,0.25360644498487966,7.159296035766602,29.906365379145594,0.2536064449848885,ok
matmul,sycl,2048,random,5,10,32_128_8_4_4,7.954432010650635,2.7054080963134766,51.54116537598426,0.25360644498487966,7.935487985610962,51.54116537598426,0.2536064449848885,ok
matmul,sycl,2048,random,5,11,64_32_32_4_2,5.355519771575928,0.10649585723876953,2.028869728482041,0.25360644498487966,5.773312091827393,2.028869728482041,2.028869728482041,ok
matmul,sycl,2048,random,5,12,32_64_16_4_1,6.928383827209473,1.6793599128723145,31.993756177892795,0.25360644498487966,6.540800094604492,31.993756177892795,2.028869728482041,ok
matmul,sycl,2048,random,5,13,64_64_32_4_2,5.63097620010376,0.38195228576660156,7.276634513387137,0.25360644498487966,5.820416212081909,7.276634513387137,2.028869728482041,ok
matmul,sycl,2048,random,5,14,32_32_16_1_2,7.89299201965332,2.643968105316162,50.37066221196746,0.25360644498487966,7.684607982635498,50.37066221196746,2.028869728482041,ok
matmul,sycl,2048,random,5,15,64_32_32_1_4,9.636863708496094,4.3878397941589355,83.59344262414221,0.25360644498487966,9.881088256835938,83.59344262414221,2.028869728482041,ok
matmul,sycl,2048,random,6,1,32_32_32_2_2,8.399871826171875,3.150847911834717,60.027311044030604,60.027311044030604,8.127487659454346,60.027311044030604,60.027311044030604,ok
matmul,sycl,2048,random,6,2,32_32_32_4_4,5.626880168914795,0.3778562545776367,7.198600363499241,7.1986003634992395,5.5956480503082275,7.198600363499241,7.198600363499241,ok
matmul,sycl,2048,random,6,3,32_64_32_1_4,12.232704162597656,6.983680248260498,133.04721720137925,7.1986003634992395,11.349503993988037,133.04721720137925,7.198600363499241,ok
matmul,sycl,2048,random,6,4,32_32_32_4_2,5.705728054046631,0.45670413970947266,8.700744122388793,7.1986003634992395,5.174783945083618,8.700744122388793,8.700744122388793,ok
matmul,sycl,2048,random,6,5,32_128_8_2_4,6.552576065063477,1.3035521507263184,24.834181973639,7.1986003634992395,5.552127838134766,24.834181973639,8.700744122388793,ok
matmul,sycl,2048,random,6,6,32_32_32_1_4,10.099712371826172,4.850688457489014,92.41124705566432,7.1986003634992395,9.986047744750977,92.41124705566432,8.700744122388793,ok
matmul,sycl,2048,random,6,7,32_32_8_4_2,5.468160152435303,0.21913623809814453,4.174799766097403,4.174799766097405,5.563391923904419,4.174799766097403,8.700744122388793,ok
matmul,sycl,2048,random,6,8,32_128_32_4_2,5.501952171325684,0.2529282569885254,4.8185769605217255,4.174799766097405,5.438463926315308,4.8185769605217255,8.700744122388793,ok
matmul,sycl,2048,random,6,9,32_128_16_4_4,7.043071746826172,1.7940478324890137,34.17869420615061,4.174799766097405,7.100415945053101,34.17869420615061,8.700744122388793,ok
matmul,sycl,2048,random,6,10,64_64_8_4_2,5.5357441902160645,0.28672027587890625,5.462354154946025,4.174799766097405,5.136384010314941,5.462354154946025,5.462354154946025,ok
matmul,sycl,2048,random,6,11,128_32_16_4_4,5.368832111358643,0.11980819702148438,2.2824852577684185,2.2824852577684176,5.661695957183838,2.2824852577684185,5.462354154946025,ok
matmul,sycl,2048,random,6,12,128_32_8_4_4,6.253568172454834,1.0045442581176758,19.1377344533308,2.2824852577684176,5.80454421043396,19.1377344533308,5.462354154946025,ok
matmul,sycl,2048,random,6,13,32_64_16_4_4,6.128640174865723,0.8796162605285645,16.757711050353286,2.2824852577684176,5.5311360359191895,16.757711050353286,5.462354154946025,ok
matmul,sycl,2048,random,6,14,64_32_8_2_4,5.966847896575928,0.7178239822387695,13.675380298384777,2.2824852577684176,5.608959913253784,13.675380298384777,5.462354154946025,ok
matmul,sycl,2048,random,6,15,64_32_8_4_4,5.6750078201293945,0.42598390579223633,8.115487998229653,2.2824852577684176,5.3836798667907715,8.115487998229653,5.462354154946025,ok
matmul,sycl,2048,random,7,1,32_32_32_2_2,8.399871826171875,3.150847911834717,60.027311044030604,60.027311044030604,8.359936237335205,60.027311044030604,60.027311044030604,ok
matmul,sycl,2048,random,7,2,32_128_8_2_4,6.552576065063477,1.3035521507263184,24.834181973639,24.83418197363899,5.780992031097412,24.834181973639,24.834181973639,ok
matmul,sycl,2048,random,7,3,32_32_8_4_1,6.818816184997559,1.5697922706604004,29.906365379145594,24.83418197363899,6.219264030456543,29.906365379145594,24.834181973639,ok
matmul,sycl,2048,random,7,4,32_128_8_4_4,7.954432010650635,2.7054080963134766,51.54116537598426,24.83418197363899,7.089663982391357,51.54116537598426,24.834181973639,ok
matmul,sycl,2048,random,7,5,64_64_16_4_4,5.5715837478637695,0.32255983352661133,6.145139340012773,6.145139340012777,5.409280061721802,6.145139340012773,6.145139340012773,ok
matmul,sycl,2048,random,7,6,32_64_8_4_4,6.184959888458252,0.9359359741210938,17.830666984859466,6.145139340012777,5.425151824951172,17.830666984859466,6.145139340012773,ok
matmul,sycl,2048,random,7,7,64_32_8_2_4,5.966847896575928,0.7178239822387695,13.675380298384777,6.145139340012777,5.599744081497192,13.675380298384777,6.145139340012773,ok
matmul,sycl,2048,random,7,8,64_32_32_4_4,5.249023914337158,0.0,0.0,0.0,5.0186240673065186,0.0,0.0,ok
matmul,sycl,2048,random,7,9,32_32_8_4_4,5.795839786529541,0.5468158721923828,10.417477251319296,0.0,5.455359935760498,10.417477251319296,0.0,ok
matmul,sycl,2048,random,7,10,64_64_16_2_4,8.433664321899414,3.184640407562256,60.67109732275642,0.0,8.291840076446533,60.67109732275642,0.0,ok
matmul,sycl,2048,random,7,11,32_32_32_1_2,10.171392440795898,4.92236852645874,93.77683559440084,0.0,9.811967849731445,93.77683559440084,0.0,ok
matmul,sycl,2048,random,7,12,32_64_32_1_4,12.232704162597656,6.983680248260498,133.04721720137925,0.0,11.296256065368652,133.04721720137925,0.0,ok
matmul,sycl,2048,random,7,13,64_32_16_4_1,6.011903762817383,0.7628798484802246,14.533746862850027,0.0,6.254592180252075,14.533746862850027,0.0,ok
matmul,sycl,2048,random,7,14,32_32_8_2_4,5.805056095123291,0.5560321807861328,10.593058630717778,0.0,5.656064033508301,10.593058630717778,0.0,ok
matmul,sycl,2048,random,7,15,32_32_16_1_4,8.664064407348633,3.4150404930114746,65.06048645889477,0.0,8.295936107635498,65.06048645889477,0.0,ok
matmul,sycl,2048,random,8,1,32_32_32_2_2,8.399871826171875,3.150847911834717,60.027311044030604,60.027311044030604,8.063488006591797,60.027311044030604,60.027311044030604,ok
matmul,sycl,2048,random,8,2,64_64_16_4_4,5.5715837478637695,0.32255983352661133,6.145139340012773,6.145139340012777,5.354496002197266,6.145139340012773,6.145139340012773,ok
matmul,sycl,2048,random,8,3,32_128_16_4_2,5.701632022857666,0.4526081085205078,8.62270997250092,6.145139340012777,5.7333760261535645,8.62270997250092,6.145139340012773,ok
matmul,sycl,2048,random,8,4,32_32_8_4_2,5.468160152435303,0.21913623809814453,4.174799766097403,4.174799766097405,5.356031894683838,4.174799766097403,6.145139340012773,ok
matmul,sycl,2048,random,8,5,64_128_32_4_4,7.2570881843566895,2.0080642700195312,38.25595582703889,4.174799766097405,6.76147198677063,38.25595582703889,6.145139340012773,ok
matmul,sycl,2048,random,8,6,32_64_32_4_4,6.516736030578613,1.267712116241455,24.151387704270743,4.174799766097405,5.416447877883911,24.151387704270743,6.145139340012773,ok
matmul,sycl,2048,random,8,7,32_32_16_1_4,8.664064407348633,3.4150404930114746,65.06048645889477,4.174799766097405,8.406015872955322,65.06048645889477,6.145139340012773,ok
matmul,sycl,2048,random,8,8,32_128_16_2_4,11.104255676269531,5.855231761932373,111.54896334039215,4.174799766097405,10.489855766296387,111.54896334039215,6.145139340012773,ok
matmul,sycl,2048,random,8,9,64_64_16_2_4,8.433664321899414,3.184640407562256,60.67109732275642,4.174799766097405,8.356351852416992,60.67109732275642,6.145139340012773,ok
matmul,sycl,2048,random,8,10,64_32_8_4_2,5.6145920753479,0.3655681610107422,6.964497913835577,4.174799766097405,5.520384073257446,6.964497913835577,6.145139340012773,ok
matmul,sycl,2048,random,8,11,32_32_16_4_2,5.262335777282715,0.01331186294555664,0.2536064449848885,0.25360644498487966,4.942336082458496,0.2536064449848885,0.2536064449848885,ok
matmul,sycl,2048,random,8,12,128_32_8_2_4,6.592512130737305,1.3434882164001465,25.595010392895134,0.25360644498487966,6.326272010803223,25.595010392895134,0.2536064449848885,ok
matmul,sycl,2048,random,8,13,128_64_32_4_4,5.8173441886901855,0.5683202743530273,10.827161080381442,0.25360644498487966,5.419008016586304,10.827161080381442,0.2536064449848885,ok
matmul,sycl,2048,random,8,14,32_64_8_4_4,6.184959888458252,0.9359359741210938,17.830666984859466,0.25360644498487966,5.659136056900024,17.830666984859466,0.2536064449848885,ok
matmul,sycl,2048,random,8,15,32_32_32_4_2,5.705728054046631,0.45670413970947266,8.700744122388793,0.25360644498487966,5.138944149017334,8.700744122388793,0.2536064449848885,ok
matmul,sycl,2048,random,9,1,32_32_32_2_2,8.399871826171875,3.150847911834717,60.027311044030604,60.027311044030604,8.273407936096191,60.027311044030604,60.027311044030604,ok
matmul,sycl,2048,random,9,2,32_128_16_2_4,11.104255676269531,5.855231761932373,111.54896334039215,60.027311044030604,10.79091215133667,111.54896334039215,60.027311044030604,ok
matmul,sycl,2048,random,9,3,32_128_8_4_2,7.089151859283447,1.840127944946289,35.05657385023857,35.056573850238564,6.298112154006958,35.05657385023857,35.05657385023857,ok
matmul,sycl,2048,random,9,4,64_64_32_4_4,5.438464164733887,0.18944025039672852,3.609056721560977,3.609056721560981,5.34169602394104,3.609056721560977,3.609056721560977,ok
matmul,sycl,2048,random,9,5,32_32_8_2_4,5.805056095123291,0.5560321807861328,10.593058630717778,3.609056721560981,5.790719985961914,10.593058630717778,3.609056721560977,ok
matmul,sycl,2048,random,9,6,64_64_8_4_2,5.5357441902160645,0.28672027587890625,5.462354154946025,3.609056721560981,5.277184009552002,5.462354154946025,5.462354154946025,ok
matmul,sycl,2048,random,9,7,32_32_32_2_1,8.51968002319336,3.270656108856201,62.309796301799025,3.609056721560981,8.451583862304688,62.309796301799025,5.462354154946025,ok
matmul,sycl,2048,random,9,8,64_32_8_4_4,5.6750078201293945,0.42598390579223633,8.115487998229653,3.609056721560981,5.278719902038574,8.115487998229653,5.462354154946025,ok
matmul,sycl,2048,random,9,9,64_32_16_4_1,6.011903762817383,0.7628798484802246,14.533746862850027,3.609056721560981,5.928447961807251,14.533746862850027,5.462354154946025,ok
matmul,sycl,2048,random,9,10,32_32_32_4_4,5.626880168914795,0.3778562545776367,7.198600363499241,3.609056721560981,5.273087978363037,7.198600363499241,7.198600363499241,ok
matmul,sycl,2048,random,9,11,64_32_16_2_4,8.154111862182617,2.905087947845459,55.345298387963446,3.609056721560981,8.472064018249512,55.345298387963446,7.198600363499241,ok
matmul,sycl,2048,random,9,12,32_128_16_4_4,7.043071746826172,1.7940478324890137,34.17869420615061,3.609056721560981,6.908927917480469,34.17869420615061,7.198600363499241,ok
matmul,sycl,2048,random,9,13,64_32_32_2_2,8.335359573364258,3.0863356590270996,58.79827772544714,3.609056721560981,8.314367771148682,58.79827772544714,7.198600363499241,ok
matmul,sycl,2048,random,9,14,64_32_8_4_2,5.6145920753479,0.3655681610107422,6.964497913835577,3.609056721560981,5.458943843841553,6.964497913835577,7.198600363499241,ok
matmul,sycl,2048,random,9,15,32_32_16_1_4,8.664064407348633,3.4150404930114746,65.06048645889477,3.609056721560981,8.444416046142578,65.06048645889477,7.198600363499241,ok
matmul,cuda,2048,bayesian,0,1,32_32_32_2_2,3.019007921218872,0.912992000579834,43.35161912274626,43.35161912274626,3.6620479822158813,43.35161912274626,43.35161912274626,ok
matmul,cuda,2048,bayesian,0,2,64_32_8_2_2,2.9751999378204346,0.8691840171813965,41.27148368933773,41.271483689337735,2.9720799922943115,41.27148368933773,41.27148368933773,ok
matmul,cuda,2048,bayesian,0,3,64_32_8_4_4,3.6398720741271973,1.5338561534881592,72.83212526820473,41.271483689337735,3.424048066139221,72.83212526820473,41.27148368933773,ok
matmul,cuda,2048,bayesian,0,4,32_64_8_1_4,4.668704032897949,2.562688112258911,121.68417565814522,41.271483689337735,4.658143997192383,121.68417565814522,41.27148368933773,ok
matmul,cuda,2048,bayesian,0,5,32_32_8_4_4,3.5393919944763184,1.4333760738372803,68.06102744951446,41.271483689337735,4.365600109100342,68.06102744951446,41.27148368933773,ok
matmul,cuda,2048,bayesian,0,6,64_32_8_2_2,2.9751999378204346,0.8691840171813965,41.27148368933773,41.271483689337735,3.6453280448913574,41.27148368933773,41.27148368933773,ok
matmul,cuda,2048,bayesian,0,7,128_64_8_4_4,3.0018880367279053,0.8958721160888672,42.53871527319835,41.271483689337735,2.9986239671707153,42.53871527319835,41.27148368933773,ok
matmul,cuda,2048,bayesian,0,8,64_32_8_2_2,2.9751999378204346,0.8691840171813965,41.27148368933773,41.271483689337735,3.3931360244750977,41.27148368933773,41.27148368933773,ok
matmul,cuda,2048,bayesian,0,9,64_32_32_4_2,5.024735927581787,2.918720006942749,138.5896458967465,41.271483689337735,3.9176639318466187,138.5896458967465,41.27148368933773,ok
matmul,cuda,2048,bayesian,0,10,32_64_16_1_4,3.6353280544281006,1.5293121337890625,72.61636148149422,41.271483689337735,3.956912040710449,72.61636148149422,41.27148368933773,ok
matmul,cuda,2048,bayesian,0,11,64_32_16_4_4,4.536863803863525,2.4308478832244873,115.42400318070167,41.271483689337735,5.10862398147583,115.42400318070167,41.27148368933773,ok
matmul,cuda,2048,bayesian,0,12,32_32_16_1_2,3.8346240520477295,1.7286081314086914,82.07953769334146,41.271483689337735,4.281023979187012,82.07953769334146,41.27148368933773,ok
matmul,cuda,2048,bayesian,0,13,128_64_8_4_4,3.0018880367279053,0.8958721160888672,42.53871527319835,41.271483689337735,3.0024800300598145,42.53871527319835,41.27148368933773,ok
matmul,cuda,2048,bayesian,0,14,128_64_8_4_4,3.0018880367279053,0.8958721160888672,42.53871527319835,41.271483689337735,3.0043359994888306,42.53871527319835,41.27148368933773,ok
matmul,cuda,2048,bayesian,0,15,64_32_32_1_4,5.228288173675537,3.122272253036499,148.25492164793766,41.271483689337735,5.220080137252808,148.25492164793766,41.27148368933773,ok
matmul,cuda,2048,bayesian,1,1,32_32_32_2_2,3.019007921218872,0.912992000579834,43.35161912274626,43.35161912274626,2.7566399574279785,43.35161912274626,43.35161912274626,ok
matmul,cuda,2048,bayesian,1,2,32_32_32_4_1,4.592160224914551,2.4861443042755127,118.0496443503205,43.35161912274626,4.944783926010132,118.0496443503205,43.35161912274626,ok
matmul,cuda,2048,bayesian,1,3,32_128_8_2_4,3.7744638919830322,1.6684479713439941,79.2229514978087,43.35161912274626,3.5464481115341187,79.2229514978087,43.35161912274626,ok
matmul,cuda,2048,bayesian,1,4,32_32_32_2_2,3.019007921218872,0.912992000579834,43.35161912274626,43.35161912274626,3.0251840353012085,43.35161912274626,43.35161912274626,ok
matmul,cuda,2048,bayesian,1,5,32_32_32_2_4,3.45414400100708,1.348128080368042,64.01319511198061,43.35161912274626,3.6988959312438965,64.01319511198061,43.35161912274626,ok
matmul,cuda,2048,bayesian,1,6,32_64_16_4_1,3.9792959690093994,1.8732800483703613,88.9489974891521,43.35161912274626,4.250288009643555,88.9489974891521,43.35161912274626,ok
matmul,cuda,2048,bayesian,1,7,64_32_32_1_4,5.228288173675537,3.122272253036499,148.25492164793766,43.35161912274626,6.403824090957642,148.25492164793766,43.35161912274626,ok
matmul,cuda,2048,bayesian,1,8,32_128_32_4_2,4.481535911560059,2.3755199909210205,112.79686766091518,43.35161912274626,5.56604790687561,112.79686766091518,43.35161912274626,ok
matmul,cuda,2048,bayesian,1,9,32_64_32_4_4,3.753472089767456,1.647456169128418,78.22619729429789,43.35161912274626,4.421871900558472,78.22619729429789,43.35161912274626,ok
matmul,cuda,2048,bayesian,1,10,32_32_32_1_4,6.081567764282227,3.9755518436431885,188.7712151025368,43.35161912274626,5.28550386428833,188.7712151025368,43.35161912274626,ok
matmul,cuda,2048,bayesian,1,11,32_64_32_1_4,4.358975887298584,2.252959966659546,106.9773473495832,43.35161912274626,5.5731041431427,106.9773473495832,43.35161912274626,ok
matmul,cuda,2048,bayesian,1,12,32_32_32_2_2,3.019007921218872,0.912992000579834,43.35161912274626,43.35161912274626,3.204400062561035,43.35161912274626,43.35161912274626,ok
matmul,cuda,2048,bayesian,1,13,32_32_32_2_2,3.019007921218872,0.912992000579834,43.35161912274626,43.35161912274626,3.6552640199661255,43.35161912274626,43.35161912274626,ok
matmul,cuda,2048,bayesian,1,14,32_32_8_1_4,3.802880048751831,1.696864128112793,80.57223649087636,43.35161912274626,4.687040090560913,80.57223649087636,43.35161912274626,ok
matmul,cuda,2048,bayesian,1,15,128_64_32_4_4,4.532479763031006,2.4264638423919678,115.21583567401024,43.35161912274626,4.0135040283203125,115.21583567401024,43.35161912274626,ok
matmul,cuda,2048,bayesian,2,1,32_32_32_2_2,3.019007921218872,0.912992000579834,43.35161912274626,43.35161912274626,3.619167923927307,43.35161912274626,43.35161912274626,ok
matmul,cuda,2048,bayesian,2,2,32_64_16_4_2,3.3454079627990723,1.2393920421600342,58.85007943263601,43.35161912274626,3.3624000549316406,58.85007943263601,58.85007943263601,ok
matmul,cuda,2048,bayesian,2,3,32_64_16_1_4,3.6353280544281006,1.5293121337890625,72.61636148149422,43.35161912274626,4.218991994857788,72.61636148149422,58.85007943263601,ok
matmul,cuda,2048,bayesian,2,4,32_32_16_1_4,4.10041618347168,1.9944002628326416,94.70015128031281,43.35161912274626,5.033775806427002,94.70015128031281,58.85007943263601,ok
matmul,cuda,2048,bayesian,2,5,32_128_16_4_2,3.3060801029205322,1.2000641822814941,56.98267380226418,43.35161912274626,3.30620801448822,56.98267380226418,56.98267380226418,ok
matmul,cuda,2048,bayesian,2,6,64_32_8_2_4,3.1221439838409424,1.0161280632019043,48.248831038920926,43.35161912274626,3.341920018196106,48.248831038920926,56.98267380226418,ok
matmul,cuda,2048,bayesian,2,7,128_32_8_4_4,4.5076799392700195,2.4016640186309814,114.03826510021031,43.35161912274626,4.574432134628296,114.03826510021031,56.98267380226418,ok
matmul,cuda,2048,bayesian,2,8,32_64_8_2_2,3.4463679790496826,1.3403520584106445,63.64396609138336,43.35161912274626,3.498576045036316,63.64396609138336,56.98267380226418,ok
matmul,cuda,2048,bayesian,2,9,128_32_8_4_2,4.038368225097656,1.9323523044586182,91.75392671638853,43.35161912274626,3.2312159538269043,91.75392671638853,91.75392671638853,ok
matmul,cuda,2048,bayesian,2,10,128_32_8_4_2,4.038368225097656,1.9323523044586182,91.75392671638853,43.35161912274626,4.089711904525757,91.75392671638853,91.75392671638853,ok
matmul,cuda,2048,bayesian,2,11,64_32_16_4_2,3.423935890197754,1.3179199695587158,62.57882272603206,43.35161912274626,3.4274721145629883,62.57882272603206,91.75392671638853,ok
matmul,cuda,2048,bayesian,2,12,32_32_16_4_4,5.064896106719971,2.9588801860809326,140.49657256071958,43.35161912274626,5.886831998825073,140.49657256071958,91.75392671638853,ok
matmul,cuda,2048,bayesian,2,13,64_32_32_4_1,4.136447906494141,2.0304319858551025,96.4110463722895,43.35161912274626,3.9598079919815063,96.4110463722895,91.75392671638853,ok
matmul,cuda,2048,bayesian,2,14,32_128_16_4_2,3.3060801029205322,1.2000641822814941,56.98267380226418,43.35161912274626,3.521920084953308,56.98267380226418,91.75392671638853,ok
matmul,cuda,2048,bayesian,2,15,64_32_16_2_2,2.9904959201812744,0.8844799995422363,41.99778315416791,41.99778315416792,2.8594720363616943,41.99778315416791,41.99778315416791,ok
matmul,cuda,2048,bayesian,3,1,32_32_32_2_2,3.019007921218872,0.912992000579834,43.35161912274626,43.35161912274626,2.899168014526367,43.35161912274626,43.35161912274626,ok
matmul,cuda,2048,bayesian,3,2,32_64_8_2_2,3.4463679790496826,1.3403520584106445,63.64396609138336,43.35161912274626,2.731808066368103,63.64396609138336,63.64396609138336,ok
matmul,cuda,2048,bayesian,3,3,128_64_32_4_4,4.532479763031006,2.4264638423919678,115.21583567401024,43.35161912274626,4.476671934127808,115.21583567401024,63.64396609138336,ok
matmul,cuda,2048,bayesian,3,4,64_32_8_4_1,4.110367774963379,2.004351854324341,95.17268291666814,43.35161912274626,4.081071853637695,95.17268291666814,63.64396609138336,ok
matmul,cuda,2048,bayesian,3,5,64_32_32_4_1,4.136447906494141,2.0304319858551025,96.4110463722895,43.35161912274626,4.1409759521484375,96.4110463722895,63.64396609138336,ok
matmul,cuda,2048,bayesian,3,6,128_32_8_4_4,4.5076799392700195,2.4016640186309814,114.03826510021031,43.35161912274626,4.601071834564209,114.03826510021031,63.64396609138336,ok
matmul,cuda,2048,bayesian,3,7,32_64_8_2_2,3.4463679790496826,1.3403520584106445,63.64396609138336,43.35161912274626,2.813264012336731,63.64396609138336,63.64396609138336,ok
matmul,cuda,2048,bayesian,3,8,32_32_32_4_2,4.961952209472656,2.855936288833618,135.60848523723544,43.35161912274626,4.958143949508667,135.60848523723544,63.64396609138336,ok
matmul,cuda,2048,bayesian,3,9,64_64_8_2_4,2.381119966506958,0.2751040458679199,13.06277142408514,13.062771424085144,2.9333600997924805,13.06277142408514,63.64396609138336,ok
matmul,cuda,2048,bayesian,3,10,64_32_8_1_4,4.470655918121338,2.3646399974823,112.28025269461335,13.062771424085144,3.9095840454101562,112.28025269461335,63.64396609138336,ok
matmul,cuda,2048,bayesian,3,11,64_128_32_4_4,3.7246720790863037,1.6186561584472656,76.85868575751837,13.062771424085144,4.452415943145752,76.85868575751837,63.64396609138336,ok
matmul,cuda,2048,bayesian,3,12,32_64_8_2_2,3.4463679790496826,1.3403520584106445,63.64396609138336,13.062771424085144,3.254271984100342,63.64396609138336,63.64396609138336,ok
matmul,cuda,2048,bayesian,3,13,32_64_8_2_2,3.4463679790496826,1.3403520584106445,63.64396609138336,13.062771424085144,3.500272035598755,63.64396609138336,63.64396609138336,ok
matmul,cuda,2048,bayesian,3,14,64_32_32_2_4,3.8646399974823,1.7586240768432617,83.50478548659947,13.062771424085144,3.163583993911743,83.50478548659947,63.64396609138336,ok
matmul,cuda,2048,bayesian,3,15,64_64_32_4_2,2.9856960773468018,0.8796801567077637,41.76987211192773,13.062771424085144,3.0309280157089233,41.76987211192773,63.64396609138336,ok
matmul,cuda,2048,bayesian,4,1,32_32_32_2_2,3.019007921218872,0.912992000579834,43.35161912274626,43.35161912274626,3.6588480472564697,43.35161912274626,43.35161912274626,ok
matmul,cuda,2048,bayesian,4,2,128_32_32_4_4,5.252416133880615,3.146400213241577,149.40059010982455,43.35161912274626,5.2378880977630615,149.40059010982455,43.35161912274626,ok
matmul,cuda,2048,bayesian,4,3,64_32_8_2_2,2.9751999378204346,0.8691840171813965,41.27148368933773,41.271483689337735,3.651360034942627,41.27148368933773,41.27148368933773,ok
matmul,cuda,2048,bayesian,4,4,128_32_32_4_4,5.252416133880615,3.146400213241577,149.40059010982455,41.271483689337735,5.239167928695679,149.40059010982455,41.27148368933773,ok
matmul,cuda,2048,bayesian,4,5,32_64_32_2_2,3.508608102798462,1.4025921821594238,66.59931524799816,41.271483689337735,3.3673919439315796,66.59931524799816,66.59931524799816,ok
matmul,cuda,2048,bayesian,4,6,64_32_16_4_1,4.211935997009277,2.1059200763702393,99.99544902448933,41.271483689337735,4.208544015884399,99.99544902448933,66.59931524799816,ok
matmul,cuda,2048,bayesian,4,7,32_32_16_2_1,3.6724159717559814,1.5664000511169434,74.37740787076497,41.271483689337735,4.240112066268921,74.37740787076497,66.59931524799816,ok
matmul,cuda,2048,bayesian,4,8,32_64_32_2_2,3.508608102798462,1.4025921821594238,66.59931524799816,41.271483689337735,4.2583839893341064,66.59931524799816,66.59931524799816,ok
matmul,cuda,2048,bayesian,4,9,128_32_8_2_4,4.42252779006958,2.316511869430542,109.99498373818714,41.271483689337735,3.6405599117279053,109.99498373818714,66.59931524799816,ok
matmul,cuda,2048,bayesian,4,10,32_32_8_2_4,3.5841920375823975,1.4781761169433594,70.18826887570866,41.271483689337735,3.5567359924316406,70.18826887570866,66.59931524799816,ok
matmul,cuda,2048,bayesian,4,11,32_32_16_2_2,2.7843520641326904,0.6783361434936523,32.20944993083536,32.20944993083536,2.859552025794983,32.20944993083536,32.20944993083536,ok
matmul,cuda,2048,bayesian,4,12,32_128_32_4_2,4.481535911560059,2.3755199909210205,112.79686766091518,32.20944993083536,5.566767930984497,112.79686766091518,32.20944993083536,ok
matmul,cuda,2048,bayesian,4,13,64_64_16_4_2,3.1277759075164795,1.0217599868774414,48.51625179392776,32.20944993083536,3.111999988555908,48.51625179392776,32.20944993083536,ok
matmul,cuda,2048,bayesian,4,14,64_64_16_4_2,3.1277759075164795,1.0217599868774414,48.51625179392776,32.20944993083536,3.130239963531494,48.51625179392776,32.20944993083536,ok
matmul,cuda,2048,bayesian,4,15,32_32_16_2_2,2.7843520641326904,0.6783361434936523,32.20944993083536,32.20944993083536,2.7828320264816284,32.20944993083536,32.20944993083536,ok
matmul,cuda,2048,bayesian,5,1,32_32_32_2_2,3.019007921218872,0.912992000579834,43.35161912274626,43.35161912274626,2.9748480319976807,43.35161912274626,43.35161912274626,ok
matmul,cuda,2048,bayesian,5,2,32_32_8_4_2,2.770688056945801,0.6646721363067627,31.560641578867,31.56064157886699,3.279439926147461,31.560641578867,43.35161912274626,ok
matmul,cuda,2048,bayesian,5,3,128_32_16_4_2,3.1655681133270264,1.0595521926879883,50.31073992861761,31.56064157886699,3.5599039793014526,50.31073992861761,43.35161912274626,ok
matmul,cuda,2048,bayesian,5,4,32_64_8_4_1,3.48905611038208,1.383040189743042,65.67092756465867,31.56064157886699,3.1360000371932983,65.67092756465867,43.35161912274626,ok
matmul,cuda,2048,bayesian,5,5,64_64_8_4_2,2.106015920639038,0.0,0.0,0.0,2.072783946990967,0.0,0.0,ok
matmul,cuda,2048,bayesian,5,6,32_32_16_1_4,4.10041618347168,1.9944002628326416,94.70015128031281,0.0,4.367343902587891,94.70015128031281,0.0,ok
matmul,cuda,2048,bayesian,5,7,128_32_32_4_2,4.673503875732422,2.567487955093384,121.91208670038537,0.0,4.983344078063965,121.91208670038537,0.0,ok
matmul,cuda,2048,bayesian,5,8,64_64_8_4_2,2.106015920639038,0.0,0.0,0.0,2.5803359746932983,0.0,0.0,ok
matmul,cuda,2048,bayesian,5,9,64_32_16_1_4,5.18236780166626,3.0763518810272217,146.07448361994102,0.0,5.177023887634277,146.07448361994102,0.0,ok
matmul,cuda,2048,bayesian,5,10,64_32_32_4_2,5.024735927581787,2.918720006942749,138.5896458967465,0.0,4.994191884994507,138.5896458967465,0.0,ok
matmul,cuda,2048,bayesian,5,11,32_64_32_4_4,3.753472089767456,1.647456169128418,78.22619729429789,0.0,3.7581599950790405,78.22619729429789,0.0,ok
matmul,cuda,2048,bayesian,5,12,64_64_8_4_2,2.106015920639038,0.0,0.0,0.0,2.5831520557403564,0.0,0.0,ok
matmul,cuda,2048,bayesian,5,13,32_32_32_4_4,5.82755184173584,3.7215359210968018,176.70977149914228,0.0,6.357519865036011,176.70977149914228,0.0,ok
matmul,cuda,2048,bayesian,5,14,64_64_8_4_2,2.106015920639038,0.0,0.0,0.0,2.5788320302963257,0.0,0.0,ok
matmul,cuda,2048,bayesian,5,15,64_64_16_4_4,3.668447971343994,1.562432050704956,74.18899522045683,0.0,3.8985120058059692,74.18899522045683,0.0,ok
matmul,cuda,2048,bayesian,6,1,32_32_32_2_2,3.019007921218872,0.912992000579834,43.35161912274626,43.35161912274626,3.661407947540283,43.35161912274626,43.35161912274626,ok
matmul,cuda,2048,bayesian,6,2,32_32_32_1_4,6.081567764282227,3.9755518436431885,188.7712151025368,43.35161912274626,6.081455945968628,188.7712151025368,43.35161912274626,ok
matmul,cuda,2048,bayesian,6,3,32_64_8_2_2,3.4463679790496826,1.3403520584106445,63.64396609138336,43.35161912274626,3.4982720613479614,63.64396609138336,63.64396609138336,ok
matmul,cuda,2048,bayesian,6,4,32_64_32_2_2,3.508608102798462,1.4025921821594238,66.59931524799816,43.35161912274626,3.7362879514694214,66.59931524799816,63.64396609138336,ok
matmul,cuda,2048,bayesian,6,5,64_32_16_2_2,2.9904959201812744,0.8844799995422363,41.99778315416791,41.99778315416792,3.6536799669265747,41.99778315416791,63.64396609138336,ok
matmul,cuda,2048,bayesian,6,6,32_128_16_4_2,3.3060801029205322,1.2000641822814941,56.98267380226418,41.99778315416792,3.524272084236145,56.98267380226418,63.64396609138336,ok
matmul,cuda,2048,bayesian,6,7,32_64_32_1_4,4.358975887298584,2.252959966659546,106.9773473495832,41.99778315416792,5.191408157348633,106.9773473495832,63.64396609138336,ok
matmul,cuda,2048,bayesian,6,8,64_32_32_2_4,3.8646399974823,1.7586240768432617,83.50478548659947,41.99778315416792,3.395967960357666,83.50478548659947,83.50478548659947,ok
matmul,cuda,2048,bayesian,6,9,32_32_32_1_2,3.8660480976104736,1.7600321769714355,83.57164633576848,41.99778315416792,4.756656169891357,83.57164633576848,83.50478548659947,ok
matmul,cuda,2048,bayesian,6,10,32_32_32_2_1,3.766335964202881,1.6603200435638428,78.8370129253365,41.99778315416792,3.292975902557373,78.8370129253365,78.8370129253365,ok
matmul,cuda,2048,bayesian,6,11,32_32_32_2_1,3.766335964202881,1.6603200435638428,78.8370129253365,41.99778315416792,3.762063980102539,78.8370129253365,78.8370129253365,ok
matmul,cuda,2048,bayesian,6,12,32_128_32_2_4,3.7927041053771973,1.6866881847381592,80.08905194915903,41.99778315416792,3.840991973876953,80.08905194915903,78.8370129253365,ok
matmul,cuda,2048,bayesian,6,13,64_64_8_4_2,2.106015920639038,0.0,0.0,0.0,2.1056480407714844,0.0,0.0,ok
matmul,cuda,2048,bayesian,6,14,64_32_32_4_1,4.136447906494141,2.0304319858551025,96.4110463722895,0.0,4.412719964981079,96.4110463722895,0.0,ok
matmul,cuda,2048,bayesian,6,15,64_64_8_4_2,2.106015920639038,0.0,0.0,0.0,2.5833919048309326,0.0,0.0,ok
matmul,cuda,2048,bayesian,7,1,32_32_32_2_2,3.019007921218872,0.912992000579834,43.35161912274626,43.35161912274626,3.65503990650177,43.35161912274626,43.35161912274626,ok
matmul,cuda,2048,bayesian,7,2,32_32_8_1_4,3.802880048751831,1.696864128112793,80.57223649087636,43.35161912274626,4.684383869171143,80.57223649087636,43.35161912274626,ok
matmul,cuda,2048,bayesian,7,3,128_32_32_2_4,3.582495927810669,1.4764800071716309,70.10773245833848,43.35161912274626,3.3726240396499634,70.10773245833848,70.10773245833848,ok
matmul,cuda,2048,bayesian,7,4,64_64_8_4_4,2.8760321140289307,0.7700161933898926,36.56269574430582,36.56269574430582,2.4146881103515625,36.56269574430582,36.56269574430582,ok
matmul,cuda,2048,bayesian,7,5,32_32_16_2_2,2.7843520641326904,0.6783361434936523,32.20944993083536,32.20944993083536,2.9099520444869995,32.20944993083536,36.56269574430582,ok
matmul,cuda,2048,bayesian,7,6,32_64_16_4_2,3.3454079627990723,1.2393920421600342,58.85007943263601,32.20944993083536,2.9835519790649414,58.85007943263601,36.56269574430582,ok
matmul,cuda,2048,bayesian,7,7,128_64_16_4_4,4.770656108856201,2.664640188217163,126.52516830967828,32.20944993083536,4.4858880043029785,126.52516830967828,36.56269574430582,ok
matmul,cuda,2048,bayesian,7,8,64_64_8_4_4,2.8760321140289307,0.7700161933898926,36.56269574430582,32.20944993083536,2.8786559104919434,36.56269574430582,36.56269574430582,ok
matmul,cuda,2048,bayesian,7,9,32_32_16_4_2,3.1024320125579834,0.9964160919189453,47.31284707556238,32.20944993083536,3.220687985420227,47.31284707556238,36.56269574430582,ok
matmul,cuda,2048,bayesian,7,10,128_32_8_2_4,4.42252779006958,2.316511869430542,109.99498373818714,32.20944993083536,4.41975998878479,109.99498373818714,36.56269574430582,ok
matmul,cuda,2048,bayesian,7,11,32_128_16_2_4,3.955615997314453,1.849600076675415,87.82460087548543,32.20944993083536,4.000928163528442,87.82460087548543,36.56269574430582,ok
matmul,cuda,2048,bayesian,7,12,32_128_32_2_4,3.7927041053771973,1.6866881847381592,80.08905194915903,32.20944993083536,3.839664101600647,80.08905194915903,36.56269574430582,ok
matmul,cuda,2048,bayesian,7,13,64_128_8_4_4,2.55948805809021,0.4534721374511719,21.532227416095353,21.532227416095353,2.5888800621032715,21.532227416095353,36.56269574430582,ok
matmul,cuda,2048,bayesian,7,14,64_64_32_4_2,2.9856960773468018,0.8796801567077637,41.76987211192773,21.532227416095353,3.035360097885132,41.76987211192773,36.56269574430582,ok
matmul,cuda,2048,bayesian,7,15,64_128_8_4_4,2.55948805809021,0.4534721374511719,21.532227416095353,21.532227416095353,3.107792019844055,21.532227416095353,36.56269574430582,ok
matmul,cuda,2048,bayesian,8,1,32_32_32_2_2,3.019007921218872,0.912992000579834,43.35161912274626,43.35161912274626,3.6598880290985107,43.35161912274626,43.35161912274626,ok
matmul,cuda,2048,bayesian,8,2,64_32_16_2_4,4.000800132751465,1.8947842121124268,89.97008016622607,43.35161912274626,3.297168016433716,89.97008016622607,89.97008016622607,ok
matmul,cuda,2048,bayesian,8,3,64_32_32_2_4,3.8646399974823,1.7586240768432617,83.50478548659947,43.35161912274626,3.629199981689453,83.50478548659947,89.97008016622607,ok
matmul,cuda,2048,bayesian,8,4,32_32_32_2_2,3.019007921218872,0.912992000579834,43.35161912274626,43.35161912274626,3.6561439037323,43.35161912274626,89.97008016622607,ok
matmul,cuda,2048,bayesian,8,5,128_64_8_4_4,3.0018880367279053,0.8958721160888672,42.53871527319835,42.53871527319834,2.8165279626846313,42.53871527319835,42.53871527319835,ok
matmul,cuda,2048,bayesian,8,6,32_64_8_2_4,2.651263952255249,0.5452480316162109,25.890024205076468,25.890024205076468,2.93993604183197,25.890024205076468,42.53871527319835,ok
matmul,cuda,2048,bayesian,8,7,128_64_8_4_4,3.0018880367279053,0.8958721160888672,42.53871527319835,25.890024205076468,3.0053919553756714,42.53871527319835,42.53871527319835,ok
matmul,cuda,2048,bayesian,8,8,64_32_16_2_2,2.9904959201812744,0.8844799995422363,41.99778315416791,25.890024205076468,2.9862719774246216,41.99778315416791,42.53871527319835,ok
matmul,cuda,2048,bayesian,8,9,128_32_16_2_4,4.39024019241333,2.284224271774292,108.46187103282578,25.890024205076468,4.406975984573364,108.46187103282578,42.53871527319835,ok
matmul,cuda,2048,bayesian,8,10,64_64_8_4_2,2.106015920639038,0.0,0.0,0.0,2.076319932937622,0.0,0.0,ok
matmul,cuda,2048,bayesian,8,11,32_64_16_2_2,3.1967999935150146,1.0907840728759766,51.79372397835411,0.0,3.6561920642852783,51.79372397835411,0.0,ok
matmul,cuda,2048,bayesian,8,12,32_64_32_2_4,3.8110079765319824,1.7049920558929443,80.95817506334856,0.0,3.8607839345932007,80.95817506334856,0.0,ok
matmul,cuda,2048,bayesian,8,13,32_64_16_1_4,3.6353280544281006,1.5293121337890625,72.61636148149422,0.0,4.516223907470703,72.61636148149422,0.0,ok
matmul,cuda,2048,bayesian,8,14,64_64_8_4_2,2.106015920639038,0.0,0.0,0.0,2.0743680000305176,0.0,0.0,ok
matmul,cuda,2048,bayesian,8,15,64_64_8_4_2,2.106015920639038,0.0,0.0,0.0,2.2399039268493652,0.0,0.0,ok
matmul,cuda,2048,bayesian,9,1,32_32_32_2_2,3.019007921218872,0.912992000579834,43.35161912274626,43.35161912274626,3.6591999530792236,43.35161912274626,43.35161912274626,ok
matmul,cuda,2048,bayesian,9,2,32_32_8_1_4,3.802880048751831,1.696864128112793,80.57223649087636,43.35161912274626,4.059120178222656,80.57223649087636,43.35161912274626,ok
matmul,cuda,2048,bayesian,9,3,64_64_32_2_4,3.5306880474090576,1.4246721267700195,67.6477377406399,43.35161912274626,2.8895680904388428,67.6477377406399,67.6477377406399,ok
matmul,cuda,2048,bayesian,9,4,32_64_32_2_4,3.8110079765319824,1.7049920558929443,80.95817506334856,43.35161912274626,3.8598079681396484,80.95817506334856,67.6477377406399,ok
matmul,cuda,2048,bayesian,9,5,32_32_32_4_1,4.592160224914551,2.4861443042755127,118.0496443503205,43.35161912274626,4.590191841125488,118.0496443503205,67.6477377406399,ok
matmul,cuda,2048,bayesian,9,6,64_64_32_2_4,3.5306880474090576,1.4246721267700195,67.6477377406399,43.35161912274626,2.9498560428619385,67.6477377406399,67.6477377406399,ok
matmul,cuda,2048,bayesian,9,7,32_64_8_2_4,2.651263952255249,0.5452480316162109,25.890024205076468,25.890024205076468,3.361392021179199,25.890024205076468,67.6477377406399,ok
matmul,cuda,2048,bayesian,9,8,32_32_32_4_4,5.82755184173584,3.7215359210968018,176.70977149914228,25.890024205076468,5.245903968811035,176.70977149914228,67.6477377406399,ok
matmul,cuda,2048,bayesian,9,9,128_64_16_4_4,4.770656108856201,2.664640188217163,126.52516830967828,25.890024205076468,4.216928005218506,126.52516830967828,67.6477377406399,ok
matmul,cuda,2048,bayesian,9,10,32_32_32_1_4,6.081567764282227,3.9755518436431885,188.7712151025368,25.890024205076468,6.077888011932373,188.7712151025368,67.6477377406399,ok
matmul,cuda,2048,bayesian,9,11,32_128_16_2_4,3.955615997314453,1.849600076675415,87.82460087548543,25.890024205076468,4.00326406955719,87.82460087548543,67.6477377406399,ok
matmul,cuda,2048,bayesian,9,12,64_64_32_2_4,3.5306880474090576,1.4246721267700195,67.6477377406399,25.890024205076468,3.530784010887146,67.6477377406399,67.6477377406399,ok
matmul,cuda,2048,bayesian,9,13,64_32_16_2_4,4.000800132751465,1.8947842121124268,89.97008016622607,25.890024205076468,3.4910720586776733,89.97008016622607,67.6477377406399,ok
matmul,cuda,2048,bayesian,9,14,64_64_32_2_4,3.5306880474090576,1.4246721267700195,67.6477377406399,25.890024205076468,3.09659206867218,67.6477377406399,67.6477377406399,ok
matmul,cuda,2048,bayesian,9,15,32_64_8_2_2,3.4463679790496826,1.3403520584106445,63.64396609138336,25.890024205076468,3.5018560886383057,63.64396609138336,67.6477377406399,ok
matmul,cuda,2048,random,0,1,32_32_32_2_2,3.019007921218872,0.912992000579834,43.35161912274626,43.35161912274626,3.6564159393310547,43.35161912274626,43.35161912274626,ok
matmul,cuda,2048,random,0,2,32_128_32_4_4,4.163424015045166,2.057408094406128,97.69195352435129,43.35161912274626,4.161344051361084,97.69195352435129,43.35161912274626,ok
matmul,cuda,2048,random,0,3,64_32_8_4_1,4.110367774963379,2.004351854324341,95.17268291666814,43.35161912274626,4.114719867706299,95.17268291666814,43.35161912274626,ok
matmul,cuda,2048,random,0,4,32_32_8_4_1,2.9068479537963867,0.8008320331573486,38.02592493765899,38.02592493765899,3.5671039819717407,38.02592493765899,38.02592493765899,ok
matmul,cuda,2048,random,0,5,32_64_16_4_2,3.3454079627990723,1.2393920421600342,58.85007943263601,38.02592493765899,3.3611040115356445,58.85007943263601,58.85007943263601,ok
matmul,cuda,2048,random,0,6,64_32_32_4_1,4.136447906494141,2.0304319858551025,96.4110463722895,38.02592493765899,5.077951908111572,96.4110463722895,58.85007943263601,ok
matmul,cuda,2048,random,0,7,64_32_32_1_4,5.228288173675537,3.122272253036499,148.25492164793766,38.02592493765899,4.848912000656128,148.25492164793766,58.85007943263601,ok
matmul,cuda,2048,random,0,8,64_32_8_2_2,2.9751999378204346,0.8691840171813965,41.27148368933773,38.02592493765899,2.9318881034851074,41.27148368933773,41.27148368933773,ok
matmul,cuda,2048,random,0,9,32_64_32_4_1,4.178175926208496,2.072160005569458,98.392418844616,38.02592493765899,3.4201120138168335,98.392418844616,41.27148368933773,ok
matmul,cuda,2048,random,0,10,64_32_16_4_4,4.536863803863525,2.4308478832244873,115.42400318070167,38.02592493765899,5.105472087860107,115.42400318070167,41.27148368933773,ok
matmul,cuda,2048,random,0,11,32_128_16_4_2,3.3060801029205322,1.2000641822814941,56.98267380226418,38.02592493765899,3.521056056022644,56.98267380226418,41.27148368933773,ok
matmul,cuda,2048,random,0,12,64_64_32_2_4,3.5306880474090576,1.4246721267700195,67.6477377406399,38.02592493765899,3.539903998374939,67.6477377406399,41.27148368933773,ok
matmul,cuda,2048,random,0,13,32_64_8_4_2,3.0233919620513916,0.9173760414123535,43.55978662943774,38.02592493765899,3.0210399627685547,43.55978662943774,41.27148368933773,ok
matmul,cuda,2048,random,0,14,64_32_32_2_4,3.8646399974823,1.7586240768432617,83.50478548659947,38.02592493765899,3.864959955215454,83.50478548659947,41.27148368933773,ok
matmul,cuda,2048,random,0,15,32_32_32_1_4,6.081567764282227,3.9755518436431885,188.7712151025368,38.02592493765899,6.074143886566162,188.7712151025368,41.27148368933773,ok
matmul,cuda,2048,random,1,1,32_32_32_2_2,3.019007921218872,0.912992000579834,43.35161912274626,43.35161912274626,3.6510239839553833,43.35161912274626,43.35161912274626,ok
matmul,cuda,2048,random,1,2,64_32_8_4_2,2.497663974761963,0.3916480541229248,18.59663311586388,18.596633115863874,2.65393602848053,18.59663311586388,18.59663311586388,ok
matmul,cuda,2048,random,1,3,128_32_16_4_4,4.18342399597168,2.0774080753326416,98.641613055911,18.596633115863874,4.933520078659058,98.641613055911,18.59663311586388,ok
matmul,cuda,2048,random,1,4,32_32_16_2_4,4.303071975708008,2.1970560550689697,104.32286069339432,18.596633115863874,4.307919979095459,104.32286069339432,18.59663311586388,ok
matmul,cuda,2048,random,1,5,64_32_8_1_4,4.470655918121338,2.3646399974823,112.28025269461335,18.596633115863874,3.9063199758529663,112.28025269461335,18.59663311586388,ok
matmul,cuda,2048,random,1,6,32_128_16_4_2,3.3060801029205322,1.2000641822814941,56.98267380226418,18.596633115863874,3.519856095314026,56.98267380226418,18.59663311586388,ok
matmul,cuda,2048,random,1,7,32_32_16_1_2,3.8346240520477295,1.7286081314086914,82.07953769334146,18.596633115863874,4.951135873794556,82.07953769334146,18.59663311586388,ok
matmul,cuda,2048,random,1,8,64_32_16_4_1,4.211935997009277,2.1059200763702393,99.99544902448933,18.596633115863874,3.6819839477539062,99.99544902448933,18.59663311586388,ok
matmul,cuda,2048,random,1,9,32_32_32_4_2,4.961952209472656,2.855936288833618,135.60848523723544,18.596633115863874,4.96017599105835,135.60848523723544,18.59663311586388,ok
matmul,cuda,2048,random,1,10,64_64_8_2_4,2.381119966506958,0.2751040458679199,13.06277142408514,13.062771424085144,2.936735987663269,13.06277142408514,18.59663311586388,ok
matmul,cuda,2048,random,1,11,64_32_8_4_4,3.6398720741271973,1.5338561534881592,72.83212526820473,13.062771424085144,3.6392159461975098,72.83212526820473,18.59663311586388,ok
matmul,cuda,2048,random,1,12,32_32_32_1_2,3.8660480976104736,1.7600321769714355,83.57164633576848,13.062771424085144,4.762079954147339,83.57164633576848,18.59663311586388,ok
matmul,cuda,2048,random,1,13,32_64_8_4_4,2.940351963043213,0.8343360424041748,39.61679654116806,13.062771424085144,3.5196160078048706,39.61679654116806,18.59663311586388,ok
matmul,cuda,2048,random,1,14,32_64_16_2_2,3.1967999935150146,1.0907840728759766,51.79372397835411,13.062771424085144,2.9940320253372192,51.79372397835411,18.59663311586388,ok
matmul,cuda,2048,random,1,15,32_128_16_4_4,4.318079948425293,2.212064027786255,105.03548459002334,13.062771424085144,4.085551977157593,105.03548459002334,18.59663311586388,ok
matmul,cuda,2048,random,2,1,32_32_32_2_2,3.019007921218872,0.912992000579834,43.35161912274626,43.35161912274626,3.025424003601074,43.35161912274626,43.35161912274626,ok
matmul,cuda,2048,random,2,2,64_32_16_2_2,2.9904959201812744,0.8844799995422363,41.99778315416791,41.99778315416792,3.664463996887207,41.99778315416791,43.35161912274626,ok
matmul,cuda,2048,random,2,3,32_32_8_4_2,2.770688056945801,0.6646721363067627,31.560641578867,31.56064157886699,3.319535970687866,31.560641578867,43.35161912274626,ok
matmul,cuda,2048,random,2,4,64_32_16_4_2,3.423935890197754,1.3179199695587158,62.57882272603206,31.56064157886699,3.4299999475479126,62.57882272603206,43.35161912274626,ok
matmul,cuda,2048,random,2,5,32_64_16_4_1,3.9792959690093994,1.8732800483703613,88.9489974891521,31.56064157886699,3.7375680208206177,88.9489974891521,43.35161912274626,ok
matmul,cuda,2048,random,2,6,128_64_16_4_4,4.770656108856201,2.664640188217163,126.52516830967828,31.56064157886699,3.9943679571151733,126.52516830967828,43.35161912274626,ok
matmul,cuda,2048,random,2,7,32_64_8_1_4,4.668704032897949,2.562688112258911,121.68417565814522,31.56064157886699,4.66103982925415,121.68417565814522,43.35161912274626,ok
matmul,cuda,2048,random,2,8,64_64_16_4_4,3.668447971343994,1.562432050704956,74.18899522045683,31.56064157886699,3.9361119270324707,74.18899522045683,43.35161912274626,ok
matmul,cuda,2048,random,2,9,128_32_8_4_2,4.038368225097656,1.9323523044586182,91.75392671638853,31.56064157886699,4.0920960903167725,91.75392671638853,43.35161912274626,ok
matmul,cuda,2048,random,2,10,32_32_32_1_4,6.081567764282227,3.9755518436431885,188.7712151025368,31.56064157886699,6.083952188491821,188.7712151025368,43.35161912274626,ok
matmul,cuda,2048,random,2,11,64_32_8_2_2,2.9751999378204346,0.8691840171813965,41.27148368933773,31.56064157886699,3.6467199325561523,41.27148368933773,43.35161912274626,ok
matmul,cuda,2048,random,2,12,32_64_8_2_2,3.4463679790496826,1.3403520584106445,63.64396609138336,31.56064157886699,3.4984480142593384,63.64396609138336,43.35161912274626,ok
matmul,cuda,2048,random,2,13,128_32_16_2_4,4.39024019241333,2.284224271774292,108.46187103282578,31.56064157886699,4.392303943634033,108.46187103282578,43.35161912274626,ok
matmul,cuda,2048,random,2,14,32_32_32_2_1,3.766335964202881,1.6603200435638428,78.8370129253365,31.56064157886699,4.056800127029419,78.8370129253365,43.35161912274626,ok
matmul,cuda,2048,random,2,15,64_64_8_2_4,2.381119966506958,0.2751040458679199,13.06277142408514,13.062771424085144,2.2769919633865356,13.06277142408514,13.06277142408514,ok
matmul,cuda,2048,random,3,1,32_32_32_2_2,3.019007921218872,0.912992000579834,43.35161912274626,43.35161912274626,3.650383949279785,43.35161912274626,43.35161912274626,ok
matmul,cuda,2048,random,3,2,128_32_8_4_2,4.038368225097656,1.9323523044586182,91.75392671638853,43.35161912274626,3.3808319568634033,91.75392671638853,91.75392671638853,ok
matmul,cuda,2048,random,3,3,32_32_32_1_2,3.8660480976104736,1.7600321769714355,83.57164633576848,43.35161912274626,4.752895832061768,83.57164633576848,91.75392671638853,ok
matmul,cuda,2048,random,3,4,32_64_32_4_2,3.202687978744507,1.0966720581054688,52.07330330972524,43.35161912274626,3.401584029197693,52.07330330972524,91.75392671638853,ok
matmul,cuda,2048,random,3,5,32_32_16_2_1,3.6724159717559814,1.5664000511169434,74.37740787076497,43.35161912274626,3.279103994369507,74.37740787076497,74.37740787076497,ok
matmul,cuda,2048,random,3,6,32_64_32_1_4,4.358975887298584,2.252959966659546,106.9773473495832,43.35161912274626,5.569888114929199,106.9773473495832,74.37740787076497,ok
matmul,cuda,2048,random,3,7,128_64_32_4_4,4.532479763031006,2.4264638423919678,115.21583567401024,43.35161912274626,4.53603196144104,115.21583567401024,74.37740787076497,ok
matmul,cuda,2048,random,3,8,128_32_8_4_4,4.5076799392700195,2.4016640186309814,114.03826510021031,43.35161912274626,4.596096038818359,114.03826510021031,74.37740787076497,ok
matmul,cuda,2048,random,3,9,32_32_32_2_1,3.766335964202881,1.6603200435638428,78.8370129253365,43.35161912274626,3.243232011795044,78.8370129253365,78.8370129253365,ok
matmul,cuda,2048,random,3,10,64_128_8_4_4,2.55948805809021,0.4534721374511719,21.532227416095353,21.532227416095353,3.1081759929656982,21.532227416095353,21.532227416095353,ok
matmul,cuda,2048,random,3,11,128_32_32_2_4,3.582495927810669,1.4764800071716309,70.10773245833848,21.532227416095353,3.795199990272522,70.10773245833848,21.532227416095353,ok
matmul,cuda,2048,random,3,12,64_32_16_1_4,5.18236780166626,3.0763518810272217,146.07448361994102,21.532227416095353,5.171871900558472,146.07448361994102,21.532227416095353,ok
matmul,cuda,2048,random,3,13,32_64_32_4_1,4.178175926208496,2.072160005569458,98.392418844616,21.532227416095353,4.177871942520142,98.392418844616,21.532227416095353,ok
matmul,cuda,2048,random,3,14,32_64_8_4_4,2.940351963043213,0.8343360424041748,39.61679654116806,21.532227416095353,3.5210719108581543,39.61679654116806,21.532227416095353,ok
matmul,cuda,2048,random,3,15,32_64_8_1_4,4.668704032897949,2.562688112258911,121.68417565814522,21.532227416095353,4.6637279987335205,121.68417565814522,21.532227416095353,ok
matmul,cuda,2048,random,4,1,32_32_32_2_2,3.019007921218872,0.912992000579834,43.35161912274626,43.35161912274626,3.522976040840149,43.35161912274626,43.35161912274626,ok
matmul,cuda,2048,random,4,2,64_32_8_2_4,3.1221439838409424,1.0161280632019043,48.248831038920926,43.35161912274626,3.342144012451172,48.248831038920926,48.248831038920926,ok
matmul,cuda,2048,random,4,3,64_32_8_4_1,4.110367774963379,2.004351854324341,95.17268291666814,43.35161912274626,4.079391956329346,95.17268291666814,48.248831038920926,ok
matmul,cuda,2048,random,4,4,64_32_16_4_1,4.211935997009277,2.1059200763702393,99.99544902448933,43.35161912274626,4.201440095901489,99.99544902448933,48.248831038920926,ok
matmul,cuda,2048,random,4,5,128_64_16_4_4,4.770656108856201,2.664640188217163,126.52516830967828,43.35161912274626,4.220335960388184,126.52516830967828,48.248831038920926,ok
matmul,cuda,2048,random,4,6,32_64_16_2_4,2.9973440170288086,0.8913280963897705,42.32295148648786,42.322951486487845,3.7646560668945312,42.32295148648786,48.248831038920926,ok
matmul,cuda,2048,random,4,7,64_32_32_2_4,3.8646399974823,1.7586240768432617,83.50478548659947,42.322951486487845,3.628704071044922,83.50478548659947,48.248831038920926,ok
matmul,cuda,2048,random,4,8,128_32_16_4_2,3.1655681133270264,1.0595521926879883,50.31073992861761,42.322951486487845,2.9718399047851562,50.31073992861761,50.31073992861761,ok
matmul,cuda,2048,random,4,9,64_32_16_2_4,4.000800132751465,1.8947842121124268,89.97008016622607,42.322951486487845,3.7289280891418457,89.97008016622607,50.31073992861761,ok
matmul,cuda,2048,random,4,10,32_64_32_4_4,3.753472089767456,1.647456169128418,78.22619729429789,42.322951486487845,4.431488037109375,78.22619729429789,50.31073992861761,ok
matmul,cuda,2048,random,4,11,32_128_32_4_4,4.163424015045166,2.057408094406128,97.69195352435129,42.322951486487845,3.532464027404785,97.69195352435129,50.31073992861761,ok
matmul,cuda,2048,random,4,12,128_32_16_4_4,4.18342399597168,2.0774080753326416,98.641613055911,42.322951486487845,4.404752016067505,98.641613055911,50.31073992861761,ok
matmul,cuda,2048,random,4,13,32_32_16_4_2,3.1024320125579834,0.9964160919189453,47.31284707556238,42.322951486487845,3.8256959915161133,47.31284707556238,50.31073992861761,ok
matmul,cuda,2048,random,4,14,32_128_16_4_4,4.318079948425293,2.212064027786255,105.03548459002334,42.322951486487845,3.656015992164612,105.03548459002334,50.31073992861761,ok
matmul,cuda,2048,random,4,15,32_128_16_2_4,3.955615997314453,1.849600076675415,87.82460087548543,42.322951486487845,3.9776480197906494,87.82460087548543,50.31073992861761,ok
matmul,cuda,2048,random,5,1,32_32_32_2_2,3.019007921218872,0.912992000579834,43.35161912274626,43.35161912274626,3.6520479917526245,43.35161912274626,43.35161912274626,ok
matmul,cuda,2048,random,5,2,32_64_16_1_4,3.6353280544281006,1.5293121337890625,72.61636148149422,43.35161912274626,4.774688005447388,72.61636148149422,43.35161912274626,ok
matmul,cuda,2048,random,5,3,32_128_16_4_4,4.318079948425293,2.212064027786255,105.03548459002334,43.35161912274626,3.656991958618164,105.03548459002334,43.35161912274626,ok
matmul,cuda,2048,random,5,4,64_32_8_1_4,4.470655918121338,2.3646399974823,112.28025269461335,43.35161912274626,4.4642558097839355,112.28025269461335,43.35161912274626,ok
matmul,cuda,2048,random,5,5,64_32_16_2_4,4.000800132751465,1.8947842121124268,89.97008016622607,43.35161912274626,3.2555360794067383,89.97008016622607,89.97008016622607,ok
matmul,cuda,2048,random,5,6,32_32_16_4_2,3.1024320125579834,0.9964160919189453,47.31284707556238,43.35161912274626,3.8254719972610474,47.31284707556238,89.97008016622607,ok
matmul,cuda,2048,random,5,7,64_32_32_2_4,3.8646399974823,1.7586240768432617,83.50478548659947,43.35161912274626,3.8713120222091675,83.50478548659947,89.97008016622607,ok
matmul,cuda,2048,random,5,8,64_32_8_2_2,2.9751999378204346,0.8691840171813965,41.27148368933773,41.271483689337735,2.9307678937911987,41.27148368933773,41.27148368933773,ok
matmul,cuda,2048,random,5,9,32_32_8_4_1,2.9068479537963867,0.8008320331573486,38.02592493765899,38.02592493765899,3.56768000125885,38.02592493765899,41.27148368933773,ok
matmul,cuda,2048,random,5,10,32_128_8_4_4,4.315616130828857,2.2096002101898193,104.91849508522945,38.02592493765899,3.839632034301758,104.91849508522945,41.27148368933773,ok
matmul,cuda,2048,random,5,11,64_32_32_4_2,5.024735927581787,2.918720006942749,138.5896458967465,38.02592493765899,4.992032051086426,138.5896458967465,41.27148368933773,ok
matmul,cuda,2048,random,5,12,32_64_16_4_1,3.9792959690093994,1.8732800483703613,88.9489974891521,38.02592493765899,4.244864225387573,88.9489974891521,41.27148368933773,ok
matmul,cuda,2048,random,5,13,64_64_32_4_2,2.9856960773468018,0.8796801567077637,41.76987211192773,38.02592493765899,3.030336022377014,41.76987211192773,41.27148368933773,ok
matmul,cuda,2048,random,5,14,32_32_16_1_2,3.8346240520477295,1.7286081314086914,82.07953769334146,38.02592493765899,4.010143995285034,82.07953769334146,41.27148368933773,ok
matmul,cuda,2048,random,5,15,64_32_32_1_4,5.228288173675537,3.122272253036499,148.25492164793766,38.02592493765899,5.9599199295043945,148.25492164793766,41.27148368933773,ok
matmul,cuda,2048,random,6,1,32_32_32_2_2,3.019007921218872,0.912992000579834,43.35161912274626,43.35161912274626,3.6599199771881104,43.35161912274626,43.35161912274626,ok
matmul,cuda,2048,random,6,2,32_32_32_4_4,5.82755184173584,3.7215359210968018,176.70977149914228,43.35161912274626,5.876192092895508,176.70977149914228,43.35161912274626,ok
matmul,cuda,2048,random,6,3,32_64_32_1_4,4.358975887298584,2.252959966659546,106.9773473495832,43.35161912274626,4.561968088150024,106.9773473495832,43.35161912274626,ok
matmul,cuda,2048,random,6,4,32_32_32_4_2,4.961952209472656,2.855936288833618,135.60848523723544,43.35161912274626,4.880575895309448,135.60848523723544,43.35161912274626,ok
matmul,cuda,2048,random,6,5,32_128_8_2_4,3.7744638919830322,1.6684479713439941,79.2229514978087,43.35161912274626,3.7651840448379517,79.2229514978087,43.35161912274626,ok
matmul,cuda,2048,random,6,6,32_32_32_1_4,6.081567764282227,3.9755518436431885,188.7712151025368,43.35161912274626,4.735728025436401,188.7712151025368,43.35161912274626,ok
matmul,cuda,2048,random,6,7,32_32_8_4_2,2.770688056945801,0.6646721363067627,31.560641578867,31.56064157886699,3.321616053581238,31.560641578867,31.560641578867,ok
matmul,cuda,2048,random,6,8,32_128_32_4_2,4.481535911560059,2.3755199909210205,112.79686766091518,31.56064157886699,5.55945611000061,112.79686766091518,31.560641578867,ok
matmul,cuda,2048,random,6,9,32_128_16_4_4,4.318079948425293,2.212064027786255,105.03548459002334,31.56064157886699,4.316799879074097,105.03548459002334,31.560641578867,ok
matmul,cuda,2048,random,6,10,64_64_8_4_2,2.106015920639038,0.0,0.0,0.0,2.5826560258865356,0.0,0.0,ok
matmul,cuda,2048,random,6,11,128_32_16_4_4,4.18342399597168,2.0774080753326416,98.641613055911,0.0,4.913056135177612,98.641613055911,0.0,ok
matmul,cuda,2048,random,6,12,128_32_8_4_4,4.5076799392700195,2.4016640186309814,114.03826510021031,0.0,4.617599964141846,114.03826510021031,0.0,ok
matmul,cuda,2048,random,6,13,32_64_16_4_4,4.728127956390381,2.6221120357513428,124.50580311642199,0.0,4.757599830627441,124.50580311642199,0.0,ok
matmul,cuda,2048,random,6,14,64_32_8_2_4,3.1221439838409424,1.0161280632019043,48.248831038920926,0.0,3.3400639295578003,48.248831038920926,0.0,ok
matmul,cuda,2048,random,6,15,64_32_8_4_4,3.6398720741271973,1.5338561534881592,72.83212526820473,0.0,3.6430879831314087,72.83212526820473,0.0,ok
matmul,cuda,2048,random,7,1,32_32_32_2_2,3.019007921218872,0.912992000579834,43.35161912274626,43.35161912274626,3.0208319425582886,43.35161912274626,43.35161912274626,ok
matmul,cuda,2048,random,7,2,32_128_8_2_4,3.7744638919830322,1.6684479713439941,79.2229514978087,43.35161912274626,4.2881760597229,79.2229514978087,43.35161912274626,ok
matmul,cuda,2048,random,7,3,32_32_8_4_1,2.9068479537963867,0.8008320331573486,38.02592493765899,38.02592493765899,3.5654079914093018,38.02592493765899,43.35161912274626,ok
matmul,cuda,2048,random,7,4,32_128_8_4_4,4.315616130828857,2.2096002101898193,104.91849508522945,38.02592493765899,3.576815962791443,104.91849508522945,43.35161912274626,ok
matmul,cuda,2048,random,7,5,64_64_16_4_4,3.668447971343994,1.562432050704956,74.18899522045683,38.02592493765899,3.9004000425338745,74.18899522045683,43.35161912274626,ok
matmul,cuda,2048,random,7,6,32_64_8_4_4,2.940351963043213,0.8343360424041748,39.61679654116806,38.02592493765899,3.5158400535583496,39.61679654116806,43.35161912274626,ok
matmul,cuda,2048,random,7,7,64_32_8_2_4,3.1221439838409424,1.0161280632019043,48.248831038920926,38.02592493765899,3.294975996017456,48.248831038920926,43.35161912274626,ok
matmul,cuda,2048,random,7,8,64_32_32_4_4,4.09225606918335,1.9862401485443115,94.31268439516913,38.02592493765899,4.55732798576355,94.31268439516913,43.35161912274626,ok
matmul,cuda,2048,random,7,9,32_32_8_4_4,3.5393919944763184,1.4333760738372803,68.06102744951446,38.02592493765899,4.350992202758789,68.06102744951446,43.35161912274626,ok
matmul,cuda,2048,random,7,10,64_64_16_2_4,2.8569281101226807,0.7509121894836426,35.65557990918653,35.65557990918653,2.8440160751342773,35.65557990918653,35.65557990918653,ok
matmul,cuda,2048,random,7,11,32_32_32_1_2,3.8660480976104736,1.7600321769714355,83.57164633576848,35.65557990918653,4.756271839141846,83.57164633576848,35.65557990918653,ok
matmul,cuda,2048,random,7,12,32_64_32_1_4,4.358975887298584,2.252959966659546,106.9773473495832,35.65557990918653,5.563071966171265,106.9773473495832,35.65557990918653,ok
matmul,cuda,2048,random,7,13,64_32_16_4_1,4.211935997009277,2.1059200763702393,99.99544902448933,35.65557990918653,3.4572800397872925,99.99544902448933,35.65557990918653,ok
matmul,cuda,2048,random,7,14,32_32_8_2_4,3.5841920375823975,1.4781761169433594,70.18826887570866,35.65557990918653,3.5570719242095947,70.18826887570866,35.65557990918653,ok
matmul,cuda,2048,random,7,15,32_32_16_1_4,4.10041618347168,1.9944002628326416,94.70015128031281,35.65557990918653,5.024367809295654,94.70015128031281,35.65557990918653,ok
matmul,cuda,2048,random,8,1,32_32_32_2_2,3.019007921218872,0.912992000579834,43.35161912274626,43.35161912274626,3.658352017402649,43.35161912274626,43.35161912274626,ok
matmul,cuda,2048,random,8,2,64_64_16_4_4,3.668447971343994,1.562432050704956,74.18899522045683,43.35161912274626,3.714463949203491,74.18899522045683,43.35161912274626,ok
matmul,cuda,2048,random,8,3,32_128_16_4_2,3.3060801029205322,1.2000641822814941,56.98267380226418,43.35161912274626,2.819103956222534,56.98267380226418,56.98267380226418,ok
matmul,cuda,2048,random,8,4,32_32_8_4_2,2.770688056945801,0.6646721363067627,31.560641578867,31.56064157886699,3.322879910469055,31.560641578867,56.98267380226418,ok
matmul,cuda,2048,random,8,5,64_128_32_4_4,3.7246720790863037,1.6186561584472656,76.85868575751837,31.56064157886699,3.7282559871673584,76.85868575751837,56.98267380226418,ok
matmul,cuda,2048,random,8,6,32_64_32_4_4,3.753472089767456,1.647456169128418,78.22619729429789,31.56064157886699,3.6299519538879395,78.22619729429789,56.98267380226418,ok
matmul,cuda,2048,random,8,7,32_32_16_1_4,4.10041618347168,1.9944002628326416,94.70015128031281,31.56064157886699,4.678912162780762,94.70015128031281,56.98267380226418,ok
matmul,cuda,2048,random,8,8,32_128_16_2_4,3.955615997314453,1.849600076675415,87.82460087548543,31.56064157886699,4.000720024108887,87.82460087548543,56.98267380226418,ok
matmul,cuda,2048,random,8,9,64_64_16_2_4,2.8569281101226807,0.7509121894836426,35.65557990918653,31.56064157886699,3.0315680503845215,35.65557990918653,56.98267380226418,ok
matmul,cuda,2048,random,8,10,64_32_8_4_2,2.497663974761963,0.3916480541229248,18.59663311586388,18.596633115863874,2.4940160512924194,18.59663311586388,18.59663311586388,ok
matmul,cuda,2048,random,8,11,32_32_16_4_2,3.1024320125579834,0.9964160919189453,47.31284707556238,18.596633115863874,3.824544072151184,47.31284707556238,18.59663311586388,ok
matmul,cuda,2048,random,8,12,128_32_8_2_4,4.42252779006958,2.316511869430542,109.99498373818714,18.596633115863874,3.5886240005493164,109.99498373818714,18.59663311586388,ok
matmul,cuda,2048,random,8,13,128_64_32_4_4,4.532479763031006,2.4264638423919678,115.21583567401024,18.596633115863874,4.26260781288147,115.21583567401024,18.59663311586388,ok
matmul,cuda,2048,random,8,14,32_64_8_4_4,2.940351963043213,0.8343360424041748,39.61679654116806,18.596633115863874,3.518143892288208,39.61679654116806,18.59663311586388,ok
matmul,cuda,2048,random,8,15,32_32_32_4_2,4.961952209472656,2.855936288833618,135.60848523723544,18.596633115863874,4.958159923553467,135.60848523723544,18.59663311586388,ok
matmul,cuda,2048,random,9,1,32_32_32_2_2,3.019007921218872,0.912992000579834,43.35161912274626,43.35161912274626,3.2110079526901245,43.35161912274626,43.35161912274626,ok
matmul,cuda,2048,random,9,2,32_128_16_2_4,3.955615997314453,1.849600076675415,87.82460087548543,43.35161912274626,3.512208104133606,87.82460087548543,43.35161912274626,ok
matmul,cuda,2048,random,9,3,32_128_8_4_2,3.25600004196167,1.1499841213226318,54.604721172938085,43.35161912274626,3.9259679317474365,54.604721172938085,43.35161912274626,ok
matmul,cuda,2048,random,9,4,64_64_32_4_4,3.6611199378967285,1.5551040172576904,73.84103804807982,43.35161912274626,4.328815937042236,73.84103804807982,43.35161912274626,ok
matmul,cuda,2048,random,9,5,32_32_8_2_4,3.5841920375823975,1.4781761169433594,70.18826887570866,43.35161912274626,3.523408055305481,70.18826887570866,43.35161912274626,ok
matmul,cuda,2048,random,9,6,64_64_8_4_2,2.106015920639038,0.0,0.0,0.0,2.01635205745697,0.0,0.0,ok
matmul,cuda,2048,random,9,7,32_32_32_2_1,3.766335964202881,1.6603200435638428,78.8370129253365,0.0,3.5178879499435425,78.8370129253365,0.0,ok
matmul,cuda,2048,random,9,8,64_32_8_4_4,3.6398720741271973,1.5338561534881592,72.83212526820473,0.0,3.636240005493164,72.83212526820473,0.0,ok
matmul,cuda,2048,random,9,9,64_32_16_4_1,4.211935997009277,2.1059200763702393,99.99544902448933,0.0,4.143327951431274,99.99544902448933,0.0,ok
matmul,cuda,2048,random,9,10,32_32_32_4_4,5.82755184173584,3.7215359210968018,176.70977149914228,0.0,5.883519887924194,176.70977149914228,0.0,ok
matmul,cuda,2048,random,9,11,64_32_16_2_4,4.000800132751465,1.8947842121124268,89.97008016622607,0.0,3.9799360036849976,89.97008016622607,0.0,ok
matmul,cuda,2048,random,9,12,32_128_16_4_4,4.318079948425293,2.212064027786255,105.03548459002334,0.0,4.321599960327148,105.03548459002334,0.0,ok
matmul,cuda,2048,random,9,13,64_32_32_2_2,3.471776008605957,1.365760087966919,64.8504161142571,0.0,4.221663951873779,64.8504161142571,0.0,ok
matmul,cuda,2048,random,9,14,64_32_8_4_2,2.497663974761963,0.3916480541229248,18.59663311586388,0.0,2.987215995788574,18.59663311586388,0.0,ok
matmul,cuda,2048,random,9,15,32_32_16_1_4,4.10041618347168,1.9944002628326416,94.70015128031281,0.0,3.9109920263290405,94.70015128031281,0.0,ok
matmul,sycl,4096,bayesian,0,1,32_32_32_2_2,46.54796600341797,24.596477508544922,112.04924674829972,112.04924674829971,47.379966735839844,112.04924674829972,112.04924674829972,ok
matmul,sycl,4096,bayesian,0,2,64_32_8_2_2,41.5283203125,19.576831817626953,89.18225213838818,89.18225213838818,41.7761287689209,89.18225213838818,89.18225213838818,ok
matmul,sycl,4096,bayesian,0,3,64_32_8_4_4,23.835647583007812,1.8841590881347656,8.583286224871834,8.583286224871843,24.332287788391113,8.583286224871834,8.583286224871834,ok
matmul,sycl,4096,bayesian,0,4,32_64_8_1_4,43.826175689697266,21.87468719482422,99.65013169805425,8.583286224871843,44.6059513092041,99.65013169805425,8.583286224871834,ok
matmul,sycl,4096,bayesian,0,5,32_32_8_4_4,25.383935928344727,3.4324474334716797,15.636513370258953,8.583286224871843,25.52627182006836,15.636513370258953,8.583286224871834,ok
matmul,sycl,4096,bayesian,0,6,64_32_8_4_4,23.835647583007812,1.8841590881347656,8.583286224871834,8.583286224871843,24.2805757522583,8.583286224871834,8.583286224871834,ok
matmul,sycl,4096,bayesian,0,7,128_64_8_4_4,26.54105567932129,4.589567184448242,20.907772088075816,8.583286224871843,25.312255859375,20.907772088075816,8.583286224871834,ok
matmul,sycl,4096,bayesian,0,8,64_32_32_4_2,23.387136459350586,1.435647964477539,6.540093920340961,6.540093920340967,22.3319034576416,6.540093920340961,6.540093920340961,ok
matmul,sycl,4096,bayesian,0,9,64_32_32_4_2,23.387136459350586,1.435647964477539,6.540093920340961,6.540093920340967,22.683135986328125,6.540093920340961,6.540093920340961,ok
matmul,sycl,4096,bayesian,0,10,64_32_32_4_2,23.387136459350586,1.435647964477539,6.540093920340961,6.540093920340967,22.327808380126953,6.540093920340961,6.540093920340961,ok
matmul,sycl,4096,bayesian,0,11,64_32_16_4_4,22.6560001373291,0.7045116424560547,3.2094025998309794,3.209402599830983,23.427584648132324,3.2094025998309794,6.540093920340961,ok
matmul,sycl,4096,bayesian,0,12,64_32_32_4_2,23.387136459350586,1.435647964477539,6.540093920340961,3.209402599830983,22.534656524658203,6.540093920340961,6.540093920340961,ok
matmul,sycl,4096,bayesian,0,13,32_32_32_1_4,60.263423919677734,38.31193542480469,174.53001163794775,3.209402599830983,60.37913513183594,174.53001163794775,6.540093920340961,ok
matmul,sycl,4096,bayesian,0,14,64_32_16_1_4,47.34668731689453,25.395198822021484,115.68782147940783,3.209402599830983,48.311296463012695,115.68782147940783,6.540093920340961,ok
matmul,sycl,4096,bayesian,0,15,64_32_32_4_1,28.93619155883789,6.984703063964844,31.818812950184117,3.209402599830983,28.35353660583496,31.818812950184117,6.540093920340961,ok
matmul,sycl,4096,bayesian,1,1,32_32_32_2_2,46.54796600341797,24.596477508544922,112.04924674829972,112.04924674829971,47.355905532836914,112.04924674829972,112.04924674829972,ok
matmul,sycl,4096,bayesian,1,2,32_32_32_4_1,28.113920211791992,6.162431716918945,28.072956047414422,28.072956047414426,28.578304290771484,28.072956047414422,28.072956047414422,ok
matmul,sycl,4096,bayesian,1,3,32_128_8_2_4,26.075136184692383,4.123647689819336,18.78527595421353,18.785275954213528,26.51084804534912,18.78527595421353,18.78527595421353,ok
matmul,sycl,4096,bayesian,1,4,32_32_32_2_2,46.54796600341797,24.596477508544922,112.04924674829972,18.785275954213528,47.193599700927734,112.04924674829972,18.78527595421353,ok
matmul,sycl,4096,bayesian,1,5,32_32_32_2_4,46.68415832519531,24.732669830322266,112.6696708339336,18.785275954213528,47.55967903137207,112.6696708339336,18.78527595421353,ok
matmul,sycl,4096,bayesian,1,6,32_128_8_2_4,26.075136184692383,4.123647689819336,18.78527595421353,18.785275954213528,26.505727767944336,18.78527595421353,18.78527595421353,ok
matmul,sycl,4096,bayesian,1,7,64_32_32_1_4,59.112449645996094,37.16096115112305,169.2867486403134,18.785275954213528,59.73094367980957,169.2867486403134,18.78527595421353,ok
matmul,sycl,4096,bayesian,1,8,32_128_8_2_4,26.075136184692383,4.123647689819336,18.78527595421353,18.785275954213528,26.578944206237793,18.78527595421353,18.78527595421353,ok
matmul,sycl,4096,bayesian,1,9,32_32_32_2_1,48.72089767456055,26.7694091796875,121.94803639825938,18.785275954213528,49.15353584289551,121.94803639825938,18.78527595421353,ok
matmul,sycl,4096,bayesian,1,10,32_32_32_1_4,60.263423919677734,38.31193542480469,174.53001163794775,18.785275954213528,60.51072120666504,174.53001163794775,18.78527595421353,ok
matmul,sycl,4096,bayesian,1,11,32_64_32_2_4,45.469696044921875,23.518207550048828,107.13718823915607,18.785275954213528,45.85728073120117,107.13718823915607,18.78527595421353,ok
matmul,sycl,4096,bayesian,1,12,32_128_8_2_4,26.075136184692383,4.123647689819336,18.78527595421353,18.785275954213528,26.41203212738037,18.78527595421353,18.78527595421353,ok
matmul,sycl,4096,bayesian,1,13,64_64_16_2_4,46.09331130981445,24.141822814941406,109.9780674125125,18.785275954213528,45.92281723022461,109.9780674125125,18.78527595421353,ok
matmul,sycl,4096,bayesian,1,14,32_128_8_2_4,26.075136184692383,4.123647689819336,18.78527595421353,18.785275954213528,26.71513557434082,18.78527595421353,18.78527595421353,ok
matmul,sycl,4096,bayesian,1,15,128_64_32_4_4,23.10860824584961,1.1571197509765625,5.271258717816862,5.2712587178168695,22.820863723754883,5.271258717816862,5.271258717816862,ok
matmul,sycl,4096,bayesian,2,1,32_32_32_2_2,46.54796600341797,24.596477508544922,112.04924674829972,112.04924674829971,47.409664154052734,112.04924674829972,112.04924674829972,ok
matmul,sycl,4096,bayesian,2,2,32_64_16_4_2,22.370304107666016,0.41881561279296875,1.9079144126868064,1.9079144126868053,22.331904411315918,1.9079144126868064,1.9079144126868064,ok
matmul,sycl,4096,bayesian,2,3,32_64_16_1_4,65.76025390625,43.80876541137695,199.57081917979664,1.9079144126868053,66.35827255249023,199.57081917979664,1.9079144126868064,ok
matmul,sycl,4096,bayesian,2,4,32_32_16_1_4,48.32767868041992,26.376190185546875,120.15672737503542,1.9079144126868053,48.70195198059082,120.15672737503542,1.9079144126868064,ok
matmul,sycl,4096,bayesian,2,5,32_128_16_4_2,24.52992057800293,2.578432083129883,11.746046668917675,1.9079144126868053,24.778751373291016,11.746046668917675,1.9079144126868064,ok
matmul,sycl,4096,bayesian,2,6,64_32_8_2_4,26.73971176147461,4.7882232666015625,21.812749817489106,1.9079144126868053,27.185152053833008,21.812749817489106,1.9079144126868064,ok
matmul,sycl,4096,bayesian,2,7,32_64_16_4_2,22.370304107666016,0.41881561279296875,1.9079144126868064,1.9079144126868053,22.357504844665527,1.9079144126868064,1.9079144126868064,ok
matmul,sycl,4096,bayesian,2,8,32_64_8_2_2,35.71712112426758,13.765632629394531,62.709335781988585,1.9079144126868053,36.20556831359863,62.709335781988585,1.9079144126868064,ok
matmul,sycl,4096,bayesian,2,9,128_32_8_4_2,32.09523010253906,10.143741607666016,46.20981219581155,1.9079144126868053,31.746560096740723,46.20981219581155,1.9079144126868064,ok
matmul,sycl,4096,bayesian,2,10,128_32_16_4_4,23.974912643432617,2.0234241485595703,9.217708170596994,1.9079144126868053,23.368192672729492,9.217708170596994,1.9079144126868064,ok
matmul,sycl,4096,bayesian,2,11,64_32_16_4_2,22.70412826538086,0.7526397705078125,3.4286502743702263,1.9079144126868053,22.86079978942871,3.4286502743702263,1.9079144126868064,ok
matmul,sycl,4096,bayesian,2,12,32_64_16_4_2,22.370304107666016,0.41881561279296875,1.9079144126868064,1.9079144126868053,22.399487495422363,1.9079144126868064,1.9079144126868064,ok
matmul,sycl,4096,bayesian,2,13,64_32_32_4_1,28.93619155883789,6.984703063964844,31.818812950184117,1.9079144126868053,28.495872497558594,31.818812950184117,1.9079144126868064,ok
matmul,sycl,4096,bayesian,2,14,32_32_16_2_2,48.25088119506836,26.299392700195312,119.80687645094208,1.9079144126868053,48.45414352416992,119.80687645094208,1.9079144126868064,ok
matmul,sycl,4096,bayesian,2,15,64_32_16_2_2,47.224830627441406,25.27334213256836,115.13270336301412,1.9079144126868053,47.582719802856445,115.13270336301412,1.9079144126868064,ok
matmul,sycl,4096,bayesian,3,1,32_32_32_2_2,46.54796600341797,24.596477508544922,112.04924674829972,112.04924674829971,47.224321365356445,112.04924674829972,112.04924674829972,ok
matmul,sycl,4096,bayesian,3,2,32_64_8_2_2,35.71712112426758,13.765632629394531,62.709335781988585,62.709335781988585,35.91526412963867,62.709335781988585,62.709335781988585,ok
matmul,sycl,4096,bayesian,3,3,128_64_32_4_4,23.10860824584961,1.1571197509765625,5.271258717816862,5.2712587178168695,22.756352424621582,5.271258717816862,5.271258717816862,ok
matmul,sycl,4096,bayesian,3,4,64_32_8_4_1,35.895294189453125,13.943805694580078,63.521003133053,5.2712587178168695,36.1661434173584,63.521003133053,5.271258717816862,ok
matmul,sycl,4096,bayesian,3,5,64_32_32_4_1,28.93619155883789,6.984703063964844,31.818812950184117,5.2712587178168695,28.42623996734619,31.818812950184117,5.271258717816862,ok
matmul,sycl,4096,bayesian,3,6,128_64_32_4_4,23.10860824584961,1.1571197509765625,5.271258717816862,5.2712587178168695,22.91763210296631,5.271258717816862,5.271258717816862,ok
matmul,sycl,4096,bayesian,3,7,64_32_16_4_1,29.498367309570312,7.546878814697266,34.379804433124896,5.2712587178168695,29.784576416015625,34.379804433124896,5.271258717816862,ok
matmul,sycl,4096,bayesian,3,8,32_32_32_4_2,21.951488494873047,0.0,0.0,0.0,22.60633659362793,0.0,0.0,ok
matmul,sycl,4096,bayesian,3,9,64_64_8_2_4,29.55673599243164,7.605247497558594,34.64570295237548,0.0,29.055999755859375,34.64570295237548,0.0,ok
matmul,sycl,4096,bayesian,3,10,64_32_8_1_4,44.228607177734375,22.277118682861328,101.48340823477339,0.0,44.482046127319336,101.48340823477339,0.0,ok
matmul,sycl,4096,bayesian,3,11,32_32_32_4_2,21.951488494873047,0.0,0.0,0.0,22.804479598999023,0.0,0.0,ok
matmul,sycl,4096,bayesian,3,12,32_32_8_4_2,24.51456069946289,2.5630722045898438,11.676074746313759,0.0,25.119744300842285,11.676074746313759,0.0,ok
matmul,sycl,4096,bayesian,3,13,64_64_8_4_4,25.188352584838867,3.2368640899658203,14.745533500936926,0.0,24.837632179260254,14.745533500936926,0.0,ok
matmul,sycl,4096,bayesian,3,14,32_32_32_4_2,21.951488494873047,0.0,0.0,0.0,22.85977554321289,0.0,0.0,ok
matmul,sycl,4096,bayesian,3,15,64_128_16_4_4,36.02329635620117,14.071807861328125,64.10411696962926,0.0,35.50054359436035,64.10411696962926,0.0,ok
matmul,sycl,4096,bayesian,4,1,32_32_32_2_2,46.54796600341797,24.596477508544922,112.04924674829972,112.04924674829971,47.342079162597656,112.04924674829972,112.04924674829972,ok
matmul,sycl,4096,bayesian,4,2,128_32_32_4_4,25.159679412841797,3.20819091796875,14.614912873530429,14.61491287353042,24.465919494628906,14.614912873530429,14.614912873530429,ok
matmul,sycl,4096,bayesian,4,3,64_32_8_2_2,41.5283203125,19.576831817626953,89.18225213838818,14.61491287353042,41.76639938354492,89.18225213838818,14.614912873530429,ok
matmul,sycl,4096,bayesian,4,4,128_32_32_4_4,25.159679412841797,3.20819091796875,14.614912873530429,14.61491287353042,24.49612808227539,14.614912873530429,14.614912873530429,ok
matmul,sycl,4096,bayesian,4,5,32_64_32_2_2,45.60588836669922,23.654399871826172,107.75761232479,14.61491287353042,46.25561714172363,107.75761232479,14.614912873530429,ok
matmul,sycl,4096,bayesian,4,6,64_32_16_4_1,29.498367309570312,7.546878814697266,34.379804433124896,14.61491287353042,29.76460838317871,34.379804433124896,14.614912873530429,ok
matmul,sycl,4096,bayesian,4,7,32_32_16_2_1,37.396480560302734,15.444992065429688,70.35965724619082,14.61491287353042,38.08358383178711,70.35965724619082,14.614912873530429,ok
matmul,sycl,4096,bayesian,4,8,32_64_16_2_4,46.34726333618164,24.395774841308594,111.13494580108511,14.61491287353042,46.842878341674805,111.13494580108511,14.614912873530429,ok
matmul,sycl,4096,bayesian,4,9,128_32_8_2_4,32.22528076171875,10.273792266845703,46.8022579391153,14.61491287353042,31.81772804260254,46.8022579391153,14.614912873530429,ok
matmul,sycl,4096,bayesian,4,10,32_32_8_2_4,28.505088806152344,6.553600311279297,29.854924474984678,14.61491287353042,28.06118392944336,29.854924474984678,14.614912873530429,ok
matmul,sycl,4096,bayesian,4,11,32_32_16_2_2,48.25088119506836,26.299392700195312,119.80687645094208,14.61491287353042,48.47206497192383,119.80687645094208,14.614912873530429,ok
matmul,sycl,4096,bayesian,4,12,128_32_32_4_4,25.159679412841797,3.20819091796875,14.614912873530429,14.61491287353042,23.649279594421387,14.614912873530429,14.614912873530429,ok
matmul,sycl,4096,bayesian,4,13,128_32_32_4_4,25.159679412841797,3.20819091796875,14.614912873530429,14.61491287353042,23.697919845581055,14.614912873530429,14.614912873530429,ok
matmul,sycl,4096,bayesian,4,14,64_64_8_4_4,25.188352584838867,3.2368640899658203,14.745533500936926,14.61491287353042,23.971328735351562,14.745533500936926,14.614912873530429,ok
matmul,sycl,4096,bayesian,4,15,64_32_8_1_4,44.228607177734375,22.277118682861328,101.48340823477339,14.61491287353042,43.49747276306152,101.48340823477339,14.614912873530429,ok
matmul,sycl,4096,bayesian,5,1,32_32_32_2_2,46.54796600341797,24.596477508544922,112.04924674829972,112.04924674829971,46.36569595336914,112.04924674829972,112.04924674829972,ok
matmul,sycl,4096,bayesian,5,2,32_32_8_4_2,24.51456069946289,2.5630722045898438,11.676074746313759,11.676074746313766,24.334848403930664,11.676074746313759,11.676074746313759,ok
matmul,sycl,4096,bayesian,5,3,128_32_16_4_2,25.595903396606445,3.6444149017333984,16.602131115548644,11.676074746313766,24.181760787963867,16.602131115548644,16.602131115548644,ok
matmul,sycl,4096,bayesian,5,4,32_64_8_4_1,35.164161682128906,13.21267318725586,60.190329190395396,11.676074746313766,35.165184020996094,60.190329190395396,16.602131115548644,ok
matmul,sycl,4096,bayesian,5,5,64_64_8_4_2,25.167871475219727,3.2163829803466797,14.652231811514248,11.676074746313766,23.964672088623047,14.652231811514248,14.652231811514248,ok
matmul,sycl,4096,bayesian,5,6,32_32_16_1_4,48.32767868041992,26.376190185546875,120.15672737503542,11.676074746313766,47.74758529663086,120.15672737503542,14.652231811514248,ok
matmul,sycl,4096,bayesian,5,7,128_32_32_4_2,23.03999900817871,1.088510513305664,4.958709353854962,4.958709353854955,21.557759284973145,4.958709353854962,4.958709353854962,ok
matmul,sycl,4096,bayesian,5,8,64_32_8_4_1,35.895294189453125,13.943805694580078,63.521003133053,4.958709353854955,35.64083290100098,63.521003133053,4.958709353854962,ok
matmul,sycl,4096,bayesian,5,9,64_32_16_1_4,47.34668731689453,25.395198822021484,115.68782147940783,4.958709353854955,47.387136459350586,115.68782147940783,4.958709353854962,ok
matmul,sycl,4096,bayesian,5,10,64_32_32_4_2,23.387136459350586,1.435647964477539,6.540093920340961,4.958709353854955,21.634559631347656,6.540093920340961,4.958709353854962,ok
matmul,sycl,4096,bayesian,5,11,32_64_32_4_4,23.435264587402344,1.4837760925292969,6.759341594880208,4.958709353854955,23.360511779785156,6.759341594880208,4.958709353854962,ok
matmul,sycl,4096,bayesian,5,12,128_32_32_4_2,23.03999900817871,1.088510513305664,4.958709353854962,4.958709353854955,21.616127967834473,4.958709353854962,4.958709353854962,ok
matmul,sycl,4096,bayesian,5,13,128_32_32_4_2,23.03999900817871,1.088510513305664,4.958709353854962,4.958709353854955,21.74668788909912,4.958709353854962,4.958709353854962,ok
matmul,sycl,4096,bayesian,5,14,128_32_32_4_2,23.03999900817871,1.088510513305664,4.958709353854962,4.958709353854955,21.561344146728516,4.958709353854962,4.958709353854962,ok
matmul,sycl,4096,bayesian,5,15,64_64_32_4_4,23.769088745117188,1.8176002502441406,8.280077456563628,4.958709353854955,22.238719940185547,8.280077456563628,4.958709353854962,ok
matmul,sycl,4096,bayesian,6,1,32_32_32_2_2,46.54796600341797,24.596477508544922,112.04924674829972,112.04924674829971,47.35385704040527,112.04924674829972,112.04924674829972,ok
matmul,sycl,4096,bayesian,6,2,32_32_32_1_4,60.263423919677734,38.31193542480469,174.53001163794775,112.04924674829971,60.38323211669922,174.53001163794775,112.04924674829972,ok
matmul,sycl,4096,bayesian,6,3,32_64_8_2_2,35.71712112426758,13.765632629394531,62.709335781988585,62.709335781988585,36.20607948303223,62.709335781988585,62.709335781988585,ok
matmul,sycl,4096,bayesian,6,4,32_64_32_2_2,45.60588836669922,23.654399871826172,107.75761232479,62.709335781988585,46.171648025512695,107.75761232479,62.709335781988585,ok
matmul,sycl,4096,bayesian,6,5,64_32_16_2_2,47.224830627441406,25.27334213256836,115.13270336301412,62.709335781988585,47.62009620666504,115.13270336301412,62.709335781988585,ok
matmul,sycl,4096,bayesian,6,6,32_128_16_4_2,24.52992057800293,2.578432083129883,11.746046668917675,11.746046668917678,24.76799964904785,11.746046668917675,11.746046668917675,ok
matmul,sycl,4096,bayesian,6,7,32_64_32_1_4,71.8950424194336,49.94355392456055,227.51784661994688,11.746046668917678,72.2165756225586,227.51784661994688,11.746046668917675,ok
matmul,sycl,4096,bayesian,6,8,64_32_32_2_4,47.1357421875,25.184253692626953,114.72686099855571,11.746046668917678,46.800384521484375,114.72686099855571,11.746046668917675,ok
matmul,sycl,4096,bayesian,6,9,32_32_32_1_2,60.711936950683594,38.76044845581055,176.5732126314048,11.746046668917678,61.273088455200195,176.5732126314048,11.746046668917675,ok
matmul,sycl,4096,bayesian,6,10,32_128_16_4_2,24.52992057800293,2.578432083129883,11.746046668917675,11.746046668917678,24.715776443481445,11.746046668917675,11.746046668917675,ok
matmul,sycl,4096,bayesian,6,11,32_32_16_2_4,48.05324935913086,26.101760864257812,118.90656467489254,11.746046668917678,48.41574287414551,118.90656467489254,11.746046668917675,ok
matmul,sycl,4096,bayesian,6,12,32_128_16_4_2,24.52992057800293,2.578432083129883,11.746046668917675,11.746046668917678,24.577024459838867,11.746046668917675,11.746046668917675,ok
matmul,sycl,4096,bayesian,6,13,64_64_8_4_2,25.167871475219727,3.2163829803466797,14.652231811514248,11.746046668917678,24.72550392150879,14.652231811514248,11.746046668917675,ok
matmul,sycl,4096,bayesian,6,14,64_32_32_4_1,28.93619155883789,6.984703063964844,31.818812950184117,11.746046668917678,28.36070442199707,31.818812950184117,11.746046668917675,ok
matmul,sycl,4096,bayesian,6,15,64_32_16_4_2,22.70412826538086,0.7526397705078125,3.4286502743702263,3.4286502743702223,22.64678382873535,3.4286502743702263,3.4286502743702263,ok
matmul,sycl,4096,bayesian,7,1,32_32_32_2_2,46.54796600341797,24.596477508544922,112.04924674829972,112.04924674829971,47.44755172729492,112.04924674829972,112.04924674829972,ok
matmul,sycl,4096,bayesian,7,2,32_32_8_1_4,41.52012634277344,19.56863784790039,89.14492451147815,89.14492451147817,40.892927169799805,89.14492451147815,89.14492451147815,ok
matmul,sycl,4096,bayesian,7,3,128_32_32_2_4,46.688255310058594,24.736766815185547,112.68833464738859,89.14492451147817,46.728193283081055,112.68833464738859,89.14492451147815,ok
matmul,sycl,4096,bayesian,7,4,64_64_8_4_4,25.188352584838867,3.2368640899658203,14.745533500936926,14.745533500936927,24.80076789855957,14.745533500936926,14.745533500936926,ok
matmul,sycl,4096,bayesian,7,5,32_32_16_2_2,48.25088119506836,26.299392700195312,119.80687645094208,14.745533500936927,48.49664115905762,119.80687645094208,14.745533500936926,ok
matmul,sycl,4096,bayesian,7,6,32_64_16_4_2,22.370304107666016,0.41881561279296875,1.9079144126868064,1.9079144126868053,22.331392288208008,1.9079144126868064,1.9079144126868064,ok
matmul,sycl,4096,bayesian,7,7,32_64_16_4_2,22.370304107666016,0.41881561279296875,1.9079144126868064,1.9079144126868053,22.361599922180176,1.9079144126868064,1.9079144126868064,ok
matmul,sycl,4096,bayesian,7,8,32_64_16_4_1,28.209152221679688,6.257663726806641,28.506785443129147,1.9079144126868053,28.340224266052246,28.506785443129147,1.9079144126868064,ok
matmul,sycl,4096,bayesian,7,9,32_32_16_4_2,22.66828727722168,0.7167987823486328,3.265376662343633,1.9079144126868053,23.483903884887695,3.265376662343633,1.9079144126868064,ok
matmul,sycl,4096,bayesian,7,10,32_64_16_4_2,22.370304107666016,0.41881561279296875,1.9079144126868064,1.9079144126868053,22.48908805847168,1.9079144126868064,1.9079144126868064,ok
matmul,sycl,4096,bayesian,7,11,32_128_16_2_4,64.50688171386719,42.55539321899414,193.86108249075366,1.9079144126868053,64.9062385559082,193.86108249075366,1.9079144126868064,ok
matmul,sycl,4096,bayesian,7,12,32_64_16_4_2,22.370304107666016,0.41881561279296875,1.9079144126868064,1.9079144126868053,22.447616577148438,1.9079144126868064,1.9079144126868064,ok
matmul,sycl,4096,bayesian,7,13,64_128_8_4_4,37.328895568847656,15.37740707397461,70.05177383559267,1.9079144126868053,36.65715217590332,70.05177383559267,1.9079144126868064,ok
matmul,sycl,4096,bayesian,7,14,64_64_16_4_2,24.253440856933594,2.301952362060547,10.486543373121094,1.9079144126868053,24.036863327026367,10.486543373121094,1.9079144126868064,ok
matmul,sycl,4096,bayesian,7,15,32_128_32_4_2,22.527999877929688,0.5765113830566406,2.6262974521809257,1.9079144126868053,22.89049530029297,2.6262974521809257,1.9079144126868064,ok
matmul,sycl,4096,bayesian,8,1,32_32_32_2_2,46.54796600341797,24.596477508544922,112.04924674829972,112.04924674829971,47.52998352050781,112.04924674829972,112.04924674829972,ok
matmul,sycl,4096,bayesian,8,2,64_32_16_2_4,47.296512603759766,25.34502410888672,115.4592505870673,112.04924674829971,47.598079681396484,115.4592505870673,112.04924674829972,ok
matmul,sycl,4096,bayesian,8,3,64_32_32_2_4,47.1357421875,25.184253692626953,114.72686099855571,112.04924674829971,46.702592849731445,114.72686099855571,114.72686099855571,ok
matmul,sycl,4096,bayesian,8,4,32_32_32_2_2,46.54796600341797,24.596477508544922,112.04924674829972,112.04924674829971,47.31647872924805,112.04924674829972,114.72686099855571,ok
matmul,sycl,4096,bayesian,8,5,128_64_8_4_4,26.54105567932129,4.589567184448242,20.907772088075816,20.90777208807582,25.351167678833008,20.907772088075816,20.907772088075816,ok
matmul,sycl,4096,bayesian,8,6,32_64_8_2_4,25.489408493041992,3.5379199981689453,16.116993610685014,16.116993610685014,25.772543907165527,16.116993610685014,20.907772088075816,ok
matmul,sycl,4096,bayesian,8,7,128_64_8_4_4,26.54105567932129,4.589567184448242,20.907772088075816,16.116993610685014,25.41926383972168,20.907772088075816,20.907772088075816,ok
matmul,sycl,4096,bayesian,8,8,64_32_16_2_2,47.224830627441406,25.27334213256836,115.13270336301412,16.116993610685014,47.4147834777832,115.13270336301412,20.907772088075816,ok
matmul,sycl,4096,bayesian,8,9,128_32_16_2_4,47.22585678100586,25.274368286132812,115.13737800530409,16.116993610685014,47.030784606933594,115.13737800530409,20.907772088075816,ok
matmul,sycl,4096,bayesian,8,10,64_64_8_4_2,25.167871475219727,3.2163829803466797,14.652231811514248,14.652231811514252,24.77567958831787,14.652231811514248,14.652231811514248,ok
matmul,sycl,4096,bayesian,8,11,32_64_16_2_2,46.329856872558594,24.378368377685547,111.05565066067986,14.652231811514252,46.931968688964844,111.05565066067986,14.652231811514248,ok
matmul,sycl,4096,bayesian,8,12,32_64_32_2_4,45.469696044921875,23.518207550048828,107.13718823915607,14.652231811514252,45.981184005737305,107.13718823915607,14.652231811514248,ok
matmul,sycl,4096,bayesian,8,13,32_64_16_1_4,65.76025390625,43.80876541137695,199.57081917979664,14.652231811514252,66.37926483154297,199.57081917979664,14.652231811514248,ok
matmul,sycl,4096,bayesian,8,14,64_64_8_4_2,25.167871475219727,3.2163829803466797,14.652231811514248,14.652231811514252,24.636415481567383,14.652231811514248,14.652231811514248,ok
matmul,sycl,4096,bayesian,8,15,64_64_8_4_2,25.167871475219727,3.2163829803466797,14.652231811514248,14.652231811514252,24.60313606262207,14.652231811514248,14.652231811514248,ok
matmul,sycl,4096,bayesian,9,1,32_32_32_2_2,46.54796600341797,24.596477508544922,112.04924674829972,112.04924674829971,47.26937675476074,112.04924674829972,112.04924674829972,ok
matmul,sycl,4096,bayesian,9,2,32_32_8_1_4,41.52012634277344,19.56863784790039,89.14492451147815,89.14492451147817,40.84582328796387,89.14492451147815,89.14492451147815,ok
matmul,sycl,4096,bayesian,9,3,64_64_32_2_4,45.94892883300781,23.997440338134766,109.32033307782096,89.14492451147817,45.39750289916992,109.32033307782096,89.14492451147815,ok
matmul,sycl,4096,bayesian,9,4,32_64_32_2_4,45.469696044921875,23.518207550048828,107.13718823915607,89.14492451147817,45.84601593017578,107.13718823915607,89.14492451147815,ok
matmul,sycl,4096,bayesian,9,5,32_32_32_4_1,28.113920211791992,6.162431716918945,28.072956047414422,28.072956047414426,28.774911880493164,28.072956047414422,28.072956047414422,ok
matmul,sycl,4096,bayesian,9,6,32_32_16_4_2,22.66828727722168,0.7167987823486328,3.265376662343633,3.2653766623436367,23.239168167114258,3.265376662343633,3.265376662343633,ok
matmul,sycl,4096,bayesian,9,7,32_64_8_1_4,43.826175689697266,21.87468719482422,99.65013169805425,3.2653766623436367,44.51584053039551,99.65013169805425,3.265376662343633,ok
matmul,sycl,4096,bayesian,9,8,32_32_32_4_4,23.407615661621094,1.4561271667480469,6.6333869208374585,3.2653766623436367,23.762432098388672,6.6333869208374585,3.265376662343633,ok
matmul,sycl,4096,bayesian,9,9,32_32_16_4_2,22.66828727722168,0.7167987823486328,3.265376662343633,3.2653766623436367,23.29599952697754,3.265376662343633,3.265376662343633,ok
matmul,sycl,4096,bayesian,9,10,32_32_16_4_4,23.840768814086914,1.8892803192138672,8.606615991690614,3.2653766623436367,24.68556785583496,8.606615991690614,3.265376662343633,ok
matmul,sycl,4096,bayesian,9,11,32_128_16_2_4,64.50688171386719,42.55539321899414,193.86108249075366,3.2653766623436367,65.01836776733398,193.86108249075366,3.265376662343633,ok
matmul,sycl,4096,bayesian,9,12,32_32_16_4_2,22.66828727722168,0.7167987823486328,3.265376662343633,3.2653766623436367,23.175167083740234,3.265376662343633,3.265376662343633,ok
matmul,sycl,4096,bayesian,9,13,32_32_16_4_2,22.66828727722168,0.7167987823486328,3.265376662343633,3.2653766623436367,23.41324806213379,3.265376662343633,3.265376662343633,ok
matmul,sycl,4096,bayesian,9,14,32_32_16_4_2,22.66828727722168,0.7167987823486328,3.265376662343633,3.2653766623436367,23.037951469421387,3.265376662343633,3.265376662343633,ok
matmul,sycl,4096,bayesian,9,15,32_64_8_2_2,35.71712112426758,13.765632629394531,62.709335781988585,3.2653766623436367,36.09395217895508,62.709335781988585,3.265376662343633,ok
matmul,sycl,4096,random,0,1,32_32_32_2_2,46.54796600341797,24.596477508544922,112.04924674829972,112.04924674829971,47.230464935302734,112.04924674829972,112.04924674829972,ok
matmul,sycl,4096,random,0,2,32_128_32_4_4,36.03456115722656,14.083072662353516,64.15543376770434,64.15543376770434,36.62847900390625,64.15543376770434,64.15543376770434,ok
matmul,sycl,4096,random,0,3,64_32_8_4_1,35.895294189453125,13.943805694580078,63.521003133053,63.521003133053,36.26495933532715,63.521003133053,63.521003133053,ok
matmul,sycl,4096,random,0,4,32_32_8_4_1,33.39161682128906,11.440128326416016,52.11550154827975,52.11550154827975,33.73516845703125,52.11550154827975,52.11550154827975,ok
matmul,sycl,4096,random,0,5,32_64_16_4_2,22.370304107666016,0.41881561279296875,1.9079144126868064,1.9079144126868053,22.26022434234619,1.9079144126868064,1.9079144126868064,ok
matmul,sycl,4096,random,0,6,64_32_32_4_1,28.93619155883789,6.984703063964844,31.818812950184117,1.9079144126868053,28.26495933532715,31.818812950184117,1.9079144126868064,ok
matmul,sycl,4096,random,0,7,64_32_32_1_4,59.112449645996094,37.16096115112305,169.2867486403134,1.9079144126868053,59.84051322937012,169.2867486403134,1.9079144126868064,ok
matmul,sycl,4096,random,0,8,64_32_8_2_2,41.5283203125,19.576831817626953,89.18225213838818,1.9079144126868053,41.79097557067871,89.18225213838818,1.9079144126868064,ok
matmul,sycl,4096,random,0,9,32_64_32_4_1,27.805696487426758,5.854207992553711,26.66884295304626,1.9079144126868053,28.073984146118164,26.66884295304626,1.9079144126868064,ok
matmul,sycl,4096,random,0,10,64_32_16_4_4,22.6560001373291,0.7045116424560547,3.2094025998309794,1.9079144126868053,23.360511779785156,3.2094025998309794,1.9079144126868064,ok
matmul,sycl,4096,random,0,11,32_128_16_4_2,24.52992057800293,2.578432083129883,11.746046668917675,1.9079144126868053,24.590847969055176,11.746046668917675,1.9079144126868064,ok
matmul,sycl,4096,random,0,12,64_64_32_2_4,45.94892883300781,23.997440338134766,109.32033307782096,1.9079144126868053,45.44051170349121,109.32033307782096,1.9079144126868064,ok
matmul,sycl,4096,random,0,13,32_64_8_4_2,22.922239303588867,0.9707508087158203,4.422255050916246,1.9079144126868053,23.21510410308838,4.422255050916246,1.9079144126868064,ok
matmul,sycl,4096,random,0,14,64_32_32_2_4,47.1357421875,25.184253692626953,114.72686099855571,1.9079144126868053,46.448638916015625,114.72686099855571,1.9079144126868064,ok
matmul,sycl,4096,random,0,15,32_32_32_1_4,60.263423919677734,38.31193542480469,174.53001163794775,1.9079144126868053,60.50662422180176,174.53001163794775,1.9079144126868064,ok
matmul,sycl,4096,random,1,1,32_32_32_2_2,46.54796600341797,24.596477508544922,112.04924674829972,112.04924674829971,47.46956825256348,112.04924674829972,112.04924674829972,ok
matmul,sycl,4096,random,1,2,64_32_8_4_2,24.54425621032715,2.5927677154541016,11.811352638157846,11.811352638157837,24.643583297729492,11.811352638157846,11.811352638157846,ok
matmul,sycl,4096,random,1,3,128_32_16_4_4,23.974912643432617,2.0234241485595703,9.217708170596994,9.217708170596985,23.70150375366211,9.217708170596994,9.217708170596994,ok
matmul,sycl,4096,random,1,4,32_32_16_2_4,48.05324935913086,26.101760864257812,118.90656467489254,9.217708170596985,48.41215896606445,118.90656467489254,9.217708170596994,ok
matmul,sycl,4096,random,1,5,64_32_8_1_4,44.228607177734375,22.277118682861328,101.48340823477339,9.217708170596985,44.387840270996094,101.48340823477339,9.217708170596994,ok
matmul,sycl,4096,random,1,6,32_128_16_4_2,24.52992057800293,2.578432083129883,11.746046668917675,9.217708170596985,24.721407890319824,11.746046668917675,9.217708170596994,ok
matmul,sycl,4096,random,1,7,32_32_16_1_2,43.217918395996094,21.266429901123047,96.87921575837557,9.217708170596985,43.500030517578125,96.87921575837557,9.217708170596994,ok
matmul,sycl,4096,random,1,8,64_32_16_4_1,29.498367309570312,7.546878814697266,34.379804433124896,9.217708170596985,29.826560020446777,34.379804433124896,9.217708170596994,ok
matmul,sycl,4096,random,1,9,32_32_32_4_2,21.951488494873047,0.0,0.0,0.0,22.910463333129883,0.0,0.0,ok
matmul,sycl,4096,random,1,10,64_64_8_2_4,29.55673599243164,7.605247497558594,34.64570295237548,0.0,29.05087947845459,34.64570295237548,0.0,ok
matmul,sycl,4096,random,1,11,64_32_8_4_4,23.835647583007812,1.8841590881347656,8.583286224871834,0.0,24.170495986938477,8.583286224871834,0.0,ok
matmul,sycl,4096,random,1,12,32_32_32_1_2,60.711936950683594,38.76044845581055,176.5732126314048,0.0,61.080575942993164,176.5732126314048,0.0,ok
matmul,sycl,4096,random,1,13,32_64_8_4_4,24.603647232055664,2.652158737182617,12.081908421845977,0.0,24.956928253173828,12.081908421845977,0.0,ok
matmul,sycl,4096,random,1,14,32_64_16_2_2,46.329856872558594,24.378368377685547,111.05565066067986,0.0,46.91763114929199,111.05565066067986,0.0,ok
matmul,sycl,4096,random,1,15,32_128_16_4_4,35.44780731201172,13.496318817138672,61.48247678188588,0.0,35.99103927612305,61.48247678188588,0.0,ok
matmul,sycl,4096,random,2,1,32_32_32_2_2,46.54796600341797,24.596477508544922,112.04924674829972,112.04924674829971,47.18592071533203,112.04924674829972,112.04924674829972,ok
matmul,sycl,4096,random,2,2,64_32_16_2_2,47.224830627441406,25.27334213256836,115.13270336301412,112.04924674829971,47.44806480407715,115.13270336301412,112.04924674829972,ok
matmul,sycl,4096,random,2,3,32_32_8_4_2,24.51456069946289,2.5630722045898438,11.676074746313759,11.676074746313766,24.969216346740723,11.676074746313759,11.676074746313759,ok
matmul,sycl,4096,random,2,4,64_32_16_4_2,22.70412826538086,0.7526397705078125,3.4286502743702263,3.4286502743702223,22.726655960083008,3.4286502743702263,3.4286502743702263,ok
matmul,sycl,4096,random,2,5,32_64_16_4_1,28.209152221679688,6.257663726806641,28.506785443129147,3.4286502743702223,28.642303466796875,28.506785443129147,3.4286502743702263,ok
matmul,sycl,4096,random,2,6,128_64_16_4_4,24.29132843017578,2.3398399353027344,10.65914020294898,3.4286502743702223,23.521791458129883,10.65914020294898,3.4286502743702263,ok
matmul,sycl,4096,random,2,7,32_64_8_1_4,43.826175689697266,21.87468719482422,99.65013169805425,3.4286502743702223,44.32793617248535,99.65013169805425,3.4286502743702263,ok
matmul,sycl,4096,random,2,8,64_64_16_4_4,23.931903839111328,1.9804153442382812,9.021781573950328,3.4286502743702223,23.643136024475098,9.021781573950328,3.4286502743702263,ok
matmul,sycl,4096,random,2,9,128_32_8_4_2,32.09523010253906,10.143741607666016,46.20981219581155,3.4286502743702223,31.705599784851074,46.20981219581155,3.4286502743702263,ok
matmul,sycl,4096,random,2,10,32_32_32_1_4,60.263423919677734,38.31193542480469,174.53001163794775,3.4286502743702223,60.57676696777344,174.53001163794775,3.4286502743702263,ok
matmul,sycl,4096,random,2,11,64_32_8_2_2,41.5283203125,19.576831817626953,89.18225213838818,3.4286502743702223,41.69164848327637,89.18225213838818,3.4286502743702263,ok
matmul,sycl,4096,random,2,12,32_64_8_2_2,35.71712112426758,13.765632629394531,62.709335781988585,3.4286502743702223,36.048383712768555,62.709335781988585,3.4286502743702263,ok
matmul,sycl,4096,random,2,13,128_32_16_2_4,47.22585678100586,25.274368286132812,115.13737800530409,3.4286502743702223,47.17465591430664,115.13737800530409,3.4286502743702263,ok
matmul,sycl,4096,random,2,14,32_32_32_2_1,48.72089767456055,26.7694091796875,121.94803639825938,3.4286502743702223,49.31839942932129,121.94803639825938,3.4286502743702263,ok
matmul,sycl,4096,random,2,15,64_64_8_2_4,29.55673599243164,7.605247497558594,34.64570295237548,3.4286502743702223,29.014016151428223,34.64570295237548,3.4286502743702263,ok
matmul,sycl,4096,random,3,1,32_32_32_2_2,46.54796600341797,24.596477508544922,112.04924674829972,112.04924674829971,47.35129737854004,112.04924674829972,112.04924674829972,ok
matmul,sycl,4096,random,3,2,128_32_8_4_2,32.09523010253906,10.143741607666016,46.20981219581155,46.20981219581156,31.831552505493164,46.20981219581155,46.20981219581155,ok
matmul,sycl,4096,random,3,3,32_32_32_1_2,60.711936950683594,38.76044845581055,176.5732126314048,46.20981219581156,61.25823974609375,176.5732126314048,46.20981219581155,ok
matmul,sycl,4096,random,3,4,32_64_32_4_2,21.951488494873047,0.0,0.0,0.0,22.030848503112793,0.0,0.0,ok
matmul,sycl,4096,random,3,5,32_32_16_2_1,37.396480560302734,15.444992065429688,70.35965724619082,0.0,38.16396903991699,70.35965724619082,0.0,ok
matmul,sycl,4096,random,3,6,32_64_32_1_4,71.8950424194336,49.94355392456055,227.51784661994688,0.0,71.94163131713867,227.51784661994688,0.0,ok
matmul,sycl,4096,random,3,7,128_64_32_4_4,23.10860824584961,1.1571197509765625,5.271258717816862,0.0,22.95859146118164,5.271258717816862,0.0,ok
matmul,sycl,4096,random,3,8,128_32_8_4_4,25.380863189697266,3.4293746948242188,15.62251551016769,0.0,24.976896286010742,15.62251551016769,0.0,ok
matmul,sycl,4096,random,3,9,32_32_32_2_1,48.72089767456055,26.7694091796875,121.94803639825938,0.0,49.06393623352051,121.94803639825938,0.0,ok
matmul,sycl,4096,random,3,10,64_128_8_4_4,37.328895568847656,15.37740707397461,70.05177383559267,0.0,36.554752349853516,70.05177383559267,0.0,ok
matmul,sycl,4096,random,3,11,128_32_32_2_4,46.688255310058594,24.736766815185547,112.68833464738859,0.0,46.641151428222656,112.68833464738859,0.0,ok
matmul,sycl,4096,random,3,12,64_32_16_1_4,47.34668731689453,25.395198822021484,115.68782147940783,0.0,48.09932899475098,115.68782147940783,0.0,ok
matmul,sycl,4096,random,3,13,32_64_32_4_1,27.805696487426758,5.854207992553711,26.66884295304626,0.0,28.202495574951172,26.66884295304626,0.0,ok
matmul,sycl,4096,random,3,14,32_64_8_4_4,24.603647232055664,2.652158737182617,12.081908421845977,0.0,25.002495765686035,12.081908421845977,0.0,ok
matmul,sycl,4096,random,3,15,32_64_8_1_4,43.826175689697266,21.87468719482422,99.65013169805425,0.0,44.37606239318848,99.65013169805425,0.0,ok
matmul,sycl,4096,random,4,1,32_32_32_2_2,46.54796600341797,24.596477508544922,112.04924674829972,112.04924674829971,46.550527572631836,112.04924674829972,112.04924674829972,ok
matmul,sycl,4096,random,4,2,64_32_8_2_4,26.73971176147461,4.7882232666015625,21.812749817489106,21.812749817489106,26.268671989440918,21.812749817489106,21.812749817489106,ok
matmul,sycl,4096,random,4,3,64_32_8_4_1,35.895294189453125,13.943805694580078,63.521003133053,21.812749817489106,35.48467254638672,63.521003133053,21.812749817489106,ok
matmul,sycl,4096,random,4,4,64_32_16_4_1,29.498367309570312,7.546878814697266,34.379804433124896,21.812749817489106,28.806655883789062,34.379804433124896,21.812749817489106,ok
matmul,sycl,4096,random,4,5,128_64_16_4_4,24.29132843017578,2.3398399353027344,10.65914020294898,10.659140202948986,22.684160232543945,10.65914020294898,10.65914020294898,ok
matmul,sycl,4096,random,4,6,32_64_16_2_4,46.34726333618164,24.395774841308594,111.13494580108511,10.659140202948986,45.8152961730957,111.13494580108511,10.65914020294898,ok
matmul,sycl,4096,random,4,7,64_32_32_2_4,47.1357421875,25.184253692626953,114.72686099855571,10.659140202948986,45.61408042907715,114.72686099855571,10.65914020294898,ok
matmul,sycl,4096,random,4,8,128_32_16_4_2,25.595903396606445,3.6444149017333984,16.602131115548644,10.659140202948986,24.041471481323242,16.602131115548644,10.65914020294898,ok
matmul,sycl,4096,random,4,9,64_32_16_2_4,47.296512603759766,25.34502410888672,115.4592505870673,10.659140202948986,46.864383697509766,115.4592505870673,10.65914020294898,ok
matmul,sycl,4096,random,4,10,32_64_32_4_4,23.435264587402344,1.4837760925292969,6.759341594880208,6.7593415948802065,23.37996768951416,6.759341594880208,10.65914020294898,ok
matmul,sycl,4096,random,4,11,32_128_32_4_4,36.03456115722656,14.083072662353516,64.15543376770434,6.7593415948802065,35.638784408569336,64.15543376770434,10.65914020294898,ok
matmul,sycl,4096,random,4,12,128_32_16_4_4,23.974912643432617,2.0234241485595703,9.217708170596994,6.7593415948802065,22.666239738464355,9.217708170596994,9.217708170596994,ok
matmul,sycl,4096,random,4,13,32_32_16_4_2,22.66828727722168,0.7167987823486328,3.265376662343633,3.2653766623436367,22.41433620452881,3.265376662343633,3.265376662343633,ok
matmul,sycl,4096,random,4,14,32_128_16_4_4,35.44780731201172,13.496318817138672,61.48247678188588,3.2653766623436367,35.07353591918945,61.48247678188588,3.265376662343633,ok
matmul,sycl,4096,random,4,15,32_128_16_2_4,64.50688171386719,42.55539321899414,193.86108249075366,3.2653766623436367,64.49049758911133,193.86108249075366,3.265376662343633,ok
matmul,sycl,4096,random,5,1,32_32_32_2_2,46.54796600341797,24.596477508544922,112.04924674829972,112.04924674829971,46.586368560791016,112.04924674829972,112.04924674829972,ok
matmul,sycl,4096,random,5,2,32_64_16_1_4,65.76025390625,43.80876541137695,199.57081917979664,112.04924674829971,65.63737487792969,199.57081917979664,112.04924674829972,ok
matmul,sycl,4096,random,5,3,32_128_16_4_4,35.44780731201172,13.496318817138672,61.48247678188588,61.482476781885886,35.01875114440918,61.48247678188588,61.48247678188588,ok
matmul,sycl,4096,random,5,4,64_32_8_1_4,44.228607177734375,22.277118682861328,101.48340823477339,61.482476781885886,44.43596649169922,101.48340823477339,61.48247678188588,ok
matmul,sycl,4096,random,5,5,64_32_16_2_4,47.296512603759766,25.34502410888672,115.4592505870673,61.482476781885886,47.61292839050293,115.4592505870673,61.48247678188588,ok
matmul,sycl,4096,random,5,6,32_32_16_4_2,22.66828727722168,0.7167987823486328,3.265376662343633,3.2653766623436367,23.210495948791504,3.265376662343633,3.265376662343633,ok
matmul,sycl,4096,random,5,7,64_32_32_2_4,47.1357421875,25.184253692626953,114.72686099855571,3.2653766623436367,46.47782516479492,114.72686099855571,3.265376662343633,ok
matmul,sycl,4096,random,5,8,64_32_8_2_2,41.5283203125,19.576831817626953,89.18225213838818,3.2653766623436367,42.10790252685547,89.18225213838818,3.265376662343633,ok
matmul,sycl,4096,random,5,9,32_32_8_4_1,33.39161682128906,11.440128326416016,52.11550154827975,3.2653766623436367,33.791486740112305,52.11550154827975,3.265376662343633,ok
matmul,sycl,4096,random,5,10,32_128_8_4_4,36.159488677978516,14.208000183105469,64.72454105526313,3.2653766623436367,36.54297637939453,64.72454105526313,3.265376662343633,ok
matmul,sycl,4096,random,5,11,64_32_32_4_2,23.387136459350586,1.435647964477539,6.540093920340961,3.2653766623436367,22.36569595336914,6.540093920340961,6.540093920340961,ok
matmul,sycl,4096,random,5,12,32_64_16_4_1,28.209152221679688,6.257663726806641,28.506785443129147,3.2653766623436367,28.482559204101562,28.506785443129147,6.540093920340961,ok
matmul,sycl,4096,random,5,13,64_64_32_4_2,21.972991943359375,0.021503448486328125,0.09795895386024434,0.09795895386023792,21.675519943237305,0.09795895386024434,0.09795895386024434,ok
matmul,sycl,4096,random,5,14,32_32_16_1_2,43.217918395996094,21.266429901123047,96.87921575837557,0.09795895386023792,43.54355239868164,96.87921575837557,0.09795895386024434,ok
matmul,sycl,4096,random,5,15,64_32_32_1_4,59.112449645996094,37.16096115112305,169.2867486403134,0.09795895386023792,59.790334701538086,169.2867486403134,0.09795895386024434,ok
matmul,sycl,4096,random,6,1,32_32_32_2_2,46.54796600341797,24.596477508544922,112.04924674829972,112.04924674829971,47.52537536621094,112.04924674829972,112.04924674829972,ok
matmul,sycl,4096,random,6,2,32_32_32_4_4,23.407615661621094,1.4561271667480469,6.6333869208374585,6.633386920837453,23.60166358947754,6.6333869208374585,6.6333869208374585,ok
matmul,sycl,4096,random,6,3,32_64_32_1_4,71.8950424194336,49.94355392456055,227.51784661994688,6.633386920837453,72.04403305053711,227.51784661994688,6.6333869208374585,ok
matmul,sycl,4096,random,6,4,32_32_32_4_2,21.951488494873047,0.0,0.0,0.0,22.609408378601074,0.0,0.0,ok
matmul,sycl,4096,random,6,5,32_128_8_2_4,26.075136184692383,4.123647689819336,18.78527595421353,0.0,26.33625602722168,18.78527595421353,0.0,ok
matmul,sycl,4096,random,6,6,32_32_32_1_4,60.263423919677734,38.31193542480469,174.53001163794775,0.0,60.364288330078125,174.53001163794775,0.0,ok
matmul,sycl,4096,random,6,7,32_32_8_4_2,24.51456069946289,2.5630722045898438,11.676074746313759,0.0,25.142784118652344,11.676074746313759,0.0,ok
matmul,sycl,4096,random,6,8,32_128_32_4_2,22.527999877929688,0.5765113830566406,2.6262974521809257,0.0,22.768640518188477,2.6262974521809257,0.0,ok
matmul,sycl,4096,random,6,9,32_128_16_4_4,35.44780731201172,13.496318817138672,61.48247678188588,0.0,35.97875213623047,61.48247678188588,0.0,ok
matmul,sycl,4096,random,6,10,64_64_8_4_2,25.167871475219727,3.2163829803466797,14.652231811514248,0.0,24.47103977203369,14.652231811514248,0.0,ok
matmul,sycl,4096,random,6,11,128_32_16_4_4,23.974912643432617,2.0234241485595703,9.217708170596994,0.0,23.648255348205566,9.217708170596994,0.0,ok
matmul,sycl,4096,random,6,12,128_32_8_4_4,25.380863189697266,3.4293746948242188,15.62251551016769,0.0,24.89292812347412,15.62251551016769,0.0,ok
matmul,sycl,4096,random,6,13,32_64_16_4_4,23.69638442993164,1.7448959350585938,7.948872968072895,0.0,23.99897575378418,7.948872968072895,0.0,ok
matmul,sycl,4096,random,6,14,64_32_8_2_4,26.73971176147461,4.7882232666015625,21.812749817489106,0.0,27.061758995056152,21.812749817489106,0.0,ok
matmul,sycl,4096,random,6,15,64_32_8_4_4,23.835647583007812,1.8841590881347656,8.583286224871834,0.0,24.294400215148926,8.583286224871834,0.0,ok
matmul,sycl,4096,random,7,1,32_32_32_2_2,46.54796600341797,24.596477508544922,112.04924674829972,112.04924674829971,47.27756881713867,112.04924674829972,112.04924674829972,ok
matmul,sycl,4096,random,7,2,32_128_8_2_4,26.075136184692383,4.123647689819336,18.78527595421353,18.785275954213528,26.53286361694336,18.78527595421353,18.78527595421353,ok
matmul,sycl,4096,random,7,3,32_32_8_4_1,33.39161682128906,11.440128326416016,52.11550154827975,18.785275954213528,33.87545585632324,52.11550154827975,18.78527595421353,ok
matmul,sycl,4096,random,7,4,32_128_8_4_4,36.159488677978516,14.208000183105469,64.72454105526313,18.785275954213528,36.652544021606445,64.72454105526313,18.78527595421353,ok
matmul,sycl,4096,random,7,5,64_64_16_4_4,23.931903839111328,1.9804153442382812,9.021781573950328,9.02178157395032,23.79520034790039,9.021781573950328,9.021781573950328,ok
matmul,sycl,4096,random,7,6,32_64_8_4_4,24.603647232055664,2.652158737182617,12.081908421845977,9.02178157395032,24.9999361038208,12.081908421845977,9.021781573950328,ok
matmul,sycl,4096,random,7,7,64_32_8_2_4,26.73971176147461,4.7882232666015625,21.812749817489106,9.02178157395032,27.092991828918457,21.812749817489106,9.021781573950328,ok
matmul,sycl,4096,random,7,8,64_32_32_4_4,23.430143356323242,1.4786548614501953,6.73601182806145,6.736011828061443,22.539775848388672,6.73601182806145,6.73601182806145,ok
matmul,sycl,4096,random,7,9,32_32_8_4_4,25.383935928344727,3.4324474334716797,15.636513370258953,6.736011828061443,25.68499183654785,15.636513370258953,6.73601182806145,ok
matmul,sycl,4096,random,7,10,64_64_16_2_4,46.09331130981445,24.141822814941406,109.9780674125125,6.736011828061443,45.87775993347168,109.9780674125125,6.73601182806145,ok
matmul,sycl,4096,random,7,11,32_32_32_1_2,60.711936950683594,38.76044845581055,176.5732126314048,6.736011828061443,61.10873603820801,176.5732126314048,6.73601182806145,ok
matmul,sycl,4096,random,7,12,32_64_32_1_4,71.8950424194336,49.94355392456055,227.51784661994688,6.736011828061443,72.05990219116211,227.51784661994688,6.73601182806145,ok
matmul,sycl,4096,random,7,13,64_32_16_4_1,29.498367309570312,7.546878814697266,34.379804433124896,6.736011828061443,29.97145652770996,34.379804433124896,6.73601182806145,ok
matmul,sycl,4096,random,7,14,32_32_8_2_4,28.505088806152344,6.553600311279297,29.854924474984678,6.736011828061443,27.91423988342285,29.854924474984678,6.73601182806145,ok
matmul,sycl,4096,random,7,15,32_32_16_1_4,48.32767868041992,26.376190185546875,120.15672737503542,6.736011828061443,48.53811073303223,120.15672737503542,6.73601182806145,ok
matmul,sycl,4096,random,8,1,32_32_32_2_2,46.54796600341797,24.596477508544922,112.04924674829972,112.04924674829971,47.356929779052734,112.04924674829972,112.04924674829972,ok
matmul,sycl,4096,random,8,2,64_64_16_4_4,23.931903839111328,1.9804153442382812,9.021781573950328,9.02178157395032,23.705087661743164,9.021781573950328,9.021781573950328,ok
matmul,sycl,4096,random,8,3,32_128_16_4_2,24.52992057800293,2.578432083129883,11.746046668917675,9.02178157395032,24.41932773590088,11.746046668917675,9.021781573950328,ok
matmul,sycl,4096,random,8,4,32_32_8_4_2,24.51456069946289,2.5630722045898438,11.676074746313759,9.02178157395032,25.003007888793945,11.676074746313759,9.021781573950328,ok
matmul,sycl,4096,random,8,5,64_128_32_4_4,35.355648040771484,13.404159545898438,61.06264524626241,9.02178157395032,34.97625541687012,61.06264524626241,9.021781573950328,ok
matmul,sycl,4096,random,8,6,32_64_32_4_4,23.435264587402344,1.4837760925292969,6.759341594880208,6.7593415948802065,24.201215744018555,6.759341594880208,9.021781573950328,ok
matmul,sycl,4096,random,8,7,32_32_16_1_4,48.32767868041992,26.376190185546875,120.15672737503542,6.7593415948802065,48.50227165222168,120.15672737503542,9.021781573950328,ok
matmul,sycl,4096,random,8,8,32_128_16_2_4,64.50688171386719,42.55539321899414,193.86108249075366,6.7593415948802065,65.00147247314453,193.86108249075366,9.021781573950328,ok
matmul,sycl,4096,random,8,9,64_64_16_2_4,46.09331130981445,24.141822814941406,109.9780674125125,6.7593415948802065,45.860862731933594,109.9780674125125,9.021781573950328,ok
matmul,sycl,4096,random,8,10,64_32_8_4_2,24.54425621032715,2.5927677154541016,11.811352638157846,6.7593415948802065,24.73472023010254,11.811352638157846,9.021781573950328,ok
matmul,sycl,4096,random,8,11,32_32_16_4_2,22.66828727722168,0.7167987823486328,3.265376662343633,3.2653766623436367,23.158272743225098,3.265376662343633,3.265376662343633,ok
matmul,sycl,4096,random,8,12,128_32_8_2_4,32.22528076171875,10.273792266845703,46.8022579391153,3.2653766623436367,31.719423294067383,46.8022579391153,3.265376662343633,ok
matmul,sycl,4096,random,8,13,128_64_32_4_4,23.10860824584961,1.1571197509765625,5.271258717816862,3.2653766623436367,23.00825595855713,5.271258717816862,5.271258717816862,ok
matmul,sycl,4096,random,8,14,32_64_8_4_4,24.603647232055664,2.652158737182617,12.081908421845977,3.2653766623436367,24.947199821472168,12.081908421845977,5.271258717816862,ok
matmul,sycl,4096,random,8,15,32_32_32_4_2,21.951488494873047,0.0,0.0,0.0,22.70566463470459,0.0,0.0,ok
matmul,sycl,4096,random,9,1,32_32_32_2_2,46.54796600341797,24.596477508544922,112.04924674829972,112.04924674829971,47.38559913635254,112.04924674829972,112.04924674829972,ok
matmul,sycl,4096,random,9,2,32_128_16_2_4,64.50688171386719,42.55539321899414,193.86108249075366,112.04924674829971,64.83200073242188,193.86108249075366,112.04924674829972,ok
matmul,sycl,4096,random,9,3,32_128_8_4_2,31.754240036010742,9.802751541137695,44.65643203843426,44.65643203843425,31.991294860839844,44.65643203843426,44.65643203843426,ok
matmul,sycl,4096,random,9,4,64_64_32_4_4,23.769088745117188,1.8176002502441406,8.280077456563628,8.280077456563625,23.100927352905273,8.280077456563628,8.280077456563628,ok
matmul,sycl,4096,random,9,5,32_32_8_2_4,28.505088806152344,6.553600311279297,29.854924474984678,8.280077456563625,27.925503730773926,29.854924474984678,8.280077456563628,ok
matmul,sycl,4096,random,9,6,64_64_8_4_2,25.167871475219727,3.2163829803466797,14.652231811514248,8.280077456563625,24.57651138305664,14.652231811514248,8.280077456563628,ok
matmul,sycl,4096,random,9,7,32_32_32_2_1,48.72089767456055,26.7694091796875,121.94803639825938,8.280077456563625,49.300479888916016,121.94803639825938,8.280077456563628,ok
matmul,sycl,4096,random,9,8,64_32_8_4_4,23.835647583007812,1.8841590881347656,8.583286224871834,8.280077456563625,24.352767944335938,8.583286224871834,8.280077456563628,ok
matmul,sycl,4096,random,9,9,64_32_16_4_1,29.498367309570312,7.546878814697266,34.379804433124896,8.280077456563625,29.84601593017578,34.379804433124896,8.280077456563628,ok
matmul,sycl,4096,random,9,10,32_32_32_4_4,23.407615661621094,1.4561271667480469,6.6333869208374585,6.633386920837453,23.981056213378906,6.6333869208374585,8.280077456563628,ok
matmul,sycl,4096,random,9,11,64_32_16_2_4,47.296512603759766,25.34502410888672,115.4592505870673,6.633386920837453,47.55558395385742,115.4592505870673,8.280077456563628,ok
matmul,sycl,4096,random,9,12,32_128_16_4_4,35.44780731201172,13.496318817138672,61.48247678188588,6.633386920837453,35.51897621154785,61.48247678188588,8.280077456563628,ok
matmul,sycl,4096,random,9,13,64_32_32_2_2,46.29606246948242,24.344573974609375,110.90170026645461,6.633386920837453,46.91814422607422,110.90170026645461,8.280077456563628,ok
matmul,sycl,4096,random,9,14,64_32_8_4_2,24.54425621032715,2.5927677154541016,11.811352638157846,6.633386920837453,24.661503791809082,11.811352638157846,8.280077456563628,ok
matmul,sycl,4096,random,9,15,32_32_16_1_4,48.32767868041992,26.376190185546875,120.15672737503542,6.633386920837453,48.715776443481445,120.15672737503542,8.280077456563628,ok
matmul,cuda,4096,bayesian,0,1,32_32_32_2_2,27.283039093017578,10.431167602539062,61.89916418738881,61.89916418738881,32.771888732910156,61.89916418738881,61.89916418738881,ok
matmul,cuda,4096,bayesian,0,2,64_32_8_2_2,25.57961654663086,8.727745056152344,51.790954263350585,51.79095426335058,29.25425624847412,51.790954263350585,51.790954263350585,ok
matmul,cuda,4096,bayesian,0,3,64_32_8_4_4,25.578048706054688,8.726177215576172,51.781650604839655,51.78165060483967,25.638815879821777,51.781650604839655,51.781650604839655,ok
matmul,cuda,4096,bayesian,0,4,32_64_8_1_4,30.32099151611328,13.469120025634766,79.92655316203283,51.78165060483967,37.17812919616699,79.92655316203283,51.781650604839655,ok
matmul,cuda,4096,bayesian,0,5,32_32_8_4_4,29.21990394592285,12.368032455444336,73.39263453576893,51.78165060483967,29.251680374145508,73.39263453576893,51.781650604839655,ok
matmul,cuda,4096,bayesian,0,6,64_32_8_4_4,25.578048706054688,8.726177215576172,51.781650604839655,51.78165060483967,25.594831466674805,51.781650604839655,51.781650604839655,ok
matmul,cuda,4096,bayesian,0,7,128_64_8_4_4,19.830175399780273,2.978303909301758,17.673431173413178,17.673431173413174,19.8330717086792,17.673431173413178,17.673431173413178,ok
matmul,cuda,4096,bayesian,0,8,64_32_32_4_2,41.46080017089844,24.608928680419922,146.03083517652163,17.673431173413174,41.45307159423828,146.03083517652163,17.673431173413178,ok
matmul,cuda,4096,bayesian,0,9,32_32_16_4_4,41.572383880615234,24.72051239013672,146.6929794955063,17.673431173413174,49.09956741333008,146.6929794955063,17.673431173413178,ok
matmul,cuda,4096,bayesian,0,10,128_64_8_4_4,19.830175399780273,2.978303909301758,17.673431173413178,17.673431173413174,19.82438373565674,17.673431173413178,17.673431173413178,ok
matmul,cuda,4096,bayesian,0,11,64_32_16_4_4,30.239360809326172,13.387489318847656,79.44215173022016,17.673431173413174,33.58961486816406,79.44215173022016,17.673431173413178,ok
matmul,cuda,4096,bayesian,0,12,32_32_16_1_2,31.60028839111328,14.748416900634766,87.51797632071772,17.673431173413174,39.625919342041016,87.51797632071772,17.673431173413178,ok
matmul,cuda,4096,bayesian,0,13,128_64_8_4_4,19.830175399780273,2.978303909301758,17.673431173413178,17.673431173413174,19.82708740234375,17.673431173413178,17.673431173413178,ok
matmul,cuda,4096,bayesian,0,14,128_64_8_4_4,19.830175399780273,2.978303909301758,17.673431173413178,17.673431173413174,19.845327377319336,17.673431173413178,17.673431173413178,ok
matmul,cuda,4096,bayesian,0,15,64_32_32_4_1,33.459102630615234,16.60723114013672,98.54828972271703,17.673431173413174,42.55116844177246,98.54828972271703,17.673431173413178,ok
matmul,cuda,4096,bayesian,1,1,32_32_32_2_2,27.283039093017578,10.431167602539062,61.89916418738881,61.89916418738881,32.81286430358887,61.89916418738881,61.89916418738881,ok
matmul,cuda,4096,bayesian,1,2,32_32_32_4_1,39.878944396972656,23.02707290649414,136.64400965497916,61.89916418738881,39.882110595703125,136.64400965497916,61.89916418738881,ok
matmul,cuda,4096,bayesian,1,3,32_128_8_2_4,33.32284927368164,16.470977783203125,97.73975426117747,61.89916418738881,33.315185546875,97.73975426117747,61.89916418738881,ok
matmul,cuda,4096,bayesian,1,4,32_32_32_2_2,27.283039093017578,10.431167602539062,61.89916418738881,61.89916418738881,32.817535400390625,61.89916418738881,61.89916418738881,ok
matmul,cuda,4096,bayesian,1,5,32_32_32_2_4,29.55023956298828,12.698368072509766,75.35286558341296,61.89916418738881,36.526865005493164,75.35286558341296,61.89916418738881,ok
matmul,cuda,4096,bayesian,1,6,32_64_16_4_1,36.142974853515625,19.29110336303711,114.47454589204993,61.89916418738881,36.13073539733887,114.47454589204993,61.89916418738881,ok
matmul,cuda,4096,bayesian,1,7,64_32_32_1_4,56.026302337646484,39.17443084716797,232.46338467096626,61.89916418738881,56.02548789978027,232.46338467096626,61.89916418738881,ok
matmul,cuda,4096,bayesian,1,8,32_128_32_4_2,50.5456657409668,33.69379425048828,199.94096364623735,61.89916418738881,50.574750900268555,199.94096364623735,61.89916418738881,ok
matmul,cuda,4096,bayesian,1,9,32_64_32_4_4,37.10224151611328,20.250370025634766,120.16689088257313,61.89916418738881,37.03766441345215,120.16689088257313,61.89916418738881,ok
matmul,cuda,4096,bayesian,1,10,32_32_32_1_4,50.586944580078125,33.73507308959961,200.18591471374725,61.89916418738881,53.90793418884277,200.18591471374725,61.89916418738881,ok
matmul,cuda,4096,bayesian,1,11,32_64_32_1_4,48.25641632080078,31.404544830322266,186.35642247845388,61.89916418738881,48.230831146240234,186.35642247845388,61.89916418738881,ok
matmul,cuda,4096,bayesian,1,12,32_32_32_2_2,27.283039093017578,10.431167602539062,61.89916418738881,61.89916418738881,32.77339172363281,61.89916418738881,61.89916418738881,ok
matmul,cuda,4096,bayesian,1,13,32_32_32_2_2,27.283039093017578,10.431167602539062,61.89916418738881,61.89916418738881,32.76862335205078,61.89916418738881,61.89916418738881,ok
matmul,cuda,4096,bayesian,1,14,32_32_8_1_4,36.9870719909668,20.13520050048828,119.48346812319856,61.89916418738881,36.996864318847656,119.48346812319856,61.89916418738881,ok
matmul,cuda,4096,bayesian,1,15,128_64_32_4_4,35.228736877441406,18.37686538696289,109.04940378489125,61.89916418738881,35.22496032714844,109.04940378489125,61.89916418738881,ok
matmul,cuda,4096,bayesian,2,1,32_32_32_2_2,27.283039093017578,10.431167602539062,61.89916418738881,61.89916418738881,32.78006362915039,61.89916418738881,61.89916418738881,ok
matmul,cuda,4096,bayesian,2,2,32_64_16_4_2,27.12758445739746,10.275712966918945,60.97668720488898,60.97668720488897,27.403103828430176,60.97668720488898,60.97668720488898,ok
matmul,cuda,4096,bayesian,2,3,32_64_16_1_4,35.144351959228516,18.29248046875,108.54865869992803,60.97668720488897,40.12975883483887,108.54865869992803,60.97668720488898,ok
matmul,cuda,4096,bayesian,2,4,32_32_16_1_4,42.326751708984375,25.47488021850586,151.1694427108552,60.97668720488897,42.35332679748535,151.1694427108552,60.97668720488898,ok
matmul,cuda,4096,bayesian,2,5,32_128_16_4_2,23.074560165405273,6.222688674926758,36.92580185199397,36.92580185199396,27.331408500671387,36.92580185199397,36.92580185199397,ok
matmul,cuda,4096,bayesian,2,6,64_32_8_2_4,27.943008422851562,11.091136932373047,65.8154611411537,36.92580185199396,27.92305564880371,65.8154611411537,36.92580185199397,ok
matmul,cuda,4096,bayesian,2,7,128_32_8_4_4,29.298112869262695,12.44624137878418,73.85673090265634,36.92580185199396,29.307040214538574,73.85673090265634,36.92580185199397,ok
matmul,cuda,4096,bayesian,2,8,32_64_8_2_2,28.299360275268555,11.447488784790039,67.93007406481821,36.92580185199396,28.29263973236084,67.93007406481821,36.92580185199397,ok
matmul,cuda,4096,bayesian,2,9,128_32_8_4_2,32.30390548706055,15.452033996582031,91.69328169463311,36.92580185199396,32.29769706726074,91.69328169463311,36.92580185199397,ok
matmul,cuda,4096,bayesian,2,10,32_128_16_4_2,23.074560165405273,6.222688674926758,36.92580185199397,36.92580185199396,27.342880249023438,36.92580185199397,36.92580185199397,ok
matmul,cuda,4096,bayesian,2,11,64_32_16_4_2,23.00444793701172,6.152576446533203,36.50975175077422,36.50975175077423,27.366832733154297,36.50975175077422,36.92580185199397,ok
matmul,cuda,4096,bayesian,2,12,32_32_16_4_4,41.572383880615234,24.72051239013672,146.6929794955063,36.50975175077423,49.13832092285156,146.6929794955063,36.92580185199397,ok
matmul,cuda,4096,bayesian,2,13,64_32_32_4_1,33.459102630615234,16.60723114013672,98.54828972271703,36.50975175077423,42.548095703125,98.54828972271703,36.92580185199397,ok
matmul,cuda,4096,bayesian,2,14,32_128_16_4_2,23.074560165405273,6.222688674926758,36.92580185199397,36.50975175077423,27.317952156066895,36.92580185199397,36.92580185199397,ok
matmul,cuda,4096,bayesian,2,15,64_32_16_2_2,31.543231964111328,14.691360473632812,87.17940011549213,36.50975175077423,31.54265594482422,87.17940011549213,36.92580185199397,ok
matmul,cuda,4096,bayesian,3,1,32_32_32_2_2,27.283039093017578,10.431167602539062,61.89916418738881,61.89916418738881,32.74831962585449,61.89916418738881,61.89916418738881,ok
matmul,cuda,4096,bayesian,3,2,32_64_8_2_2,28.299360275268555,11.447488784790039,67.93007406481821,61.89916418738881,28.29854393005371,67.93007406481821,67.93007406481821,ok
matmul,cuda,4096,bayesian,3,3,128_64_32_4_4,35.228736877441406,18.37686538696289,109.04940378489125,61.89916418738881,35.216047286987305,109.04940378489125,67.93007406481821,ok
matmul,cuda,4096,bayesian,3,4,64_32_8_4_1,25.982175827026367,9.130304336547852,54.1797647917418,54.17976479174179,32.8525276184082,54.1797647917418,67.93007406481821,ok
matmul,cuda,4096,bayesian,3,5,64_32_32_4_1,33.459102630615234,16.60723114013672,98.54828972271703,54.17976479174179,42.54439926147461,98.54828972271703,67.93007406481821,ok
matmul,cuda,4096,bayesian,3,6,128_32_8_4_4,29.298112869262695,12.44624137878418,73.85673090265634,54.17976479174179,29.30886459350586,73.85673090265634,67.93007406481821,ok
matmul,cuda,4096,bayesian,3,7,32_64_8_2_2,28.299360275268555,11.447488784790039,67.93007406481821,54.17976479174179,28.300463676452637,67.93007406481821,67.93007406481821,ok
matmul,cuda,4096,bayesian,3,8,32_32_32_4_2,42.0283203125,25.176448822021484,149.3985331910847,54.17976479174179,41.95096015930176,149.3985331910847,67.93007406481821,ok
matmul,cuda,4096,bayesian,3,9,64_64_8_2_4,16.851871490478516,0.0,0.0,0.0,21.653663635253906,0.0,0.0,ok
matmul,cuda,4096,bayesian,3,10,64_32_8_2_4,27.943008422851562,11.091136932373047,65.8154611411537,0.0,27.898895263671875,65.8154611411537,0.0,ok
matmul,cuda,4096,bayesian,3,11,64_128_32_4_4,34.935455322265625,18.08358383178711,107.30905372738286,0.0,34.96811103820801,107.30905372738286,0.0,ok
matmul,cuda,4096,bayesian,3,12,64_64_8_2_4,16.851871490478516,0.0,0.0,0.0,21.650303840637207,0.0,0.0,ok
matmul,cuda,4096,bayesian,3,13,64_64_8_2_4,16.851871490478516,0.0,0.0,0.0,21.650464057922363,0.0,0.0,ok
matmul,cuda,4096,bayesian,3,14,64_64_8_2_4,16.851871490478516,0.0,0.0,0.0,21.655344009399414,0.0,0.0,ok
matmul,cuda,4096,bayesian,3,15,64_64_32_4_2,21.28598403930664,4.434112548828125,26.312285560291905,0.0,24.00209617614746,26.312285560291905,0.0,ok
matmul,cuda,4096,bayesian,4,1,32_32_32_2_2,27.283039093017578,10.431167602539062,61.89916418738881,61.89916418738881,32.75614356994629,61.89916418738881,61.89916418738881,ok
matmul,cuda,4096,bayesian,4,2,128_32_32_4_4,43.4015998840332,26.549728393554688,157.5476552177339,61.89916418738881,43.415103912353516,157.5476552177339,61.89916418738881,ok
matmul,cuda,4096,bayesian,4,3,64_32_8_2_2,25.57961654663086,8.727745056152344,51.790954263350585,51.79095426335058,29.257823944091797,51.790954263350585,51.790954263350585,ok
matmul,cuda,4096,bayesian,4,4,128_32_32_4_4,43.4015998840332,26.549728393554688,157.5476552177339,51.79095426335058,43.40551948547363,157.5476552177339,51.790954263350585,ok
matmul,cuda,4096,bayesian,4,5,32_64_32_2_2,37.37846374511719,20.526592254638672,121.80600989175838,51.79095426335058,37.391408920288086,121.80600989175838,51.790954263350585,ok
matmul,cuda,4096,bayesian,4,6,64_32_16_4_1,36.10559844970703,19.253726959228516,114.2527521059431,51.79095426335058,36.10579299926758,114.2527521059431,51.790954263350585,ok
matmul,cuda,4096,bayesian,4,7,64_32_8_2_2,25.57961654663086,8.727745056152344,51.790954263350585,51.79095426335058,29.2574405670166,51.790954263350585,51.790954263350585,ok
matmul,cuda,4096,bayesian,4,8,64_32_8_2_2,25.57961654663086,8.727745056152344,51.790954263350585,51.79095426335058,29.254528045654297,51.790954263350585,51.790954263350585,ok
matmul,cuda,4096,bayesian,4,9,128_32_8_2_4,28.659263610839844,11.807392120361328,70.06576169912422,51.79095426335058,35.07732963562012,70.06576169912422,51.790954263350585,ok
matmul,cuda,4096,bayesian,4,10,32_32_8_2_4,30.261695861816406,13.40982437133789,79.57468924988291,51.79095426335058,30.270400047302246,79.57468924988291,51.790954263350585,ok
matmul,cuda,4096,bayesian,4,11,32_32_16_2_2,25.117952346801758,8.266080856323242,49.051411654745095,49.05141165474508,31.32051181793213,49.051411654745095,51.790954263350585,ok
matmul,cuda,4096,bayesian,4,12,64_32_8_2_2,25.57961654663086,8.727745056152344,51.790954263350585,49.05141165474508,29.254480361938477,51.790954263350585,51.790954263350585,ok
matmul,cuda,4096,bayesian,4,13,64_64_16_4_2,24.44940757751465,7.597536087036133,45.084227537154085,45.08422753715408,24.44166374206543,45.084227537154085,45.084227537154085,ok
matmul,cuda,4096,bayesian,4,14,64_64_16_4_2,24.44940757751465,7.597536087036133,45.084227537154085,45.08422753715408,24.444095611572266,45.084227537154085,45.084227537154085,ok
matmul,cuda,4096,bayesian,4,15,64_32_8_1_4,38.17020797729492,21.318336486816406,126.50426689321415,45.08422753715408,38.17185592651367,126.50426689321415,45.084227537154085,ok
matmul,cuda,4096,bayesian,5,1,32_32_32_2_2,27.283039093017578,10.431167602539062,61.89916418738881,61.89916418738881,32.753536224365234,61.89916418738881,61.89916418738881,ok
matmul,cuda,4096,bayesian,5,2,32_32_8_4_2,27.740320205688477,10.888448715209961,64.61269729811343,61.89916418738881,28.088159561157227,64.61269729811343,64.61269729811343,ok
matmul,cuda,4096,bayesian,5,3,128_32_16_4_2,23.31827163696289,6.466400146484375,38.372000107750395,38.372000107750395,27.753952026367188,38.372000107750395,38.372000107750395,ok
matmul,cuda,4096,bayesian,5,4,32_64_8_4_1,32.26579284667969,15.413921356201172,91.4671190372547,38.372000107750395,32.27852821350098,91.4671190372547,38.372000107750395,ok
matmul,cuda,4096,bayesian,5,5,64_64_8_4_2,19.15894317626953,2.3070716857910156,13.690299543849083,13.690299543849093,19.159104347229004,13.690299543849083,13.690299543849083,ok
matmul,cuda,4096,bayesian,5,6,32_32_16_1_4,42.326751708984375,25.47488021850586,151.1694427108552,13.690299543849093,42.43278503417969,151.1694427108552,13.690299543849083,ok
matmul,cuda,4096,bayesian,5,7,128_32_32_4_2,45.346561431884766,28.49468994140625,169.0891718317817,13.690299543849093,45.34715270996094,169.0891718317817,13.690299543849083,ok
matmul,cuda,4096,bayesian,5,8,64_64_8_4_2,19.15894317626953,2.3070716857910156,13.690299543849083,13.690299543849093,19.162879943847656,13.690299543849083,13.690299543849083,ok
matmul,cuda,4096,bayesian,5,9,64_32_16_1_4,37.80780792236328,20.955936431884766,124.35376357887068,13.690299543849093,43.36622428894043,124.35376357887068,13.690299543849083,ok
matmul,cuda,4096,bayesian,5,10,64_32_32_4_2,41.46080017089844,24.608928680419922,146.03083517652163,13.690299543849093,41.44979286193848,146.03083517652163,13.690299543849083,ok
matmul,cuda,4096,bayesian,5,11,32_64_32_4_4,37.10224151611328,20.250370025634766,120.16689088257313,13.690299543849093,37.08225631713867,120.16689088257313,13.690299543849083,ok
matmul,cuda,4096,bayesian,5,12,64_64_8_4_2,19.15894317626953,2.3070716857910156,13.690299543849083,13.690299543849093,19.163087844848633,13.690299543849083,13.690299543849083,ok
matmul,cuda,4096,bayesian,5,13,32_32_32_4_4,50.01561737060547,33.16374588012695,196.79562533374892,13.690299543849093,50.044960021972656,196.79562533374892,13.690299543849083,ok
matmul,cuda,4096,bayesian,5,14,64_64_8_4_2,19.15894317626953,2.3070716857910156,13.690299543849083,13.690299543849093,19.160367965698242,13.690299543849083,13.690299543849083,ok
matmul,cuda,4096,bayesian,5,15,64_64_16_4_4,25.252511978149414,8.400640487670898,49.84989644869622,13.690299543849093,25.254000663757324,49.84989644869622,13.690299543849083,ok
matmul,cuda,4096,bayesian,6,1,32_32_32_2_2,27.283039093017578,10.431167602539062,61.89916418738881,61.89916418738881,32.806657791137695,61.89916418738881,61.89916418738881,ok
matmul,cuda,4096,bayesian,6,2,32_32_32_1_4,50.586944580078125,33.73507308959961,200.18591471374725,61.89916418738881,53.86392021179199,200.18591471374725,61.89916418738881,ok
matmul,cuda,4096,bayesian,6,3,32_64_8_2_2,28.299360275268555,11.447488784790039,67.93007406481821,61.89916418738881,28.29259204864502,67.93007406481821,67.93007406481821,ok
matmul,cuda,4096,bayesian,6,4,32_64_32_2_2,37.37846374511719,20.526592254638672,121.80600989175838,61.89916418738881,37.4039192199707,121.80600989175838,67.93007406481821,ok
matmul,cuda,4096,bayesian,6,5,64_32_16_2_2,31.543231964111328,14.691360473632812,87.17940011549213,61.89916418738881,31.5457763671875,87.17940011549213,67.93007406481821,ok
matmul,cuda,4096,bayesian,6,6,32_128_16_4_2,23.074560165405273,6.222688674926758,36.92580185199397,36.92580185199396,27.319616317749023,36.92580185199397,36.92580185199397,ok
matmul,cuda,4096,bayesian,6,7,32_64_32_1_4,48.25641632080078,31.404544830322266,186.35642247845388,36.92580185199396,48.222543716430664,186.35642247845388,36.92580185199397,ok
matmul,cuda,4096,bayesian,6,8,64_32_32_2_4,31.548128128051758,14.696256637573242,87.20845424127985,36.92580185199396,31.47811222076416,87.20845424127985,36.92580185199397,ok
matmul,cuda,4096,bayesian,6,9,32_32_32_1_2,34.02854537963867,17.176673889160156,101.92739660319128,36.92580185199396,39.12060737609863,101.92739660319128,36.92580185199397,ok
matmul,cuda,4096,bayesian,6,10,32_128_16_4_2,23.074560165405273,6.222688674926758,36.92580185199397,36.92580185199396,27.341983795166016,36.92580185199397,36.92580185199397,ok
matmul,cuda,4096,bayesian,6,11,32_32_16_2_4,34.41865539550781,17.566783905029297,104.24233246114363,36.92580185199396,34.43220901489258,104.24233246114363,36.92580185199397,ok
matmul,cuda,4096,bayesian,6,12,32_128_16_4_2,23.074560165405273,6.222688674926758,36.92580185199397,36.92580185199396,27.31208038330078,36.92580185199397,36.92580185199397,ok
matmul,cuda,4096,bayesian,6,13,64_64_8_4_2,19.15894317626953,2.3070716857910156,13.690299543849083,13.690299543849093,19.1636962890625,13.690299543849083,13.690299543849083,ok
matmul,cuda,4096,bayesian,6,14,64_32_32_4_1,33.459102630615234,16.60723114013672,98.54828972271703,13.690299543849093,42.53936004638672,98.54828972271703,13.690299543849083,ok
matmul,cuda,4096,bayesian,6,15,64_64_8_4_2,19.15894317626953,2.3070716857910156,13.690299543849083,13.690299543849093,19.15835189819336,13.690299543849083,13.690299543849083,ok
matmul,cuda,4096,bayesian,7,1,32_32_32_2_2,27.283039093017578,10.431167602539062,61.89916418738881,61.89916418738881,32.788352966308594,61.89916418738881,61.89916418738881,ok
matmul,cuda,4096,bayesian,7,2,32_32_8_1_4,36.9870719909668,20.13520050048828,119.48346812319856,61.89916418738881,36.989871978759766,119.48346812319856,61.89916418738881,ok
matmul,cuda,4096,bayesian,7,3,128_32_32_2_4,31.976640701293945,15.12476921081543,89.7512731411528,61.89916418738881,31.936240196228027,89.7512731411528,89.7512731411528,ok
matmul,cuda,4096,bayesian,7,4,64_64_8_4_4,18.004064559936523,1.1521930694580078,6.837181675097681,6.837181675097683,20.492207527160645,6.837181675097681,6.837181675097681,ok
matmul,cuda,4096,bayesian,7,5,32_32_16_2_2,25.117952346801758,8.266080856323242,49.051411654745095,6.837181675097683,31.344128608703613,49.051411654745095,6.837181675097681,ok
matmul,cuda,4096,bayesian,7,6,32_64_16_4_2,27.12758445739746,10.275712966918945,60.97668720488898,6.837181675097683,27.367647171020508,60.97668720488898,6.837181675097681,ok
matmul,cuda,4096,bayesian,7,7,128_64_16_4_4,36.61030578613281,19.758434295654297,117.24771522746313,6.837181675097683,36.61990547180176,117.24771522746313,6.837181675097681,ok
matmul,cuda,4096,bayesian,7,8,64_64_8_4_4,18.004064559936523,1.1521930694580078,6.837181675097681,6.837181675097683,20.499552726745605,6.837181675097681,6.837181675097681,ok
matmul,cuda,4096,bayesian,7,9,32_32_16_4_2,27.50035285949707,10.648481369018555,63.18871690325349,6.837181675097683,27.771151542663574,63.18871690325349,6.837181675097681,ok
matmul,cuda,4096,bayesian,7,10,128_32_8_2_4,28.659263610839844,11.807392120361328,70.06576169912422,6.837181675097683,35.070735931396484,70.06576169912422,6.837181675097681,ok
matmul,cuda,4096,bayesian,7,11,32_128_16_2_4,25.767488479614258,8.915616989135742,52.90579740163079,6.837181675097683,30.854975700378418,52.90579740163079,6.837181675097681,ok
matmul,cuda,4096,bayesian,7,12,32_128_32_2_4,29.593088150024414,12.741216659545898,75.60713162775315,6.837181675097683,29.626800537109375,75.60713162775315,6.837181675097681,ok
matmul,cuda,4096,bayesian,7,13,64_128_8_4_4,20.260831832885742,3.4089603424072266,20.228971864242638,6.837181675097683,20.25542449951172,20.228971864242638,20.228971864242638,ok
matmul,cuda,4096,bayesian,7,14,64_64_32_4_2,21.28598403930664,4.434112548828125,26.312285560291905,6.837181675097683,23.989407539367676,26.312285560291905,20.228971864242638,ok
matmul,cuda,4096,bayesian,7,15,64_128_8_4_4,20.260831832885742,3.4089603424072266,20.228971864242638,6.837181675097683,20.25454330444336,20.228971864242638,20.228971864242638,ok
matmul,cuda,4096,bayesian,8,1,32_32_32_2_2,27.283039093017578,10.431167602539062,61.89916418738881,61.89916418738881,32.73159980773926,61.89916418738881,61.89916418738881,ok
matmul,cuda,4096,bayesian,8,2,64_32_16_2_4,28.79987144470215,11.947999954223633,70.9001368837543,61.89916418738881,34.35470390319824,70.9001368837543,61.89916418738881,ok
matmul,cuda,4096,bayesian,8,3,64_32_32_2_4,31.548128128051758,14.696256637573242,87.20845424127985,61.89916418738881,31.638991355895996,87.20845424127985,87.20845424127985,ok
matmul,cuda,4096,bayesian,8,4,32_32_32_2_2,27.283039093017578,10.431167602539062,61.89916418738881,61.89916418738881,32.78886413574219,61.89916418738881,87.20845424127985,ok
matmul,cuda,4096,bayesian,8,5,128_64_8_4_4,19.830175399780273,2.978303909301758,17.673431173413178,17.673431173413174,19.824975967407227,17.673431173413178,17.673431173413178,ok
matmul,cuda,4096,bayesian,8,6,32_64_8_2_4,26.829631805419922,9.977760314941406,59.20861858327691,17.673431173413174,26.813568115234375,59.20861858327691,17.673431173413178,ok
matmul,cuda,4096,bayesian,8,7,128_64_8_4_4,19.830175399780273,2.978303909301758,17.673431173413178,17.673431173413174,19.82796859741211,17.673431173413178,17.673431173413178,ok
matmul,cuda,4096,bayesian,8,8,64_32_16_2_2,31.543231964111328,14.691360473632812,87.17940011549213,17.673431173413174,31.54430389404297,87.17940011549213,17.673431173413178,ok
matmul,cuda,4096,bayesian,8,9,128_32_16_2_4,35.67638397216797,18.824512481689453,111.70576806454702,17.673431173413174,35.674367904663086,111.70576806454702,17.673431173413178,ok
matmul,cuda,4096,bayesian,8,10,64_64_8_4_2,19.15894317626953,2.3070716857910156,13.690299543849083,13.690299543849093,19.158031463623047,13.690299543849083,13.690299543849083,ok
matmul,cuda,4096,bayesian,8,11,32_64_16_2_2,25.278976440429688,8.427104949951172,50.006938129765445,13.690299543849093,30.59467124938965,50.006938129765445,13.690299543849083,ok
matmul,cuda,4096,bayesian,8,12,32_64_32_2_4,25.69340705871582,8.841535568237305,52.46619387783051,13.690299543849093,31.575183868408203,52.46619387783051,13.690299543849083,ok
matmul,cuda,4096,bayesian,8,13,32_64_16_1_4,35.144351959228516,18.29248046875,108.54865869992803,13.690299543849093,40.13043212890625,108.54865869992803,13.690299543849083,ok
matmul,cuda,4096,bayesian,8,14,64_64_8_4_2,19.15894317626953,2.3070716857910156,13.690299543849083,13.690299543849093,19.160032272338867,13.690299543849083,13.690299543849083,ok
matmul,cuda,4096,bayesian,8,15,64_64_8_4_2,19.15894317626953,2.3070716857910156,13.690299543849083,13.690299543849093,19.16542339324951,13.690299543849083,13.690299543849083,ok
matmul,cuda,4096,bayesian,9,1,32_32_32_2_2,27.283039093017578,10.431167602539062,61.89916418738881,61.89916418738881,32.78447914123535,61.89916418738881,61.89916418738881,ok
matmul,cuda,4096,bayesian,9,2,32_32_8_1_4,36.9870719909668,20.13520050048828,119.48346812319856,61.89916418738881,36.99310302734375,119.48346812319856,61.89916418738881,ok
matmul,cuda,4096,bayesian,9,3,64_64_32_2_4,22.666719436645508,5.814847946166992,34.50565089730504,34.50565089730504,28.588272094726562,34.50565089730504,34.50565089730504,ok
matmul,cuda,4096,bayesian,9,4,32_64_32_2_4,25.69340705871582,8.841535568237305,52.46619387783051,34.50565089730504,31.482720375061035,52.46619387783051,34.50565089730504,ok
matmul,cuda,4096,bayesian,9,5,32_32_32_4_1,39.878944396972656,23.02707290649414,136.64400965497916,34.50565089730504,39.875680923461914,136.64400965497916,34.50565089730504,ok
matmul,cuda,4096,bayesian,9,6,64_64_32_2_4,22.666719436645508,5.814847946166992,34.50565089730504,34.50565089730504,28.617023468017578,34.50565089730504,34.50565089730504,ok
matmul,cuda,4096,bayesian,9,7,32_64_8_2_4,26.829631805419922,9.977760314941406,59.20861858327691,34.50565089730504,26.837103843688965,59.20861858327691,59.20861858327691,ok
matmul,cuda,4096,bayesian,9,8,32_32_32_4_4,50.01561737060547,33.16374588012695,196.79562533374892,34.50565089730504,50.186479568481445,196.79562533374892,59.20861858327691,ok
matmul,cuda,4096,bayesian,9,9,128_64_16_4_4,36.61030578613281,19.758434295654297,117.24771522746313,34.50565089730504,36.622798919677734,117.24771522746313,59.20861858327691,ok
matmul,cuda,4096,bayesian,9,10,32_32_32_1_4,50.586944580078125,33.73507308959961,200.18591471374725,34.50565089730504,53.83105659484863,200.18591471374725,59.20861858327691,ok
matmul,cuda,4096,bayesian,9,11,32_128_16_2_4,25.767488479614258,8.915616989135742,52.90579740163079,34.50565089730504,31.08174419403076,52.90579740163079,59.20861858327691,ok
matmul,cuda,4096,bayesian,9,12,32_32_8_4_1,23.528736114501953,6.6768646240234375,39.62090873880646,34.50565089730504,28.65516757965088,39.62090873880646,59.20861858327691,ok
matmul,cuda,4096,bayesian,9,13,64_32_8_4_4,25.578048706054688,8.726177215576172,51.781650604839655,34.50565089730504,25.725584030151367,51.781650604839655,51.781650604839655,ok
matmul,cuda,4096,bayesian,9,14,64_32_8_4_4,25.578048706054688,8.726177215576172,51.781650604839655,34.50565089730504,25.64726448059082,51.781650604839655,51.781650604839655,ok
matmul,cuda,4096,bayesian,9,15,32_64_8_2_2,28.299360275268555,11.447488784790039,67.93007406481821,34.50565089730504,28.295551300048828,67.93007406481821,51.781650604839655,ok
matmul,cuda,4096,random,0,1,32_32_32_2_2,27.283039093017578,10.431167602539062,61.89916418738881,61.89916418738881,32.774654388427734,61.89916418738881,61.89916418738881,ok
matmul,cuda,4096,random,0,2,32_128_32_4_4,28.800031661987305,11.948160171508789,70.90108762258023,61.89916418738881,28.811471939086914,70.90108762258023,70.90108762258023,ok
matmul,cuda,4096,random,0,3,64_32_8_4_1,25.982175827026367,9.130304336547852,54.1797647917418,54.17976479174179,32.84908676147461,54.1797647917418,70.90108762258023,ok
matmul,cuda,4096,random,0,4,32_32_8_4_1,23.528736114501953,6.6768646240234375,39.62090873880646,39.62090873880646,28.6550874710083,39.62090873880646,39.62090873880646,ok
matmul,cuda,4096,random,0,5,32_64_16_4_2,27.12758445739746,10.275712966918945,60.97668720488898,39.62090873880646,27.38203239440918,60.97668720488898,60.97668720488898,ok
matmul,cuda,4096,random,0,6,64_32_32_4_1,33.459102630615234,16.60723114013672,98.54828972271703,39.62090873880646,42.54022407531738,98.54828972271703,60.97668720488898,ok
matmul,cuda,4096,random,0,7,64_32_32_1_4,56.026302337646484,39.17443084716797,232.46338467096626,39.62090873880646,56.029775619506836,232.46338467096626,60.97668720488898,ok
matmul,cuda,4096,random,0,8,64_32_8_2_2,25.57961654663086,8.727745056152344,51.790954263350585,39.62090873880646,29.25198459625244,51.790954263350585,60.97668720488898,ok
matmul,cuda,4096,random,0,9,32_64_32_4_1,36.843711853027344,19.991840362548828,118.63276060373727,39.62090873880646,36.8120174407959,118.63276060373727,60.97668720488898,ok
matmul,cuda,4096,random,0,10,64_32_16_4_4,30.239360809326172,13.387489318847656,79.44215173022016,39.62090873880646,33.61577606201172,79.44215173022016,60.97668720488898,ok
matmul,cuda,4096,random,0,11,32_128_16_4_2,23.074560165405273,6.222688674926758,36.92580185199397,36.92580185199396,27.340144157409668,36.92580185199397,36.92580185199397,ok
matmul,cuda,4096,random,0,12,64_64_32_2_4,22.666719436645508,5.814847946166992,34.50565089730504,34.50565089730504,28.64084815979004,34.50565089730504,36.92580185199397,ok
matmul,cuda,4096,random,0,13,32_64_8_4_2,23.947200775146484,7.095329284667969,42.1041027323102,34.50565089730504,23.98049545288086,42.1041027323102,42.1041027323102,ok
matmul,cuda,4096,random,0,14,64_32_32_2_4,31.548128128051758,14.696256637573242,87.20845424127985,34.50565089730504,31.522831916809082,87.20845424127985,42.1041027323102,ok
matmul,cuda,4096,random,0,15,32_32_32_1_4,50.586944580078125,33.73507308959961,200.18591471374725,34.50565089730504,53.78203201293945,200.18591471374725,42.1041027323102,ok
matmul,cuda,4096,random,1,1,32_32_32_2_2,27.283039093017578,10.431167602539062,61.89916418738881,61.89916418738881,32.79769515991211,61.89916418738881,61.89916418738881,ok
matmul,cuda,4096,random,1,2,64_32_8_4_2,21.10860824584961,4.256736755371094,25.25972713342963,25.259727133429628,25.33524799346924,25.25972713342963,25.25972713342963,ok
matmul,cuda,4096,random,1,3,128_32_16_4_4,31.611520767211914,14.759649276733398,87.5846299034072,25.259727133429628,31.48862361907959,87.5846299034072,25.25972713342963,ok
matmul,cuda,4096,random,1,4,32_32_16_2_4,34.41865539550781,17.566783905029297,104.24233246114363,25.259727133429628,34.3904972076416,104.24233246114363,25.25972713342963,ok
matmul,cuda,4096,random,1,5,64_32_8_1_4,38.17020797729492,21.318336486816406,126.50426689321415,25.259727133429628,38.168304443359375,126.50426689321415,25.25972713342963,ok
matmul,cuda,4096,random,1,6,32_128_16_4_2,23.074560165405273,6.222688674926758,36.92580185199397,25.259727133429628,27.320112228393555,36.92580185199397,25.25972713342963,ok
matmul,cuda,4096,random,1,7,32_32_16_1_2,31.60028839111328,14.748416900634766,87.51797632071772,25.259727133429628,39.62033653259277,87.51797632071772,25.25972713342963,ok
matmul,cuda,4096,random,1,8,64_32_16_4_1,36.10559844970703,19.253726959228516,114.2527521059431,25.259727133429628,36.099727630615234,114.2527521059431,25.25972713342963,ok
matmul,cuda,4096,random,1,9,32_32_32_4_2,42.0283203125,25.176448822021484,149.3985331910847,25.259727133429628,42.02128028869629,149.3985331910847,25.25972713342963,ok
matmul,cuda,4096,random,1,10,64_64_8_2_4,16.851871490478516,0.0,0.0,0.0,21.65836811065674,0.0,0.0,ok
matmul,cuda,4096,random,1,11,64_32_8_4_4,25.578048706054688,8.726177215576172,51.781650604839655,0.0,25.668320655822754,51.781650604839655,0.0,ok
matmul,cuda,4096,random,1,12,32_32_32_1_2,34.02854537963867,17.176673889160156,101.92739660319128,0.0,39.12112045288086,101.92739660319128,0.0,ok
matmul,cuda,4096,random,1,13,32_64_8_4_4,19.481056213378906,2.6291847229003906,15.601737316747922,0.0,23.28371238708496,15.601737316747922,0.0,ok
matmul,cuda,4096,random,1,14,32_64_16_2_2,25.278976440429688,8.427104949951172,50.006938129765445,0.0,30.5907039642334,50.006938129765445,0.0,ok
matmul,cuda,4096,random,1,15,32_128_16_4_4,23.470239639282227,6.618368148803711,39.273787202466856,0.0,29.27027130126953,39.273787202466856,0.0,ok
matmul,cuda,4096,random,2,1,32_32_32_2_2,27.283039093017578,10.431167602539062,61.89916418738881,61.89916418738881,32.817792892456055,61.89916418738881,61.89916418738881,ok
matmul,cuda,4096,random,2,2,64_32_16_2_2,31.543231964111328,14.691360473632812,87.17940011549213,61.89916418738881,31.5436954498291,87.17940011549213,87.17940011549213,ok
matmul,cuda,4096,random,2,3,32_32_8_4_2,27.740320205688477,10.888448715209961,64.61269729811343,61.89916418738881,28.079360008239746,64.61269729811343,64.61269729811343,ok
matmul,cuda,4096,random,2,4,64_32_16_4_2,23.00444793701172,6.152576446533203,36.50975175077422,36.50975175077423,27.371647834777832,36.50975175077422,36.50975175077422,ok
matmul,cuda,4096,random,2,5,32_64_16_4_1,36.142974853515625,19.29110336303711,114.47454589204993,36.50975175077423,36.12127876281738,114.47454589204993,36.50975175077422,ok
matmul,cuda,4096,random,2,6,128_64_16_4_4,36.61030578613281,19.758434295654297,117.24771522746313,36.50975175077423,36.61979293823242,117.24771522746313,36.50975175077422,ok
matmul,cuda,4096,random,2,7,32_64_8_1_4,30.32099151611328,13.469120025634766,79.92655316203283,36.50975175077423,37.175167083740234,79.92655316203283,36.50975175077422,ok
matmul,cuda,4096,random,2,8,64_64_16_4_4,25.252511978149414,8.400640487670898,49.84989644869622,36.50975175077423,25.23799991607666,49.84989644869622,49.84989644869622,ok
matmul,cuda,4096,random,2,9,128_32_8_4_2,32.30390548706055,15.452033996582031,91.69328169463311,36.50975175077423,32.32344055175781,91.69328169463311,49.84989644869622,ok
matmul,cuda,4096,random,2,10,32_32_32_1_4,50.586944580078125,33.73507308959961,200.18591471374725,36.50975175077423,53.849552154541016,200.18591471374725,49.84989644869622,ok
matmul,cuda,4096,random,2,11,64_32_8_2_2,25.57961654663086,8.727745056152344,51.790954263350585,36.50975175077423,29.258512496948242,51.790954263350585,49.84989644869622,ok
matmul,cuda,4096,random,2,12,32_64_8_2_2,28.299360275268555,11.447488784790039,67.93007406481821,36.50975175077423,28.296367645263672,67.93007406481821,49.84989644869622,ok
matmul,cuda,4096,random,2,13,128_32_16_2_4,35.67638397216797,18.824512481689453,111.70576806454702,36.50975175077423,35.66961669921875,111.70576806454702,49.84989644869622,ok
matmul,cuda,4096,random,2,14,32_32_32_2_1,27.571680068969727,10.719808578491211,63.61197677390322,36.50975175077423,33.749359130859375,63.61197677390322,49.84989644869622,ok
matmul,cuda,4096,random,2,15,64_64_8_2_4,16.851871490478516,0.0,0.0,0.0,21.654640197753906,0.0,0.0,ok
matmul,cuda,4096,random,3,1,32_32_32_2_2,27.283039093017578,10.431167602539062,61.89916418738881,61.89916418738881,32.77105522155762,61.89916418738881,61.89916418738881,ok
matmul,cuda,4096,random,3,2,128_32_8_4_2,32.30390548706055,15.452033996582031,91.69328169463311,61.89916418738881,32.322479248046875,91.69328169463311,91.69328169463311,ok
matmul,cuda,4096,random,3,3,32_32_32_1_2,34.02854537963867,17.176673889160156,101.92739660319128,61.89916418738881,39.124704360961914,101.92739660319128,91.69328169463311,ok
matmul,cuda,4096,random,3,4,32_64_32_4_2,22.393056869506836,5.54118537902832,32.88172107269598,32.88172107269598,26.815728187561035,32.88172107269598,32.88172107269598,ok
matmul,cuda,4096,random,3,5,32_32_16_2_1,33.60259246826172,16.750720977783203,99.39976688789454,32.88172107269598,33.602272033691406,99.39976688789454,32.88172107269598,ok
matmul,cuda,4096,random,3,6,32_64_32_1_4,48.25641632080078,31.404544830322266,186.35642247845388,32.88172107269598,48.26094436645508,186.35642247845388,32.88172107269598,ok
matmul,cuda,4096,random,3,7,128_64_32_4_4,35.228736877441406,18.37686538696289,109.04940378489125,32.88172107269598,35.218544006347656,109.04940378489125,32.88172107269598,ok
matmul,cuda,4096,random,3,8,128_32_8_4_4,29.298112869262695,12.44624137878418,73.85673090265634,32.88172107269598,29.306032180786133,73.85673090265634,32.88172107269598,ok
matmul,cuda,4096,random,3,9,32_32_32_2_1,27.571680068969727,10.719808578491211,63.61197677390322,32.88172107269598,33.74822425842285,63.61197677390322,32.88172107269598,ok
matmul,cuda,4096,random,3,10,64_128_8_4_4,20.260831832885742,3.4089603424072266,20.228971864242638,20.228971864242645,20.25059223175049,20.228971864242638,20.228971864242638,ok
matmul,cuda,4096,random,3,11,128_32_32_2_4,31.976640701293945,15.12476921081543,89.7512731411528,20.228971864242645,31.95464038848877,89.7512731411528,20.228971864242638,ok
matmul,cuda,4096,random,3,12,64_32_16_1_4,37.80780792236328,20.955936431884766,124.35376357887068,20.228971864242645,43.36529541015625,124.35376357887068,20.228971864242638,ok
matmul,cuda,4096,random,3,13,32_64_32_4_1,36.843711853027344,19.991840362548828,118.63276060373727,20.228971864242645,36.86838340759277,118.63276060373727,20.228971864242638,ok
matmul,cuda,4096,random,3,14,32_64_8_4_4,19.481056213378906,2.6291847229003906,15.601737316747922,15.601737316747922,23.304863929748535,15.601737316747922,20.228971864242638,ok
matmul,cuda,4096,random,3,15,32_64_8_1_4,30.32099151611328,13.469120025634766,79.92655316203283,15.601737316747922,37.17337608337402,79.92655316203283,20.228971864242638,ok
matmul,cuda,4096,random,4,1,32_32_32_2_2,27.283039093017578,10.431167602539062,61.89916418738881,61.89916418738881,32.83340835571289,61.89916418738881,61.89916418738881,ok
matmul,cuda,4096,random,4,2,64_32_8_2_4,27.943008422851562,11.091136932373047,65.8154611411537,61.89916418738881,27.93120002746582,65.8154611411537,65.8154611411537,ok
matmul,cuda,4096,random,4,3,64_32_8_4_1,25.982175827026367,9.130304336547852,54.1797647917418,54.17976479174179,32.85001564025879,54.1797647917418,65.8154611411537,ok
matmul,cuda,4096,random,4,4,64_32_16_4_1,36.10559844970703,19.253726959228516,114.2527521059431,54.17976479174179,36.09524917602539,114.2527521059431,65.8154611411537,ok
matmul,cuda,4096,random,4,5,128_64_16_4_4,36.61030578613281,19.758434295654297,117.24771522746313,54.17976479174179,36.617183685302734,117.24771522746313,65.8154611411537,ok
matmul,cuda,4096,random,4,6,32_64_16_2_4,30.410688400268555,13.558816909790039,80.45881976640348,54.17976479174179,30.4564790725708,80.45881976640348,65.8154611411537,ok
matmul,cuda,4096,random,4,7,64_32_32_2_4,31.548128128051758,14.696256637573242,87.20845424127985,54.17976479174179,31.41547203063965,87.20845424127985,65.8154611411537,ok
matmul,cuda,4096,random,4,8,128_32_16_4_2,23.31827163696289,6.466400146484375,38.372000107750395,38.372000107750395,27.761839866638184,38.372000107750395,38.372000107750395,ok
matmul,cuda,4096,random,4,9,64_32_16_2_4,28.79987144470215,11.947999954223633,70.9001368837543,38.372000107750395,34.34926414489746,70.9001368837543,38.372000107750395,ok
matmul,cuda,4096,random,4,10,32_64_32_4_4,37.10224151611328,20.250370025634766,120.16689088257313,38.372000107750395,37.08612823486328,120.16689088257313,38.372000107750395,ok
matmul,cuda,4096,random,4,11,32_128_32_4_4,28.800031661987305,11.948160171508789,70.90108762258023,38.372000107750395,28.805824279785156,70.90108762258023,38.372000107750395,ok
matmul,cuda,4096,random,4,12,128_32_16_4_4,31.611520767211914,14.759649276733398,87.5846299034072,38.372000107750395,31.557680130004883,87.5846299034072,38.372000107750395,ok
matmul,cuda,4096,random,4,13,32_32_16_4_2,27.50035285949707,10.648481369018555,63.18871690325349,38.372000107750395,27.75438404083252,63.18871690325349,63.18871690325349,ok
matmul,cuda,4096,random,4,14,32_128_16_4_4,23.470239639282227,6.618368148803711,39.273787202466856,38.372000107750395,29.27603244781494,39.273787202466856,63.18871690325349,ok
matmul,cuda,4096,random,4,15,32_128_16_2_4,25.767488479614258,8.915616989135742,52.90579740163079,38.372000107750395,30.85043239593506,52.90579740163079,63.18871690325349,ok
matmul,cuda,4096,random,5,1,32_32_32_2_2,27.283039093017578,10.431167602539062,61.89916418738881,61.89916418738881,32.765472412109375,61.89916418738881,61.89916418738881,ok
matmul,cuda,4096,random,5,2,32_64_16_1_4,35.144351959228516,18.29248046875,108.54865869992803,61.89916418738881,40.12691116333008,108.54865869992803,61.89916418738881,ok
matmul,cuda,4096,random,5,3,32_128_16_4_4,23.470239639282227,6.618368148803711,39.273787202466856,39.27378720246685,29.25449562072754,39.273787202466856,39.273787202466856,ok
matmul,cuda,4096,random,5,4,64_32_8_1_4,38.17020797729492,21.318336486816406,126.50426689321415,39.27378720246685,38.169647216796875,126.50426689321415,39.273787202466856,ok
matmul,cuda,4096,random,5,5,64_32_16_2_4,28.79987144470215,11.947999954223633,70.9001368837543,39.27378720246685,34.53468704223633,70.9001368837543,39.273787202466856,ok
matmul,cuda,4096,random,5,6,32_32_16_4_2,27.50035285949707,10.648481369018555,63.18871690325349,39.27378720246685,27.76206398010254,63.18871690325349,63.18871690325349,ok
matmul,cuda,4096,random,5,7,64_32_32_2_4,31.548128128051758,14.696256637573242,87.20845424127985,39.27378720246685,31.673952102661133,87.20845424127985,63.18871690325349,ok
matmul,cuda,4096,random,5,8,64_32_8_2_2,25.57961654663086,8.727745056152344,51.790954263350585,39.27378720246685,29.257967948913574,51.790954263350585,63.18871690325349,ok
matmul,cuda,4096,random,5,9,32_32_8_4_1,23.528736114501953,6.6768646240234375,39.62090873880646,39.27378720246685,28.656143188476562,39.62090873880646,63.18871690325349,ok
matmul,cuda,4096,random,5,10,32_128_8_4_4,29.03068733215332,12.178815841674805,72.26981198234253,39.27378720246685,28.97208023071289,72.26981198234253,63.18871690325349,ok
matmul,cuda,4096,random,5,11,64_32_32_4_2,41.46080017089844,24.608928680419922,146.03083517652163,39.27378720246685,41.45083045959473,146.03083517652163,63.18871690325349,ok
matmul,cuda,4096,random,5,12,32_64_16_4_1,36.142974853515625,19.29110336303711,114.47454589204993,39.27378720246685,36.12428855895996,114.47454589204993,63.18871690325349,ok
matmul,cuda,4096,random,5,13,64_64_32_4_2,21.28598403930664,4.434112548828125,26.312285560291905,26.312285560291894,24.000751495361328,26.312285560291905,26.312285560291905,ok
matmul,cuda,4096,random,5,14,32_32_16_1_2,31.60028839111328,14.748416900634766,87.51797632071772,26.312285560291894,39.62924766540527,87.51797632071772,26.312285560291905,ok
matmul,cuda,4096,random,5,15,64_32_32_1_4,56.026302337646484,39.17443084716797,232.46338467096626,26.312285560291894,56.02499198913574,232.46338467096626,26.312285560291905,ok
matmul,cuda,4096,random,6,1,32_32_32_2_2,27.283039093017578,10.431167602539062,61.89916418738881,61.89916418738881,32.791521072387695,61.89916418738881,61.89916418738881,ok
matmul,cuda,4096,random,6,2,32_32_32_4_4,50.01561737060547,33.16374588012695,196.79562533374892,61.89916418738881,50.05926322937012,196.79562533374892,61.89916418738881,ok
matmul,cuda,4096,random,6,3,32_64_32_1_4,48.25641632080078,31.404544830322266,186.35642247845388,61.89916418738881,48.273935317993164,186.35642247845388,61.89916418738881,ok
matmul,cuda,4096,random,6,4,32_32_32_4_2,42.0283203125,25.176448822021484,149.3985331910847,61.89916418738881,41.97585678100586,149.3985331910847,61.89916418738881,ok
matmul,cuda,4096,random,6,5,32_128_8_2_4,33.32284927368164,16.470977783203125,97.73975426117747,61.89916418738881,33.30031967163086,97.73975426117747,61.89916418738881,ok
matmul,cuda,4096,random,6,6,32_32_32_1_4,50.586944580078125,33.73507308959961,200.18591471374725,61.89916418738881,53.90456008911133,200.18591471374725,61.89916418738881,ok
matmul,cuda,4096,random,6,7,32_32_8_4_2,27.740320205688477,10.888448715209961,64.61269729811343,61.89916418738881,28.13492774963379,64.61269729811343,64.61269729811343,ok
matmul,cuda,4096,random,6,8,32_128_32_4_2,50.5456657409668,33.69379425048828,199.94096364623735,61.89916418738881,50.59244728088379,199.94096364623735,64.61269729811343,ok
matmul,cuda,4096,random,6,9,32_128_16_4_4,23.470239639282227,6.618368148803711,39.273787202466856,39.27378720246685,29.281039237976074,39.273787202466856,64.61269729811343,ok
matmul,cuda,4096,random,6,10,64_64_8_4_2,19.15894317626953,2.3070716857910156,13.690299543849083,13.690299543849093,19.156208038330078,13.690299543849083,13.690299543849083,ok
matmul,cuda,4096,random,6,11,128_32_16_4_4,31.611520767211914,14.759649276733398,87.5846299034072,13.690299543849093,31.596927642822266,87.5846299034072,13.690299543849083,ok
matmul,cuda,4096,random,6,12,128_32_8_4_4,29.298112869262695,12.44624137878418,73.85673090265634,13.690299543849093,29.307616233825684,73.85673090265634,13.690299543849083,ok
matmul,cuda,4096,random,6,13,32_64_16_4_4,30.526975631713867,13.675104141235352,81.14887506092086,13.690299543849093,32.119903564453125,81.14887506092086,13.690299543849083,ok
matmul,cuda,4096,random,6,14,64_32_8_2_4,27.943008422851562,11.091136932373047,65.8154611411537,13.690299543849093,27.888943672180176,65.8154611411537,13.690299543849083,ok
matmul,cuda,4096,random,6,15,64_32_8_4_4,25.578048706054688,8.726177215576172,51.781650604839655,13.690299543849093,25.589823722839355,51.781650604839655,13.690299543849083,ok
matmul,cuda,4096,random,7,1,32_32_32_2_2,27.283039093017578,10.431167602539062,61.89916418738881,61.89916418738881,32.80841636657715,61.89916418738881,61.89916418738881,ok
matmul,cuda,4096,random,7,2,32_128_8_2_4,33.32284927368164,16.470977783203125,97.73975426117747,61.89916418738881,33.34780693054199,97.73975426117747,61.89916418738881,ok
matmul,cuda,4096,random,7,3,32_32_8_4_1,23.528736114501953,6.6768646240234375,39.62090873880646,39.62090873880646,28.655920028686523,39.62090873880646,39.62090873880646,ok
matmul,cuda,4096,random,7,4,32_128_8_4_4,29.03068733215332,12.178815841674805,72.26981198234253,39.62090873880646,28.97236728668213,72.26981198234253,39.62090873880646,ok
matmul,cuda,4096,random,7,5,64_64_16_4_4,25.252511978149414,8.400640487670898,49.84989644869622,39.62090873880646,25.27681541442871,49.84989644869622,49.84989644869622,ok
matmul,cuda,4096,random,7,6,32_64_8_4_4,19.481056213378906,2.6291847229003906,15.601737316747922,15.601737316747922,23.285231590270996,15.601737316747922,15.601737316747922,ok
matmul,cuda,4096,random,7,7,64_32_8_2_4,27.943008422851562,11.091136932373047,65.8154611411537,15.601737316747922,27.89470386505127,65.8154611411537,15.601737316747922,ok
matmul,cuda,4096,random,7,8,64_32_32_4_4,39.09574508666992,22.243873596191406,131.9964587242398,15.601737316747922,39.080543518066406,131.9964587242398,15.601737316747922,ok
matmul,cuda,4096,random,7,9,32_32_8_4_4,29.21990394592285,12.368032455444336,73.39263453576893,15.601737316747922,29.24387264251709,73.39263453576893,15.601737316747922,ok
matmul,cuda,4096,random,7,10,64_64_16_2_4,20.885568618774414,4.033697128295898,23.936196822857212,15.601737316747922,26.504240036010742,23.936196822857212,15.601737316747922,ok
matmul,cuda,4096,random,7,11,32_32_32_1_2,34.02854537963867,17.176673889160156,101.92739660319128,15.601737316747922,39.12323188781738,101.92739660319128,15.601737316747922,ok
matmul,cuda,4096,random,7,12,32_64_32_1_4,48.25641632080078,31.404544830322266,186.35642247845388,15.601737316747922,48.27984046936035,186.35642247845388,15.601737316747922,ok
matmul,cuda,4096,random,7,13,64_32_16_4_1,36.10559844970703,19.253726959228516,114.2527521059431,15.601737316747922,36.10851287841797,114.2527521059431,15.601737316747922,ok
matmul,cuda,4096,random,7,14,32_32_8_2_4,30.261695861816406,13.40982437133789,79.57468924988291,15.601737316747922,30.265647888183594,79.57468924988291,15.601737316747922,ok
matmul,cuda,4096,random,7,15,32_32_16_1_4,42.326751708984375,25.47488021850586,151.1694427108552,15.601737316747922,42.33889579772949,151.1694427108552,15.601737316747922,ok
matmul,cuda,4096,random,8,1,32_32_32_2_2,27.283039093017578,10.431167602539062,61.89916418738881,61.89916418738881,32.797279357910156,61.89916418738881,61.89916418738881,ok
matmul,cuda,4096,random,8,2,64_64_16_4_4,25.252511978149414,8.400640487670898,49.84989644869622,49.84989644869621,25.252943992614746,49.84989644869622,49.84989644869622,ok
matmul,cuda,4096,random,8,3,32_128_16_4_2,23.074560165405273,6.222688674926758,36.92580185199397,36.92580185199396,27.325183868408203,36.92580185199397,49.84989644869622,ok
matmul,cuda,4096,random,8,4,32_32_8_4_2,27.740320205688477,10.888448715209961,64.61269729811343,36.92580185199396,28.043583869934082,64.61269729811343,49.84989644869622,ok
matmul,cuda,4096,random,8,5,64_128_32_4_4,34.935455322265625,18.08358383178711,107.30905372738286,36.92580185199396,34.95097541809082,107.30905372738286,49.84989644869622,ok
matmul,cuda,4096,random,8,6,32_64_32_4_4,37.10224151611328,20.250370025634766,120.16689088257313,36.92580185199396,37.067583084106445,120.16689088257313,49.84989644869622,ok
matmul,cuda,4096,random,8,7,32_32_16_1_4,42.326751708984375,25.47488021850586,151.1694427108552,36.92580185199396,42.38604736328125,151.1694427108552,49.84989644869622,ok
matmul,cuda,4096,random,8,8,32_128_16_2_4,25.767488479614258,8.915616989135742,52.90579740163079,36.92580185199396,31.143583297729492,52.90579740163079,49.84989644869622,ok
matmul,cuda,4096,random,8,9,64_64_16_2_4,20.885568618774414,4.033697128295898,23.936196822857212,23.936196822857212,26.458399772644043,23.936196822857212,49.84989644869622,ok
matmul,cuda,4096,random,8,10,64_32_8_4_2,21.10860824584961,4.256736755371094,25.25972713342963,23.936196822857212,25.32572841644287,25.25972713342963,49.84989644869622,ok
matmul,cuda,4096,random,8,11,32_32_16_4_2,27.50035285949707,10.648481369018555,63.18871690325349,23.936196822857212,27.753535270690918,63.18871690325349,49.84989644869622,ok
matmul,cuda,4096,random,8,12,128_32_8_2_4,28.659263610839844,11.807392120361328,70.06576169912422,23.936196822857212,35.0700798034668,70.06576169912422,49.84989644869622,ok
matmul,cuda,4096,random,8,13,128_64_32_4_4,35.228736877441406,18.37686538696289,109.04940378489125,23.936196822857212,35.21996879577637,109.04940378489125,49.84989644869622,ok
matmul,cuda,4096,random,8,14,32_64_8_4_4,19.481056213378906,2.6291847229003906,15.601737316747922,15.601737316747922,23.289567947387695,15.601737316747922,15.601737316747922,ok
matmul,cuda,4096,random,8,15,32_32_32_4_2,42.0283203125,25.176448822021484,149.3985331910847,15.601737316747922,42.024641036987305,149.3985331910847,15.601737316747922,ok
matmul,cuda,4096,random,9,1,32_32_32_2_2,27.283039093017578,10.431167602539062,61.89916418738881,61.89916418738881,32.79622268676758,61.89916418738881,61.89916418738881,ok
matmul,cuda,4096,random,9,2,32_128_16_2_4,25.767488479614258,8.915616989135742,52.90579740163079,52.90579740163079,31.104991912841797,52.90579740163079,52.90579740163079,ok
matmul,cuda,4096,random,9,3,32_128_8_4_2,30.271520614624023,13.419649124145508,79.63298991288742,52.90579740163079,30.332544326782227,79.63298991288742,79.63298991288742,ok
matmul,cuda,4096,random,9,4,64_64_32_4_4,34.66614532470703,17.814273834228516,105.71095230754501,52.90579740163079,34.66644859313965,105.71095230754501,79.63298991288742,ok
matmul,cuda,4096,random,9,5,32_32_8_2_4,30.261695861816406,13.40982437133789,79.57468924988291,52.90579740163079,30.26972770690918,79.57468924988291,79.57468924988291,ok
matmul,cuda,4096,random,9,6,64_64_8_4_2,19.15894317626953,2.3070716857910156,13.690299543849083,13.690299543849093,19.16158390045166,13.690299543849083,13.690299543849083,ok
matmul,cuda,4096,random,9,7,32_32_32_2_1,27.571680068969727,10.719808578491211,63.61197677390322,13.690299543849093,33.748016357421875,63.61197677390322,13.690299543849083,ok
matmul,cuda,4096,random,9,8,64_32_8_4_4,25.578048706054688,8.726177215576172,51.781650604839655,13.690299543849093,25.704480171203613,51.781650604839655,13.690299543849083,ok
matmul,cuda,4096,random,9,9,64_32_16_4_1,36.10559844970703,19.253726959228516,114.2527521059431,13.690299543849093,36.10262489318848,114.2527521059431,13.690299543849083,ok
matmul,cuda,4096,random,9,10,32_32_32_4_4,50.01561737060547,33.16374588012695,196.79562533374892,13.690299543849093,50.08955192565918,196.79562533374892,13.690299543849083,ok
matmul,cuda,4096,random,9,11,64_32_16_2_4,28.79987144470215,11.947999954223633,70.9001368837543,13.690299543849093,34.47761535644531,70.9001368837543,13.690299543849083,ok
matmul,cuda,4096,random,9,12,32_128_16_4_4,23.470239639282227,6.618368148803711,39.273787202466856,13.690299543849093,29.291808128356934,39.273787202466856,13.690299543849083,ok
matmul,cuda,4096,random,9,13,64_32_32_2_2,39.380126953125,22.528255462646484,133.68399750363147,13.690299543849093,39.37540817260742,133.68399750363147,13.690299543849083,ok
matmul,cuda,4096,random,9,14,64_32_8_4_2,21.10860824584961,4.256736755371094,25.25972713342963,13.690299543849093,25.324495315551758,25.25972713342963,13.690299543849083,ok
matmul,cuda,4096,random,9,15,32_32_16_1_4,42.326751708984375,25.47488021850586,151.1694427108552,13.690299543849093,42.3973274230957,151.1694427108552,13.690299543849083,ok
stencil,sycl,1024,bayesian,0,1,16_64_0_2_2,15.374495506286621,2.194943428039551,16.654158009378172,16.654158009378165,15.92347002029419,16.654158009378172,16.654158009378172,ok
stencil,sycl,1024,bayesian,0,2,32_128_0_4_2,16.1767635345459,2.997211456298828,22.74137571978447,16.654158009378165,18.4675235748291,22.74137571978447,16.654158009378172,ok
stencil,sycl,1024,bayesian,0,3,16_32_1_1_2,14.911423683166504,1.7318716049194336,13.140595330078764,13.140595330078767,18.08540630340576,13.140595330078764,16.654158009378172,ok
stencil,sycl,1024,bayesian,0,4,64_64_8_4_4,20.07238006591797,6.892827987670898,52.29941007667136,13.140595330078767,23.67722988128662,52.29941007667136,16.654158009378172,ok
stencil,sycl,1024,bayesian,0,5,16_32_2_1_2,16.17485237121582,2.99530029296875,22.726874746468127,13.140595330078767,15.818304061889648,22.726874746468127,22.726874746468127,ok
stencil,sycl,1024,bayesian,0,6,16_32_2_2_4,19.254335403442383,6.0747833251953125,46.092486976259075,13.140595330078767,18.23300838470459,46.092486976259075,22.726874746468127,ok
stencil,sycl,1024,bayesian,0,7,32_32_8_2_4,18.551300048828125,5.371747970581055,40.75819829603433,13.140595330078767,21.441743850708008,40.75819829603433,22.726874746468127,ok
stencil,sycl,1024,bayesian,0,8,32_64_8_4_1,14.810432434082031,1.630880355834961,12.374323088921502,12.374323088921503,15.146574020385742,12.374323088921502,12.374323088921502,ok
stencil,sycl,1024,bayesian,0,9,32_64_8_4_1,14.810432434082031,1.630880355834961,12.374323088921502,12.374323088921503,17.001458168029785,12.374323088921502,12.374323088921502,ok
stencil,sycl,1024,bayesian,0,10,16_64_8_2_4,16.928159713745117,3.748607635498047,28.442602701841025,12.374323088921503,21.274091720581055,28.442602701841025,12.374323088921502,ok
stencil,sycl,1024,bayesian,0,11,32_64_1_4_1,15.107808113098145,1.9282560348510742,14.63066440652161,12.374323088921503,16.8040771484375,14.63066440652161,12.374323088921502,ok
stencil,sycl,1024,bayesian,0,12,16_32_1_4_2,18.054336547851562,4.874784469604492,36.987482128852875,12.374323088921503,17.786498069763184,36.987482128852875,12.374323088921502,ok
stencil,sycl,1024,bayesian,0,13,16_32_8_4_2,18.030115127563477,4.850563049316406,36.803701829307926,12.374323088921503,17.81990623474121,36.803701829307926,12.374323088921502,ok
stencil,sycl,1024,bayesian,0,14,32_32_8_4_2,18.348800659179688,5.169248580932617,39.221731893790945,12.374323088921503,17.947726249694824,39.221731893790945,12.374323088921502,ok
stencil,sycl,1024,bayesian,0,15,32_64_2_2_2,16.074432373046875,2.8948802947998047,21.964936878073594,12.374323088921503,16.830690383911133,21.964936878073594,12.374323088921502,ok
stencil,sycl,1024,bayesian,1,1,16_64_0_2_2,15.374495506286621,2.194943428039551,16.654158009378172,16.654158009378165,15.156619548797607,16.654158009378172,16.654158009378172,ok
stencil,sycl,1024,bayesian,1,2,64_64_8_2_4,23.191940307617188,10.012388229370117,75.96910858522745,16.654158009378165,20.69375705718994,75.96910858522745,16.654158009378172,ok
stencil,sycl,1024,bayesian,1,3,16_32_0_2_4,18.02821922302246,4.848667144775391,36.78931663222564,16.654158009378165,17.921874046325684,36.78931663222564,16.654158009378172,ok
stencil,sycl,1024,bayesian,1,4,32_128_2_4_4,23.023263931274414,9.843711853027344,74.68927467781283,16.654158009378165,20.998029708862305,74.68927467781283,16.654158009378172,ok
stencil,sycl,1024,bayesian,1,5,16_128_2_1_4,21.79030418395996,8.61075210571289,65.33417869280238,16.654158009378165,22.098591804504395,65.33417869280238,16.654158009378172,ok
stencil,sycl,1024,bayesian,1,6,16_128_0_4_2,14.349791526794434,1.1702394485473633,8.879205010911196,8.879205010911187,15.175986289978027,8.879205010911196,16.654158009378172,ok
stencil,sycl,1024,bayesian,1,7,32_64_2_1_4,22.535232543945312,9.355680465698242,70.9863310236457,8.879205010911187,21.9378719329834,70.9863310236457,16.654158009378172,ok
stencil,sycl,1024,bayesian,1,8,32_32_1_4_4,18.66579246520996,5.486240386962891,41.62691079629302,8.879205010911187,22.42809772491455,41.62691079629302,16.654158009378172,ok
stencil,sycl,1024,bayesian,1,9,16_64_0_2_2,15.374495506286621,2.194943428039551,16.654158009378172,8.879205010911187,17.896623611450195,16.654158009378172,16.654158009378172,ok
stencil,sycl,1024,bayesian,1,10,16_64_0_1_4,22.039331436157227,8.859779357910156,67.22367577676084,8.879205010911187,19.30893039703369,67.22367577676084,16.654158009378172,ok
stencil,sycl,1024,bayesian,1,11,16_32_1_4_4,22.587196350097656,9.407644271850586,71.38060698874553,8.879205010911187,18.05525016784668,71.38060698874553,16.654158009378172,ok
stencil,sycl,1024,bayesian,1,12,16_128_0_4_2,14.349791526794434,1.1702394485473633,8.879205010911196,8.879205010911187,15.183743953704834,8.879205010911196,16.654158009378172,ok
stencil,sycl,1024,bayesian,1,13,16_32_1_4_1,17.066083908081055,3.8865318298339844,29.489104081531934,8.879205010911187,16.889585494995117,29.489104081531934,16.654158009378172,ok
stencil,sycl,1024,bayesian,1,14,16_32_0_2_2,15.310979843139648,2.131427764892578,16.172232199078394,8.879205010911187,18.028575897216797,16.172232199078394,16.654158009378172,ok
stencil,sycl,1024,bayesian,1,15,16_64_0_1_2,18.59872055053711,5.419168472290039,41.118001887442055,8.879205010911187,14.95905590057373,41.118001887442055,41.118001887442055,ok
stencil,sycl,1024,bayesian,2,1,16_64_0_2_2,15.374495506286621,2.194943428039551,16.654158009378172,16.654158009378165,15.20585584640503,16.654158009378172,16.654158009378172,ok
stencil,sycl,1024,bayesian,2,2,64_64_8_4_4,20.07238006591797,6.892827987670898,52.29941007667136,16.654158009378165,23.548816680908203,52.29941007667136,16.654158009378172,ok
stencil,sycl,1024,bayesian,2,3,16_32_8_2_1,14.747807502746582,1.5682554244995117,11.899155716285126,11.89915571628513,17.048498153686523,11.899155716285126,16.654158009378172,ok
stencil,sycl,1024,bayesian,2,4,64_32_0_4_2,17.44870376586914,4.26915168762207,32.39223656673682,11.89915571628513,18.1659517288208,32.39223656673682,16.654158009378172,ok
stencil,sycl,1024,bayesian,2,5,32_32_1_4_4,18.66579246520996,5.486240386962891,41.62691079629302,11.89915571628513,22.6698579788208,41.62691079629302,16.654158009378172,ok
stencil,sycl,1024,bayesian,2,6,32_32_2_4_2,16.55251121520996,3.3729591369628906,25.59236548357344,11.89915571628513,15.51913595199585,25.59236548357344,16.654158009378172,ok
stencil,sycl,1024,bayesian,2,7,64_32_8_2_2,15.46925163269043,2.2896995544433594,17.373121186891648,11.89915571628513,16.029776573181152,17.373121186891648,16.654158009378172,ok
stencil,sycl,1024,bayesian,2,8,16_64_2_2_2,15.112540245056152,1.932988166809082,14.66656951111025,11.89915571628513,17.702159881591797,14.66656951111025,16.654158009378172,ok
stencil,sycl,1024,bayesian,2,9,16_64_0_2_2,15.374495506286621,2.194943428039551,16.654158009378172,11.89915571628513,16.85638427734375,16.654158009378172,16.654158009378172,ok
stencil,sycl,1024,bayesian,2,10,64_64_0_4_4,22.810588836669922,9.631036758422852,73.07559999947901,11.89915571628513,21.339393615722656,73.07559999947901,16.654158009378172,ok
stencil,sycl,1024,bayesian,2,11,32_64_1_2_2,17.5284481048584,4.348896026611328,32.9972976379767,11.89915571628513,15.447247982025146,32.9972976379767,16.654158009378172,ok
stencil,sycl,1024,bayesian,2,12,32_64_1_2_2,17.5284481048584,4.348896026611328,32.9972976379767,11.89915571628513,17.9273738861084,32.9972976379767,16.654158009378172,ok
stencil,sycl,1024,bayesian,2,13,32_64_8_1_4,18.10313606262207,4.923583984375,37.357748997414,11.89915571628513,18.754237174987793,37.357748997414,16.654158009378172,ok
stencil,sycl,1024,bayesian,2,14,16_32_2_2_4,19.254335403442383,6.0747833251953125,46.092486976259075,11.89915571628513,21.062060356140137,46.092486976259075,16.654158009378172,ok
stencil,sycl,1024,bayesian,2,15,32_64_0_2_4,22.101184844970703,8.921632766723633,67.69298921356244,11.89915571628513,19.54224395751953,67.69298921356244,16.654158009378172,ok
stencil,sycl,1024,bayesian,3,1,16_64_0_2_2,15.374495506286621,2.194943428039551,16.654158009378172,16.654158009378165,14.39675235748291,16.654158009378172,16.654158009378172,ok
stencil,sycl,1024,bayesian,3,2,16_32_2_4_2,15.391803741455078,2.212251663208008,16.78548443887817,16.654158009378165,17.265600204467773,16.78548443887817,16.654158009378172,ok
stencil,sycl,1024,bayesian,3,3,64_32_2_2_2,17.81113624572754,4.631584167480469,35.142197094277016,16.654158009378165,15.02180814743042,35.142197094277016,16.654158009378172,ok
stencil,sycl,1024,bayesian,3,4,32_32_1_4_4,18.66579246520996,5.486240386962891,41.62691079629302,16.654158009378165,21.926064491271973,41.62691079629302,16.654158009378172,ok
stencil,sycl,1024,bayesian,3,5,32_64_1_2_2,17.5284481048584,4.348896026611328,32.9972976379767,16.654158009378165,17.51363182067871,32.9972976379767,16.654158009378172,ok
stencil,sycl,1024,bayesian,3,6,64_32_8_2_4,21.110015869140625,7.930463790893555,60.172483433506315,16.654158009378165,17.170207977294922,60.172483433506315,16.654158009378172,ok
stencil,sycl,1024,bayesian,3,7,16_64_0_2_2,15.374495506286621,2.194943428039551,16.654158009378172,16.654158009378165,16.878064155578613,16.654158009378172,16.654158009378172,ok
stencil,sycl,1024,bayesian,3,8,16_64_1_2_4,19.53670310974121,6.357151031494141,48.234955131644085,16.654158009378165,17.2992000579834,48.234955131644085,16.654158009378172,ok
stencil,sycl,1024,bayesian,3,9,32_128_0_2_4,23.081632614135742,9.902080535888672,75.1321477171604,16.654158009378165,19.884143829345703,75.1321477171604,16.654158009378172,ok
stencil,sycl,1024,bayesian,3,10,32_32_2_2_1,14.145567893981934,0.9660158157348633,7.329655894218723,7.329655894218728,16.434783935546875,7.329655894218723,16.654158009378172,ok
stencil,sycl,1024,bayesian,3,11,16_64_0_2_2,15.374495506286621,2.194943428039551,16.654158009378172,7.329655894218728,17.13915252685547,16.654158009378172,16.654158009378172,ok
stencil,sycl,1024,bayesian,3,12,64_32_2_2_2,17.81113624572754,4.631584167480469,35.142197094277016,7.329655894218728,15.817375659942627,35.142197094277016,16.654158009378172,ok
stencil,sycl,1024,bayesian,3,13,32_128_2_2_4,22.296064376831055,9.116512298583984,69.17163985892087,7.329655894218728,22.32083225250244,69.17163985892087,16.654158009378172,ok
stencil,sycl,1024,bayesian,3,14,16_64_1_4_1,15.164443969726562,1.9848918914794922,15.06038960728846,7.329655894218728,13.365615844726562,15.06038960728846,15.06038960728846,ok
stencil,sycl,1024,bayesian,3,15,64_32_0_4_2,17.44870376586914,4.26915168762207,32.39223656673682,7.329655894218728,17.259552001953125,32.39223656673682,15.06038960728846,ok
stencil,sycl,1024,bayesian,4,1,16_64_0_2_2,15.374495506286621,2.194943428039551,16.654158009378172,16.654158009378165,14.404304027557373,16.654158009378172,16.654158009378172,ok
stencil,sycl,1024,bayesian,4,2,32_64_8_4_1,14.810432434082031,1.630880355834961,12.374323088921502,12.374323088921503,16.30300807952881,12.374323088921502,16.654158009378172,ok
stencil,sycl,1024,bayesian,4,3,32_32_8_1_2,15.375103950500488,2.195551872253418,16.65877458671141,12.374323088921503,14.794496059417725,16.65877458671141,16.654158009378172,ok
stencil,sycl,1024,bayesian,4,4,16_128_0_1_4,17.55023956298828,4.370687484741211,33.162640572247184,12.374323088921503,21.59771156311035,33.162640572247184,16.654158009378172,ok
stencil,sycl,1024,bayesian,4,5,16_64_8_4_1,16.519136428833008,3.3395843505859375,25.33913391562026,12.374323088921503,15.796335697174072,25.33913391562026,16.654158009378172,ok
stencil,sycl,1024,bayesian,4,6,32_64_1_1_4,21.953216552734375,8.773664474487305,66.57027812779988,12.374323088921503,21.26523208618164,66.57027812779988,16.654158009378172,ok
stencil,sycl,1024,bayesian,4,7,16_32_2_2_1,17.618879318237305,4.439327239990234,33.68344548914808,12.374323088921503,16.327183723449707,33.68344548914808,16.654158009378172,ok
stencil,sycl,1024,bayesian,4,8,32_64_0_2_2,15.498204231262207,2.3186521530151367,17.59279935501059,12.374323088921503,17.4345760345459,17.59279935501059,16.654158009378172,ok
stencil,sycl,1024,bayesian,4,9,64_32_2_2_4,17.89423942565918,4.714687347412109,35.77274340903989,12.374323088921503,17.45047950744629,35.77274340903989,16.654158009378172,ok
stencil,sycl,1024,bayesian,4,10,16_32_1_1_1,15.77244758605957,2.5928955078125,19.673623901771965,12.374323088921503,17.252400398254395,19.673623901771965,16.654158009378172,ok
stencil,sycl,1024,bayesian,4,11,16_32_2_2_4,19.254335403442383,6.0747833251953125,46.092486976259075,12.374323088921503,17.64844799041748,46.092486976259075,16.654158009378172,ok
stencil,sycl,1024,bayesian,4,12,32_32_2_1_2,15.156479835510254,1.9769277572631836,14.999961649122472,12.374323088921503,16.83403205871582,14.999961649122472,16.654158009378172,ok
stencil,sycl,1024,bayesian,4,13,32_128_8_4_2,15.17728042602539,1.9977283477783203,15.157786364193537,12.374323088921503,17.77891254425049,15.157786364193537,16.654158009378172,ok
stencil,sycl,1024,bayesian,4,14,32_32_8_1_2,15.375103950500488,2.195551872253418,16.65877458671141,12.374323088921503,15.861423969268799,16.65877458671141,16.654158009378172,ok
stencil,sycl,1024,bayesian,4,15,32_32_2_2_2,17.65462303161621,4.475070953369141,33.95465131743946,12.374323088921503,17.27905559539795,33.95465131743946,16.654158009378172,ok
stencil,sycl,1024,bayesian,5,1,16_64_0_2_2,15.374495506286621,2.194943428039551,16.654158009378172,16.654158009378165,16.995200157165527,16.654158009378172,16.654158009378172,ok
stencil,sycl,1024,bayesian,5,2,64_64_8_2_4,23.191940307617188,10.012388229370117,75.96910858522745,16.654158009378165,22.25096035003662,75.96910858522745,16.654158009378172,ok
stencil,sycl,1024,bayesian,5,3,16_32_1_2_2,17.99407958984375,4.81452751159668,36.53028178054007,16.654158009378165,17.56764793395996,36.53028178054007,16.654158009378172,ok
stencil,sycl,1024,bayesian,5,4,16_64_0_4_1,14.871611595153809,1.6920595169067383,12.838520663380448,12.838520663380454,13.352607727050781,12.838520663380448,12.838520663380448,ok
stencil,sycl,1024,bayesian,5,5,32_32_8_2_2,16.011167526245117,2.831615447998047,21.484914139621214,12.838520663380454,17.234512329101562,21.484914139621214,12.838520663380448,ok
stencil,sycl,1024,bayesian,5,6,16_32_2_1_4,21.891584396362305,8.712032318115234,66.10264344639221,12.838520663380454,17.245872497558594,66.10264344639221,12.838520663380448,ok
stencil,sycl,1024,bayesian,5,7,64_64_2_2_4,23.203651428222656,10.024099349975586,76.0579668448704,12.838520663380454,19.775023460388184,76.0579668448704,12.838520663380448,ok
stencil,sycl,1024,bayesian,5,8,16_64_0_4_1,14.871611595153809,1.6920595169067383,12.838520663380448,12.838520663380454,15.124943733215332,12.838520663380448,12.838520663380448,ok
stencil,sycl,1024,bayesian,5,9,32_32_8_2_4,18.551300048828125,5.371747970581055,40.75819829603433,12.838520663380454,17.559120178222656,40.75819829603433,12.838520663380448,ok
stencil,sycl,1024,bayesian,5,10,32_64_8_1_4,18.10313606262207,4.923583984375,37.357748997414,12.838520663380454,18.01551914215088,37.357748997414,12.838520663380448,ok
stencil,sycl,1024,bayesian,5,11,16_128_8_4_2,15.944767951965332,2.7652158737182617,20.981106621083633,12.838520663380454,16.940959930419922,20.981106621083633,12.838520663380448,ok
stencil,sycl,1024,bayesian,5,12,16_64_0_4_1,14.871611595153809,1.6920595169067383,12.838520663380448,12.838520663380454,15.97977590560913,12.838520663380448,12.838520663380448,ok
stencil,sycl,1024,bayesian,5,13,16_64_0_4_1,14.871611595153809,1.6920595169067383,12.838520663380448,12.838520663380454,15.08628797531128,12.838520663380448,12.838520663380448,ok
stencil,sycl,1024,bayesian,5,14,32_64_8_4_1,14.810432434082031,1.630880355834961,12.374323088921502,12.374323088921503,14.52067232131958,12.374323088921502,12.838520663380448,ok
stencil,sycl,1024,bayesian,5,15,32_64_8_4_1,14.810432434082031,1.630880355834961,12.374323088921502,12.374323088921503,16.15511989593506,12.374323088921502,12.838520663380448,ok
stencil,sycl,1024,bayesian,6,1,16_64_0_2_2,15.374495506286621,2.194943428039551,16.654158009378172,16.654158009378165,16.899312019348145,16.654158009378172,16.654158009378172,ok
stencil,sycl,1024,bayesian,6,2,16_32_1_4_4,22.587196350097656,9.407644271850586,71.38060698874553,16.654158009378165,18.40071964263916,71.38060698874553,16.654158009378172,ok
stencil,sycl,1024,bayesian,6,3,32_64_2_2_2,16.074432373046875,2.8948802947998047,21.964936878073594,16.654158009378165,16.489952087402344,21.964936878073594,21.964936878073594,ok
stencil,sycl,1024,bayesian,6,4,16_32_0_1_1,17.984127044677734,4.804574966430664,36.4547667318728,16.654158009378165,17.25455951690674,36.4547667318728,21.964936878073594,ok
stencil,sycl,1024,bayesian,6,5,32_32_2_1_4,21.082399368286133,7.9028472900390625,59.962942921882444,16.654158009378165,17.017807960510254,59.962942921882444,21.964936878073594,ok
stencil,sycl,1024,bayesian,6,6,32_32_1_2_4,17.687807083129883,4.5082550048828125,34.20643568246688,16.654158009378165,20.4999361038208,34.20643568246688,21.964936878073594,ok
stencil,sycl,1024,bayesian,6,7,16_128_1_4_4,22.12076759338379,8.941215515136719,67.8415735379524,16.654158009378165,21.899407386779785,67.8415735379524,21.964936878073594,ok
stencil,sycl,1024,bayesian,6,8,32_64_2_4_4,22.463359832763672,9.283807754516602,70.44099601715284,16.654158009378165,21.689760208129883,70.44099601715284,21.964936878073594,ok
stencil,sycl,1024,bayesian,6,9,16_32_8_4_2,18.030115127563477,4.850563049316406,36.803701829307926,16.654158009378165,17.27755069732666,36.803701829307926,21.964936878073594,ok
stencil,sycl,1024,bayesian,6,10,32_64_0_1_4,18.29116439819336,5.111612319946289,38.784416113678375,16.654158009378165,21.317487716674805,38.784416113678375,21.964936878073594,ok
stencil,sycl,1024,bayesian,6,11,16_32_8_1_1,18.262239456176758,5.0826873779296875,38.56494778998365,16.654158009378165,14.597087860107422,38.56494778998365,38.56494778998365,ok
stencil,sycl,1024,bayesian,6,12,32_32_1_4_1,16.286880493164062,3.107328414916992,23.576889384925725,16.654158009378165,16.076159477233887,23.576889384925725,38.56494778998365,ok
stencil,sycl,1024,bayesian,6,13,16_32_8_1_1,18.262239456176758,5.0826873779296875,38.56494778998365,16.654158009378165,15.469327926635742,38.56494778998365,38.56494778998365,ok
stencil,sycl,1024,bayesian,6,14,32_64_8_2_2,16.76924705505371,3.5896949768066406,27.236851112197158,16.654158009378165,14.981488227844238,27.236851112197158,38.56494778998365,ok
stencil,sycl,1024,bayesian,6,15,32_64_1_4_2,17.99493980407715,4.815387725830078,36.53680866573534,16.654158009378165,17.027408599853516,36.53680866573534,38.56494778998365,ok
stencil,sycl,1024,bayesian,7,1,16_64_0_2_2,15.374495506286621,2.194943428039551,16.654158009378172,16.654158009378165,16.049232482910156,16.654158009378172,16.654158009378172,ok
stencil,sycl,1024,bayesian,7,2,16_32_0_1_2,16.018400192260742,2.838848114013672,21.539792074566844,16.654158009378165,15.810510158538818,21.539792074566844,21.539792074566844,ok
stencil,sycl,1024,bayesian,7,3,16_64_2_4_1,17.373760223388672,4.194208145141602,31.82360159313886,16.654158009378165,14.178544044494629,31.82360159313886,31.82360159313886,ok
stencil,sycl,1024,bayesian,7,4,64_32_0_1_4,21.409151077270508,8.229598999023438,62.44217519809676,16.654158009378165,17.92780876159668,62.44217519809676,31.82360159313886,ok
stencil,sycl,1024,bayesian,7,5,32_64_0_1_4,18.29116439819336,5.111612319946289,38.784416113678375,16.654158009378165,19.071919441223145,38.784416113678375,31.82360159313886,ok
stencil,sycl,1024,bayesian,7,6,16_128_0_2_4,19.20639991760254,6.026847839355469,45.72877593695173,16.654158009378165,17.87726402282715,45.72877593695173,31.82360159313886,ok
stencil,sycl,1024,bayesian,7,7,16_64_2_4_1,17.373760223388672,4.194208145141602,31.82360159313886,16.654158009378165,15.016208171844482,31.82360159313886,31.82360159313886,ok
stencil,sycl,1024,bayesian,7,8,16_64_2_4_1,17.373760223388672,4.194208145141602,31.82360159313886,16.654158009378165,15.85910415649414,31.82360159313886,31.82360159313886,ok
stencil,sycl,1024,bayesian,7,9,16_32_8_2_2,18.12479591369629,4.945243835449219,37.522093361665696,16.654158009378165,14.6779203414917,37.522093361665696,31.82360159313886,ok
stencil,sycl,1024,bayesian,7,10,64_32_2_4_2,15.42086410522461,2.241312026977539,17.005980276650213,16.654158009378165,17.308223724365234,17.005980276650213,31.82360159313886,ok
stencil,sycl,1024,bayesian,7,11,32_32_0_4_2,17.37295913696289,4.19340705871582,31.817523340850595,16.654158009378165,14.050655841827393,31.817523340850595,31.817523340850595,ok
stencil,sycl,1024,bayesian,7,12,32_32_0_4_2,17.37295913696289,4.19340705871582,31.817523340850595,16.654158009378165,14.169745922088623,31.817523340850595,31.817523340850595,ok
stencil,sycl,1024,bayesian,7,13,32_32_0_4_2,17.37295913696289,4.19340705871582,31.817523340850595,16.654158009378165,17.121520042419434,31.817523340850595,31.817523340850595,ok
stencil,sycl,1024,bayesian,7,14,32_32_0_4_2,17.37295913696289,4.19340705871582,31.817523340850595,16.654158009378165,17.124608039855957,31.817523340850595,31.817523340850595,ok
stencil,sycl,1024,bayesian,7,15,32_32_1_4_4,18.66579246520996,5.486240386962891,41.62691079629302,16.654158009378165,18.40425395965576,41.62691079629302,31.817523340850595,ok
stencil,sycl,1024,bayesian,8,1,16_64_0_2_2,15.374495506286621,2.194943428039551,16.654158009378172,16.654158009378165,16.910271644592285,16.654158009378172,16.654158009378172,ok
stencil,sycl,1024,bayesian,8,2,32_128_8_4_2,15.17728042602539,1.9977283477783203,15.157786364193537,15.157786364193537,17.89748764038086,15.157786364193537,16.654158009378172,ok
stencil,sycl,1024,bayesian,8,3,64_32_1_4_1,17.304092407226562,4.124540328979492,31.29499625246803,15.157786364193537,16.35190773010254,31.29499625246803,31.29499625246803,ok
stencil,sycl,1024,bayesian,8,4,16_64_8_1_4,16.941503524780273,3.761951446533203,28.54384901852869,15.157786364193537,19.7394380569458,28.54384901852869,31.29499625246803,ok
stencil,sycl,1024,bayesian,8,5,32_32_0_2_4,20.610912322998047,7.431360244750977,56.38552964949759,15.157786364193537,16.88718318939209,56.38552964949759,31.29499625246803,ok
stencil,sycl,1024,bayesian,8,6,16_64_2_4_1,17.373760223388672,4.194208145141602,31.82360159313886,15.157786364193537,15.908959865570068,31.82360159313886,31.82360159313886,ok
stencil,sycl,1024,bayesian,8,7,64_32_0_2_2,15.072447776794434,1.8928956985473633,14.362367456111036,14.36236745611104,15.854255676269531,14.362367456111036,14.362367456111036,ok
stencil,sycl,1024,bayesian,8,8,32_64_0_2_2,15.498204231262207,2.3186521530151367,17.59279935501059,14.36236745611104,17.328720092773438,17.59279935501059,14.362367456111036,ok
stencil,sycl,1024,bayesian,8,9,16_64_0_4_2,14.878108024597168,1.6985559463500977,12.887812395032562,12.887812395032563,16.773521423339844,12.887812395032562,14.362367456111036,ok
stencil,sycl,1024,bayesian,8,10,32_128_0_4_2,16.1767635345459,2.997211456298828,22.74137571978447,12.887812395032563,15.145872116088867,22.74137571978447,22.74137571978447,ok
stencil,sycl,1024,bayesian,8,11,16_64_8_4_2,16.243999481201172,3.0644474029541016,23.25152922315159,12.887812395032563,16.866222381591797,23.25152922315159,22.74137571978447,ok
stencil,sycl,1024,bayesian,8,12,64_32_0_2_2,15.072447776794434,1.8928956985473633,14.362367456111036,12.887812395032563,15.85982608795166,14.362367456111036,22.74137571978447,ok
stencil,sycl,1024,bayesian,8,13,16_64_8_2_4,16.928159713745117,3.748607635498047,28.442602701841025,12.887812395032563,18.405887603759766,28.442602701841025,22.74137571978447,ok
stencil,sycl,1024,bayesian,8,14,32_128_0_4_2,16.1767635345459,2.997211456298828,22.74137571978447,12.887812395032563,17.657695770263672,22.74137571978447,22.74137571978447,ok
stencil,sycl,1024,bayesian,8,15,32_32_8_1_4,22.050107955932617,8.870555877685547,67.30544274206748,12.887812395032563,17.48987579345703,67.30544274206748,22.74137571978447,ok
stencil,sycl,1024,bayesian,9,1,16_64_0_2_2,15.374495506286621,2.194943428039551,16.654158009378172,16.654158009378165,14.210383892059326,16.654158009378172,16.654158009378172,ok
stencil,sycl,1024,bayesian,9,2,64_32_1_2_4,21.12291145324707,7.943359375,60.27032882331837,16.654158009378165,17.790127754211426,60.27032882331837,16.654158009378172,ok
stencil,sycl,1024,bayesian,9,3,32_32_1_1_2,15.113375663757324,1.933823585510254,14.672908259925176,14.67290825992517,15.930240154266357,14.672908259925176,16.654158009378172,ok
stencil,sycl,1024,bayesian,9,4,32_32_1_4_1,16.286880493164062,3.107328414916992,23.576889384925725,14.67290825992517,16.086031913757324,23.576889384925725,16.654158009378172,ok
stencil,sycl,1024,bayesian,9,5,16_32_2_2_2,15.423195838928223,2.2436437606811523,17.02367233241788,14.67290825992517,17.161855697631836,17.02367233241788,16.654158009378172,ok
stencil,sycl,1024,bayesian,9,6,16_32_8_1_4,20.837059020996094,7.657506942749023,58.10142027047933,14.67290825992517,20.71798324584961,58.10142027047933,16.654158009378172,ok
stencil,sycl,1024,bayesian,9,7,16_64_2_2_1,14.303396224975586,1.1238441467285156,8.527180135229528,8.527180135229536,16.07267189025879,8.527180135229528,16.654158009378172,ok
stencil,sycl,1024,bayesian,9,8,16_64_0_2_2,15.374495506286621,2.194943428039551,16.654158009378172,8.527180135229536,16.92140769958496,16.654158009378172,16.654158009378172,ok
stencil,sycl,1024,bayesian,9,9,64_128_1_4_4,23.413244247436523,10.233692169189453,77.6482547239236,8.527180135229536,26.651103973388672,77.6482547239236,16.654158009378172,ok
stencil,sycl,1024,bayesian,9,10,16_64_0_1_2,18.59872055053711,5.419168472290039,41.118001887442055,8.527180135229536,14.787168025970459,41.118001887442055,16.654158009378172,ok
stencil,sycl,1024,bayesian,9,11,32_32_0_4_1,13.17955207824707,0.0,0.0,0.0,15.960591793060303,0.0,16.654158009378172,ok
stencil,sycl,1024,bayesian,9,12,16_64_0_1_2,18.59872055053711,5.419168472290039,41.118001887442055,0.0,17.46345615386963,41.118001887442055,16.654158009378172,ok
stencil,sycl,1024,bayesian,9,13,32_32_8_4_4,18.52716827392578,5.347616195678711,40.57509818186449,0.0,21.896223068237305,40.57509818186449,16.654158009378172,ok
stencil,sycl,1024,bayesian,9,14,32_32_2_2_4,17.010143280029297,3.8305912017822266,29.06465393542956,0.0,20.64918613433838,29.06465393542956,16.654158009378172,ok
stencil,sycl,1024,bayesian,9,15,16_64_2_2_2,15.112540245056152,1.932988166809082,14.66656951111025,0.0,16.872427940368652,14.66656951111025,16.654158009378172,ok
stencil,sycl,1024,random,0,1,16_64_0_2_2,15.374495506286621,2.194943428039551,16.654158009378172,16.654158009378165,17.513500213623047,16.654158009378172,16.654158009378172,ok
stencil,sycl,1024,random,0,2,32_32_0_4_4,22.18822479248047,9.008672714233398,68.35340579671343,16.654158009378165,22.701199531555176,68.35340579671343,16.654158009378172,ok
stencil,sycl,1024,random,0,3,64_64_8_4_4,20.07238006591797,6.892827987670898,52.29941007667136,16.654158009378165,19.892765998840332,52.29941007667136,16.654158009378172,ok
stencil,sycl,1024,random,0,4,32_32_2_1_2,15.156479835510254,1.9769277572631836,14.999961649122472,14.999961649122467,15.86407995223999,14.999961649122472,14.999961649122472,ok
stencil,sycl,1024,random,0,5,16_32_1_1_2,14.911423683166504,1.7318716049194336,13.140595330078764,13.140595330078767,18.198880195617676,13.140595330078764,14.999961649122472,ok
stencil,sycl,1024,random,0,6,16_64_8_4_4,22.413951873779297,9.234399795532227,70.06611257125846,13.140595330078767,22.81072235107422,70.06611257125846,14.999961649122472,ok
stencil,sycl,1024,random,0,7,32_64_1_2_2,17.5284481048584,4.348896026611328,32.9972976379767,13.140595330078767,14.681839942932129,32.9972976379767,32.9972976379767,ok
stencil,sycl,1024,random,0,8,32_64_0_2_2,15.498204231262207,2.3186521530151367,17.59279935501059,13.140595330078767,17.862991333007812,17.59279935501059,32.9972976379767,ok
stencil,sycl,1024,random,0,9,32_32_1_2_4,17.687807083129883,4.5082550048828125,34.20643568246688,13.140595330078767,18.06337547302246,34.20643568246688,32.9972976379767,ok
stencil,sycl,1024,random,0,10,16_128_1_4_2,16.249183654785156,3.069631576538086,23.290864198674342,13.140595330078767,14.744832038879395,23.290864198674342,32.9972976379767,ok
stencil,sycl,1024,random,0,11,32_32_8_4_4,18.52716827392578,5.347616195678711,40.57509818186449,13.140595330078767,18.933216094970703,40.57509818186449,32.9972976379767,ok
stencil,sycl,1024,random,0,12,32_32_0_1_2,15.234623908996582,2.0550718307495117,15.592880687815036,13.140595330078767,15.658447742462158,15.592880687815036,32.9972976379767,ok
stencil,sycl,1024,random,0,13,32_128_0_4_4,19.19152069091797,6.011968612670898,45.61587963671154,13.140595330078767,23.902637481689453,45.61587963671154,32.9972976379767,ok
stencil,sycl,1024,random,0,14,16_64_2_2_4,17.248188018798828,4.068635940551758,30.87082107492156,13.140595330078767,17.75919818878174,30.87082107492156,32.9972976379767,ok
stencil,sycl,1024,random,0,15,32_64_1_1_4,21.953216552734375,8.773664474487305,66.57027812779988,13.140595330078767,18.447070121765137,66.57027812779988,32.9972976379767,ok
stencil,sycl,1024,random,1,1,16_64_0_2_2,15.374495506286621,2.194943428039551,16.654158009378172,16.654158009378165,16.975069999694824,16.654158009378172,16.654158009378172,ok
stencil,sycl,1024,random,1,2,32_32_2_2_1,14.145567893981934,0.9660158157348633,7.329655894218723,7.329655894218728,16.94822406768799,7.329655894218723,7.329655894218723,ok
stencil,sycl,1024,random,1,3,64_32_2_1_4,22.01276397705078,8.833211898803711,67.02209488122878,7.329655894218728,22.22903823852539,67.02209488122878,7.329655894218723,ok
stencil,sycl,1024,random,1,4,64_64_8_4_4,20.07238006591797,6.892827987670898,52.29941007667136,7.329655894218728,20.183232307434082,52.29941007667136,7.329655894218723,ok
stencil,sycl,1024,random,1,5,16_32_2_4_2,15.391803741455078,2.212251663208008,16.78548443887817,7.329655894218728,15.351570129394531,16.78548443887817,16.78548443887817,ok
stencil,sycl,1024,random,1,6,32_32_1_1_4,20.908960342407227,7.729408264160156,58.64697235741107,7.329655894218728,17.525083541870117,58.64697235741107,16.78548443887817,ok
stencil,sycl,1024,random,1,7,16_128_8_4_4,21.94451141357422,8.764959335327148,66.50422778626724,7.329655894218728,19.303693771362305,66.50422778626724,16.78548443887817,ok
stencil,sycl,1024,random,1,8,16_32_1_4_2,18.054336547851562,4.874784469604492,36.987482128852875,7.329655894218728,15.358734130859375,36.987482128852875,16.78548443887817,ok
stencil,sycl,1024,random,1,9,32_32_8_2_4,18.551300048828125,5.371747970581055,40.75819829603433,7.329655894218728,21.498882293701172,40.75819829603433,16.78548443887817,ok
stencil,sycl,1024,random,1,10,16_64_0_4_4,19.44991683959961,6.270364761352539,47.57646332838439,7.329655894218728,19.793970108032227,47.57646332838439,16.78548443887817,ok
stencil,sycl,1024,random,1,11,32_64_2_2_2,16.074432373046875,2.8948802947998047,21.964936878073594,7.329655894218728,16.50369167327881,21.964936878073594,16.78548443887817,ok
stencil,sycl,1024,random,1,12,32_32_2_2_4,17.010143280029297,3.8305912017822266,29.06465393542956,7.329655894218728,18.329133987426758,29.06465393542956,16.78548443887817,ok
stencil,sycl,1024,random,1,13,16_32_8_4_1,16.47922706604004,3.2996749877929688,25.036321175429798,7.329655894218728,14.436369895935059,25.036321175429798,25.036321175429798,ok
stencil,sycl,1024,random,1,14,16_64_2_4_1,17.373760223388672,4.194208145141602,31.82360159313886,7.329655894218728,15.68092966079712,31.82360159313886,25.036321175429798,ok
stencil,sycl,1024,random,1,15,16_64_8_2_1,13.572447776794434,0.3928956985473633,2.9811005428313386,2.9811005428313457,16.867618560791016,2.9811005428313386,25.036321175429798,ok
stencil,sycl,1024,random,2,1,16_64_0_2_2,15.374495506286621,2.194943428039551,16.654158009378172,16.654158009378165,14.83417797088623,16.654158009378172,16.654158009378172,ok
stencil,sycl,1024,random,2,2,32_32_2_4_4,22.067136764526367,8.887584686279297,67.43464901928122,16.654158009378165,19.18342399597168,67.43464901928122,16.654158009378172,ok
stencil,sycl,1024,random,2,3,16_32_1_2_1,17.118560791015625,3.9390087127685547,29.887273022502114,16.654158009378165,14.236318111419678,29.887273022502114,29.887273022502114,ok
stencil,sycl,1024,random,2,4,64_128_1_4_4,23.413244247436523,10.233692169189453,77.6482547239236,16.654158009378165,24.428927421569824,77.6482547239236,29.887273022502114,ok
stencil,sycl,1024,random,2,5,32_32_8_4_2,18.348800659179688,5.169248580932617,39.221731893790945,16.654158009378165,15.41686201095581,39.221731893790945,29.887273022502114,ok
stencil,sycl,1024,random,2,6,64_128_0_4_4,27.841567993164062,14.662015914916992,111.24821107628335,16.654158009378165,26.958651542663574,111.24821107628335,29.887273022502114,ok
stencil,sycl,1024,random,2,7,16_64_8_4_2,16.243999481201172,3.0644474029541016,23.25152922315159,16.654158009378165,15.467632293701172,23.25152922315159,29.887273022502114,ok
stencil,sycl,1024,random,2,8,64_32_8_4_1,16.987232208251953,3.807680130004883,28.890815919984725,16.654158009378165,13.966495990753174,28.890815919984725,28.890815919984725,ok
stencil,sycl,1024,random,2,9,16_64_1_2_2,18.043712615966797,4.864160537719727,36.90687292588686,16.654158009378165,16.862143516540527,36.90687292588686,28.890815919984725,ok
stencil,sycl,1024,random,2,10,32_128_0_2_4,23.081632614135742,9.902080535888672,75.1321477171604,16.654158009378165,19.876704216003418,75.1321477171604,28.890815919984725,ok
stencil,sycl,1024,random,2,11,64_32_0_4_2,17.44870376586914,4.26915168762207,32.39223656673682,16.654158009378165,17.23643207550049,32.39223656673682,28.890815919984725,ok
stencil,sycl,1024,random,2,12,16_32_8_4_4,22.565311431884766,9.385759353637695,71.21455492504141,16.654158009378165,21.636496543884277,71.21455492504141,28.890815919984725,ok
stencil,sycl,1024,random,2,13,64_64_8_4_2,17.904508590698242,4.724956512451172,35.85066081456396,16.654158009378165,17.87065601348877,35.85066081456396,28.890815919984725,ok
stencil,sycl,1024,random,2,14,32_32_1_2_2,17.265119552612305,4.085567474365234,30.99928927864315,16.654158009378165,17.246944427490234,30.99928927864315,28.890815919984725,ok
stencil,sycl,1024,random,2,15,16_64_1_4_1,15.164443969726562,1.9848918914794922,15.06038960728846,15.06038960728846,15.736031532287598,15.06038960728846,28.890815919984725,ok
stencil,sycl,1024,random,3,1,16_64_0_2_2,15.374495506286621,2.194943428039551,16.654158009378172,16.654158009378165,14.348848342895508,16.654158009378172,16.654158009378172,ok
stencil,sycl,1024,random,3,2,64_32_0_4_2,17.44870376586914,4.26915168762207,32.39223656673682,16.654158009378165,17.277695655822754,32.39223656673682,16.654158009378172,ok
stencil,sycl,1024,random,3,3,16_32_8_2_4,17.728351593017578,4.548799514770508,34.51406760840021,16.654158009378165,20.597248077392578,34.51406760840021,16.654158009378172,ok
stencil,sycl,1024,random,3,4,16_128_2_1_4,21.79030418395996,8.61075210571289,65.33417869280238,16.654158009378165,21.329455375671387,65.33417869280238,16.654158009378172,ok
stencil,sycl,1024,random,3,5,16_32_2_2_1,17.618879318237305,4.439327239990234,33.68344548914808,16.654158009378165,16.464911460876465,33.68344548914808,16.654158009378172,ok
stencil,sycl,1024,random,3,6,16_128_0_4_2,14.349791526794434,1.1702394485473633,8.879205010911196,8.879205010911187,13.847696304321289,8.879205010911196,8.879205010911196,ok
stencil,sycl,1024,random,3,7,64_64_0_2_4,23.060352325439453,9.880800247192383,74.97068328673097,8.879205010911187,22.155823707580566,74.97068328673097,8.879205010911196,ok
stencil,sycl,1024,random,3,8,64_32_1_1_4,17.55913543701172,4.379583358764648,33.23013811670563,8.879205010911187,21.308256149291992,33.23013811670563,8.879205010911196,ok
stencil,sycl,1024,random,3,9,16_128_1_4_4,22.12076759338379,8.941215515136719,67.8415735379524,8.879205010911187,21.938464164733887,67.8415735379524,8.879205010911196,ok
stencil,sycl,1024,random,3,10,16_64_0_1_2,18.59872055053711,5.419168472290039,41.118001887442055,8.879205010911187,17.442448616027832,41.118001887442055,8.879205010911196,ok
stencil,sycl,1024,random,3,11,32_128_2_4_2,15.272640228271484,2.093088150024414,15.881329938967115,8.879205010911187,16.95736026763916,15.881329938967115,8.879205010911196,ok
stencil,sycl,1024,random,3,12,64_32_2_2_2,17.81113624572754,4.631584167480469,35.142197094277016,8.879205010911187,14.471631526947021,35.142197094277016,8.879205010911196,ok
stencil,sycl,1024,random,3,13,64_64_0_4_4,22.810588836669922,9.631036758422852,73.07559999947901,8.879205010911187,22.911327362060547,73.07559999947901,8.879205010911196,ok
stencil,sycl,1024,random,3,14,32_32_2_4_2,16.55251121520996,3.3729591369628906,25.59236548357344,8.879205010911187,17.224879264831543,25.59236548357344,8.879205010911196,ok
stencil,sycl,1024,random,3,15,16_128_1_4_2,16.249183654785156,3.069631576538086,23.290864198674342,8.879205010911187,16.870800018310547,23.290864198674342,8.879205010911196,ok
stencil,sycl,1024,random,4,1,16_64_0_2_2,15.374495506286621,2.194943428039551,16.654158009378172,16.654158009378165,14.35321569442749,16.654158009378172,16.654158009378172,ok
stencil,sycl,1024,random,4,2,32_32_1_4_1,16.286880493164062,3.107328414916992,23.576889384925725,16.654158009378165,13.314623832702637,23.576889384925725,23.576889384925725,ok
stencil,sycl,1024,random,4,3,32_32_1_4_4,18.66579246520996,5.486240386962891,41.62691079629302,16.654158009378165,21.825039863586426,41.62691079629302,23.576889384925725,ok
stencil,sycl,1024,random,4,4,32_32_8_2_2,16.011167526245117,2.831615447998047,21.484914139621214,16.654158009378165,17.39348793029785,21.484914139621214,23.576889384925725,ok
stencil,sycl,1024,random,4,5,64_32_8_4_2,16.065792083740234,2.886240005493164,21.8993785855357,16.654158009378165,14.766751766204834,21.8993785855357,23.576889384925725,ok
stencil,sycl,1024,random,4,6,16_64_8_2_4,16.928159713745117,3.748607635498047,28.442602701841025,16.654158009378165,20.548160552978516,28.442602701841025,23.576889384925725,ok
stencil,sycl,1024,random,4,7,32_64_1_1_4,21.953216552734375,8.773664474487305,66.57027812779988,16.654158009378165,21.494832038879395,66.57027812779988,23.576889384925725,ok
stencil,sycl,1024,random,4,8,64_64_0_4_2,15.726367950439453,2.546815872192383,19.32399414693249,16.654158009378165,17.773695945739746,19.32399414693249,23.576889384925725,ok
stencil,sycl,1024,random,4,9,64_32_1_4_1,17.304092407226562,4.124540328979492,31.29499625246803,16.654158009378165,16.436111450195312,31.29499625246803,23.576889384925725,ok
stencil,sycl,1024,random,4,10,32_32_8_1_4,22.050107955932617,8.870555877685547,67.30544274206748,16.654158009378165,17.144319534301758,67.30544274206748,23.576889384925725,ok
stencil,sycl,1024,random,4,11,16_128_2_2_2,15.745759963989258,2.5662078857421875,19.471131268396658,16.654158009378165,17.56819248199463,19.471131268396658,23.576889384925725,ok
stencil,sycl,1024,random,4,12,32_32_1_1_2,15.113375663757324,1.933823585510254,14.672908259925176,14.67290825992517,17.475631713867188,14.672908259925176,23.576889384925725,ok
stencil,sycl,1024,random,4,13,64_32_1_4_4,19.9541072845459,6.774555206298828,51.4020140144237,14.67290825992517,21.77795124053955,51.4020140144237,23.576889384925725,ok
stencil,sycl,1024,random,4,14,16_32_8_1_4,20.837059020996094,7.657506942749023,58.10142027047933,14.67290825992517,18.470831871032715,58.10142027047933,23.576889384925725,ok
stencil,sycl,1024,random,4,15,32_32_0_2_1,13.805824279785156,0.6262722015380859,4.751847390714836,4.751847390714833,16.628496170043945,4.751847390714836,23.576889384925725,ok
stencil,sycl,1024,random,5,1,16_64_0_2_2,15.374495506286621,2.194943428039551,16.654158009378172,16.654158009378165,16.879072189331055,16.654158009378172,16.654158009378172,ok
stencil,sycl,1024,random,5,2,16_64_8_1_2,15.354720115661621,2.175168037414551,16.504112010033168,16.504112010033168,14.184239864349365,16.504112010033168,16.504112010033168,ok
stencil,sycl,1024,random,5,3,32_32_0_2_1,13.805824279785156,0.6262722015380859,4.751847390714836,4.751847390714833,16.400352478027344,4.751847390714836,16.504112010033168,ok
stencil,sycl,1024,random,5,4,32_32_1_2_1,15.702591896057129,2.5230398178100586,19.14359306621922,4.751847390714833,13.430943965911865,19.14359306621922,19.14359306621922,ok
stencil,sycl,1024,random,5,5,32_32_8_1_4,22.050107955932617,8.870555877685547,67.30544274206748,4.751847390714833,17.694767951965332,67.30544274206748,19.14359306621922,ok
stencil,sycl,1024,random,5,6,16_32_8_1_2,18.492483139038086,5.312931060791016,40.31192432981119,4.751847390714833,16.75068759918213,40.31192432981119,19.14359306621922,ok
stencil,sycl,1024,random,5,7,32_64_0_4_4,21.051776885986328,7.872224807739258,59.730594492148285,4.751847390714833,20.711615562438965,59.730594492148285,19.14359306621922,ok
stencil,sycl,1024,random,5,8,32_32_1_2_2,17.265119552612305,4.085567474365234,30.99928927864315,4.751847390714833,14.84115219116211,30.99928927864315,19.14359306621922,ok
stencil,sycl,1024,random,5,9,16_32_1_1_4,18.727231979370117,5.547679901123047,42.09308380274565,4.751847390714833,20.74180793762207,42.09308380274565,19.14359306621922,ok
stencil,sycl,1024,random,5,10,32_64_1_1_4,21.953216552734375,8.773664474487305,66.57027812779988,4.751847390714833,21.32244873046875,66.57027812779988,19.14359306621922,ok
stencil,sycl,1024,random,5,11,16_128_8_2_4,21.180543899536133,8.000991821289062,60.707615659372415,4.751847390714833,21.190095901489258,60.707615659372415,19.14359306621922,ok
stencil,sycl,1024,random,5,12,32_64_1_4_2,17.99493980407715,4.815387725830078,36.53680866573534,4.751847390714833,17.03934383392334,36.53680866573534,19.14359306621922,ok
stencil,sycl,1024,random,5,13,16_64_8_4_2,16.243999481201172,3.0644474029541016,23.25152922315159,4.751847390714833,14.499922275543213,23.25152922315159,19.14359306621922,ok
stencil,sycl,1024,random,5,14,32_128_1_4_2,18.67510414123535,5.495552062988281,41.69756324312965,4.751847390714833,15.159440040588379,41.69756324312965,19.14359306621922,ok
stencil,sycl,1024,random,5,15,16_32_1_4_2,18.054336547851562,4.874784469604492,36.987482128852875,4.751847390714833,17.175519943237305,36.987482128852875,19.14359306621922,ok
stencil,sycl,1024,random,6,1,16_64_0_2_2,15.374495506286621,2.194943428039551,16.654158009378172,16.654158009378165,16.943103790283203,16.654158009378172,16.654158009378172,ok
stencil,sycl,1024,random,6,2,16_64_1_1_4,19.668027877807617,6.488475799560547,49.23138329010297,16.654158009378165,19.79259204864502,49.23138329010297,16.654158009378172,ok
stencil,sycl,1024,random,6,3,16_128_0_4_1,16.267040252685547,3.0874881744384766,23.42635133658597,16.654158009378165,16.189437866210938,23.42635133658597,23.42635133658597,ok
stencil,sycl,1024,random,6,4,16_64_1_1_2,18.773536682128906,5.593984603881836,42.444421257037554,16.654158009378165,15.69004774093628,42.444421257037554,42.444421257037554,ok
stencil,sycl,1024,random,6,5,64_64_0_4_4,22.810588836669922,9.631036758422852,73.07559999947901,16.654158009378165,19.460768699645996,73.07559999947901,42.444421257037554,ok
stencil,sycl,1024,random,6,6,16_64_1_2_1,15.14515209197998,1.9656000137329102,14.91401226736031,14.914012267360322,16.289759635925293,14.91401226736031,42.444421257037554,ok
stencil,sycl,1024,random,6,7,16_128_2_4_2,17.620031356811523,4.440479278564453,33.69218659481979,14.914012267360322,14.17798376083374,33.69218659481979,33.69218659481979,ok
stencil,sycl,1024,random,6,8,64_64_2_2_4,23.203651428222656,10.024099349975586,76.0579668448704,14.914012267360322,22.034720420837402,76.0579668448704,33.69218659481979,ok
stencil,sycl,1024,random,6,9,16_32_8_4_2,18.030115127563477,4.850563049316406,36.803701829307926,14.914012267360322,17.171696662902832,36.803701829307926,33.69218659481979,ok
stencil,sycl,1024,random,6,10,16_32_1_2_2,17.99407958984375,4.81452751159668,36.53028178054007,14.914012267360322,17.29203224182129,36.53028178054007,33.69218659481979,ok
stencil,sycl,1024,random,6,11,32_32_0_4_2,17.37295913696289,4.19340705871582,31.817523340850595,14.914012267360322,17.032784461975098,31.817523340850595,33.69218659481979,ok
stencil,sycl,1024,random,6,12,32_32_0_2_1,13.805824279785156,0.6262722015380859,4.751847390714836,4.751847390714833,13.466448307037354,4.751847390714836,4.751847390714836,ok
stencil,sycl,1024,random,6,13,32_64_2_4_2,18.29120445251465,5.111652374267578,38.78472002629279,4.751847390714833,13.897792339324951,38.78472002629279,4.751847390714836,ok
stencil,sycl,1024,random,6,14,64_32_2_1_4,22.01276397705078,8.833211898803711,67.02209488122878,4.751847390714833,21.291152000427246,67.02209488122878,4.751847390714836,ok
stencil,sycl,1024,random,6,15,64_32_1_1_4,17.55913543701172,4.379583358764648,33.23013811670563,4.751847390714833,21.40113639831543,33.23013811670563,4.751847390714836,ok
stencil,sycl,1024,random,7,1,16_64_0_2_2,15.374495506286621,2.194943428039551,16.654158009378172,16.654158009378165,14.452304363250732,16.654158009378172,16.654158009378172,ok
stencil,sycl,1024,random,7,2,16_128_2_4_1,14.614655494689941,1.435103416442871,10.888863353797262,10.888863353797266,13.81297779083252,10.888863353797262,10.888863353797262,ok
stencil,sycl,1024,random,7,3,16_32_1_1_4,18.727231979370117,5.547679901123047,42.09308380274565,10.888863353797266,20.83998394012451,42.09308380274565,10.888863353797262,ok
stencil,sycl,1024,random,7,4,16_128_8_2_2,14.94604778289795,1.766495704650879,13.40330607719582,10.888863353797266,14.74401569366455,13.40330607719582,10.888863353797262,ok
stencil,sycl,1024,random,7,5,32_128_0_2_4,23.081632614135742,9.902080535888672,75.1321477171604,10.888863353797266,22.32038402557373,75.1321477171604,10.888863353797262,ok
stencil,sycl,1024,random,7,6,16_64_2_4_2,14.702400207519531,1.522848129272461,11.554627351759027,10.888863353797266,15.136911869049072,11.554627351759027,10.888863353797262,ok
stencil,sycl,1024,random,7,7,32_32_1_4_2,16.538240432739258,3.3586883544921875,25.484085760666495,10.888863353797266,15.506688117980957,25.484085760666495,10.888863353797262,ok
stencil,sycl,1024,random,7,8,32_64_2_1_4,22.535232543945312,9.355680465698242,70.9863310236457,10.888863353797266,21.099682807922363,70.9863310236457,10.888863353797262,ok
stencil,sycl,1024,random,7,9,16_32_1_2_4,21.41004753112793,8.23049545288086,62.44897705184793,10.888863353797266,20.249919891357422,62.44897705184793,10.888863353797262,ok
stencil,sycl,1024,random,7,10,32_64_8_2_2,16.76924705505371,3.5896949768066406,27.236851112197158,10.888863353797266,14.812059879302979,27.236851112197158,10.888863353797262,ok
stencil,sycl,1024,random,7,11,16_32_8_4_1,16.47922706604004,3.2996749877929688,25.036321175429798,10.888863353797266,15.216192245483398,25.036321175429798,10.888863353797262,ok
stencil,sycl,1024,random,7,12,16_128_0_4_2,14.349791526794434,1.1702394485473633,8.879205010911196,8.879205010911187,13.87894582748413,8.879205010911196,10.888863353797262,ok
stencil,sycl,1024,random,7,13,32_32_8_2_4,18.551300048828125,5.371747970581055,40.75819829603433,8.879205010911187,20.612255096435547,40.75819829603433,10.888863353797262,ok
stencil,sycl,1024,random,7,14,16_32_0_4_4,20.775039672851562,7.595487594604492,57.63084776713232,8.879205010911187,21.57937526702881,57.63084776713232,10.888863353797262,ok
stencil,sycl,1024,random,7,15,16_32_2_1_2,16.17485237121582,2.99530029296875,22.726874746468127,8.879205010911187,15.049791812896729,22.726874746468127,10.888863353797262,ok
stencil,sycl,1024,random,8,1,16_64_0_2_2,15.374495506286621,2.194943428039551,16.654158009378172,16.654158009378165,16.97702407836914,16.654158009378172,16.654158009378172,ok
stencil,sycl,1024,random,8,2,32_128_0_2_4,23.081632614135742,9.902080535888672,75.1321477171604,16.654158009378165,18.036063194274902,75.1321477171604,16.654158009378172,ok
stencil,sycl,1024,random,8,3,16_128_8_4_4,21.94451141357422,8.764959335327148,66.50422778626724,16.654158009378165,20.762304306030273,66.50422778626724,16.654158009378172,ok
stencil,sycl,1024,random,8,4,16_32_1_2_1,17.118560791015625,3.9390087127685547,29.887273022502114,16.654158009378165,13.887104034423828,29.887273022502114,29.887273022502114,ok
stencil,sycl,1024,random,8,5,64_128_8_4_4,27.63484764099121,14.45529556274414,109.67971807329242,16.654158009378165,26.78737449645996,109.67971807329242,29.887273022502114,ok
stencil,sycl,1024,random,8,6,32_128_8_4_4,23.049055099487305,9.869503021240234,74.88496545743698,16.654158009378165,19.17211151123047,74.88496545743698,29.887273022502114,ok
stencil,sycl,1024,random,8,7,64_64_0_4_4,22.810588836669922,9.631036758422852,73.07559999947901,16.654158009378165,22.913915634155273,73.07559999947901,29.887273022502114,ok
stencil,sycl,1024,random,8,8,16_128_2_2_4,21.151840209960938,7.972288131713867,60.489826091071606,16.654158009378165,17.17494487762451,60.489826091071606,29.887273022502114,ok
stencil,sycl,1024,random,8,9,16_32_2_1_2,16.17485237121582,2.99530029296875,22.726874746468127,16.654158009378165,17.62996768951416,22.726874746468127,29.887273022502114,ok
stencil,sycl,1024,random,8,10,16_128_8_4_2,15.944767951965332,2.7652158737182617,20.981106621083633,16.654158009378165,16.908559799194336,20.981106621083633,29.887273022502114,ok
stencil,sycl,1024,random,8,11,32_64_8_2_4,21.888099670410156,8.708547592163086,66.07620304893817,16.654158009378165,21.225568771362305,66.07620304893817,29.887273022502114,ok
stencil,sycl,1024,random,8,12,32_32_2_2_1,14.145567893981934,0.9660158157348633,7.329655894218723,7.329655894218728,16.40111541748047,7.329655894218723,29.887273022502114,ok
stencil,sycl,1024,random,8,13,16_32_8_1_2,18.492483139038086,5.312931060791016,40.31192432981119,7.329655894218728,17.681056022644043,40.31192432981119,29.887273022502114,ok
stencil,sycl,1024,random,8,14,64_32_0_2_2,15.072447776794434,1.8928956985473633,14.362367456111036,7.329655894218728,15.974960327148438,14.362367456111036,29.887273022502114,ok
stencil,sycl,1024,random,8,15,64_64_0_2_4,23.060352325439453,9.880800247192383,74.97068328673097,7.329655894218728,18.17967987060547,74.97068328673097,29.887273022502114,ok
stencil,sycl,1024,random,9,1,16_64_0_2_2,15.374495506286621,2.194943428039551,16.654158009378172,16.654158009378165,16.864368438720703,16.654158009378172,16.654158009378172,ok
stencil,sycl,1024,random,9,2,16_128_8_4_1,13.601344108581543,0.42179203033447266,3.2003517860871966,3.200351786087199,16.244192123413086,3.2003517860871966,3.2003517860871966,ok
stencil,sycl,1024,random,9,3,16_128_8_1_4,21.71708869934082,8.53753662109375,64.77865537771201,3.200351786087199,21.412879943847656,64.77865537771201,3.2003517860871966,ok
stencil,sycl,1024,random,9,4,32_128_1_4_4,22.9268798828125,9.74732780456543,73.95795962332781,3.200351786087199,22.91766357421875,73.95795962332781,3.2003517860871966,ok
stencil,sycl,1024,random,9,5,16_32_0_4_4,20.775039672851562,7.595487594604492,57.63084776713232,3.200351786087199,20.43494415283203,57.63084776713232,3.2003517860871966,ok
stencil,sycl,1024,random,9,6,32_64_2_4_1,15.69513988494873,2.51558780670166,19.08705084790896,3.200351786087199,16.20923137664795,19.08705084790896,19.08705084790896,ok
stencil,sycl,1024,random,9,7,16_64_0_1_4,22.039331436157227,8.859779357910156,67.22367577676084,3.200351786087199,20.95899200439453,67.22367577676084,19.08705084790896,ok
stencil,sycl,1024,random,9,8,32_32_2_2_2,17.65462303161621,4.475070953369141,33.95465131743946,3.200351786087199,17.19976043701172,33.95465131743946,19.08705084790896,ok
stencil,sycl,1024,random,9,9,32_32_8_2_2,16.011167526245117,2.831615447998047,21.484914139621214,3.200351786087199,14.535536289215088,21.484914139621214,21.484914139621214,ok
stencil,sycl,1024,random,9,10,64_64_8_4_4,20.07238006591797,6.892827987670898,52.29941007667136,3.200351786087199,21.75547218322754,52.29941007667136,21.484914139621214,ok
stencil,sycl,1024,random,9,11,16_64_1_1_4,19.668027877807617,6.488475799560547,49.23138329010297,3.200351786087199,20.91113567352295,49.23138329010297,21.484914139621214,ok
stencil,sycl,1024,random,9,12,32_32_8_1_4,22.050107955932617,8.870555877685547,67.30544274206748,3.200351786087199,20.978991508483887,67.30544274206748,21.484914139621214,ok
stencil,sycl,1024,random,9,13,32_32_0_1_4,21.15100860595703,7.971456527709961,60.48351628631521,3.200351786087199,21.166815757751465,60.48351628631521,21.484914139621214,ok
stencil,sycl,1024,random,9,14,32_64_0_4_2,15.164640426635742,1.9850883483886719,15.061880226302016,3.200351786087199,16.8614559173584,15.061880226302016,21.484914139621214,ok
stencil,sycl,1024,random,9,15,32_32_2_2_1,14.145567893981934,0.9660158157348633,7.329655894218723,3.200351786087199,16.38771152496338,7.329655894218723,21.484914139621214,ok
stencil,cuda,1024,bayesian,0,1,16_64_0_2_2,6.534624099731445,1.448512077331543,28.479751742629865,28.479751742629862,6.893311977386475,28.479751742629865,28.479751742629865,ok
stencil,cuda,1024,bayesian,0,2,32_128_0_4_2,9.524191856384277,4.438079833984375,87.25879049534282,28.479751742629862,8.232384204864502,87.25879049534282,28.479751742629865,ok
stencil,cuda,1024,bayesian,0,3,16_32_1_1_2,9.499296188354492,4.41318416595459,86.7693072138079,28.479751742629862,7.337183952331543,86.7693072138079,28.479751742629865,ok
stencil,cuda,1024,bayesian,0,4,64_64_8_4_4,13.823936462402344,8.737824440002441,171.79771899478266,28.479751742629862,12.810336112976074,171.79771899478266,28.479751742629865,ok
stencil,cuda,1024,bayesian,0,5,16_32_2_1_2,7.532832145690918,2.4467201232910156,48.10590314399958,28.479751742629862,5.535312175750732,48.10590314399958,48.10590314399958,ok
stencil,cuda,1024,bayesian,0,6,16_32_2_2_4,13.195967674255371,8.109855651855469,159.45098370107866,28.479751742629862,11.51680040359497,159.45098370107866,48.10590314399958,ok
stencil,cuda,1024,bayesian,0,7,32_32_8_2_4,11.522784233093262,6.436672210693359,126.5538820683739,28.479751742629862,8.249232292175293,126.5538820683739,48.10590314399958,ok
stencil,cuda,1024,bayesian,0,8,32_64_8_4_1,5.531712055206299,0.4456000328063965,8.761113220548733,8.761113220548735,3.781056046485901,8.761113220548733,8.761113220548733,ok
stencil,cuda,1024,bayesian,0,9,32_64_8_4_1,5.531712055206299,0.4456000328063965,8.761113220548733,8.761113220548735,5.993327856063843,8.761113220548733,8.761113220548733,ok
stencil,cuda,1024,bayesian,0,10,16_64_8_2_4,9.439519882202148,4.353407859802246,85.5940223225377,8.761113220548735,12.720880031585693,85.5940223225377,8.761113220548733,ok
stencil,cuda,1024,bayesian,0,11,32_64_1_4_1,6.929728031158447,1.843616008758545,36.248041738739126,8.761113220548735,4.595664024353027,36.248041738739126,8.761113220548733,ok
stencil,cuda,1024,bayesian,0,12,32_64_1_4_1,6.929728031158447,1.843616008758545,36.248041738739126,8.761113220548735,5.706543922424316,36.248041738739126,8.761113220548733,ok
stencil,cuda,1024,bayesian,0,13,16_64_0_1_4,10.552063941955566,5.465951919555664,107.46817796153323,8.761113220548735,10.489936351776123,107.46817796153323,8.761113220548733,ok
stencil,cuda,1024,bayesian,0,14,32_32_8_4_2,7.6526079177856445,2.566495895385742,50.46086055679777,8.761113220548735,6.757919788360596,50.46086055679777,8.761113220548733,ok
stencil,cuda,1024,bayesian,0,15,32_64_2_4_2,7.61740779876709,2.5312957763671875,49.76877751058235,8.761113220548735,6.136159896850586,49.76877751058235,8.761113220548733,ok
stencil,cuda,1024,bayesian,1,1,16_64_0_2_2,6.534624099731445,1.448512077331543,28.479751742629865,28.479751742629862,7.41703987121582,28.479751742629865,28.479751742629865,ok
stencil,cuda,1024,bayesian,1,2,64_64_8_2_4,11.270751953125,6.184639930725098,121.59857870780537,28.479751742629862,8.550528049468994,121.59857870780537,28.479751742629865,ok
stencil,cuda,1024,bayesian,1,3,16_32_0_2_4,10.259072303771973,5.17296028137207,101.70755694309675,28.479751742629862,10.764639854431152,101.70755694309675,28.479751742629865,ok
stencil,cuda,1024,bayesian,1,4,32_128_2_4_4,12.199616432189941,7.113504409790039,139.8613396335204,28.479751742629862,8.550640106201172,139.8613396335204,28.479751742629865,ok
stencil,cuda,1024,bayesian,1,5,16_128_2_1_4,9.85267162322998,4.766559600830078,93.71715722810521,28.479751742629862,6.867295980453491,93.71715722810521,93.71715722810521,ok
stencil,cuda,1024,bayesian,1,6,16_128_2_1_4,9.85267162322998,4.766559600830078,93.71715722810521,28.479751742629862,8.341296195983887,93.71715722810521,93.71715722810521,ok
stencil,cuda,1024,bayesian,1,7,32_64_2_1_4,10.71833610534668,5.632224082946777,110.7373187641508,28.479751742629862,10.96940803527832,110.7373187641508,93.71715722810521,ok
stencil,cuda,1024,bayesian,1,8,32_32_1_4_4,14.327584266662598,9.241472244262695,181.70013172266053,28.479751742629862,8.619663715362549,181.70013172266053,93.71715722810521,ok
stencil,cuda,1024,bayesian,1,9,16_128_8_4_1,5.66099214553833,0.5748801231384277,11.302938680992103,11.302938680992092,3.8273600339889526,11.302938680992103,11.302938680992103,ok
stencil,cuda,1024,bayesian,1,10,16_128_8_4_1,5.66099214553833,0.5748801231384277,11.302938680992103,11.302938680992092,6.140416145324707,11.302938680992103,11.302938680992103,ok
stencil,cuda,1024,bayesian,1,11,16_128_2_2_4,10.148032188415527,5.061920166015625,99.52435462927806,11.302938680992092,9.254687786102295,99.52435462927806,11.302938680992103,ok
stencil,cuda,1024,bayesian,1,12,16_128_8_4_1,5.66099214553833,0.5748801231384277,11.302938680992103,11.302938680992092,3.8907198905944824,11.302938680992103,11.302938680992103,ok
stencil,cuda,1024,bayesian,1,13,16_128_8_4_1,5.66099214553833,0.5748801231384277,11.302938680992103,11.302938680992092,6.137184143066406,11.302938680992103,11.302938680992103,ok
stencil,cuda,1024,bayesian,1,14,16_32_0_2_2,8.305791854858398,3.219679832458496,63.30336056851689,11.302938680992092,5.986175775527954,63.30336056851689,11.302938680992103,ok
stencil,cuda,1024,bayesian,1,15,16_64_0_1_2,8.277055740356445,3.190943717956543,62.738368795323616,11.302938680992092,7.49943995475769,62.738368795323616,11.302938680992103,ok
stencil,cuda,1024,bayesian,2,1,16_64_0_2_2,6.534624099731445,1.448512077331543,28.479751742629865,28.479751742629862,7.858880043029785,28.479751742629865,28.479751742629865,ok
stencil,cuda,1024,bayesian,2,2,64_64_8_4_4,13.823936462402344,8.737824440002441,171.79771899478266,28.479751742629862,9.805824279785156,171.79771899478266,28.479751742629865,ok
stencil,cuda,1024,bayesian,2,3,16_32_8_2_1,6.578080177307129,1.4919681549072266,29.334158357826247,28.479751742629862,4.409584045410156,29.334158357826247,29.334158357826247,ok
stencil,cuda,1024,bayesian,2,4,64_32_0_4_2,8.973952293395996,3.8878402709960938,76.44031932197987,28.479751742629862,7.205903768539429,76.44031932197987,29.334158357826247,ok
stencil,cuda,1024,bayesian,2,5,32_32_1_4_4,14.327584266662598,9.241472244262695,181.70013172266053,28.479751742629862,9.12340784072876,181.70013172266053,29.334158357826247,ok
stencil,cuda,1024,bayesian,2,6,32_32_2_4_2,7.562975883483887,2.4768638610839844,48.6985707388188,28.479751742629862,5.138000011444092,48.6985707388188,29.334158357826247,ok
stencil,cuda,1024,bayesian,2,7,64_32_8_2_2,8.708127975463867,3.622015953063965,71.21384541103563,28.479751742629862,7.634112119674683,71.21384541103563,29.334158357826247,ok
stencil,cuda,1024,bayesian,2,8,16_64_2_2_2,7.9383039474487305,2.852191925048828,56.078039816807056,28.479751742629862,5.450255870819092,56.078039816807056,29.334158357826247,ok
stencil,cuda,1024,bayesian,2,9,64_32_2_4_4,11.502623558044434,6.416511535644531,126.15749530064173,28.479751742629862,9.235039710998535,126.15749530064173,29.334158357826247,ok
stencil,cuda,1024,bayesian,2,10,16_32_8_2_1,6.578080177307129,1.4919681549072266,29.334158357826247,28.479751742629862,4.376768112182617,29.334158357826247,29.334158357826247,ok
stencil,cuda,1024,bayesian,2,11,32_64_1_2_2,7.533792018890381,2.4476799964904785,48.12477557927502,28.479751742629862,6.91974401473999,48.12477557927502,29.334158357826247,ok
stencil,cuda,1024,bayesian,2,12,16_32_8_2_1,6.578080177307129,1.4919681549072266,29.334158357826247,28.479751742629862,5.37116813659668,29.334158357826247,29.334158357826247,ok
stencil,cuda,1024,bayesian,2,13,32_64_8_1_4,10.472512245178223,5.38640022277832,105.90408152742032,28.479751742629862,8.711040019989014,105.90408152742032,29.334158357826247,ok
stencil,cuda,1024,bayesian,2,14,16_32_8_2_1,6.578080177307129,1.4919681549072266,29.334158357826247,28.479751742629862,6.550432205200195,29.334158357826247,29.334158357826247,ok
stencil,cuda,1024,bayesian,2,15,32_64_0_2_4,10.160991668701172,5.0748796463012695,99.77915594369209,28.479751742629862,12.38270378112793,99.77915594369209,29.334158357826247,ok
stencil,cuda,1024,bayesian,3,1,16_64_0_2_2,6.534624099731445,1.448512077331543,28.479751742629865,28.479751742629862,7.980800151824951,28.479751742629865,28.479751742629865,ok
stencil,cuda,1024,bayesian,3,2,16_32_2_4_2,7.924320220947266,2.8382081985473633,55.80310040454326,28.479751742629862,7.6924638748168945,55.80310040454326,55.80310040454326,ok
stencil,cuda,1024,bayesian,3,3,64_32_2_2_2,8.68124771118164,3.5951356887817383,70.68534222109719,28.479751742629862,5.502239942550659,70.68534222109719,70.68534222109719,ok
stencil,cuda,1024,bayesian,3,4,32_32_1_4_4,14.327584266662598,9.241472244262695,181.70013172266053,28.479751742629862,14.282815933227539,181.70013172266053,70.68534222109719,ok
stencil,cuda,1024,bayesian,3,5,32_64_1_2_2,7.533792018890381,2.4476799964904785,48.12477557927502,28.479751742629862,5.047856092453003,48.12477557927502,48.12477557927502,ok
stencil,cuda,1024,bayesian,3,6,32_64_1_2_2,7.533792018890381,2.4476799964904785,48.12477557927502,28.479751742629862,6.943295955657959,48.12477557927502,48.12477557927502,ok
stencil,cuda,1024,bayesian,3,7,32_64_0_4_4,13.113696098327637,8.027584075927734,157.83341067937954,28.479751742629862,8.461199760437012,157.83341067937954,48.12477557927502,ok
stencil,cuda,1024,bayesian,3,8,16_64_1_2_4,9.70361614227295,4.617504119873047,90.78652022481917,28.479751742629862,7.433568000793457,90.78652022481917,48.12477557927502,ok
stencil,cuda,1024,bayesian,3,9,32_128_0_2_4,12.982111930847168,7.895999908447266,155.24628387405252,28.479751742629862,7.833856105804443,155.24628387405252,48.12477557927502,ok
stencil,cuda,1024,bayesian,3,10,32_32_2_2_4,9.483776092529297,4.3976640701293945,86.46416065476943,28.479751742629862,7.136976003646851,86.46416065476943,48.12477557927502,ok
stencil,cuda,1024,bayesian,3,11,64_32_2_1_4,11.019935607910156,5.933823585510254,116.66718230697475,28.479751742629862,6.912800073623657,116.66718230697475,48.12477557927502,ok
stencil,cuda,1024,bayesian,3,12,16_32_1_2_2,7.203999996185303,2.1178879737854004,41.64060808055239,28.479751742629862,8.777168273925781,41.64060808055239,48.12477557927502,ok
stencil,cuda,1024,bayesian,3,13,32_128_2_2_4,11.93945598602295,6.853343963623047,134.74622527856295,28.479751742629862,9.725791931152344,134.74622527856295,48.12477557927502,ok
stencil,cuda,1024,bayesian,3,14,16_64_1_4_1,5.1354241371154785,0.04931211471557617,0.9695444083496207,0.9695444083496229,3.7984319925308228,0.9695444083496207,0.9695444083496207,ok
stencil,cuda,1024,bayesian,3,15,16_64_1_4_1,5.1354241371154785,0.04931211471557617,0.9695444083496207,0.9695444083496229,5.910576105117798,0.9695444083496207,0.9695444083496207,ok
stencil,cuda,1024,bayesian,4,1,16_64_0_2_2,6.534624099731445,1.448512077331543,28.479751742629865,28.479751742629862,7.973839998245239,28.479751742629865,28.479751742629865,ok
stencil,cuda,1024,bayesian,4,2,32_64_8_4_1,5.531712055206299,0.4456000328063965,8.761113220548733,8.761113220548735,5.230832099914551,8.761113220548733,8.761113220548733,ok
stencil,cuda,1024,bayesian,4,3,32_32_8_1_2,9.943360328674316,4.857248306274414,95.50022266286031,8.761113220548735,7.079360008239746,95.50022266286031,8.761113220548733,ok
stencil,cuda,1024,bayesian,4,4,16_128_0_1_4,12.796128273010254,7.710016250610352,151.5895878158883,8.761113220548735,7.4410719871521,151.5895878158883,8.761113220548733,ok
stencil,cuda,1024,bayesian,4,5,16_64_8_4_1,5.59449577331543,0.5083837509155273,9.995527992237264,8.761113220548735,6.876351833343506,9.995527992237264,8.761113220548733,ok
stencil,cuda,1024,bayesian,4,6,32_64_1_1_4,10.586912155151367,5.500800132751465,108.15334205234217,8.761113220548735,9.628991603851318,108.15334205234217,8.761113220548733,ok
stencil,cuda,1024,bayesian,4,7,16_32_2_2_1,5.869279861450195,0.783167839050293,15.398163382975438,8.761113220548735,4.390624046325684,15.398163382975438,15.398163382975438,ok
stencil,cuda,1024,bayesian,4,8,32_64_0_2_2,6.826784133911133,1.7406721115112305,34.224022275661305,8.761113220548735,7.339231967926025,34.224022275661305,15.398163382975438,ok
stencil,cuda,1024,bayesian,4,9,64_32_2_2_4,11.674112319946289,6.588000297546387,129.52920164817394,8.761113220548735,8.623551845550537,129.52920164817394,15.398163382975438,ok
stencil,cuda,1024,bayesian,4,10,16_32_1_1_1,7.500160217285156,2.414048194885254,47.463527823482266,8.761113220548735,5.380768060684204,47.463527823482266,15.398163382975438,ok
stencil,cuda,1024,bayesian,4,11,16_32_2_2_1,5.869279861450195,0.783167839050293,15.398163382975438,8.761113220548735,6.953567981719971,15.398163382975438,15.398163382975438,ok
stencil,cuda,1024,bayesian,4,12,16_32_2_2_1,5.869279861450195,0.783167839050293,15.398163382975438,8.761113220548735,5.491087913513184,15.398163382975438,15.398163382975438,ok
stencil,cuda,1024,bayesian,4,13,32_128_8_4_2,9.559967994689941,4.473855972290039,87.96219887777919,8.761113220548735,7.656800031661987,87.96219887777919,15.398163382975438,ok
stencil,cuda,1024,bayesian,4,14,32_128_0_2_4,12.982111930847168,7.895999908447266,155.24628387405252,8.761113220548735,9.111056327819824,155.24628387405252,15.398163382975438,ok
stencil,cuda,1024,bayesian,4,15,32_32_2_2_2,6.669856071472168,1.5837440490722656,31.138599427170497,8.761113220548735,4.712224006652832,31.138599427170497,15.398163382975438,ok
stencil,cuda,1024,bayesian,5,1,16_64_0_2_2,6.534624099731445,1.448512077331543,28.479751742629865,28.479751742629862,5.639375925064087,28.479751742629865,28.479751742629865,ok
stencil,cuda,1024,bayesian,5,2,64_64_8_2_4,11.270751953125,6.184639930725098,121.59857870780537,28.479751742629862,13.85148811340332,121.59857870780537,28.479751742629865,ok
stencil,cuda,1024,bayesian,5,3,16_32_1_2_2,7.203999996185303,2.1178879737854004,41.64060808055239,28.479751742629862,5.510879993438721,41.64060808055239,41.64060808055239,ok
stencil,cuda,1024,bayesian,5,4,16_64_0_4_1,5.541600227355957,0.4554882049560547,8.9555283672484,8.955528367248403,5.504623889923096,8.9555283672484,8.9555283672484,ok
stencil,cuda,1024,bayesian,5,5,32_32_8_2_2,6.950687885284424,1.8645758628845215,36.66014147294998,8.955528367248403,6.190943956375122,36.66014147294998,8.9555283672484,ok
stencil,cuda,1024,bayesian,5,6,16_32_2_1_4,9.004608154296875,3.9184961318969727,77.04305596572398,8.955528367248403,8.219104290008545,77.04305596572398,8.9555283672484,ok
stencil,cuda,1024,bayesian,5,7,64_64_2_2_4,11.909119606018066,6.823007583618164,134.14977007129897,8.955528367248403,7.511775970458984,134.14977007129897,8.9555283672484,ok
stencil,cuda,1024,bayesian,5,8,16_64_0_4_1,5.541600227355957,0.4554882049560547,8.9555283672484,8.955528367248403,6.808864116668701,8.9555283672484,8.9555283672484,ok
stencil,cuda,1024,bayesian,5,9,32_32_8_2_4,11.522784233093262,6.436672210693359,126.5538820683739,8.955528367248403,10.03216028213501,126.5538820683739,8.9555283672484,ok
stencil,cuda,1024,bayesian,5,10,32_64_8_1_4,10.472512245178223,5.38640022277832,105.90408152742032,8.955528367248403,7.142512083053589,105.90408152742032,8.9555283672484,ok
stencil,cuda,1024,bayesian,5,11,16_128_8_4_2,7.229311943054199,2.143199920654297,42.138275980068165,8.955528367248403,4.927344083786011,42.138275980068165,42.138275980068165,ok
stencil,cuda,1024,bayesian,5,12,16_64_0_4_1,5.541600227355957,0.4554882049560547,8.9555283672484,8.955528367248403,6.231663942337036,8.9555283672484,42.138275980068165,ok
stencil,cuda,1024,bayesian,5,13,16_64_1_4_2,6.7873921394348145,1.701280117034912,33.449521157659376,8.955528367248403,6.734064102172852,33.449521157659376,42.138275980068165,ok
stencil,cuda,1024,bayesian,5,14,32_64_8_4_1,5.531712055206299,0.4456000328063965,8.761113220548733,8.761113220548735,4.25273585319519,8.761113220548733,8.761113220548733,ok
stencil,cuda,1024,bayesian,5,15,32_64_8_4_1,5.531712055206299,0.4456000328063965,8.761113220548733,8.761113220548735,6.116463899612427,8.761113220548733,8.761113220548733,ok
stencil,cuda,1024,bayesian,6,1,16_64_0_2_2,6.534624099731445,1.448512077331543,28.479751742629865,28.479751742629862,5.069456100463867,28.479751742629865,28.479751742629865,ok
stencil,cuda,1024,bayesian,6,2,16_32_1_4_4,11.686016082763672,6.5999040603637695,129.76324609636848,28.479751742629862,11.483504295349121,129.76324609636848,28.479751742629865,ok
stencil,cuda,1024,bayesian,6,3,32_64_2_2_2,7.373631954193115,2.287519931793213,44.975807094273115,28.479751742629862,4.957247972488403,44.975807094273115,44.975807094273115,ok
stencil,cuda,1024,bayesian,6,4,16_32_0_1_1,9.589280128479004,4.503168106079102,88.53851598719338,28.479751742629862,7.836816072463989,88.53851598719338,44.975807094273115,ok
stencil,cuda,1024,bayesian,6,5,32_32_2_1_4,10.259807586669922,5.1736955642700195,101.72201362227939,28.479751742629862,7.960479974746704,101.72201362227939,44.975807094273115,ok
stencil,cuda,1024,bayesian,6,6,32_32_1_2_4,11.50499153137207,6.418879508972168,126.20405293282144,28.479751742629862,7.1604321002960205,126.20405293282144,44.975807094273115,ok
stencil,cuda,1024,bayesian,6,7,16_128_1_4_4,11.058112144470215,5.9720001220703125,117.41778584051713,28.479751742629862,7.696752071380615,117.41778584051713,44.975807094273115,ok
stencil,cuda,1024,bayesian,6,8,32_64_2_4_4,12.066720008850098,6.980607986450195,137.2484120622331,28.479751742629862,13.8438720703125,137.2484120622331,44.975807094273115,ok
stencil,cuda,1024,bayesian,6,9,16_32_8_4_2,8.01411247253418,2.9280004501342773,57.56854031604064,28.479751742629862,6.074847936630249,57.56854031604064,44.975807094273115,ok
stencil,cuda,1024,bayesian,6,10,32_64_0_1_4,10.581215858459473,5.49510383605957,108.04134497742903,28.479751742629862,7.091520071029663,108.04134497742903,44.975807094273115,ok
stencil,cuda,1024,bayesian,6,11,16_32_8_1_1,7.869344234466553,2.7832322120666504,54.722196440206815,28.479751742629862,5.3727521896362305,54.722196440206815,44.975807094273115,ok
stencil,cuda,1024,bayesian,6,12,32_32_2_1_2,8.136192321777344,3.0500802993774414,59.9687990737225,28.479751742629862,9.98960018157959,59.9687990737225,44.975807094273115,ok
stencil,cuda,1024,bayesian,6,13,16_64_0_1_4,10.552063941955566,5.465951919555664,107.46817796153323,28.479751742629862,8.457168102264404,107.46817796153323,44.975807094273115,ok
stencil,cuda,1024,bayesian,6,14,32_64_8_2_2,6.85968017578125,1.7735681533813477,34.87080397699307,28.479751742629862,4.651376008987427,34.87080397699307,34.87080397699307,ok
stencil,cuda,1024,bayesian,6,15,32_64_2_2_2,7.373631954193115,2.287519931793213,44.975807094273115,28.479751742629862,8.399872303009033,44.975807094273115,34.87080397699307,ok
stencil,cuda,1024,bayesian,7,1,16_64_0_2_2,6.534624099731445,1.448512077331543,28.479751742629865,28.479751742629862,6.261631965637207,28.479751742629865,28.479751742629865,ok
stencil,cuda,1024,bayesian,7,2,16_32_0_1_2,8.431743621826172,3.3456315994262695,65.77974658622678,28.479751742629862,6.972032070159912,65.77974658622678,28.479751742629865,ok
stencil,cuda,1024,bayesian,7,3,16_64_2_4_1,5.6038079261779785,0.5176959037780762,10.178617802716028,10.178617802716019,4.106799840927124,10.178617802716028,10.178617802716028,ok
stencil,cuda,1024,bayesian,7,4,64_32_0_1_4,12.485952377319336,7.399840354919434,145.4911005170466,10.178617802716019,10.795504093170166,145.4911005170466,10.178617802716028,ok
stencil,cuda,1024,bayesian,7,5,32_64_0_1_4,10.581215858459473,5.49510383605957,108.04134497742903,10.178617802716019,7.423695802688599,108.04134497742903,10.178617802716028,ok
stencil,cuda,1024,bayesian,7,6,16_128_0_2_4,11.201536178588867,6.115424156188965,120.2377008067427,10.178617802716019,6.97974419593811,120.2377008067427,10.178617802716028,ok
stencil,cuda,1024,bayesian,7,7,16_64_2_4_1,5.6038079261779785,0.5176959037780762,10.178617802716028,10.178617802716019,6.831376075744629,10.178617802716028,10.178617802716028,ok
stencil,cuda,1024,bayesian,7,8,16_64_2_4_1,5.6038079261779785,0.5176959037780762,10.178617802716028,10.178617802716019,4.9364800453186035,10.178617802716028,10.178617802716028,ok
stencil,cuda,1024,bayesian,7,9,16_32_8_2_2,8.798239707946777,3.712127685546875,72.98556675901315,10.178617802716019,7.210191965103149,72.98556675901315,10.178617802716028,ok
stencil,cuda,1024,bayesian,7,10,64_32_2_4_2,6.915232181549072,1.82912015914917,35.96303327755044,10.178617802716019,6.081120014190674,35.96303327755044,10.178617802716028,ok
stencil,cuda,1024,bayesian,7,11,32_32_0_4_2,8.176416397094727,3.090304374694824,60.7596600524078,10.178617802716019,5.821088075637817,60.7596600524078,10.178617802716028,ok
stencil,cuda,1024,bayesian,7,12,32_32_1_2_4,11.50499153137207,6.418879508972168,126.20405293282144,10.178617802716019,10.705872058868408,126.20405293282144,10.178617802716028,ok
stencil,cuda,1024,bayesian,7,13,64_32_1_4_2,7.511072158813477,2.424960136413574,47.67807169275338,10.178617802716019,5.362655878067017,47.67807169275338,10.178617802716028,ok
stencil,cuda,1024,bayesian,7,14,32_128_8_4_2,9.559967994689941,4.473855972290039,87.96219887777919,10.178617802716019,8.30019235610962,87.96219887777919,10.178617802716028,ok
stencil,cuda,1024,bayesian,7,15,16_64_2_4_1,5.6038079261779785,0.5176959037780762,10.178617802716028,10.178617802716019,4.401103973388672,10.178617802716028,10.178617802716028,ok
stencil,cuda,1024,bayesian,8,1,16_64_0_2_2,6.534624099731445,1.448512077331543,28.479751742629865,28.479751742629862,5.219167947769165,28.479751742629865,28.479751742629865,ok
stencil,cuda,1024,bayesian,8,2,32_128_8_4_2,9.559967994689941,4.473855972290039,87.96219887777919,28.479751742629862,7.540592193603516,87.96219887777919,28.479751742629865,ok
stencil,cuda,1024,bayesian,8,3,64_32_1_4_1,7.203616142272949,2.117504119873047,41.633060981497884,28.479751742629862,4.856863975524902,41.633060981497884,41.633060981497884,ok
stencil,cuda,1024,bayesian,8,4,16_64_8_1_4,9.07590389251709,3.9897918701171875,78.44482883085591,28.479751742629862,12.121167659759521,78.44482883085591,41.633060981497884,ok
stencil,cuda,1024,bayesian,8,5,32_32_0_2_4,13.083135604858398,7.997023582458496,157.23254909130114,28.479751742629862,8.7467679977417,157.23254909130114,41.633060981497884,ok
stencil,cuda,1024,bayesian,8,6,16_64_2_4_1,5.6038079261779785,0.5176959037780762,10.178617802716028,10.178617802716019,3.7780959606170654,10.178617802716028,10.178617802716028,ok
stencil,cuda,1024,bayesian,8,7,64_32_0_2_2,7.117248058319092,2.0311360359191895,39.93494494367802,10.178617802716019,8.72105598449707,39.93494494367802,10.178617802716028,ok
stencil,cuda,1024,bayesian,8,8,32_32_8_4_4,11.671711921691895,6.585599899291992,129.48200649706786,10.178617802716019,10.357519626617432,129.48200649706786,10.178617802716028,ok
stencil,cuda,1024,bayesian,8,9,16_64_0_4_2,7.355584144592285,2.269472122192383,44.62096218481486,10.178617802716019,4.983039855957031,44.62096218481486,10.178617802716028,ok
stencil,cuda,1024,bayesian,8,10,32_64_8_4_4,11.167296409606934,6.081184387207031,119.564499571081,10.178617802716019,9.217600107192993,119.564499571081,10.178617802716028,ok
stencil,cuda,1024,bayesian,8,11,16_64_8_2_4,9.439519882202148,4.353407859802246,85.5940223225377,10.178617802716019,6.948848009109497,85.5940223225377,10.178617802716028,ok
stencil,cuda,1024,bayesian,8,12,16_64_2_4_1,5.6038079261779785,0.5176959037780762,10.178617802716028,10.178617802716019,3.77457594871521,10.178617802716028,10.178617802716028,ok
stencil,cuda,1024,bayesian,8,13,16_32_0_1_2,8.431743621826172,3.3456315994262695,65.77974658622678,10.178617802716019,7.829040050506592,65.77974658622678,10.178617802716028,ok
stencil,cuda,1024,bayesian,8,14,16_32_1_2_2,7.203999996185303,2.1178879737854004,41.64060808055239,10.178617802716019,5.72651219367981,41.64060808055239,10.178617802716028,ok
stencil,cuda,1024,bayesian,8,15,32_32_8_1_4,11.912832260131836,6.826720237731934,134.2227659883653,10.178617802716019,7.86737585067749,134.2227659883653,10.178617802716028,ok
stencil,cuda,1024,bayesian,9,1,16_64_0_2_2,6.534624099731445,1.448512077331543,28.479751742629865,28.479751742629862,5.791967868804932,28.479751742629865,28.479751742629865,ok
stencil,cuda,1024,bayesian,9,2,64_32_1_2_4,10.070976257324219,4.984864234924316,98.00932840193693,28.479751742629862,8.35371208190918,98.00932840193693,28.479751742629865,ok
stencil,cuda,1024,bayesian,9,3,32_32_1_1_2,7.366911888122559,2.2807998657226562,44.8436812967885,28.479751742629862,5.3964478969573975,44.8436812967885,44.8436812967885,ok
stencil,cuda,1024,bayesian,9,4,32_32_1_4_1,6.979328155517578,1.8932161331176758,37.223248815199206,28.479751742629862,6.948496103286743,37.223248815199206,44.8436812967885,ok
stencil,cuda,1024,bayesian,9,5,16_32_2_2_2,7.66048002243042,2.5743680000305176,50.61563702672422,28.479751742629862,7.71945595741272,50.61563702672422,44.8436812967885,ok
stencil,cuda,1024,bayesian,9,6,16_32_8_1_4,10.05452823638916,4.968416213989258,97.68593755127107,28.479751742629862,8.46456003189087,97.68593755127107,44.8436812967885,ok
stencil,cuda,1024,bayesian,9,7,16_64_2_2_4,10.237119674682617,5.151007652282715,101.27593787940579,28.479751742629862,6.922800064086914,101.27593787940579,44.8436812967885,ok
stencil,cuda,1024,bayesian,9,8,16_64_1_4_2,6.7873921394348145,1.701280117034912,33.449521157659376,28.479751742629862,9.096560001373291,33.449521157659376,44.8436812967885,ok
stencil,cuda,1024,bayesian,9,9,64_128_1_4_4,16.90025520324707,11.814143180847168,232.28240213381332,28.479751742629862,11.002272129058838,232.28240213381332,44.8436812967885,ok
stencil,cuda,1024,bayesian,9,10,16_64_0_1_2,8.277055740356445,3.190943717956543,62.738368795323616,28.479751742629862,5.162303924560547,62.738368795323616,62.738368795323616,ok
stencil,cuda,1024,bayesian,9,11,32_32_0_4_1,7.006944179534912,1.9208321571350098,37.76621805959866,28.479751742629862,6.900831937789917,37.76621805959866,62.738368795323616,ok
stencil,cuda,1024,bayesian,9,12,16_64_0_1_2,8.277055740356445,3.190943717956543,62.738368795323616,28.479751742629862,7.052608013153076,62.738368795323616,62.738368795323616,ok
stencil,cuda,1024,bayesian,9,13,32_32_8_4_4,11.671711921691895,6.585599899291992,129.48200649706786,28.479751742629862,8.855551719665527,129.48200649706786,62.738368795323616,ok
stencil,cuda,1024,bayesian,9,14,32_32_2_2_4,9.483776092529297,4.3976640701293945,86.46416065476943,28.479751742629862,7.152240037918091,86.46416065476943,62.738368795323616,ok
stencil,cuda,1024,bayesian,9,15,16_64_2_2_2,7.9383039474487305,2.852191925048828,56.078039816807056,28.479751742629862,7.99347186088562,56.078039816807056,62.738368795323616,ok
stencil,cuda,1024,random,0,1,16_64_0_2_2,6.534624099731445,1.448512077331543,28.479751742629865,28.479751742629862,6.88919997215271,28.479751742629865,28.479751742629865,ok
stencil,cuda,1024,random,0,2,32_32_0_4_4,11.168671607971191,6.082559585571289,119.59153787378062,28.479751742629862,12.420464038848877,119.59153787378062,28.479751742629865,ok
stencil,cuda,1024,random,0,3,64_64_8_4_4,13.823936462402344,8.737824440002441,171.79771899478266,28.479751742629862,8.414400100708008,171.79771899478266,28.479751742629865,ok
stencil,cuda,1024,random,0,4,32_32_2_1_2,8.136192321777344,3.0500802993774414,59.9687990737225,28.479751742629862,6.002640008926392,59.9687990737225,59.9687990737225,ok
stencil,cuda,1024,random,0,5,16_32_1_1_2,9.499296188354492,4.41318416595459,86.7693072138079,28.479751742629862,8.251343727111816,86.7693072138079,59.9687990737225,ok
stencil,cuda,1024,random,0,6,16_64_8_4_4,12.250240325927734,7.164128303527832,140.8566754325519,28.479751742629862,8.38699197769165,140.8566754325519,59.9687990737225,ok
stencil,cuda,1024,random,0,7,32_64_1_2_2,7.533792018890381,2.4476799964904785,48.12477557927502,28.479751742629862,6.428352117538452,48.12477557927502,59.9687990737225,ok
stencil,cuda,1024,random,0,8,32_64_0_2_2,6.826784133911133,1.7406721115112305,34.224022275661305,28.479751742629862,8.42139196395874,34.224022275661305,59.9687990737225,ok
stencil,cuda,1024,random,0,9,32_32_1_2_4,11.50499153137207,6.418879508972168,126.20405293282144,28.479751742629862,10.27180814743042,126.20405293282144,59.9687990737225,ok
stencil,cuda,1024,random,0,10,16_128_1_4_2,6.879583835601807,1.7934718132019043,35.262137469706126,28.479751742629862,5.600831985473633,35.262137469706126,35.262137469706126,ok
stencil,cuda,1024,random,0,11,32_32_8_4_4,11.671711921691895,6.585599899291992,129.48200649706786,28.479751742629862,8.58940839767456,129.48200649706786,35.262137469706126,ok
stencil,cuda,1024,random,0,12,32_32_0_1_2,8.132960319519043,3.0468482971191406,59.90525343721143,28.479751742629862,8.207327842712402,59.90525343721143,35.262137469706126,ok
stencil,cuda,1024,random,0,13,32_128_0_4_4,15.076160430908203,9.9900484085083,196.4181749145678,28.479751742629862,15.05788803100586,196.4181749145678,35.262137469706126,ok
stencil,cuda,1024,random,0,14,16_64_2_2_4,10.237119674682617,5.151007652282715,101.27593787940579,28.479751742629862,9.806959629058838,101.27593787940579,35.262137469706126,ok
stencil,cuda,1024,random,0,15,32_64_1_1_4,10.586912155151367,5.500800132751465,108.15334205234217,28.479751742629862,9.071887969970703,108.15334205234217,35.262137469706126,ok
stencil,cuda,1024,random,1,1,16_64_0_2_2,6.534624099731445,1.448512077331543,28.479751742629865,28.479751742629862,5.143648147583008,28.479751742629865,28.479751742629865,ok
stencil,cuda,1024,random,1,2,32_32_2_2_1,8.295455932617188,3.209343910217285,63.100142035466675,28.479751742629862,6.719200134277344,63.100142035466675,28.479751742629865,ok
stencil,cuda,1024,random,1,3,64_32_2_1_4,11.019935607910156,5.933823585510254,116.66718230697475,28.479751742629862,8.955679893493652,116.66718230697475,28.479751742629865,ok
stencil,cuda,1024,random,1,4,64_64_8_4_4,13.823936462402344,8.737824440002441,171.79771899478266,28.479751742629862,8.05297565460205,171.79771899478266,28.479751742629865,ok
stencil,cuda,1024,random,1,5,16_32_2_4_2,7.924320220947266,2.8382081985473633,55.80310040454326,28.479751742629862,5.310944080352783,55.80310040454326,28.479751742629865,ok
stencil,cuda,1024,random,1,6,32_32_1_1_4,9.708800315856934,4.622688293457031,90.88844825080744,28.479751742629862,12.63703966140747,90.88844825080744,28.479751742629865,ok
stencil,cuda,1024,random,1,7,16_128_8_4_4,14.118528366088867,9.032416343688965,177.58980344728985,28.479751742629862,9.245104312896729,177.58980344728985,28.479751742629865,ok
stencil,cuda,1024,random,1,8,16_32_1_4_2,8.538047790527344,3.4519357681274414,67.86983363568606,28.479751742629862,5.35699200630188,67.86983363568606,28.479751742629865,ok
stencil,cuda,1024,random,1,9,32_32_8_2_4,11.522784233093262,6.436672210693359,126.5538820683739,28.479751742629862,10.545104026794434,126.5538820683739,28.479751742629865,ok
stencil,cuda,1024,random,1,10,16_64_0_4_4,11.391072273254395,6.304960250854492,123.9642426884548,28.479751742629862,7.963328123092651,123.9642426884548,28.479751742629865,ok
stencil,cuda,1024,random,1,11,32_64_2_2_2,7.373631954193115,2.287519931793213,44.975807094273115,28.479751742629862,4.6419360637664795,44.975807094273115,44.975807094273115,ok
stencil,cuda,1024,random,1,12,32_32_2_2_4,9.483776092529297,4.3976640701293945,86.46416065476943,28.479751742629862,13.129456043243408,86.46416065476943,44.975807094273115,ok
stencil,cuda,1024,random,1,13,16_32_8_4_1,5.345856189727783,0.25974416732788086,5.106929736976573,5.106929736976566,4.3356640338897705,5.106929736976573,5.106929736976573,ok
stencil,cuda,1024,random,1,14,16_64_2_4_1,5.6038079261779785,0.5176959037780762,10.178617802716028,5.106929736976566,5.981791973114014,10.178617802716028,5.106929736976573,ok
stencil,cuda,1024,random,1,15,16_64_8_2_1,6.175968170166016,1.0898561477661133,21.428079896121922,5.106929736976566,6.125663995742798,21.428079896121922,5.106929736976573,ok
stencil,cuda,1024,random,2,1,16_64_0_2_2,6.534624099731445,1.448512077331543,28.479751742629865,28.479751742629862,5.005007982254028,28.479751742629865,28.479751742629865,ok
stencil,cuda,1024,random,2,2,32_32_2_4_4,12.454719543457031,7.368607521057129,144.87701978652493,28.479751742629862,8.46777629852295,144.87701978652493,28.479751742629865,ok
stencil,cuda,1024,random,2,3,16_32_1_2_1,6.2136640548706055,1.1275520324707031,22.169233149109125,22.169233149109115,4.556976079940796,22.169233149109125,22.169233149109125,ok
stencil,cuda,1024,random,2,4,64_128_1_4_4,16.90025520324707,11.814143180847168,232.28240213381332,22.169233149109115,9.396496295928955,232.28240213381332,22.169233149109125,ok
stencil,cuda,1024,random,2,5,32_32_8_4_2,7.6526079177856445,2.566495895385742,50.46086055679777,22.169233149109115,5.116208076477051,50.46086055679777,22.169233149109125,ok
stencil,cuda,1024,random,2,6,64_128_0_4_4,14.831583976745605,9.745471954345703,191.60946340594487,22.169233149109115,9.99126386642456,191.60946340594487,22.169233149109125,ok
stencil,cuda,1024,random,2,7,16_64_8_4_2,7.884960174560547,2.7988481521606445,55.029227430189344,22.169233149109115,5.226351976394653,55.029227430189344,22.169233149109125,ok
stencil,cuda,1024,random,2,8,64_32_8_4_1,6.148575782775879,1.0624637603759766,20.889507657258566,20.889507657258573,7.089951992034912,20.889507657258566,22.169233149109125,ok
stencil,cuda,1024,random,2,9,16_64_1_2_2,6.278624057769775,1.192512035369873,23.446436691089257,20.889507657258573,6.582640171051025,23.446436691089257,22.169233149109125,ok
stencil,cuda,1024,random,2,10,32_128_0_2_4,12.982111930847168,7.895999908447266,155.24628387405252,20.889507657258573,9.51203203201294,155.24628387405252,22.169233149109125,ok
stencil,cuda,1024,random,2,11,64_32_0_4_2,8.973952293395996,3.8878402709960938,76.44031932197987,20.889507657258573,5.00601601600647,76.44031932197987,22.169233149109125,ok
stencil,cuda,1024,random,2,12,16_32_8_4_4,14.39948844909668,9.313376426696777,183.1138674429397,20.889507657258573,10.89902400970459,183.1138674429397,22.169233149109125,ok
stencil,cuda,1024,random,2,13,64_64_8_4_2,8.55510425567627,3.468992233276367,68.20518734149921,20.889507657258573,5.585504055023193,68.20518734149921,22.169233149109125,ok
stencil,cuda,1024,random,2,14,32_32_1_2_2,6.688416004180908,1.6023039817810059,31.50351338555364,20.889507657258573,4.847775936126709,31.50351338555364,22.169233149109125,ok
stencil,cuda,1024,random,2,15,16_64_1_4_1,5.1354241371154785,0.04931211471557617,0.9695444083496207,0.9695444083496229,6.8367838859558105,0.9695444083496207,22.169233149109125,ok
stencil,cuda,1024,random,3,1,16_64_0_2_2,6.534624099731445,1.448512077331543,28.479751742629865,28.479751742629862,5.668623924255371,28.479751742629865,28.479751742629865,ok
stencil,cuda,1024,random,3,2,64_32_0_4_2,8.973952293395996,3.8878402709960938,76.44031932197987,28.479751742629862,7.102480173110962,76.44031932197987,28.479751742629865,ok
stencil,cuda,1024,random,3,3,16_32_8_2_4,10.2640962600708,5.177984237670898,101.80633487556663,28.479751742629862,8.74241590499878,101.80633487556663,28.479751742629865,ok
stencil,cuda,1024,random,3,4,16_128_2_1_4,9.85267162322998,4.766559600830078,93.71715722810521,28.479751742629862,6.887392044067383,93.71715722810521,28.479751742629865,ok
stencil,cuda,1024,random,3,5,16_32_2_2_1,5.869279861450195,0.783167839050293,15.398163382975438,15.398163382975433,4.350528001785278,15.398163382975438,15.398163382975438,ok
stencil,cuda,1024,random,3,6,16_128_0_4_2,8.832159996032715,3.7460479736328125,73.6524865581947,15.398163382975433,8.887696266174316,73.6524865581947,15.398163382975438,ok
stencil,cuda,1024,random,3,7,64_64_0_2_4,10.73862361907959,5.6525115966796875,111.1361993559184,15.398163382975433,10.914207935333252,111.1361993559184,15.398163382975438,ok
stencil,cuda,1024,random,3,8,64_32_1_1_4,10.810367584228516,5.724255561828613,112.54678498267916,15.398163382975433,6.772063970565796,112.54678498267916,15.398163382975438,ok
stencil,cuda,1024,random,3,9,16_128_1_4_4,11.058112144470215,5.9720001220703125,117.41778584051713,15.398163382975433,7.752831935882568,117.41778584051713,15.398163382975438,ok
stencil,cuda,1024,random,3,10,16_64_0_1_2,8.277055740356445,3.190943717956543,62.738368795323616,15.398163382975433,5.15833592414856,62.738368795323616,15.398163382975438,ok
stencil,cuda,1024,random,3,11,32_128_2_4_2,9.565792083740234,4.479680061340332,88.0767085272844,15.398163382975433,9.53547191619873,88.0767085272844,15.398163382975438,ok
stencil,cuda,1024,random,3,12,64_32_2_2_2,8.68124771118164,3.5951356887817383,70.68534222109719,15.398163382975433,6.588079929351807,70.68534222109719,15.398163382975438,ok
stencil,cuda,1024,random,3,13,64_64_0_4_4,14.690848350524902,9.604736328125,188.84240625893582,15.398163382975433,9.263248443603516,188.84240625893582,15.398163382975438,ok
stencil,cuda,1024,random,3,14,32_32_2_4_2,7.562975883483887,2.4768638610839844,48.6985707388188,15.398163382975433,5.141952037811279,48.6985707388188,15.398163382975438,ok
stencil,cuda,1024,random,3,15,16_128_1_4_2,6.879583835601807,1.7934718132019043,35.262137469706126,15.398163382975433,8.885152339935303,35.262137469706126,15.398163382975438,ok
stencil,cuda,1024,random,4,1,16_64_0_2_2,6.534624099731445,1.448512077331543,28.479751742629865,28.479751742629862,6.8997437953948975,28.479751742629865,28.479751742629865,ok
stencil,cuda,1024,random,4,2,32_32_1_4_1,6.979328155517578,1.8932161331176758,37.223248815199206,28.479751742629862,4.967983961105347,37.223248815199206,37.223248815199206,ok
stencil,cuda,1024,random,4,3,32_32_1_4_4,14.327584266662598,9.241472244262695,181.70013172266053,28.479751742629862,8.61080026626587,181.70013172266053,37.223248815199206,ok
stencil,cuda,1024,random,4,4,32_32_8_2_2,6.950687885284424,1.8645758628845215,36.66014147294998,28.479751742629862,5.232975959777832,36.66014147294998,37.223248815199206,ok
stencil,cuda,1024,random,4,5,64_32_8_4_2,7.437503814697266,2.3513917922973633,46.231616251107454,28.479751742629862,8.546736240386963,46.231616251107454,37.223248815199206,ok
stencil,cuda,1024,random,4,6,16_64_8_2_4,9.439519882202148,4.353407859802246,85.5940223225377,28.479751742629862,11.11451244354248,85.5940223225377,37.223248815199206,ok
stencil,cuda,1024,random,4,7,32_64_1_1_4,10.586912155151367,5.500800132751465,108.15334205234217,28.479751742629862,7.537791967391968,108.15334205234217,37.223248815199206,ok
stencil,cuda,1024,random,4,8,64_64_0_4_2,8.444095611572266,3.3579835891723633,66.0226037960502,28.479751742629862,5.350656032562256,66.0226037960502,37.223248815199206,ok
stencil,cuda,1024,random,4,9,64_32_1_4_1,7.203616142272949,2.117504119873047,41.633060981497884,28.479751742629862,6.499808073043823,41.633060981497884,37.223248815199206,ok
stencil,cuda,1024,random,4,10,32_32_8_1_4,11.912832260131836,6.826720237731934,134.2227659883653,28.479751742629862,9.052335739135742,134.2227659883653,37.223248815199206,ok
stencil,cuda,1024,random,4,11,16_128_2_2_2,8.658464431762695,3.572352409362793,70.23739142255785,28.479751742629862,4.756767988204956,70.23739142255785,70.23739142255785,ok
stencil,cuda,1024,random,4,12,32_32_1_1_2,7.366911888122559,2.2807998657226562,44.8436812967885,28.479751742629862,9.78876781463623,44.8436812967885,70.23739142255785,ok
stencil,cuda,1024,random,4,13,64_32_1_4_4,12.315711975097656,7.229599952697754,142.1439386481786,28.479751742629862,9.738416194915771,142.1439386481786,70.23739142255785,ok
stencil,cuda,1024,random,4,14,16_32_8_1_4,10.05452823638916,4.968416213989258,97.68593755127107,28.479751742629862,6.855504035949707,97.68593755127107,70.23739142255785,ok
stencil,cuda,1024,random,4,15,32_32_0_2_1,6.732895851135254,1.6467838287353516,32.378048723321484,28.479751742629862,4.576159954071045,32.378048723321484,32.378048723321484,ok
stencil,cuda,1024,random,5,1,16_64_0_2_2,6.534624099731445,1.448512077331543,28.479751742629865,28.479751742629862,6.2099199295043945,28.479751742629865,28.479751742629865,ok
stencil,cuda,1024,random,5,2,16_64_8_1_2,7.545119762420654,2.459007740020752,48.34749469124864,28.479751742629862,6.17793607711792,48.34749469124864,48.34749469124864,ok
stencil,cuda,1024,random,5,3,32_32_0_2_1,6.732895851135254,1.6467838287353516,32.378048723321484,28.479751742629862,5.269808053970337,32.378048723321484,32.378048723321484,ok
stencil,cuda,1024,random,5,4,32_32_1_2_1,7.722496032714844,2.6363840103149414,51.83495760030377,28.479751742629862,8.23745584487915,51.83495760030377,32.378048723321484,ok
stencil,cuda,1024,random,5,5,32_32_8_1_4,11.912832260131836,6.826720237731934,134.2227659883653,28.479751742629862,9.414495944976807,134.2227659883653,32.378048723321484,ok
stencil,cuda,1024,random,5,6,16_32_8_1_2,7.7657599449157715,2.679647922515869,52.68558597833373,28.479751742629862,5.299856185913086,52.68558597833373,32.378048723321484,ok
stencil,cuda,1024,random,5,7,32_64_0_4_4,13.113696098327637,8.027584075927734,157.83341067937954,28.479751742629862,13.878095626831055,157.83341067937954,32.378048723321484,ok
stencil,cuda,1024,random,5,8,32_32_1_2_2,6.688416004180908,1.6023039817810059,31.50351338555364,28.479751742629862,5.256656169891357,31.50351338555364,31.50351338555364,ok
stencil,cuda,1024,random,5,9,16_32_1_1_4,9.709759712219238,4.623647689819336,90.90731131080454,28.479751742629862,7.554879903793335,90.90731131080454,31.50351338555364,ok
stencil,cuda,1024,random,5,10,32_64_1_1_4,10.586912155151367,5.500800132751465,108.15334205234217,28.479751742629862,7.124016046524048,108.15334205234217,31.50351338555364,ok
stencil,cuda,1024,random,5,11,16_128_8_2_4,10.304544448852539,5.218432426452637,102.60160223506634,28.479751742629862,12.817663669586182,102.60160223506634,31.50351338555364,ok
stencil,cuda,1024,random,5,12,32_64_1_4_2,8.699904441833496,3.6137924194335938,71.05215936098104,28.479751742629862,5.470975875854492,71.05215936098104,31.50351338555364,ok
stencil,cuda,1024,random,5,13,16_64_8_4_2,7.884960174560547,2.7988481521606445,55.029227430189344,28.479751742629862,5.368559837341309,55.029227430189344,31.50351338555364,ok
stencil,cuda,1024,random,5,14,32_128_1_4_2,7.559999942779541,2.4738879203796387,48.64005962677016,28.479751742629862,9.593135833740234,48.64005962677016,31.50351338555364,ok
stencil,cuda,1024,random,5,15,16_32_1_4_2,8.538047790527344,3.4519357681274414,67.86983363568606,28.479751742629862,6.615056037902832,67.86983363568606,31.50351338555364,ok
stencil,cuda,1024,random,6,1,16_64_0_2_2,6.534624099731445,1.448512077331543,28.479751742629865,28.479751742629862,5.718591928482056,28.479751742629865,28.479751742629865,ok
stencil,cuda,1024,random,6,2,16_64_1_1_4,10.564831733703613,5.478719711303711,107.71921041405919,28.479751742629862,8.157055854797363,107.71921041405919,28.479751742629865,ok
stencil,cuda,1024,random,6,3,16_128_0_4_1,5.71884822845459,0.6327362060546875,12.440469326433124,12.44046932643313,3.8317760229110718,12.440469326433124,12.440469326433124,ok
stencil,cuda,1024,random,6,4,16_64_1_1_2,7.890592098236084,2.8044800758361816,55.13995884252814,12.44046932643313,9.784224033355713,55.13995884252814,12.440469326433124,ok
stencil,cuda,1024,random,6,5,64_64_0_4_4,14.690848350524902,9.604736328125,188.84240625893582,12.44046932643313,10.887712001800537,188.84240625893582,12.440469326433124,ok
stencil,cuda,1024,random,6,6,16_64_1_2_1,6.98745584487915,1.901343822479248,37.38305043430976,12.44046932643313,4.473488092422485,37.38305043430976,12.440469326433124,ok
stencil,cuda,1024,random,6,7,16_128_2_4_2,8.861248016357422,3.7751359939575195,74.22439728679444,12.44046932643313,8.959824085235596,74.22439728679444,12.440469326433124,ok
stencil,cuda,1024,random,6,8,64_64_2_2_4,11.909119606018066,6.823007583618164,134.14977007129897,12.44046932643313,9.491168022155762,134.14977007129897,12.440469326433124,ok
stencil,cuda,1024,random,6,9,16_32_8_4_2,8.01411247253418,2.9280004501342773,57.56854031604064,12.44046932643313,5.3351521492004395,57.56854031604064,12.440469326433124,ok
stencil,cuda,1024,random,6,10,16_32_1_2_2,7.203999996185303,2.1178879737854004,41.64060808055239,12.44046932643313,8.101167678833008,41.64060808055239,12.440469326433124,ok
stencil,cuda,1024,random,6,11,32_32_0_4_2,8.176416397094727,3.090304374694824,60.7596600524078,12.44046932643313,6.471456050872803,60.7596600524078,12.440469326433124,ok
stencil,cuda,1024,random,6,12,32_32_0_2_1,6.732895851135254,1.6467838287353516,32.378048723321484,12.44046932643313,4.753968000411987,32.378048723321484,12.440469326433124,ok
stencil,cuda,1024,random,6,13,32_64_2_4_2,7.61740779876709,2.5312957763671875,49.76877751058235,12.44046932643313,8.826432228088379,49.76877751058235,12.440469326433124,ok
stencil,cuda,1024,random,6,14,64_32_2_1_4,11.019935607910156,5.933823585510254,116.66718230697475,12.44046932643313,9.266176223754883,116.66718230697475,12.440469326433124,ok
stencil,cuda,1024,random,6,15,64_32_1_1_4,10.810367584228516,5.724255561828613,112.54678498267916,12.44046932643313,6.735775947570801,112.54678498267916,12.440469326433124,ok
stencil,cuda,1024,random,7,1,16_64_0_2_2,6.534624099731445,1.448512077331543,28.479751742629865,28.479751742629862,6.348543882369995,28.479751742629865,28.479751742629865,ok
stencil,cuda,1024,random,7,2,16_128_2_4_1,5.676415920257568,0.590303897857666,11.606191433808188,11.606191433808192,4.976816177368164,11.606191433808188,11.606191433808188,ok
stencil,cuda,1024,random,7,3,16_32_1_1_4,9.709759712219238,4.623647689819336,90.90731131080454,11.606191433808192,8.669023990631104,90.90731131080454,11.606191433808188,ok
stencil,cuda,1024,random,7,4,16_128_8_2_2,8.634271621704102,3.548159599304199,69.76172730127925,11.606191433808192,4.682000160217285,69.76172730127925,69.76172730127925,ok
stencil,cuda,1024,random,7,5,32_128_0_2_4,12.982111930847168,7.895999908447266,155.24628387405252,11.606191433808192,13.815360069274902,155.24628387405252,69.76172730127925,ok
stencil,cuda,1024,random,7,6,16_64_2_4_2,7.338624000549316,2.252511978149414,44.28750228522409,11.606191433808192,5.674304008483887,44.28750228522409,69.76172730127925,ok
stencil,cuda,1024,random,7,7,32_32_1_4_2,8.272416114807129,3.1863040924072266,62.64714733718657,11.606191433808192,5.341455936431885,62.64714733718657,69.76172730127925,ok
stencil,cuda,1024,random,7,8,32_64_2_1_4,10.71833610534668,5.632224082946777,110.7373187641508,11.606191433808192,13.112767696380615,110.7373187641508,69.76172730127925,ok
stencil,cuda,1024,random,7,9,16_32_1_2_4,9.636639595031738,4.550527572631836,89.46966863078747,11.606191433808192,8.258992195129395,89.46966863078747,69.76172730127925,ok
stencil,cuda,1024,random,7,10,32_64_8_2_2,6.85968017578125,1.7735681533813477,34.87080397699307,11.606191433808192,4.657007932662964,34.87080397699307,34.87080397699307,ok
stencil,cuda,1024,random,7,11,16_32_8_4_1,5.345856189727783,0.25974416732788086,5.106929736976573,5.106929736976566,7.153712034225464,5.106929736976573,34.87080397699307,ok
stencil,cuda,1024,random,7,12,16_128_0_4_2,8.832159996032715,3.7460479736328125,73.6524865581947,5.106929736976566,6.5400800704956055,73.6524865581947,34.87080397699307,ok
stencil,cuda,1024,random,7,13,32_32_8_2_4,11.522784233093262,6.436672210693359,126.5538820683739,5.106929736976566,8.236288070678711,126.5538820683739,34.87080397699307,ok
stencil,cuda,1024,random,7,14,16_32_0_4_4,11.088895797729492,6.00278377532959,118.02303505885332,5.106929736976566,7.824272155761719,118.02303505885332,34.87080397699307,ok
stencil,cuda,1024,random,7,15,16_32_2_1_2,7.532832145690918,2.4467201232910156,48.10590314399958,5.106929736976566,5.300879955291748,48.10590314399958,34.87080397699307,ok
stencil,cuda,1024,random,8,1,16_64_0_2_2,6.534624099731445,1.448512077331543,28.479751742629865,28.479751742629862,4.63264012336731,28.479751742629865,28.479751742629865,ok
stencil,cuda,1024,random,8,2,32_128_0_2_4,12.982111930847168,7.895999908447266,155.24628387405252,28.479751742629862,13.944207668304443,155.24628387405252,28.479751742629865,ok
stencil,cuda,1024,random,8,3,16_128_8_4_4,14.118528366088867,9.032416343688965,177.58980344728985,28.479751742629862,8.846735954284668,177.58980344728985,28.479751742629865,ok
stencil,cuda,1024,random,8,4,16_32_1_2_1,6.2136640548706055,1.1275520324707031,22.169233149109125,22.169233149109115,4.4043519496917725,22.169233149109125,22.169233149109125,ok
stencil,cuda,1024,random,8,5,64_128_8_4_4,14.949055671691895,9.862943649291992,193.91911947385938,22.169233149109115,12.36303997039795,193.91911947385938,22.169233149109125,ok
stencil,cuda,1024,random,8,6,32_128_8_4_4,15.015263557434082,9.92915153503418,195.2208581192254,22.169233149109115,8.378767967224121,195.2208581192254,22.169233149109125,ok
stencil,cuda,1024,random,8,7,64_64_0_4_4,14.690848350524902,9.604736328125,188.84240625893582,22.169233149109115,7.997711896896362,188.84240625893582,22.169233149109125,ok
stencil,cuda,1024,random,8,8,16_128_2_2_4,10.148032188415527,5.061920166015625,99.52435462927806,22.169233149109115,6.973455905914307,99.52435462927806,22.169233149109125,ok
stencil,cuda,1024,random,8,9,16_32_2_1_2,7.532832145690918,2.4467201232910156,48.10590314399958,22.169233149109115,5.259392023086548,48.10590314399958,22.169233149109125,ok
stencil,cuda,1024,random,8,10,16_128_8_4_2,7.229311943054199,2.143199920654297,42.138275980068165,22.169233149109115,8.875584125518799,42.138275980068165,22.169233149109125,ok
stencil,cuda,1024,random,8,11,32_64_8_2_4,10.027135848999023,4.941023826599121,97.14736531240771,22.169233149109115,8.788032054901123,97.14736531240771,22.169233149109125,ok
stencil,cuda,1024,random,8,12,32_32_2_2_1,8.295455932617188,3.209343910217285,63.100142035466675,22.169233149109115,4.581135988235474,63.100142035466675,22.169233149109125,ok
stencil,cuda,1024,random,8,13,16_32_8_1_2,7.7657599449157715,2.679647922515869,52.68558597833373,22.169233149109115,9.567856311798096,52.68558597833373,22.169233149109125,ok
stencil,cuda,1024,random,8,14,64_32_0_2_2,7.117248058319092,2.0311360359191895,39.93494494367802,22.169233149109115,5.9049601554870605,39.93494494367802,22.169233149109125,ok
stencil,cuda,1024,random,8,15,64_64_0_2_4,10.73862361907959,5.6525115966796875,111.1361993559184,22.169233149109115,8.314416408538818,111.1361993559184,22.169233149109125,ok
stencil,cuda,1024,random,9,1,16_64_0_2_2,6.534624099731445,1.448512077331543,28.479751742629865,28.479751742629862,6.055295944213867,28.479751742629865,28.479751742629865,ok
stencil,cuda,1024,random,9,2,16_128_8_4_1,5.66099214553833,0.5748801231384277,11.302938680992103,11.302938680992092,4.738831996917725,11.302938680992103,11.302938680992103,ok
stencil,cuda,1024,random,9,3,16_128_8_1_4,12.043680191040039,6.957568168640137,136.795417363953,11.302938680992092,12.678304195404053,136.795417363953,11.302938680992103,ok
stencil,cuda,1024,random,9,4,32_128_1_4_4,15.18505573272705,10.098943710327148,198.55920722646454,11.302938680992092,9.180639743804932,198.55920722646454,11.302938680992103,ok
stencil,cuda,1024,random,9,5,16_32_0_4_4,11.088895797729492,6.00278377532959,118.02303505885332,11.302938680992092,7.760832071304321,118.02303505885332,11.302938680992103,ok
stencil,cuda,1024,random,9,6,32_64_2_4_1,5.6078081130981445,0.5216960906982422,10.257267012614445,10.257267012614436,3.7927839756011963,10.257267012614445,10.257267012614445,ok
stencil,cuda,1024,random,9,7,16_64_0_1_4,10.552063941955566,5.465951919555664,107.46817796153323,10.257267012614436,12.066512107849121,107.46817796153323,10.257267012614445,ok
stencil,cuda,1024,random,9,8,32_32_2_2_2,6.669856071472168,1.5837440490722656,31.138599427170497,10.257267012614436,5.642751932144165,31.138599427170497,10.257267012614445,ok
stencil,cuda,1024,random,9,9,32_32_8_2_2,6.950687885284424,1.8645758628845215,36.66014147294998,10.257267012614436,6.968672037124634,36.66014147294998,10.257267012614445,ok
stencil,cuda,1024,random,9,10,64_64_8_4_4,13.823936462402344,8.737824440002441,171.79771899478266,10.257267012614436,9.054160118103027,171.79771899478266,10.257267012614445,ok
stencil,cuda,1024,random,9,11,16_64_1_1_4,10.564831733703613,5.478719711303711,107.71921041405919,10.257267012614436,6.695472002029419,107.71921041405919,10.257267012614445,ok
stencil,cuda,1024,random,9,12,32_32_8_1_4,11.912832260131836,6.826720237731934,134.2227659883653,10.257267012614436,6.881343841552734,134.2227659883653,10.257267012614445,ok
stencil,cuda,1024,random,9,13,32_32_0_1_4,10.296064376831055,5.209952354431152,102.43487228527096,10.257267012614436,6.886015892028809,102.43487228527096,10.257267012614445,ok
stencil,cuda,1024,random,9,14,32_64_0_4_2,8.288928031921387,3.2028160095214844,62.97179447514849,10.257267012614436,8.723231792449951,62.97179447514849,10.257267012614445,ok
stencil,cuda,1024,random,9,15,32_32_2_2_1,8.295455932617188,3.209343910217285,63.100142035466675,10.257267012614436,6.1846559047698975,63.100142035466675,10.257267012614445,ok
stencil,sycl,2048,bayesian,0,1,16_64_0_2_2,30.781391143798828,3.9774551391601562,14.839071166532491,14.839071166532483,35.447519302368164,14.839071166532491,14.839071166532491,ok
stencil,sycl,2048,bayesian,0,2,32_128_0_4_2,33.264766693115234,6.4608306884765625,24.104037136032773,14.839071166532483,32.85422325134277,24.104037136032773,24.104037136032773,ok
stencil,sycl,2048,bayesian,0,3,16_32_1_1_2,38.50368118286133,11.699745178222656,43.64935499099052,14.839071166532483,40.18230438232422,43.64935499099052,24.104037136032773,ok
stencil,sycl,2048,bayesian,0,4,64_64_8_4_4,50.22566223144531,23.42172622680664,87.38166746388774,14.839071166532483,50.09004783630371,87.38166746388774,24.104037136032773,ok
stencil,sycl,2048,bayesian,0,5,16_32_2_1_2,34.15275192260742,7.34881591796875,27.416928307458164,14.839071166532483,40.60150337219238,27.416928307458164,24.104037136032773,ok
stencil,sycl,2048,bayesian,0,6,16_32_2_2_4,50.79182434082031,23.98788833618164,89.49390243294981,14.839071166532483,49.392080307006836,89.49390243294981,24.104037136032773,ok
stencil,sycl,2048,bayesian,0,7,32_32_8_4_2,30.628896713256836,3.824960708618164,14.270145653072074,14.270145653072067,33.98212814331055,14.270145653072074,24.104037136032773,ok
stencil,sycl,2048,bayesian,0,8,32_64_8_4_1,33.07334518432617,6.2694091796875,23.38988265977997,14.270145653072067,32.94508743286133,23.38988265977997,24.104037136032773,ok
stencil,sycl,2048,bayesian,0,9,16_32_8_4_2,28.733551025390625,1.9296150207519531,7.19899876054777,7.198998760547762,34.32881546020508,7.19899876054777,24.104037136032773,ok
stencil,sycl,2048,bayesian,0,10,16_64_8_2_4,49.71686553955078,22.91292953491211,85.48345112802393,7.198998760547762,48.565887451171875,85.48345112802393,24.104037136032773,ok
stencil,sycl,2048,bayesian,0,11,32_64_1_4_1,33.00775909423828,6.203823089599609,23.145194379385092,7.198998760547762,32.98956871032715,23.145194379385092,24.104037136032773,ok
stencil,sycl,2048,bayesian,0,12,16_32_1_4_2,35.36044692993164,8.556510925292969,31.9225912336613,7.198998760547762,34.33604621887207,31.9225912336613,24.104037136032773,ok
stencil,sycl,2048,bayesian,0,13,32_64_8_4_1,33.07334518432617,6.2694091796875,23.38988265977997,7.198998760547762,32.85847854614258,23.38988265977997,24.104037136032773,ok
stencil,sycl,2048,bayesian,0,14,16_32_0_4_1,33.010257720947266,6.206321716308594,23.154516244310287,7.198998760547762,32.87825584411621,23.154516244310287,24.104037136032773,ok
stencil,sycl,2048,bayesian,0,15,32_128_0_4_2,33.264766693115234,6.4608306884765625,24.104037136032773,7.198998760547762,33.20065689086914,24.104037136032773,24.104037136032773,ok
stencil,sycl,2048,bayesian,1,1,16_64_0_2_2,30.781391143798828,3.9774551391601562,14.839071166532491,14.839071166532483,35.482303619384766,14.839071166532491,14.839071166532491,ok
stencil,sycl,2048,bayesian,1,2,64_64_8_2_4,41.289119720458984,14.485183715820312,54.041256154743536,14.839071166532483,50.86582374572754,54.041256154743536,14.839071166532491,ok
stencil,sycl,2048,bayesian,1,3,16_32_0_2_4,44.0826416015625,17.278705596923828,64.46331461891862,14.839071166532483,49.100542068481445,64.46331461891862,14.839071166532491,ok
stencil,sycl,2048,bayesian,1,4,32_128_2_4_4,46.0318717956543,19.227935791015625,71.73549357709274,14.839071166532483,49.20408058166504,71.73549357709274,14.839071166532491,ok
stencil,sycl,2048,bayesian,1,5,16_128_2_1_4,50.315792083740234,23.511856079101562,87.71792349837209,14.839071166532483,48.974830627441406,87.71792349837209,14.839071166532491,ok
stencil,sycl,2048,bayesian,1,6,16_128_0_4_2,27.199392318725586,0.39545631408691406,1.475366580559201,1.475366580559201,31.638687133789062,1.475366580559201,1.475366580559201,ok
stencil,sycl,2048,bayesian,1,7,16_128_0_4_2,27.199392318725586,0.39545631408691406,1.475366580559201,1.475366580559201,31.724512100219727,1.475366580559201,1.475366580559201,ok
stencil,sycl,2048,bayesian,1,8,32_64_2_1_4,49.4582405090332,22.65430450439453,84.5185740649209,1.475366580559201,49.34155082702637,84.5185740649209,1.475366580559201,ok
stencil,sycl,2048,bayesian,1,9,16_128_8_4_1,28.69500732421875,1.8910713195800781,7.055200099167558,1.475366580559201,32.444400787353516,7.055200099167558,1.475366580559201,ok
stencil,sycl,2048,bayesian,1,10,16_64_0_1_4,40.4180793762207,13.614143371582031,50.79158288255119,1.475366580559201,49.188703536987305,50.79158288255119,1.475366580559201,ok
stencil,sycl,2048,bayesian,1,11,16_32_1_4_4,50.14313507080078,23.33919906616211,87.07377551611467,1.475366580559201,49.04038429260254,87.07377551611467,1.475366580559201,ok
stencil,sycl,2048,bayesian,1,12,16_128_0_4_2,27.199392318725586,0.39545631408691406,1.475366580559201,1.475366580559201,31.550640106201172,1.475366580559201,1.475366580559201,ok
stencil,sycl,2048,bayesian,1,13,16_128_0_4_2,27.199392318725586,0.39545631408691406,1.475366580559201,1.475366580559201,31.87275218963623,1.475366580559201,1.475366580559201,ok
stencil,sycl,2048,bayesian,1,14,16_128_0_4_2,27.199392318725586,0.39545631408691406,1.475366580559201,1.475366580559201,31.755935668945312,1.475366580559201,1.475366580559201,ok
stencil,sycl,2048,bayesian,1,15,16_64_0_1_2,40.13929748535156,13.33536148071289,49.75150469843339,1.475366580559201,39.370975494384766,49.75150469843339,1.475366580559201,ok
stencil,sycl,2048,bayesian,2,1,16_64_0_2_2,30.781391143798828,3.9774551391601562,14.839071166532491,14.839071166532483,35.50627136230469,14.839071166532491,14.839071166532491,ok
stencil,sycl,2048,bayesian,2,2,64_64_8_4_4,50.22566223144531,23.42172622680664,87.38166746388774,14.839071166532483,49.83252716064453,87.38166746388774,14.839071166532491,ok
stencil,sycl,2048,bayesian,2,3,16_32_8_2_1,32.86867141723633,6.064735412597656,22.62628671978659,14.839071166532483,38.33568000793457,22.62628671978659,14.839071166532491,ok
stencil,sycl,2048,bayesian,2,4,64_32_0_4_2,28.12073516845703,1.3167991638183594,4.912708206699468,4.912708206699475,34.42118453979492,4.912708206699468,4.912708206699468,ok
stencil,sycl,2048,bayesian,2,5,32_32_1_4_4,40.02556610107422,13.221630096435547,49.327196178006915,4.912708206699475,49.495887756347656,49.327196178006915,4.912708206699468,ok
stencil,sycl,2048,bayesian,2,6,32_32_2_4_2,34.317665100097656,7.513729095458984,28.03218562437495,4.912708206699475,33.99900817871094,28.03218562437495,28.03218562437495,ok
stencil,sycl,2048,bayesian,2,7,32_32_2_4_2,34.317665100097656,7.513729095458984,28.03218562437495,4.912708206699475,33.766319274902344,28.03218562437495,28.03218562437495,ok
stencil,sycl,2048,bayesian,2,8,16_64_2_2_2,29.84868812561035,3.0447521209716797,11.359347076656046,4.912708206699475,35.29521560668945,11.359347076656046,28.03218562437495,ok
stencil,sycl,2048,bayesian,2,9,64_32_2_4_4,46.25987243652344,19.455936431884766,72.58611730947923,4.912708206699475,49.47049522399902,72.58611730947923,28.03218562437495,ok
stencil,sycl,2048,bayesian,2,10,64_64_0_4_4,41.67331314086914,14.869377136230469,55.47460318386517,4.912708206699475,49.807823181152344,55.47460318386517,28.03218562437495,ok
stencil,sycl,2048,bayesian,2,11,32_64_1_2_2,31.044832229614258,4.240896224975586,15.821915946380628,4.912708206699475,36.957271575927734,15.821915946380628,28.03218562437495,ok
stencil,sycl,2048,bayesian,2,12,16_32_8_4_1,33.95463943481445,7.150703430175781,26.677811157802655,4.912708206699475,33.37833595275879,26.677811157802655,26.677811157802655,ok
stencil,sycl,2048,bayesian,2,13,32_64_8_1_4,46.23263931274414,19.42870330810547,72.48451609772218,4.912708206699475,49.83206367492676,72.48451609772218,26.677811157802655,ok
stencil,sycl,2048,bayesian,2,14,16_32_8_4_1,33.95463943481445,7.150703430175781,26.677811157802655,4.912708206699475,33.4449520111084,26.677811157802655,26.677811157802655,ok
stencil,sycl,2048,bayesian,2,15,32_64_0_2_4,49.80403137207031,23.00009536743164,85.8086490112917,4.912708206699475,49.93994331359863,85.8086490112917,26.677811157802655,ok
stencil,sycl,2048,bayesian,3,1,16_64_0_2_2,30.781391143798828,3.9774551391601562,14.839071166532491,14.839071166532483,36.23059272766113,14.839071166532491,14.839071166532491,ok
stencil,sycl,2048,bayesian,3,2,16_32_2_4_2,32.51116943359375,5.707233428955078,21.29251997903363,14.839071166532483,34.71345520019531,21.29251997903363,21.29251997903363,ok
stencil,sycl,2048,bayesian,3,3,64_32_2_2_2,37.81083297729492,11.00689697265625,41.064480122439484,14.839071166532483,38.27818298339844,41.064480122439484,21.29251997903363,ok
stencil,sycl,2048,bayesian,3,4,32_32_1_4_4,40.02556610107422,13.221630096435547,49.327196178006915,14.839071166532483,50.09366416931152,49.327196178006915,21.29251997903363,ok
stencil,sycl,2048,bayesian,3,5,32_64_1_2_2,31.044832229614258,4.240896224975586,15.821915946380628,14.839071166532483,37.02891159057617,15.821915946380628,21.29251997903363,ok
stencil,sycl,2048,bayesian,3,6,16_32_2_4_2,32.51116943359375,5.707233428955078,21.29251997903363,14.839071166532483,34.93410301208496,21.29251997903363,21.29251997903363,ok
stencil,sycl,2048,bayesian,3,7,32_64_0_4_4,43.588382720947266,16.784446716308594,62.619335881879024,14.839071166532483,48.90060806274414,62.619335881879024,21.29251997903363,ok
stencil,sycl,2048,bayesian,3,8,16_64_1_2_4,41.42724609375,14.623310089111328,54.55657738692044,14.839071166532483,48.26128005981445,54.55657738692044,21.29251997903363,ok
stencil,sycl,2048,bayesian,3,9,32_128_0_2_4,43.50681686401367,16.702880859375,62.31503036152755,14.839071166532483,52.51963233947754,62.31503036152755,21.29251997903363,ok
stencil,sycl,2048,bayesian,3,10,32_32_2_2_1,38.33817672729492,11.53424072265625,43.03189173657236,14.839071166532483,38.17502403259277,43.03189173657236,21.29251997903363,ok
stencil,sycl,2048,bayesian,3,11,64_32_2_1_4,51.60736083984375,24.803424835205078,92.53650221710951,14.839071166532483,51.436960220336914,92.53650221710951,21.29251997903363,ok
stencil,sycl,2048,bayesian,3,12,16_32_1_2_2,31.049072265625,4.245136260986328,15.837734653043745,14.839071166532483,36.949296951293945,15.837734653043745,21.29251997903363,ok
stencil,sycl,2048,bayesian,3,13,32_128_2_2_4,42.23420715332031,15.43027114868164,57.56718396138272,14.839071166532483,52.28843116760254,57.56718396138272,21.29251997903363,ok
stencil,sycl,2048,bayesian,3,14,16_32_2_4_2,32.51116943359375,5.707233428955078,21.29251997903363,14.839071166532483,34.46643257141113,21.29251997903363,21.29251997903363,ok
stencil,sycl,2048,bayesian,3,15,64_32_0_4_2,28.12073516845703,1.3167991638183594,4.912708206699468,4.912708206699475,34.64837646484375,4.912708206699468,21.29251997903363,ok
stencil,sycl,2048,bayesian,4,1,16_64_0_2_2,30.781391143798828,3.9774551391601562,14.839071166532491,14.839071166532483,35.448415756225586,14.839071166532491,14.839071166532491,ok
stencil,sycl,2048,bayesian,4,2,32_64_8_4_1,33.07334518432617,6.2694091796875,23.38988265977997,14.839071166532483,33.22030258178711,23.38988265977997,23.38988265977997,ok
stencil,sycl,2048,bayesian,4,3,32_32_8_1_2,34.64006423950195,7.836128234863281,29.234990836820263,14.839071166532483,40.84828758239746,29.234990836820263,23.38988265977997,ok
stencil,sycl,2048,bayesian,4,4,16_128_0_1_4,50.50534439086914,23.70140838623047,88.42510436574955,14.839071166532483,49.52704048156738,88.42510436574955,23.38988265977997,ok
stencil,sycl,2048,bayesian,4,5,16_64_8_4_1,28.1889591217041,1.3850231170654297,5.167237814721459,5.167237814721459,32.50856018066406,5.167237814721459,5.167237814721459,ok
stencil,sycl,2048,bayesian,4,6,32_64_1_1_4,49.37184143066406,22.56790542602539,84.19623678447749,5.167237814721459,49.32412910461426,84.19623678447749,5.167237814721459,ok
stencil,sycl,2048,bayesian,4,7,16_32_2_2_1,33.744110107421875,6.940174102783203,25.892369320618226,5.167237814721459,38.25396728515625,25.892369320618226,5.167237814721459,ok
stencil,sycl,2048,bayesian,4,8,32_64_0_2_2,36.337215423583984,9.533279418945312,35.566714594809845,5.167237814721459,36.769081115722656,35.566714594809845,5.167237814721459,ok
stencil,sycl,2048,bayesian,4,9,64_32_2_2_4,41.61100769042969,14.807071685791016,55.24215429863926,5.167237814721459,50.45819854736328,55.24215429863926,5.167237814721459,ok
stencil,sycl,2048,bayesian,4,10,16_32_1_1_1,44.8713264465332,18.06739044189453,67.405736376806,5.167237814721459,45.28630447387695,67.405736376806,5.167237814721459,ok
stencil,sycl,2048,bayesian,4,11,16_32_2_2_4,50.79182434082031,23.98788833618164,89.49390243294981,5.167237814721459,49.98776626586914,89.49390243294981,5.167237814721459,ok
stencil,sycl,2048,bayesian,4,12,32_32_2_2_2,30.602752685546875,3.798816680908203,14.172607635874002,5.167237814721459,37.688392639160156,14.172607635874002,5.167237814721459,ok
stencil,sycl,2048,bayesian,4,13,32_128_8_4_2,33.0898551940918,6.285919189453125,23.45147812756041,5.167237814721459,33.76105499267578,23.45147812756041,5.167237814721459,ok
stencil,sycl,2048,bayesian,4,14,16_64_8_4_1,28.1889591217041,1.3850231170654297,5.167237814721459,5.167237814721459,32.81844711303711,5.167237814721459,5.167237814721459,ok
stencil,sycl,2048,bayesian,4,15,16_32_2_1_2,34.15275192260742,7.34881591796875,27.416928307458164,5.167237814721459,41.343719482421875,27.416928307458164,5.167237814721459,ok
stencil,sycl,2048,bayesian,5,1,16_64_0_2_2,30.781391143798828,3.9774551391601562,14.839071166532491,14.839071166532483,36.03517532348633,14.839071166532491,14.839071166532491,ok
stencil,sycl,2048,bayesian,5,2,64_64_8_2_4,41.289119720458984,14.485183715820312,54.041256154743536,14.839071166532483,51.35251998901367,54.041256154743536,14.839071166532491,ok
stencil,sycl,2048,bayesian,5,3,16_32_1_2_2,31.049072265625,4.245136260986328,15.837734653043745,14.839071166532483,37.558183670043945,15.837734653043745,14.839071166532491,ok
stencil,sycl,2048,bayesian,5,4,16_64_0_4_1,28.86510467529297,2.061168670654297,7.689798506822254,7.689798506822252,33.30536079406738,7.689798506822254,7.689798506822254,ok
stencil,sycl,2048,bayesian,5,5,32_32_8_2_2,37.0524787902832,10.248542785644531,38.2352158424454,7.689798506822252,37.947078704833984,38.2352158424454,7.689798506822254,ok
stencil,sycl,2048,bayesian,5,6,16_32_2_1_4,50.879329681396484,24.075393676757812,89.82036695129902,7.689798506822252,50.64758491516113,89.82036695129902,7.689798506822254,ok
stencil,sycl,2048,bayesian,5,7,64_64_2_2_4,50.99951934814453,24.19558334350586,90.2687700019825,7.689798506822252,51.236961364746094,90.2687700019825,7.689798506822254,ok
stencil,sycl,2048,bayesian,5,8,16_64_0_4_1,28.86510467529297,2.061168670654297,7.689798506822254,7.689798506822252,33.1131591796875,7.689798506822254,7.689798506822254,ok
stencil,sycl,2048,bayesian,5,9,32_32_8_2_4,43.65248107910156,16.84854507446289,62.85847373888331,7.689798506822252,50.00907325744629,62.85847373888331,7.689798506822254,ok
stencil,sycl,2048,bayesian,5,10,32_64_8_1_4,46.23263931274414,19.42870330810547,72.48451609772218,7.689798506822252,50.05607223510742,72.48451609772218,7.689798506822254,ok
stencil,sycl,2048,bayesian,5,11,16_128_8_4_2,26.803936004638672,0.0,0.0,0.0,32.48895263671875,0.0,0.0,ok
stencil,sycl,2048,bayesian,5,12,16_64_0_4_1,28.86510467529297,2.061168670654297,7.689798506822254,0.0,33.11383056640625,7.689798506822254,0.0,ok
stencil,sycl,2048,bayesian,5,13,16_64_1_4_2,34.16511917114258,7.361183166503906,27.4630679808741,0.0,33.3504638671875,27.4630679808741,0.0,ok
stencil,sycl,2048,bayesian,5,14,32_64_8_4_1,33.07334518432617,6.2694091796875,23.38988265977997,0.0,33.59061622619629,23.38988265977997,0.0,ok
stencil,sycl,2048,bayesian,5,15,64_32_0_2_2,35.34137725830078,8.53744125366211,31.851446191278132,0.0,38.45591163635254,31.851446191278132,0.0,ok
stencil,sycl,2048,bayesian,6,1,16_64_0_2_2,30.781391143798828,3.9774551391601562,14.839071166532491,14.839071166532483,36.0597038269043,14.839071166532491,14.839071166532491,ok
stencil,sycl,2048,bayesian,6,2,16_32_1_4_4,50.14313507080078,23.33919906616211,87.07377551611467,14.839071166532483,49.514225006103516,87.07377551611467,14.839071166532491,ok
stencil,sycl,2048,bayesian,6,3,32_64_2_2_2,30.342208862304688,3.5382728576660156,13.200571949782614,13.200571949782617,36.852928161621094,13.200571949782614,14.839071166532491,ok
stencil,sycl,2048,bayesian,6,4,16_32_0_1_1,38.89593505859375,12.091999053955078,45.11277392940516,13.200571949782617,45.432207107543945,45.11277392940516,14.839071166532491,ok
stencil,sycl,2048,bayesian,6,5,32_32_2_1_4,50.069183349609375,23.265247344970703,86.79787677803898,13.200571949782617,50.79739189147949,86.79787677803898,14.839071166532491,ok
stencil,sycl,2048,bayesian,6,6,32_32_1_2_1,39.1046257019043,12.300689697265625,45.891356012553075,13.200571949782617,38.76470375061035,45.891356012553075,14.839071166532491,ok
stencil,sycl,2048,bayesian,6,7,16_128_1_4_4,40.30476760864258,13.500831604003906,50.36883986615794,13.200571949782617,49.63015174865723,50.36883986615794,14.839071166532491,ok
stencil,sycl,2048,bayesian,6,8,32_64_2_4_4,39.4224967956543,12.618560791015625,47.07726801329426,13.200571949782617,49.43180847167969,47.07726801329426,14.839071166532491,ok
stencil,sycl,2048,bayesian,6,9,16_32_8_4_2,28.733551025390625,1.9296150207519531,7.19899876054777,7.198998760547762,34.95022392272949,7.19899876054777,7.19899876054777,ok
stencil,sycl,2048,bayesian,6,10,32_32_8_4_2,30.628896713256836,3.824960708618164,14.270145653072074,7.198998760547762,34.572736740112305,14.270145653072074,14.270145653072074,ok
stencil,sycl,2048,bayesian,6,11,16_32_8_1_1,45.40903854370117,18.6051025390625,69.41183017241465,7.198998760547762,45.08884811401367,69.41183017241465,14.270145653072074,ok
stencil,sycl,2048,bayesian,6,12,16_32_8_4_2,28.733551025390625,1.9296150207519531,7.19899876054777,7.198998760547762,34.8175048828125,7.19899876054777,14.270145653072074,ok
stencil,sycl,2048,bayesian,6,13,32_32_8_4_2,30.628896713256836,3.824960708618164,14.270145653072074,7.198998760547762,34.26296806335449,14.270145653072074,14.270145653072074,ok
stencil,sycl,2048,bayesian,6,14,32_64_8_2_2,36.82691192626953,10.02297592163086,37.39367203345169,7.198998760547762,37.11663246154785,37.39367203345169,14.270145653072074,ok
stencil,sycl,2048,bayesian,6,15,32_64_1_4_2,27.880990982055664,1.0770549774169922,4.018271709164645,4.018271709164646,33.54600715637207,4.018271709164645,4.018271709164645,ok
stencil,sycl,2048,bayesian,7,1,16_64_0_2_2,30.781391143798828,3.9774551391601562,14.839071166532491,14.839071166532483,36.05393600463867,14.839071166532491,14.839071166532491,ok
stencil,sycl,2048,bayesian,7,2,16_32_0_1_2,41.08812713623047,14.284191131591797,53.29139395467808,14.839071166532483,41.40007972717285,53.29139395467808,14.839071166532491,ok
stencil,sycl,2048,bayesian,7,3,16_64_2_4_1,33.69246292114258,6.888526916503906,25.699684237836507,14.839071166532483,33.07939910888672,25.699684237836507,25.699684237836507,ok
stencil,sycl,2048,bayesian,7,4,64_32_0_1_4,40.97244644165039,14.168510437011719,52.85981295642448,14.839071166532483,52.03094482421875,52.85981295642448,25.699684237836507,ok
stencil,sycl,2048,bayesian,7,5,32_64_0_1_4,41.30441665649414,14.500480651855469,54.09832589268242,14.839071166532483,49.730079650878906,54.09832589268242,25.699684237836507,ok
stencil,sycl,2048,bayesian,7,6,16_128_0_2_4,50.64326477050781,23.83932876586914,88.9396570777647,14.839071166532483,50.426496505737305,88.9396570777647,25.699684237836507,ok
stencil,sycl,2048,bayesian,7,7,16_64_2_4_1,33.69246292114258,6.888526916503906,25.699684237836507,14.839071166532483,32.93795967102051,25.699684237836507,25.699684237836507,ok
stencil,sycl,2048,bayesian,7,8,16_64_2_4_1,33.69246292114258,6.888526916503906,25.699684237836507,14.839071166532483,33.00099182128906,25.699684237836507,25.699684237836507,ok
stencil,sycl,2048,bayesian,7,9,16_32_8_2_2,31.817663192749023,5.013727188110352,18.705190115521386,14.839071166532483,37.368446350097656,18.705190115521386,25.699684237836507,ok
stencil,sycl,2048,bayesian,7,10,64_32_2_4_2,30.740480422973633,3.936544418334961,14.68644163921935,14.68644163921935,35.026742935180664,14.68644163921935,25.699684237836507,ok
stencil,sycl,2048,bayesian,7,11,32_32_0_4_2,31.24622344970703,4.442287445068359,16.573265375277636,14.68644163921935,34.839223861694336,16.573265375277636,25.699684237836507,ok
stencil,sycl,2048,bayesian,7,12,32_32_1_2_4,50.10947036743164,23.30553436279297,86.94817939708454,14.68644163921935,49.43293571472168,86.94817939708454,25.699684237836507,ok
stencil,sycl,2048,bayesian,7,13,64_32_1_4_2,34.82048034667969,8.016544342041016,29.908086411837708,14.68644163921935,34.76346397399902,29.908086411837708,25.699684237836507,ok
stencil,sycl,2048,bayesian,7,14,32_128_8_4_2,33.0898551940918,6.285919189453125,23.45147812756041,14.68644163921935,33.43398475646973,23.45147812756041,25.699684237836507,ok
stencil,sycl,2048,bayesian,7,15,16_64_2_4_1,33.69246292114258,6.888526916503906,25.699684237836507,14.68644163921935,32.77835273742676,25.699684237836507,25.699684237836507,ok
stencil,sycl,2048,bayesian,8,1,16_64_0_2_2,30.781391143798828,3.9774551391601562,14.839071166532491,14.839071166532483,36.253007888793945,14.839071166532491,14.839071166532491,ok
stencil,sycl,2048,bayesian,8,2,32_128_8_4_2,33.0898551940918,6.285919189453125,23.45147812756041,14.839071166532483,33.863800048828125,23.45147812756041,23.45147812756041,ok
stencil,sycl,2048,bayesian,8,3,64_32_1_4_1,33.36454391479492,6.56060791015625,24.47628553142671,14.839071166532483,34.03022384643555,24.47628553142671,23.45147812756041,ok
stencil,sycl,2048,bayesian,8,4,16_64_8_1_4,44.09489440917969,17.290958404541016,64.5090273366891,14.839071166532483,49.58995246887207,64.5090273366891,23.45147812756041,ok
stencil,sycl,2048,bayesian,8,5,32_32_0_2_4,40.65764617919922,13.853710174560547,51.685357598835616,14.839071166532483,49.64823913574219,51.685357598835616,23.45147812756041,ok
stencil,sycl,2048,bayesian,8,6,16_64_2_4_1,33.69246292114258,6.888526916503906,25.699684237836507,14.839071166532483,33.00749588012695,25.699684237836507,25.699684237836507,ok
stencil,sycl,2048,bayesian,8,7,64_32_0_2_2,35.34137725830078,8.53744125366211,31.851446191278132,14.839071166532483,38.32182312011719,31.851446191278132,25.699684237836507,ok
stencil,sycl,2048,bayesian,8,8,32_32_8_4_4,50.177024841308594,23.373088836669922,87.20021131458078,14.839071166532483,50.25939178466797,87.20021131458078,25.699684237836507,ok
stencil,sycl,2048,bayesian,8,9,16_64_0_4_2,33.531246185302734,6.7273101806640625,25.098217588267026,14.839071166532483,33.28508758544922,25.098217588267026,25.699684237836507,ok
stencil,sycl,2048,bayesian,8,10,32_64_8_4_4,38.821311950683594,12.017375946044922,44.83437038487632,14.839071166532483,49.26388168334961,44.83437038487632,25.699684237836507,ok
stencil,sycl,2048,bayesian,8,11,16_64_8_2_4,49.71686553955078,22.91292953491211,85.48345112802393,14.839071166532483,49.07615089416504,85.48345112802393,25.699684237836507,ok
stencil,sycl,2048,bayesian,8,12,16_64_2_4_1,33.69246292114258,6.888526916503906,25.699684237836507,14.839071166532483,33.040048599243164,25.699684237836507,25.699684237836507,ok
stencil,sycl,2048,bayesian,8,13,16_32_0_1_2,41.08812713623047,14.284191131591797,53.29139395467808,14.839071166532483,41.2261848449707,53.29139395467808,25.699684237836507,ok
stencil,sycl,2048,bayesian,8,14,16_32_1_2_2,31.049072265625,4.245136260986328,15.837734653043745,14.839071166532483,37.55904006958008,15.837734653043745,25.699684237836507,ok
stencil,sycl,2048,bayesian,8,15,32_32_8_1_4,44.225120544433594,17.421184539794922,64.99487439747665,14.839071166532483,50.53535842895508,64.99487439747665,25.699684237836507,ok
stencil,sycl,2048,bayesian,9,1,16_64_0_2_2,30.781391143798828,3.9774551391601562,14.839071166532491,14.839071166532483,36.184553146362305,14.839071166532491,14.839071166532491,ok
stencil,sycl,2048,bayesian,9,2,64_32_1_2_4,40.36003112792969,13.556095123291016,50.5750167473352,14.839071166532483,50.619407653808594,50.5750167473352,14.839071166532491,ok
stencil,sycl,2048,bayesian,9,3,32_32_1_1_2,39.15188980102539,12.347953796386719,46.067688694114885,14.839071166532483,41.41535949707031,46.067688694114885,14.839071166532491,ok
stencil,sycl,2048,bayesian,9,4,32_32_1_4_1,29.4849910736084,2.6810550689697266,10.002467803630566,10.002467803630575,34.00148010253906,10.002467803630566,10.002467803630566,ok
stencil,sycl,2048,bayesian,9,5,16_32_2_2_2,32.24911880493164,5.445182800292969,20.314862710277424,10.002467803630575,37.44932746887207,20.314862710277424,10.002467803630566,ok
stencil,sycl,2048,bayesian,9,6,16_32_8_1_4,50.88166427612305,24.077728271484375,89.82907684646575,10.002467803630575,50.3232307434082,89.82907684646575,10.002467803630566,ok
stencil,sycl,2048,bayesian,9,7,16_64_2_2_4,41.454593658447266,14.650657653808594,54.65860555432292,10.002467803630575,48.99380874633789,54.65860555432292,10.002467803630566,ok
stencil,sycl,2048,bayesian,9,8,16_64_1_4_2,34.16511917114258,7.361183166503906,27.4630679808741,10.002467803630575,33.23646354675293,27.4630679808741,27.4630679808741,ok
stencil,sycl,2048,bayesian,9,9,64_128_1_4_4,52.164703369140625,25.360767364501953,94.61583313776394,10.002467803630575,52.150312423706055,94.61583313776394,27.4630679808741,ok
stencil,sycl,2048,bayesian,9,10,16_64_0_1_2,40.13929748535156,13.33536148071289,49.75150469843339,10.002467803630575,39.98019981384277,49.75150469843339,27.4630679808741,ok
stencil,sycl,2048,bayesian,9,11,32_32_0_4_1,34.24745559692383,7.443519592285156,27.770248335904803,10.002467803630575,33.925079345703125,27.770248335904803,27.4630679808741,ok
stencil,sycl,2048,bayesian,9,12,16_32_1_1_4,51.18435287475586,24.380416870117188,90.95834606491348,10.002467803630575,50.20805549621582,90.95834606491348,27.4630679808741,ok
stencil,sycl,2048,bayesian,9,13,16_64_1_4_2,34.16511917114258,7.361183166503906,27.4630679808741,10.002467803630575,33.1449031829834,27.4630679808741,27.4630679808741,ok
stencil,sycl,2048,bayesian,9,14,16_64_1_4_2,34.16511917114258,7.361183166503906,27.4630679808741,10.002467803630575,33.267127990722656,27.4630679808741,27.4630679808741,ok
stencil,sycl,2048,bayesian,9,15,16_64_2_2_2,29.84868812561035,3.0447521209716797,11.359347076656046,10.002467803630575,36.045841217041016,11.359347076656046,27.4630679808741,ok
stencil,sycl,2048,random,0,1,16_64_0_2_2,30.781391143798828,3.9774551391601562,14.839071166532491,14.839071166532483,35.51704025268555,14.839071166532491,14.839071166532491,ok
stencil,sycl,2048,random,0,2,32_32_0_4_4,50.74990463256836,23.945968627929688,89.33750858002949,14.839071166532483,49.638784408569336,89.33750858002949,14.839071166532491,ok
stencil,sycl,2048,random,0,3,64_64_8_4_4,50.22566223144531,23.42172622680664,87.38166746388774,14.839071166532483,50.12910461425781,87.38166746388774,14.839071166532491,ok
stencil,sycl,2048,random,0,4,32_32_2_1_2,41.1927375793457,14.388801574707031,53.681674110163954,14.839071166532483,41.02270317077637,53.681674110163954,14.839071166532491,ok
stencil,sycl,2048,random,0,5,16_32_1_1_2,38.50368118286133,11.699745178222656,43.64935499099052,14.839071166532483,40.309383392333984,43.64935499099052,14.839071166532491,ok
stencil,sycl,2048,random,0,6,16_64_8_4_4,40.949119567871094,14.145183563232422,52.77278516403139,14.839071166532483,49.285966873168945,52.77278516403139,14.839071166532491,ok
stencil,sycl,2048,random,0,7,32_64_1_2_2,31.044832229614258,4.240896224975586,15.821915946380628,14.839071166532483,36.30132865905762,15.821915946380628,14.839071166532491,ok
stencil,sycl,2048,random,0,8,32_64_0_2_2,36.337215423583984,9.533279418945312,35.566714594809845,14.839071166532483,36.30900764465332,35.566714594809845,14.839071166532491,ok
stencil,sycl,2048,random,0,9,32_32_1_2_4,50.10947036743164,23.30553436279297,86.94817939708454,14.839071166532483,48.77764701843262,86.94817939708454,14.839071166532491,ok
stencil,sycl,2048,random,0,10,16_128_1_4_2,33.240943908691406,6.437007904052734,24.015159202509473,14.839071166532483,31.989070892333984,24.015159202509473,24.015159202509473,ok
stencil,sycl,2048,random,0,11,32_32_8_4_4,50.177024841308594,23.373088836669922,87.20021131458078,14.839071166532483,49.63840103149414,87.20021131458078,24.015159202509473,ok
stencil,sycl,2048,random,0,12,32_32_0_1_2,42.05201721191406,15.24808120727539,56.88747057386112,14.839071166532483,41.15150451660156,56.88747057386112,24.015159202509473,ok
stencil,sycl,2048,random,0,13,32_128_0_4_4,46.3001594543457,19.49622344970703,72.73641992852478,14.839071166532483,49.52876663208008,72.73641992852478,24.015159202509473,ok
stencil,sycl,2048,random,0,14,16_64_2_2_4,41.454593658447266,14.650657653808594,54.65860555432292,14.839071166532483,48.36787986755371,54.65860555432292,24.015159202509473,ok
stencil,sycl,2048,random,0,15,32_64_1_1_4,49.37184143066406,22.56790542602539,84.19623678447749,14.839071166532483,49.23958396911621,84.19623678447749,24.015159202509473,ok
stencil,sycl,2048,random,1,1,16_64_0_2_2,30.781391143798828,3.9774551391601562,14.839071166532491,14.839071166532483,35.416080474853516,14.839071166532491,14.839071166532491,ok
stencil,sycl,2048,random,1,2,32_32_2_2_1,38.33817672729492,11.53424072265625,43.03189173657236,14.839071166532483,37.9458065032959,43.03189173657236,14.839071166532491,ok
stencil,sycl,2048,random,1,3,64_32_2_1_4,51.60736083984375,24.803424835205078,92.53650221710951,14.839071166532483,51.099151611328125,92.53650221710951,14.839071166532491,ok
stencil,sycl,2048,random,1,4,64_64_8_4_4,50.22566223144531,23.42172622680664,87.38166746388774,14.839071166532483,50.19606399536133,87.38166746388774,14.839071166532491,ok
stencil,sycl,2048,random,1,5,16_32_2_4_2,32.51116943359375,5.707233428955078,21.29251997903363,14.839071166532483,34.261505126953125,21.29251997903363,21.29251997903363,ok
stencil,sycl,2048,random,1,6,32_32_1_1_4,50.82508850097656,24.02115249633789,89.61800420722092,14.839071166532483,49.8918571472168,89.61800420722092,21.29251997903363,ok
stencil,sycl,2048,random,1,7,16_128_8_4_4,50.301761627197266,23.497825622558594,87.6655787362426,14.839071166532483,48.881744384765625,87.6655787362426,21.29251997903363,ok
stencil,sycl,2048,random,1,8,16_32_1_4_2,35.36044692993164,8.556510925292969,31.9225912336613,14.839071166532483,34.3569278717041,31.9225912336613,21.29251997903363,ok
stencil,sycl,2048,random,1,9,32_32_8_2_4,43.65248107910156,16.84854507446289,62.85847373888331,14.839071166532483,49.2293758392334,62.85847373888331,21.29251997903363,ok
stencil,sycl,2048,random,1,10,16_64_0_4_4,42.019615173339844,15.215679168701172,56.76658519878557,14.839071166532483,48.87411117553711,56.76658519878557,21.29251997903363,ok
stencil,sycl,2048,random,1,11,32_64_2_2_2,30.342208862304688,3.5382728576660156,13.200571949782614,13.200571949782617,36.17270278930664,13.200571949782614,21.29251997903363,ok
stencil,sycl,2048,random,1,12,32_32_2_2_4,43.717342376708984,16.913406372070312,63.10045796685715,13.200571949782617,49.10088920593262,63.10045796685715,21.29251997903363,ok
stencil,sycl,2048,random,1,13,16_32_8_4_1,33.95463943481445,7.150703430175781,26.677811157802655,13.200571949782617,32.69526290893555,26.677811157802655,26.677811157802655,ok
stencil,sycl,2048,random,1,14,16_64_2_4_1,33.69246292114258,6.888526916503906,25.699684237836507,13.200571949782617,32.16118240356445,25.699684237836507,25.699684237836507,ok
stencil,sycl,2048,random,1,15,16_64_8_2_1,38.76609420776367,11.962158203125,44.62836428595725,13.200571949782617,37.63068771362305,44.62836428595725,25.699684237836507,ok
stencil,sycl,2048,random,2,1,16_64_0_2_2,30.781391143798828,3.9774551391601562,14.839071166532491,14.839071166532483,36.184471130371094,14.839071166532491,14.839071166532491,ok
stencil,sycl,2048,random,2,2,32_32_2_4_4,49.58732604980469,22.783390045166016,85.00016580110898,14.839071166532483,50.441287994384766,85.00016580110898,14.839071166532491,ok
stencil,sycl,2048,random,2,3,16_32_1_2_1,39.307838439941406,12.503902435302734,46.64950115213982,14.839071166532483,39.067975997924805,46.64950115213982,14.839071166532491,ok
stencil,sycl,2048,random,2,4,64_128_1_4_4,52.164703369140625,25.360767364501953,94.61583313776394,14.839071166532483,52.49237632751465,94.61583313776394,14.839071166532491,ok
stencil,sycl,2048,random,2,5,32_32_8_4_2,30.628896713256836,3.824960708618164,14.270145653072074,14.270145653072067,34.75449562072754,14.270145653072074,14.270145653072074,ok
stencil,sycl,2048,random,2,6,64_128_0_4_4,42.99039840698242,16.18646240234375,60.38837877967822,14.270145653072067,52.30304718017578,60.38837877967822,14.270145653072074,ok
stencil,sycl,2048,random,2,7,16_64_8_4_2,33.92512130737305,7.121185302734375,26.5676850649919,14.270145653072067,33.143959045410156,26.5676850649919,26.5676850649919,ok
stencil,sycl,2048,random,2,8,64_32_8_4_1,33.06972885131836,6.2657928466796875,23.376390861384433,14.270145653072067,33.944664001464844,23.376390861384433,26.5676850649919,ok
stencil,sycl,2048,random,2,9,16_64_1_2_2,36.61452865600586,9.810592651367188,36.60131351481131,14.270145653072067,35.98165702819824,36.60131351481131,26.5676850649919,ok
stencil,sycl,2048,random,2,10,32_128_0_2_4,43.50681686401367,16.702880859375,62.31503036152755,14.270145653072067,53.10878372192383,62.31503036152755,26.5676850649919,ok
stencil,sycl,2048,random,2,11,64_32_0_4_2,28.12073516845703,1.3167991638183594,4.912708206699468,4.912708206699475,35.177846908569336,4.912708206699468,26.5676850649919,ok
stencil,sycl,2048,random,2,12,16_32_8_4_4,49.809600830078125,23.005664825439453,85.82942751936919,4.912708206699475,49.46859169006348,85.82942751936919,26.5676850649919,ok
stencil,sycl,2048,random,2,13,64_64_8_4_2,30.237503051757812,3.4335670471191406,12.809935997925571,4.912708206699475,34.494510650634766,12.809935997925571,26.5676850649919,ok
stencil,sycl,2048,random,2,14,32_32_1_2_2,31.768495559692383,4.964559555053711,18.52175573839061,4.912708206699475,37.907630920410156,18.52175573839061,26.5676850649919,ok
stencil,sycl,2048,random,2,15,16_64_1_4_1,33.34137725830078,6.537441253662109,24.389855476937218,4.912708206699475,33.22332000732422,24.389855476937218,26.5676850649919,ok
stencil,sycl,2048,random,3,1,16_64_0_2_2,30.781391143798828,3.9774551391601562,14.839071166532491,14.839071166532483,35.5501594543457,14.839071166532491,14.839071166532491,ok
stencil,sycl,2048,random,3,2,64_32_0_4_2,28.12073516845703,1.3167991638183594,4.912708206699468,4.912708206699475,34.469024658203125,4.912708206699468,4.912708206699468,ok
stencil,sycl,2048,random,3,3,16_32_8_2_4,50.52427291870117,23.7203369140625,88.49572282950338,4.912708206699475,49.29843330383301,88.49572282950338,4.912708206699468,ok
stencil,sycl,2048,random,3,4,16_128_2_1_4,50.315792083740234,23.511856079101562,87.71792349837209,4.912708206699475,49.139169692993164,87.71792349837209,4.912708206699468,ok
stencil,sycl,2048,random,3,5,16_32_2_2_1,33.744110107421875,6.940174102783203,25.892369320618226,4.912708206699475,38.425296783447266,25.892369320618226,4.912708206699468,ok
stencil,sycl,2048,random,3,6,16_128_0_4_2,27.199392318725586,0.39545631408691406,1.475366580559201,1.475366580559201,31.868864059448242,1.475366580559201,1.475366580559201,ok
stencil,sycl,2048,random,3,7,64_64_0_2_4,44.8974723815918,18.093536376953125,67.50328150993148,1.475366580559201,50.813838958740234,67.50328150993148,1.475366580559201,ok
stencil,sycl,2048,random,3,8,64_32_1_1_4,51.93503952026367,25.131103515625,93.75900431666389,1.475366580559201,51.56540870666504,93.75900431666389,1.475366580559201,ok
stencil,sycl,2048,random,3,9,16_128_1_4_4,40.30476760864258,13.500831604003906,50.36883986615794,1.475366580559201,49.243553161621094,50.36883986615794,1.475366580559201,ok
stencil,sycl,2048,random,3,10,16_64_0_1_2,40.13929748535156,13.33536148071289,49.75150469843339,1.475366580559201,39.31452941894531,49.75150469843339,1.475366580559201,ok
stencil,sycl,2048,random,3,11,32_128_2_4_2,33.271263122558594,6.467327117919922,24.128273984838234,1.475366580559201,33.082366943359375,24.128273984838234,1.475366580559201,ok
stencil,sycl,2048,random,3,12,64_32_2_2_2,37.81083297729492,11.00689697265625,41.064480122439484,1.475366580559201,37.63654327392578,41.064480122439484,1.475366580559201,ok
stencil,sycl,2048,random,3,13,64_64_0_4_4,41.67331314086914,14.869377136230469,55.47460318386517,1.475366580559201,49.98361587524414,55.47460318386517,1.475366580559201,ok
stencil,sycl,2048,random,3,14,32_32_2_4_2,34.317665100097656,7.513729095458984,28.03218562437495,1.475366580559201,33.829246520996094,28.03218562437495,1.475366580559201,ok
stencil,sycl,2048,random,3,15,16_128_1_4_2,33.240943908691406,6.437007904052734,24.015159202509473,1.475366580559201,31.911632537841797,24.015159202509473,1.475366580559201,ok
stencil,sycl,2048,random,4,1,16_64_0_2_2,30.781391143798828,3.9774551391601562,14.839071166532491,14.839071166532483,36.178680419921875,14.839071166532491,14.839071166532491,ok
stencil,sycl,2048,random,4,2,32_32_1_4_1,29.4849910736084,2.6810550689697266,10.002467803630566,10.002467803630575,34.05512046813965,10.002467803630566,10.002467803630566,ok
stencil,sycl,2048,random,4,3,32_32_1_4_4,40.02556610107422,13.221630096435547,49.327196178006915,10.002467803630575,50.3916072845459,49.327196178006915,10.002467803630566,ok
stencil,sycl,2048,random,4,4,32_32_8_2_2,37.0524787902832,10.248542785644531,38.2352158424454,10.002467803630575,37.9907283782959,38.2352158424454,10.002467803630566,ok
stencil,sycl,2048,random,4,5,64_32_8_4_2,34.69807815551758,7.894142150878906,29.451428885342622,10.002467803630575,35.15711975097656,29.451428885342622,10.002467803630566,ok
stencil,sycl,2048,random,4,6,16_64_8_2_4,49.71686553955078,22.91292953491211,85.48345112802393,10.002467803630575,49.15304756164551,85.48345112802393,10.002467803630566,ok
stencil,sycl,2048,random,4,7,32_64_1_1_4,49.37184143066406,22.56790542602539,84.19623678447749,10.002467803630575,50.39614486694336,84.19623678447749,10.002467803630566,ok
stencil,sycl,2048,random,4,8,64_64_0_4_2,34.01737594604492,7.21343994140625,26.91186824262637,10.002467803630575,34.710615158081055,26.91186824262637,10.002467803630566,ok
stencil,sycl,2048,random,4,9,64_32_1_4_1,33.36454391479492,6.56060791015625,24.47628553142671,10.002467803630575,34.098655700683594,24.47628553142671,10.002467803630566,ok
stencil,sycl,2048,random,4,10,32_32_8_1_4,44.225120544433594,17.421184539794922,64.99487439747665,10.002467803630575,50.57760810852051,64.99487439747665,10.002467803630566,ok
stencil,sycl,2048,random,4,11,16_128_2_2_2,30.301727294921875,3.497791290283203,13.049543506139827,10.002467803630575,36.4050407409668,13.049543506139827,10.002467803630566,ok
stencil,sycl,2048,random,4,12,32_32_1_1_2,39.15188980102539,12.347953796386719,46.067688694114885,10.002467803630575,41.53669738769531,46.067688694114885,10.002467803630566,ok
stencil,sycl,2048,random,4,13,64_32_1_4_4,44.19731140136719,17.393375396728516,64.8911241756376,10.002467803630575,50.159048080444336,64.8911241756376,10.002467803630566,ok
stencil,sycl,2048,random,4,14,16_32_8_1_4,50.88166427612305,24.077728271484375,89.82907684646575,10.002467803630575,50.37226486206055,89.82907684646575,10.002467803630566,ok
stencil,sycl,2048,random,4,15,32_32_0_2_1,38.8620491027832,12.058113098144531,44.986352362793895,10.002467803630575,38.372520446777344,44.986352362793895,10.002467803630566,ok
stencil,sycl,2048,random,5,1,16_64_0_2_2,30.781391143798828,3.9774551391601562,14.839071166532491,14.839071166532483,36.08150291442871,14.839071166532491,14.839071166532491,ok
stencil,sycl,2048,random,5,2,16_64_8_1_2,40.15118408203125,13.347248077392578,49.79585115813854,14.839071166532483,39.70606231689453,49.79585115813854,14.839071166532491,ok
stencil,sycl,2048,random,5,3,32_32_0_2_1,38.8620491027832,12.058113098144531,44.986352362793895,14.839071166532483,38.63163185119629,44.986352362793895,14.839071166532491,ok
stencil,sycl,2048,random,5,4,32_32_1_2_1,39.1046257019043,12.300689697265625,45.891356012553075,14.839071166532483,38.68005561828613,45.891356012553075,14.839071166532491,ok
stencil,sycl,2048,random,5,5,32_32_8_1_4,44.225120544433594,17.421184539794922,64.99487439747665,14.839071166532483,50.33674430847168,64.99487439747665,14.839071166532491,ok
stencil,sycl,2048,random,5,6,16_32_8_1_2,34.61638259887695,7.812446594238281,29.14663948192633,14.839071166532483,41.386383056640625,29.14663948192633,14.839071166532491,ok
stencil,sycl,2048,random,5,7,32_64_0_4_4,43.588382720947266,16.784446716308594,62.619335881879024,14.839071166532483,49.52035140991211,62.619335881879024,14.839071166532491,ok
stencil,sycl,2048,random,5,8,32_32_1_2_2,31.768495559692383,4.964559555053711,18.52175573839061,14.839071166532483,37.95984077453613,18.52175573839061,14.839071166532491,ok
stencil,sycl,2048,random,5,9,16_32_1_1_4,51.18435287475586,24.380416870117188,90.95834606491348,14.839071166532483,50.23446273803711,90.95834606491348,14.839071166532491,ok
stencil,sycl,2048,random,5,10,32_64_1_1_4,49.37184143066406,22.56790542602539,84.19623678447749,14.839071166532483,50.091552734375,84.19623678447749,14.839071166532491,ok
stencil,sycl,2048,random,5,11,16_128_8_2_4,45.06391906738281,18.25998306274414,68.124260032497,14.839071166532483,50.35512733459473,68.124260032497,14.839071166532491,ok
stencil,sycl,2048,random,5,12,32_64_1_4_2,27.880990982055664,1.0770549774169922,4.018271709164645,4.018271709164646,33.5219841003418,4.018271709164645,4.018271709164645,ok
stencil,sycl,2048,random,5,13,16_64_8_4_2,33.92512130737305,7.121185302734375,26.5676850649919,4.018271709164646,33.42136001586914,26.5676850649919,26.5676850649919,ok
stencil,sycl,2048,random,5,14,32_128_1_4_2,28.016992568969727,1.2130565643310547,4.525665798191447,4.018271709164646,33.889495849609375,4.525665798191447,26.5676850649919,ok
stencil,sycl,2048,random,5,15,16_32_1_4_2,35.36044692993164,8.556510925292969,31.9225912336613,4.018271709164646,35.01860046386719,31.9225912336613,26.5676850649919,ok
stencil,sycl,2048,random,6,1,16_64_0_2_2,30.781391143798828,3.9774551391601562,14.839071166532491,14.839071166532483,36.110822677612305,14.839071166532491,14.839071166532491,ok
stencil,sycl,2048,random,6,2,16_64_1_1_4,40.07545471191406,13.27151870727539,49.513320375703884,14.839071166532483,49.481937408447266,49.513320375703884,14.839071166532491,ok
stencil,sycl,2048,random,6,3,16_128_0_4_1,33.533790588378906,6.729854583740234,25.107710235450377,14.839071166532483,33.2482967376709,25.107710235450377,25.107710235450377,ok
stencil,sycl,2048,random,6,4,16_64_1_1_2,40.92457580566406,14.12063980102539,52.681217409941894,14.839071166532483,40.326704025268555,52.681217409941894,25.107710235450377,ok
stencil,sycl,2048,random,6,5,64_64_0_4_4,41.67331314086914,14.869377136230469,55.47460318386517,14.839071166532483,50.61582374572754,55.47460318386517,25.107710235450377,ok
stencil,sycl,2048,random,6,6,16_64_1_2_1,38.57263946533203,11.76870346069336,43.90662423107068,14.839071166532483,38.272159576416016,43.90662423107068,25.107710235450377,ok
stencil,sycl,2048,random,6,7,16_128_2_4_2,30.822784423828125,4.018848419189453,14.993501023483846,14.839071166532483,32.4351749420166,14.993501023483846,14.993501023483846,ok
stencil,sycl,2048,random,6,8,64_64_2_2_4,50.99951934814453,24.19558334350586,90.2687700019825,14.839071166532483,51.411224365234375,90.2687700019825,14.993501023483846,ok
stencil,sycl,2048,random,6,9,16_32_8_4_2,28.733551025390625,1.9296150207519531,7.19899876054777,7.198998760547762,34.963775634765625,7.19899876054777,14.993501023483846,ok
stencil,sycl,2048,random,6,10,16_32_1_2_2,31.049072265625,4.245136260986328,15.837734653043745,7.198998760547762,37.52530479431152,15.837734653043745,14.993501023483846,ok
stencil,sycl,2048,random,6,11,32_32_0_4_2,31.24622344970703,4.442287445068359,16.573265375277636,7.198998760547762,34.97431182861328,16.573265375277636,14.993501023483846,ok
stencil,sycl,2048,random,6,12,32_32_0_2_1,38.8620491027832,12.058113098144531,44.986352362793895,7.198998760547762,38.54620933532715,44.986352362793895,14.993501023483846,ok
stencil,sycl,2048,random,6,13,32_64_2_4_2,27.881439208984375,1.0775032043457031,4.019943952109228,4.019943952109239,33.33080863952637,4.019943952109228,14.993501023483846,ok
stencil,sycl,2048,random,6,14,64_32_2_1_4,51.60736083984375,24.803424835205078,92.53650221710951,4.019943952109239,51.89201736450195,92.53650221710951,14.993501023483846,ok
stencil,sycl,2048,random,6,15,64_32_1_1_4,51.93503952026367,25.131103515625,93.75900431666389,4.019943952109239,52.18831253051758,93.75900431666389,14.993501023483846,ok
stencil,sycl,2048,random,7,1,16_64_0_2_2,30.781391143798828,3.9774551391601562,14.839071166532491,14.839071166532483,35.8920955657959,14.839071166532491,14.839071166532491,ok
stencil,sycl,2048,random,7,2,16_128_2_4_1,33.718448638916016,6.914512634277344,25.796631633058386,14.839071166532483,32.96980857849121,25.796631633058386,25.796631633058386,ok
stencil,sycl,2048,random,7,3,16_32_1_1_4,51.18435287475586,24.380416870117188,90.95834606491348,14.839071166532483,50.22124671936035,90.95834606491348,25.796631633058386,ok
stencil,sycl,2048,random,7,4,16_128_8_2_2,36.69015884399414,9.886222839355469,36.88347426901992,14.839071166532483,36.161359786987305,36.88347426901992,25.796631633058386,ok
stencil,sycl,2048,random,7,5,32_128_0_2_4,43.50681686401367,16.702880859375,62.31503036152755,14.839071166532483,53.03735160827637,62.31503036152755,25.796631633058386,ok
stencil,sycl,2048,random,7,6,16_64_2_4_2,31.524368286132812,4.720432281494141,17.61096683963588,14.839071166532483,33.4072322845459,17.61096683963588,25.796631633058386,ok
stencil,sycl,2048,random,7,7,32_32_1_4_2,34.94308853149414,8.139152526855469,30.36551245849457,14.839071166532483,34.46846389770508,30.36551245849457,25.796631633058386,ok
stencil,sycl,2048,random,7,8,32_64_2_1_4,49.4582405090332,22.65430450439453,84.5185740649209,14.839071166532483,49.73073768615723,84.5185740649209,25.796631633058386,ok
stencil,sycl,2048,random,7,9,16_32_1_2_4,50.076080322265625,23.272144317626953,86.82360797160347,14.839071166532483,49.82963180541992,86.82360797160347,25.796631633058386,ok
stencil,sycl,2048,random,7,10,32_64_8_2_2,36.82691192626953,10.02297592163086,37.39367203345169,14.839071166532483,36.80391883850098,37.39367203345169,25.796631633058386,ok
stencil,sycl,2048,random,7,11,16_32_8_4_1,33.95463943481445,7.150703430175781,26.677811157802655,14.839071166532483,33.48984718322754,26.677811157802655,25.796631633058386,ok
stencil,sycl,2048,random,7,12,16_128_0_4_2,27.199392318725586,0.39545631408691406,1.475366580559201,1.475366580559201,32.51960754394531,1.475366580559201,1.475366580559201,ok
stencil,sycl,2048,random,7,13,32_32_8_2_4,43.65248107910156,16.84854507446289,62.85847373888331,1.475366580559201,49.90848731994629,62.85847373888331,1.475366580559201,ok
stencil,sycl,2048,random,7,14,16_32_0_4_4,40.7380485534668,13.934112548828125,51.98532240345857,1.475366580559201,49.58337593078613,51.98532240345857,1.475366580559201,ok
stencil,sycl,2048,random,7,15,16_32_2_1_2,34.15275192260742,7.34881591796875,27.416928307458164,1.475366580559201,41.27286338806152,27.416928307458164,1.475366580559201,ok
stencil,sycl,2048,random,8,1,16_64_0_2_2,30.781391143798828,3.9774551391601562,14.839071166532491,14.839071166532483,36.20836067199707,14.839071166532491,14.839071166532491,ok
stencil,sycl,2048,random,8,2,32_128_0_2_4,43.50681686401367,16.702880859375,62.31503036152755,14.839071166532483,52.86868667602539,62.31503036152755,14.839071166532491,ok
stencil,sycl,2048,random,8,3,16_128_8_4_4,50.301761627197266,23.497825622558594,87.6655787362426,14.839071166532483,49.41962432861328,87.6655787362426,14.839071166532491,ok
stencil,sycl,2048,random,8,4,16_32_1_2_1,39.307838439941406,12.503902435302734,46.64950115213982,14.839071166532483,38.84832763671875,46.64950115213982,14.839071166532491,ok
stencil,sycl,2048,random,8,5,64_128_8_4_4,41.6577262878418,14.853790283203125,55.41645182495787,14.839071166532483,52.39623260498047,55.41645182495787,14.839071166532491,ok
stencil,sycl,2048,random,8,6,32_128_8_4_4,49.71968078613281,22.91574478149414,85.49395423690147,14.839071166532483,49.93386459350586,85.49395423690147,14.839071166532491,ok
stencil,sycl,2048,random,8,7,64_64_0_4_4,41.67331314086914,14.869377136230469,55.47460318386517,14.839071166532483,50.54734420776367,55.47460318386517,14.839071166532491,ok
stencil,sycl,2048,random,8,8,16_128_2_2_4,47.42607879638672,20.622142791748047,76.9369945823598,14.839071166532483,50.24307060241699,76.9369945823598,14.839071166532491,ok
stencil,sycl,2048,random,8,9,16_32_2_1_2,34.15275192260742,7.34881591796875,27.416928307458164,14.839071166532483,41.24954414367676,27.416928307458164,14.839071166532491,ok
stencil,sycl,2048,random,8,10,16_128_8_4_2,26.803936004638672,0.0,0.0,0.0,32.70859336853027,0.0,0.0,ok
stencil,sycl,2048,random,8,11,32_64_8_2_4,44.311649322509766,17.507713317871094,65.31769556098486,0.0,50.1069278717041,65.31769556098486,0.0,ok
stencil,sycl,2048,random,8,12,32_32_2_2_1,38.33817672729492,11.53424072265625,43.03189173657236,0.0,38.56814384460449,43.03189173657236,0.0,ok
stencil,sycl,2048,random,8,13,16_32_8_1_2,34.61638259887695,7.812446594238281,29.14663948192633,0.0,41.488224029541016,29.14663948192633,0.0,ok
stencil,sycl,2048,random,8,14,64_32_0_2_2,35.34137725830078,8.53744125366211,31.851446191278132,0.0,38.301902770996094,31.851446191278132,0.0,ok
stencil,sycl,2048,random,8,15,64_64_0_2_4,44.8974723815918,18.093536376953125,67.50328150993148,0.0,51.571359634399414,67.50328150993148,0.0,ok
stencil,sycl,2048,random,9,1,16_64_0_2_2,30.781391143798828,3.9774551391601562,14.839071166532491,14.839071166532483,36.1492805480957,14.839071166532491,14.839071166532491,ok
stencil,sycl,2048,random,9,2,16_128_8_4_1,28.69500732421875,1.8910713195800781,7.055200099167558,7.055200099167565,33.08962440490723,7.055200099167558,7.055200099167558,ok
stencil,sycl,2048,random,9,3,16_128_8_1_4,42.61491012573242,15.81097412109375,58.98750884331881,7.055200099167565,49.92593574523926,58.98750884331881,7.055200099167558,ok
stencil,sycl,2048,random,9,4,32_128_1_4_4,49.156288146972656,22.352352142333984,83.39205159445875,7.055200099167565,50.07633590698242,83.39205159445875,7.055200099167558,ok
stencil,sycl,2048,random,9,5,16_32_0_4_4,40.7380485534668,13.934112548828125,51.98532240345857,7.055200099167565,49.71977615356445,51.98532240345857,7.055200099167558,ok
stencil,sycl,2048,random,9,6,32_64_2_4_1,28.26220703125,1.4582710266113281,5.440510775577745,5.440510775577739,33.617919921875,5.440510775577745,7.055200099167558,ok
stencil,sycl,2048,random,9,7,16_64_0_1_4,40.4180793762207,13.614143371582031,50.79158288255119,5.440510775577739,49.74969482421875,50.79158288255119,7.055200099167558,ok
stencil,sycl,2048,random,9,8,32_32_2_2_2,30.602752685546875,3.798816680908203,14.172607635874002,5.440510775577739,37.61031913757324,14.172607635874002,7.055200099167558,ok
stencil,sycl,2048,random,9,9,32_32_8_2_2,37.0524787902832,10.248542785644531,38.2352158424454,5.440510775577739,37.777896881103516,38.2352158424454,7.055200099167558,ok
stencil,sycl,2048,random,9,10,64_64_8_4_4,50.22566223144531,23.42172622680664,87.38166746388774,5.440510775577739,50.87345504760742,87.38166746388774,7.055200099167558,ok
stencil,sycl,2048,random,9,11,16_64_1_1_4,40.07545471191406,13.27151870727539,49.513320375703884,5.440510775577739,49.187936782836914,49.513320375703884,7.055200099167558,ok
stencil,sycl,2048,random,9,12,32_32_8_1_4,44.225120544433594,17.421184539794922,64.99487439747665,5.440510775577739,50.53451347351074,64.99487439747665,7.055200099167558,ok
stencil,sycl,2048,random,9,13,32_32_0_1_4,42.84791946411133,16.043983459472656,59.856819001120186,5.440510775577739,50.54385757446289,59.856819001120186,7.055200099167558,ok
stencil,sycl,2048,random,9,14,32_64_0_4_2,28.261215209960938,1.4572792053222656,5.436810493317368,5.4368104933173615,33.632728576660156,5.436810493317368,7.055200099167558,ok
stencil,sycl,2048,random,9,15,32_32_2_2_1,38.33817672729492,11.53424072265625,43.03189173657236,5.4368104933173615,38.2421760559082,43.03189173657236,7.055200099167558,ok
stencil,cuda,2048,bayesian,0,1,16_64_0_2_2,24.963327407836914,11.130975723266602,80.47059514603698,80.47059514603697,19.70315170288086,80.47059514603698,80.47059514603698,ok
stencil,cuda,2048,bayesian,0,2,32_128_0_4_2,20.94419288635254,7.111841201782227,51.414548761909586,51.41454876190959,18.430079460144043,51.414548761909586,51.414548761909586,ok
stencil,cuda,2048,bayesian,0,3,16_32_1_1_2,34.99603271484375,21.163681030273438,153.00132264480425,51.41454876190959,24.66662311553955,153.00132264480425,51.414548761909586,ok
stencil,cuda,2048,bayesian,0,4,64_64_8_4_4,42.491294860839844,28.65894317626953,207.1877857778729,51.41454876190959,24.095744132995605,207.1877857778729,51.414548761909586,ok
stencil,cuda,2048,bayesian,0,5,16_32_2_1_2,29.2192325592041,15.386880874633789,111.2383579127584,51.41454876190959,24.658032417297363,111.2383579127584,51.414548761909586,ok
stencil,cuda,2048,bayesian,0,6,16_32_2_2_4,32.10319900512695,18.27084732055664,132.0877876531825,51.41454876190959,24.777423858642578,132.0877876531825,51.414548761909586,ok
stencil,cuda,2048,bayesian,0,7,32_32_8_4_2,27.120256423950195,13.287904739379883,96.0639596389257,51.41454876190959,21.51932716369629,96.0639596389257,51.414548761909586,ok
stencil,cuda,2048,bayesian,0,8,32_64_8_4_1,16.44812774658203,2.6157760620117188,18.910566486894353,18.910566486894346,16.597968101501465,18.910566486894353,18.910566486894353,ok
stencil,cuda,2048,bayesian,0,9,32_64_8_4_1,16.44812774658203,2.6157760620117188,18.910566486894353,18.910566486894346,17.157760620117188,18.910566486894353,18.910566486894353,ok
stencil,cuda,2048,bayesian,0,10,16_64_8_2_4,33.874046325683594,20.04169464111328,144.89000206284052,18.910566486894346,24.0121431350708,144.89000206284052,18.910566486894353,ok
stencil,cuda,2048,bayesian,0,11,32_64_1_4_1,14.404928207397461,0.5725765228271484,4.139401136437604,4.139401136437596,16.50550365447998,4.139401136437604,4.139401136437604,ok
stencil,cuda,2048,bayesian,0,12,32_64_1_4_1,14.404928207397461,0.5725765228271484,4.139401136437604,4.139401136437596,17.898192405700684,4.139401136437604,4.139401136437604,ok
stencil,cuda,2048,bayesian,0,13,16_64_0_1_4,35.035072326660156,21.202720642089844,153.28355673418147,4.139401136437596,22.546175956726074,153.28355673418147,4.139401136437604,ok
stencil,cuda,2048,bayesian,0,14,16_32_0_4_1,17.202016830444336,3.3696651458740234,24.360753852382256,4.139401136437596,17.825936317443848,24.360753852382256,4.139401136437604,ok
stencil,cuda,2048,bayesian,0,15,32_64_2_4_2,19.905855178833008,6.073503494262695,43.90796035816207,4.139401136437596,17.594799995422363,43.90796035816207,4.139401136437604,ok
stencil,cuda,2048,bayesian,1,1,16_64_0_2_2,24.963327407836914,11.130975723266602,80.47059514603698,80.47059514603697,22.010208129882812,80.47059514603698,80.47059514603698,ok
stencil,cuda,2048,bayesian,1,2,64_64_8_2_4,24.97884750366211,11.146495819091797,80.58279657193413,80.47059514603697,24.984992027282715,80.58279657193413,80.47059514603698,ok
stencil,cuda,2048,bayesian,1,3,16_32_0_2_4,37.72822570800781,23.8958740234375,172.75351703277488,80.47059514603697,24.675695419311523,172.75351703277488,80.47059514603698,ok
stencil,cuda,2048,bayesian,1,4,32_128_2_4_4,34.075679779052734,20.243328094482422,146.3476967337623,80.47059514603697,23.230815887451172,146.3476967337623,80.47059514603698,ok
stencil,cuda,2048,bayesian,1,5,16_128_2_1_4,36.948062896728516,23.115711212158203,167.1133856287306,80.47059514603697,22.65651226043701,167.1133856287306,80.47059514603698,ok
stencil,cuda,2048,bayesian,1,6,16_128_0_4_2,19.401792526245117,5.569440841674805,40.263875360307644,40.26387536030764,16.731552124023438,40.263875360307644,40.263875360307644,ok
stencil,cuda,2048,bayesian,1,7,16_128_0_4_2,19.401792526245117,5.569440841674805,40.263875360307644,40.26387536030764,19.572863578796387,40.263875360307644,40.263875360307644,ok
stencil,cuda,2048,bayesian,1,8,32_64_2_1_4,32.853153228759766,19.020801544189453,137.50952822726984,40.26387536030764,22.7531681060791,137.50952822726984,40.263875360307644,ok
stencil,cuda,2048,bayesian,1,9,16_128_8_4_1,14.97862434387207,1.1462726593017578,8.286896439890267,8.286896439890262,14.467183589935303,8.286896439890267,8.286896439890267,ok
stencil,cuda,2048,bayesian,1,10,16_128_8_4_1,14.97862434387207,1.1462726593017578,8.286896439890267,8.286896439890262,16.468111991882324,8.286896439890267,8.286896439890267,ok
stencil,cuda,2048,bayesian,1,11,16_128_2_2_4,41.90198516845703,28.06963348388672,202.92741338551843,8.286896439890262,23.576095581054688,202.92741338551843,8.286896439890267,ok
stencil,cuda,2048,bayesian,1,12,16_128_8_4_1,14.97862434387207,1.1462726593017578,8.286896439890267,8.286896439890262,15.681663990020752,8.286896439890267,8.286896439890267,ok
stencil,cuda,2048,bayesian,1,13,16_128_8_4_1,14.97862434387207,1.1462726593017578,8.286896439890267,8.286896439890262,17.430367469787598,8.286896439890267,8.286896439890267,ok
stencil,cuda,2048,bayesian,1,14,16_32_0_2_2,22.38479995727539,8.552448272705078,61.829314839103965,8.286896439890262,23.808768272399902,61.829314839103965,8.286896439890267,ok
stencil,cuda,2048,bayesian,1,15,16_64_0_1_2,33.37449645996094,19.542144775390625,141.2785419357828,8.286896439890262,21.941391944885254,141.2785419357828,8.286896439890267,ok
stencil,cuda,2048,bayesian,2,1,16_64_0_2_2,24.963327407836914,11.130975723266602,80.47059514603698,80.47059514603697,18.20998477935791,80.47059514603698,80.47059514603698,ok
stencil,cuda,2048,bayesian,2,2,64_64_8_4_4,42.491294860839844,28.65894317626953,207.1877857778729,80.47059514603697,24.21724796295166,207.1877857778729,80.47059514603698,ok
stencil,cuda,2048,bayesian,2,3,16_32_8_2_1,20.89580726623535,7.063455581665039,51.06474837206583,51.06474837206583,20.36457633972168,51.06474837206583,80.47059514603698,ok
stencil,cuda,2048,bayesian,2,4,64_32_0_4_2,22.20502471923828,8.372673034667969,60.52964257702833,51.06474837206583,20.257168769836426,60.52964257702833,80.47059514603698,ok
stencil,cuda,2048,bayesian,2,5,32_32_1_4_4,35.131553649902344,21.29920196533203,153.98106157965046,51.06474837206583,25.90735912322998,153.98106157965046,80.47059514603698,ok
stencil,cuda,2048,bayesian,2,6,32_32_2_4_2,27.214847564697266,13.382495880126953,96.74779954485133,51.06474837206583,19.89100742340088,96.74779954485133,80.47059514603698,ok
stencil,cuda,2048,bayesian,2,7,64_32_8_2_2,16.455007553100586,2.6226558685302734,18.960303557462233,18.960303557462243,21.61950397491455,18.960303557462233,80.47059514603698,ok
stencil,cuda,2048,bayesian,2,8,16_64_2_2_2,23.10665512084961,9.274303436279297,67.04791526248266,18.960303557462243,18.69041633605957,67.04791526248266,80.47059514603698,ok
stencil,cuda,2048,bayesian,2,9,16_64_0_2_2,24.963327407836914,11.130975723266602,80.47059514603698,18.960303557462243,18.21873664855957,80.47059514603698,80.47059514603698,ok
stencil,cuda,2048,bayesian,2,10,64_64_0_4_4,42.524383544921875,28.692031860351562,207.42699805960618,18.960303557462243,24.693424224853516,207.42699805960618,80.47059514603698,ok
stencil,cuda,2048,bayesian,2,11,32_64_1_2_2,21.09391975402832,7.261568069458008,52.49698847346491,18.960303557462243,16.6343355178833,52.49698847346491,52.49698847346491,ok
stencil,cuda,2048,bayesian,2,12,32_64_1_2_2,21.09391975402832,7.261568069458008,52.49698847346491,18.960303557462243,18.33406352996826,52.49698847346491,52.49698847346491,ok
stencil,cuda,2048,bayesian,2,13,32_64_8_1_4,32.74643325805664,18.914081573486328,136.7380038101878,18.960303557462243,24.696592330932617,136.7380038101878,52.49698847346491,ok
stencil,cuda,2048,bayesian,2,14,16_32_2_2_4,32.10319900512695,18.27084732055664,132.0877876531825,18.960303557462243,24.74944019317627,132.0877876531825,52.49698847346491,ok
stencil,cuda,2048,bayesian,2,15,32_64_0_2_4,32.172672271728516,18.340320587158203,132.5900396793441,18.960303557462243,24.60475254058838,132.5900396793441,52.49698847346491,ok
stencil,cuda,2048,bayesian,3,1,16_64_0_2_2,24.963327407836914,11.130975723266602,80.47059514603698,80.47059514603697,18.867920875549316,80.47059514603698,80.47059514603698,ok
stencil,cuda,2048,bayesian,3,2,16_32_2_4_2,27.213407516479492,13.38105583190918,96.73738881896313,80.47059514603697,23.922207832336426,96.73738881896313,80.47059514603698,ok
stencil,cuda,2048,bayesian,3,3,64_32_2_2_2,22.144256591796875,8.311904907226562,60.090323733586914,60.09032373358691,20.01420783996582,60.090323733586914,80.47059514603698,ok
stencil,cuda,2048,bayesian,3,4,32_32_1_4_4,35.131553649902344,21.29920196533203,153.98106157965046,60.09032373358691,25.919424057006836,153.98106157965046,80.47059514603698,ok
stencil,cuda,2048,bayesian,3,5,32_64_1_2_2,21.09391975402832,7.261568069458008,52.49698847346491,52.496988473464924,20.497376441955566,52.49698847346491,80.47059514603698,ok
stencil,cuda,2048,bayesian,3,6,64_32_8_2_4,33.62294387817383,19.790592193603516,143.07467482683722,52.496988473464924,25.55862331390381,143.07467482683722,80.47059514603698,ok
stencil,cuda,2048,bayesian,3,7,16_64_0_2_2,24.963327407836914,11.130975723266602,80.47059514603698,52.496988473464924,18.859071731567383,80.47059514603698,80.47059514603698,ok
stencil,cuda,2048,bayesian,3,8,16_64_1_2_4,33.430240631103516,19.597888946533203,141.68154044546327,52.496988473464924,23.213696479797363,141.68154044546327,80.47059514603698,ok
stencil,cuda,2048,bayesian,3,9,32_128_0_2_4,31.967327117919922,18.13497543334961,131.1055115348085,52.496988473464924,24.81867218017578,131.1055115348085,80.47059514603698,ok
stencil,cuda,2048,bayesian,3,10,32_32_2_2_1,21.15727996826172,7.324928283691406,52.95504662350512,52.496988473464924,20.7192964553833,52.95504662350512,80.47059514603698,ok
stencil,cuda,2048,bayesian,3,11,16_64_0_2_2,24.963327407836914,11.130975723266602,80.47059514603698,52.496988473464924,17.634431838989258,80.47059514603698,80.47059514603698,ok
stencil,cuda,2048,bayesian,3,12,16_32_1_2_2,27.071456909179688,13.239105224609375,95.71116702720413,52.496988473464924,22.35585594177246,95.71116702720413,80.47059514603698,ok
stencil,cuda,2048,bayesian,3,13,32_128_2_2_4,32.991233825683594,19.15888214111328,138.50777205501936,52.496988473464924,24.73030376434326,138.50777205501936,80.47059514603698,ok
stencil,cuda,2048,bayesian,3,14,16_64_0_2_2,24.963327407836914,11.130975723266602,80.47059514603698,52.496988473464924,19.09433650970459,80.47059514603698,80.47059514603698,ok
stencil,cuda,2048,bayesian,3,15,64_32_0_4_2,22.20502471923828,8.372673034667969,60.52964257702833,52.496988473464924,22.166624069213867,60.52964257702833,80.47059514603698,ok
stencil,cuda,2048,bayesian,4,1,16_64_0_2_2,24.963327407836914,11.130975723266602,80.47059514603698,80.47059514603697,19.928832054138184,80.47059514603698,80.47059514603698,ok
stencil,cuda,2048,bayesian,4,2,32_64_8_4_1,16.44812774658203,2.6157760620117188,18.910566486894353,18.910566486894346,17.4170560836792,18.910566486894353,18.910566486894353,ok
stencil,cuda,2048,bayesian,4,3,32_32_8_1_2,22.59337615966797,8.761024475097656,63.337201618943716,18.910566486894346,23.980751991271973,63.337201618943716,18.910566486894353,ok
stencil,cuda,2048,bayesian,4,4,16_128_0_1_4,30.689311981201172,16.85696029663086,121.86619225011776,18.910566486894346,23.3908634185791,121.86619225011776,18.910566486894353,ok
stencil,cuda,2048,bayesian,4,5,16_64_8_4_1,17.827999114990234,3.995647430419922,28.88624813434277,18.910566486894346,16.974271774291992,28.88624813434277,28.88624813434277,ok
stencil,cuda,2048,bayesian,4,6,32_64_1_1_4,31.42073631286621,17.5883846282959,127.15397229174962,18.910566486894346,22.688400268554688,127.15397229174962,28.88624813434277,ok
stencil,cuda,2048,bayesian,4,7,16_32_2_2_1,30.8055362701416,16.97318458557129,122.706427458062,18.910566486894346,24.61992073059082,122.706427458062,28.88624813434277,ok
stencil,cuda,2048,bayesian,4,8,32_64_0_2_2,16.209951400756836,2.3775997161865234,17.18868758114851,17.188687581148507,18.297904014587402,17.18868758114851,28.88624813434277,ok
stencil,cuda,2048,bayesian,4,9,64_32_2_2_4,33.68310546875,19.850753784179688,143.5096087552688,17.188687581148507,25.018991470336914,143.5096087552688,28.88624813434277,ok
stencil,cuda,2048,bayesian,4,10,16_32_1_1_1,33.823360443115234,19.991008758544922,144.52357208965742,17.188687581148507,23.640928268432617,144.52357208965742,28.88624813434277,ok
stencil,cuda,2048,bayesian,4,11,16_32_2_2_4,32.10319900512695,18.27084732055664,132.0877876531825,17.188687581148507,24.76046371459961,132.0877876531825,28.88624813434277,ok
stencil,cuda,2048,bayesian,4,12,32_32_2_2_2,23.93987274169922,10.107521057128906,73.07160262852213,17.188687581148507,20.63643169403076,73.07160262852213,28.88624813434277,ok
stencil,cuda,2048,bayesian,4,13,32_128_8_4_2,17.79644775390625,3.9640960693359375,28.65814981958419,17.188687581148507,19.792336463928223,28.65814981958419,28.88624813434277,ok
stencil,cuda,2048,bayesian,4,14,16_64_8_4_1,17.827999114990234,3.995647430419922,28.88624813434277,17.188687581148507,16.444687843322754,28.88624813434277,28.88624813434277,ok
stencil,cuda,2048,bayesian,4,15,16_32_2_1_2,29.2192325592041,15.386880874633789,111.2383579127584,17.188687581148507,24.65567970275879,111.2383579127584,28.88624813434277,ok
stencil,cuda,2048,bayesian,5,1,16_64_0_2_2,24.963327407836914,11.130975723266602,80.47059514603698,80.47059514603697,22.00368022918701,80.47059514603698,80.47059514603698,ok
stencil,cuda,2048,bayesian,5,2,64_64_8_2_4,24.97884750366211,11.146495819091797,80.58279657193413,80.47059514603697,24.486736297607422,80.58279657193413,80.47059514603698,ok
stencil,cuda,2048,bayesian,5,3,16_32_1_2_2,27.071456909179688,13.239105224609375,95.71116702720413,80.47059514603697,18.931936264038086,95.71116702720413,95.71116702720413,ok
stencil,cuda,2048,bayesian,5,4,16_64_0_4_1,14.834527969360352,1.002176284790039,7.245161977105785,7.24516197710578,17.82639980316162,7.245161977105785,7.245161977105785,ok
stencil,cuda,2048,bayesian,5,5,32_32_8_2_2,16.11587142944336,2.283519744873047,16.50854313818715,7.24516197710578,24.00481605529785,16.50854313818715,7.245161977105785,ok
stencil,cuda,2048,bayesian,5,6,16_32_2_1_4,33.330238342285156,19.497886657714844,140.95858103047158,7.24516197710578,24.68926429748535,140.95858103047158,7.245161977105785,ok
stencil,cuda,2048,bayesian,5,7,64_64_2_2_4,32.23984146118164,18.407489776611328,133.07563454408466,7.24516197710578,25.575183868408203,133.07563454408466,7.245161977105785,ok
stencil,cuda,2048,bayesian,5,8,16_64_0_4_1,14.834527969360352,1.002176284790039,7.245161977105785,7.24516197710578,16.903855323791504,7.245161977105785,7.245161977105785,ok
stencil,cuda,2048,bayesian,5,9,32_32_8_2_4,39.796478271484375,25.964126586914062,187.70580143560466,7.24516197710578,24.87508773803711,187.70580143560466,7.245161977105785,ok
stencil,cuda,2048,bayesian,5,10,32_64_8_1_4,32.74643325805664,18.914081573486328,136.7380038101878,7.24516197710578,22.645872116088867,136.7380038101878,7.245161977105785,ok
stencil,cuda,2048,bayesian,5,11,16_128_8_4_2,16.76166343688965,2.929311752319336,21.17725039905485,7.24516197710578,18.607776641845703,21.17725039905485,7.245161977105785,ok
stencil,cuda,2048,bayesian,5,12,16_64_0_4_1,14.834527969360352,1.002176284790039,7.245161977105785,7.24516197710578,16.62110424041748,7.245161977105785,7.245161977105785,ok
stencil,cuda,2048,bayesian,5,13,16_64_0_4_1,14.834527969360352,1.002176284790039,7.245161977105785,7.24516197710578,17.964816093444824,7.245161977105785,7.245161977105785,ok
stencil,cuda,2048,bayesian,5,14,32_64_8_4_1,16.44812774658203,2.6157760620117188,18.910566486894353,7.24516197710578,17.900367736816406,18.910566486894353,7.245161977105785,ok
stencil,cuda,2048,bayesian,5,15,64_32_0_2_2,22.752288818359375,8.919937133789062,64.48604935152898,7.24516197710578,20.741968154907227,64.48604935152898,7.245161977105785,ok
stencil,cuda,2048,bayesian,6,1,16_64_0_2_2,24.963327407836914,11.130975723266602,80.47059514603698,80.47059514603697,18.946352005004883,80.47059514603698,80.47059514603698,ok
stencil,cuda,2048,bayesian,6,2,16_32_1_4_4,42.90787124633789,29.075519561767578,210.1993950471971,80.47059514603697,25.363072395324707,210.1993950471971,80.47059514603698,ok
stencil,cuda,2048,bayesian,6,3,32_64_2_2_2,23.47123146057129,9.638879776000977,69.68359390943579,69.68359390943579,18.12452793121338,69.68359390943579,69.68359390943579,ok
stencil,cuda,2048,bayesian,6,4,16_32_0_1_1,30.515647888183594,16.68329620361328,120.6107000751227,69.68359390943579,24.370976448059082,120.6107000751227,69.68359390943579,ok
stencil,cuda,2048,bayesian,6,5,32_32_2_1_4,25.85558319091797,12.023231506347656,86.92109469541111,69.68359390943579,24.164400100708008,86.92109469541111,69.68359390943579,ok
stencil,cuda,2048,bayesian,6,6,32_32_1_2_4,37.402400970458984,23.570049285888672,170.3979903300214,69.68359390943579,24.362672805786133,170.3979903300214,69.68359390943579,ok
stencil,cuda,2048,bayesian,6,7,16_128_1_4_4,32.63801574707031,18.8056640625,135.95420714669442,69.68359390943579,24.25759983062744,135.95420714669442,69.68359390943579,ok
stencil,cuda,2048,bayesian,6,8,32_64_2_4_4,29.654239654541016,15.821887969970703,114.38321068441076,69.68359390943579,24.560368537902832,114.38321068441076,69.68359390943579,ok
stencil,cuda,2048,bayesian,6,9,16_32_8_4_2,23.921920776367188,10.089569091796875,72.94182017546278,69.68359390943579,20.77444839477539,72.94182017546278,69.68359390943579,ok
stencil,cuda,2048,bayesian,6,10,32_64_0_1_4,31.77168083190918,17.939329147338867,129.69110066330805,69.68359390943579,25.59785556793213,129.69110066330805,69.68359390943579,ok
stencil,cuda,2048,bayesian,6,11,16_32_8_1_1,26.62873649597168,12.796384811401367,92.5105513741055,69.68359390943579,24.825679779052734,92.5105513741055,69.68359390943579,ok
stencil,cuda,2048,bayesian,6,12,32_32_2_1_2,24.140928268432617,10.308576583862305,74.52511922004771,69.68359390943579,21.650559425354004,74.52511922004771,69.68359390943579,ok
stencil,cuda,2048,bayesian,6,13,16_64_0_1_4,35.035072326660156,21.202720642089844,153.28355673418147,69.68359390943579,22.533408164978027,153.28355673418147,69.68359390943579,ok
stencil,cuda,2048,bayesian,6,14,32_64_8_2_2,18.965696334838867,5.133344650268555,37.11114904629478,37.11114904629477,19.35923194885254,37.11114904629478,69.68359390943579,ok
stencil,cuda,2048,bayesian,6,15,32_64_2_2_2,23.47123146057129,9.638879776000977,69.68359390943579,37.11114904629477,20.268720626831055,69.68359390943579,69.68359390943579,ok
stencil,cuda,2048,bayesian,7,1,16_64_0_2_2,24.963327407836914,11.130975723266602,80.47059514603698,80.47059514603697,18.677807807922363,80.47059514603698,80.47059514603698,ok
stencil,cuda,2048,bayesian,7,2,16_32_0_1_2,35.236961364746094,21.40460968017578,154.7430991365854,80.47059514603697,25.028608322143555,154.7430991365854,80.47059514603698,ok
stencil,cuda,2048,bayesian,7,3,16_64_2_4_1,13.832351684570312,0.0,0.0,0.0,16.59126377105713,0.0,0.0,ok
stencil,cuda,2048,bayesian,7,4,64_32_0_1_4,32.35500717163086,18.522655487060547,133.90821683432304,0.0,24.960432052612305,133.90821683432304,0.0,ok
stencil,cuda,2048,bayesian,7,5,32_64_0_1_4,31.77168083190918,17.939329147338867,129.69110066330805,0.0,23.327631950378418,129.69110066330805,0.0,ok
stencil,cuda,2048,bayesian,7,6,16_128_0_2_4,41.833377838134766,28.001026153564453,202.4314215839306,0.0,24.58561611175537,202.4314215839306,0.0,ok
stencil,cuda,2048,bayesian,7,7,16_64_2_4_1,13.832351684570312,0.0,0.0,0.0,17.187487602233887,0.0,0.0,ok
stencil,cuda,2048,bayesian,7,8,16_64_2_4_1,13.832351684570312,0.0,0.0,0.0,19.224319458007812,0.0,0.0,ok
stencil,cuda,2048,bayesian,7,9,16_32_8_2_2,27.000896453857422,13.16854476928711,95.20105524772289,0.0,20.546159744262695,95.20105524772289,0.0,ok
stencil,cuda,2048,bayesian,7,10,64_32_2_4_2,26.83203125,12.999679565429688,93.98025629966122,0.0,20.20291233062744,93.98025629966122,0.0,ok
stencil,cuda,2048,bayesian,7,11,32_32_0_4_2,22.42207908630371,8.589727401733398,62.09882164371987,0.0,23.9368314743042,62.09882164371987,0.0,ok
stencil,cuda,2048,bayesian,7,12,32_32_1_2_4,37.402400970458984,23.570049285888672,170.3979903300214,0.0,24.421855926513672,170.3979903300214,0.0,ok
stencil,cuda,2048,bayesian,7,13,64_32_1_4_2,21.596223831176758,7.763872146606445,56.128359975598904,0.0,22.28774356842041,56.128359975598904,0.0,ok
stencil,cuda,2048,bayesian,7,14,32_128_8_4_2,17.79644775390625,3.9640960693359375,28.65814981958419,0.0,19.620848655700684,28.65814981958419,0.0,ok
stencil,cuda,2048,bayesian,7,15,16_64_2_4_1,13.832351684570312,0.0,0.0,0.0,16.999135971069336,0.0,0.0,ok
stencil,cuda,2048,bayesian,8,1,16_64_0_2_2,24.963327407836914,11.130975723266602,80.47059514603698,80.47059514603697,17.341456413269043,80.47059514603698,80.47059514603698,ok
stencil,cuda,2048,bayesian,8,2,32_128_8_4_2,17.79644775390625,3.9640960693359375,28.65814981958419,28.65814981958419,22.00545597076416,28.65814981958419,80.47059514603698,ok
stencil,cuda,2048,bayesian,8,3,64_32_1_4_1,18.3721923828125,4.5398406982421875,32.82045455297584,28.65814981958419,20.498912811279297,32.82045455297584,80.47059514603698,ok
stencil,cuda,2048,bayesian,8,4,16_64_8_1_4,36.940608978271484,23.108257293701172,167.05949805684835,28.65814981958419,24.254255294799805,167.05949805684835,80.47059514603698,ok
stencil,cuda,2048,bayesian,8,5,32_32_0_2_4,42.743614196777344,28.91126251220703,209.01191042197775,28.65814981958419,24.634480476379395,209.01191042197775,80.47059514603698,ok
stencil,cuda,2048,bayesian,8,6,16_64_2_4_1,13.832351684570312,0.0,0.0,0.0,16.454832077026367,0.0,0.0,ok
stencil,cuda,2048,bayesian,8,7,64_32_0_2_2,22.752288818359375,8.919937133789062,64.48604935152898,0.0,22.15819263458252,64.48604935152898,0.0,ok
stencil,cuda,2048,bayesian,8,8,32_32_8_4_4,32.85919952392578,19.02684783935547,137.5532394869594,0.0,25.90123176574707,137.5532394869594,0.0,ok
stencil,cuda,2048,bayesian,8,9,16_64_0_4_2,19.88915252685547,6.056800842285156,43.787209726899775,0.0,18.855024337768555,43.787209726899775,0.0,ok
stencil,cuda,2048,bayesian,8,10,32_64_8_4_4,32.83270263671875,19.000350952148438,137.3616821306164,0.0,24.275312423706055,137.3616821306164,0.0,ok
stencil,cuda,2048,bayesian,8,11,16_64_8_2_4,33.874046325683594,20.04169464111328,144.89000206284052,0.0,23.377519607543945,144.89000206284052,0.0,ok
stencil,cuda,2048,bayesian,8,12,16_64_2_4_1,13.832351684570312,0.0,0.0,0.0,18.011759757995605,0.0,0.0,ok
stencil,cuda,2048,bayesian,8,13,16_32_0_1_2,35.236961364746094,21.40460968017578,154.7430991365854,0.0,22.960543632507324,154.7430991365854,0.0,ok
stencil,cuda,2048,bayesian,8,14,16_32_1_2_2,27.071456909179688,13.239105224609375,95.71116702720413,0.0,19.636624336242676,95.71116702720413,0.0,ok
stencil,cuda,2048,bayesian,8,15,32_32_8_1_4,23.678592681884766,9.846240997314453,71.1826970702149,0.0,24.616080284118652,71.1826970702149,0.0,ok
stencil,cuda,2048,bayesian,9,1,16_64_0_2_2,24.963327407836914,11.130975723266602,80.47059514603698,80.47059514603697,19.3286714553833,80.47059514603698,80.47059514603698,ok
stencil,cuda,2048,bayesian,9,2,64_32_1_2_4,35.42316818237305,21.590816497802734,156.08926804461473,80.47059514603697,24.648351669311523,156.08926804461473,80.47059514603698,ok
stencil,cuda,2048,bayesian,9,3,32_32_1_1_2,21.2860164642334,7.453664779663086,53.88573793982905,53.885737939829035,21.286816596984863,53.88573793982905,80.47059514603698,ok
stencil,cuda,2048,bayesian,9,4,32_32_1_4_1,15.196512222290039,1.3641605377197266,9.862101317460127,9.862101317460125,19.12222385406494,9.862101317460127,9.862101317460127,ok
stencil,cuda,2048,bayesian,9,5,16_32_2_2_2,21.334144592285156,7.501792907714844,54.23367680914974,9.862101317460125,19.728288650512695,54.23367680914974,9.862101317460127,ok
stencil,cuda,2048,bayesian,9,6,16_32_8_1_4,33.03692626953125,19.204574584960938,138.83810231909607,9.862101317460125,24.789823532104492,138.83810231909607,9.862101317460127,ok
stencil,cuda,2048,bayesian,9,7,16_64_2_2_4,32.81884765625,18.986495971679688,137.26151853743502,9.862101317460125,24.355119705200195,137.26151853743502,9.862101317460127,ok
stencil,cuda,2048,bayesian,9,8,16_64_1_4_2,17.640735626220703,3.8083839416503906,27.532440097648482,9.862101317460125,19.128864288330078,27.532440097648482,9.862101317460127,ok
stencil,cuda,2048,bayesian,9,9,64_128_1_4_4,32.007904052734375,18.175552368164062,131.39885959116046,9.862101317460125,24.757312774658203,131.39885959116046,9.862101317460127,ok
stencil,cuda,2048,bayesian,9,10,32_32_1_4_1,15.196512222290039,1.3641605377197266,9.862101317460127,9.862101317460125,19.154303550720215,9.862101317460127,9.862101317460127,ok
stencil,cuda,2048,bayesian,9,11,32_32_0_4_1,16.10915184020996,2.2768001556396484,16.45996434705581,9.862101317460125,19.957040786743164,16.45996434705581,9.862101317460127,ok
stencil,cuda,2048,bayesian,9,12,16_32_1_1_4,34.00543975830078,20.17308807373047,145.8399015131542,9.862101317460125,23.410400390625,145.8399015131542,9.862101317460127,ok
stencil,cuda,2048,bayesian,9,13,32_32_8_4_4,32.85919952392578,19.02684783935547,137.5532394869594,9.862101317460125,25.915376663208008,137.5532394869594,9.862101317460127,ok
stencil,cuda,2048,bayesian,9,14,32_32_2_2_4,29.701568603515625,15.869216918945312,114.72537194558954,9.862101317460125,24.73020839691162,114.72537194558954,9.862101317460127,ok
stencil,cuda,2048,bayesian,9,15,16_64_2_2_2,23.10665512084961,9.274303436279297,67.04791526248266,9.862101317460125,18.0413761138916,67.04791526248266,67.04791526248266,ok
stencil,cuda,2048,random,0,1,16_64_0_2_2,24.963327407836914,11.130975723266602,80.47059514603698,80.47059514603697,19.97385597229004,80.47059514603698,80.47059514603698,ok
stencil,cuda,2048,random,0,2,32_32_0_4_4,30.873023986816406,17.040672302246094,123.1943250926348,80.47059514603697,25.911455154418945,123.1943250926348,80.47059514603698,ok
stencil,cuda,2048,random,0,3,64_64_8_4_4,42.491294860839844,28.65894317626953,207.1877857778729,80.47059514603697,24.108271598815918,207.1877857778729,80.47059514603698,ok
stencil,cuda,2048,random,0,4,32_32_2_1_2,24.140928268432617,10.308576583862305,74.52511922004771,74.52511922004771,24.029343605041504,74.52511922004771,80.47059514603698,ok
stencil,cuda,2048,random,0,5,16_32_1_1_2,34.99603271484375,21.163681030273438,153.00132264480425,74.52511922004771,21.68393611907959,153.00132264480425,80.47059514603698,ok
stencil,cuda,2048,random,0,6,16_64_8_4_4,37.351295471191406,23.518943786621094,170.02852676783777,74.52511922004771,24.503695487976074,170.02852676783777,80.47059514603698,ok
stencil,cuda,2048,random,0,7,32_64_1_2_2,21.09391975402832,7.261568069458008,52.49698847346491,52.496988473464924,19.629167556762695,52.49698847346491,52.49698847346491,ok
stencil,cuda,2048,random,0,8,32_64_0_2_2,16.209951400756836,2.3775997161865234,17.18868758114851,17.188687581148507,20.84864044189453,17.18868758114851,52.49698847346491,ok
stencil,cuda,2048,random,0,9,32_32_1_2_4,37.402400970458984,23.570049285888672,170.3979903300214,17.188687581148507,24.58894443511963,170.3979903300214,52.49698847346491,ok
stencil,cuda,2048,random,0,10,16_128_1_4_2,23.732799530029297,9.900447845458984,71.57458161292065,17.188687581148507,15.421600341796875,71.57458161292065,71.57458161292065,ok
stencil,cuda,2048,random,0,11,32_32_8_4_4,32.85919952392578,19.02684783935547,137.5532394869594,17.188687581148507,26.013168334960938,137.5532394869594,71.57458161292065,ok
stencil,cuda,2048,random,0,12,32_32_0_1_2,36.090721130371094,22.25836944580078,160.9152944732421,17.188687581148507,24.370512008666992,160.9152944732421,71.57458161292065,ok
stencil,cuda,2048,random,0,13,32_128_0_4_4,29.845279693603516,16.012928009033203,115.7643210221099,17.188687581148507,23.186800003051758,115.7643210221099,71.57458161292065,ok
stencil,cuda,2048,random,0,14,16_64_2_2_4,32.81884765625,18.986495971679688,137.26151853743502,17.188687581148507,23.421488761901855,137.26151853743502,71.57458161292065,ok
stencil,cuda,2048,random,0,15,32_64_1_1_4,31.42073631286621,17.5883846282959,127.15397229174962,17.188687581148507,23.247023582458496,127.15397229174962,71.57458161292065,ok
stencil,cuda,2048,random,1,1,16_64_0_2_2,24.963327407836914,11.130975723266602,80.47059514603698,80.47059514603697,19.08095932006836,80.47059514603698,80.47059514603698,ok
stencil,cuda,2048,random,1,2,32_32_2_2_1,21.15727996826172,7.324928283691406,52.95504662350512,52.95504662350513,23.40174388885498,52.95504662350512,80.47059514603698,ok
stencil,cuda,2048,random,1,3,64_32_2_1_4,32.85830307006836,19.025951385498047,137.54675863773102,52.95504662350513,24.81230354309082,137.54675863773102,80.47059514603698,ok
stencil,cuda,2048,random,1,4,64_64_8_4_4,42.491294860839844,28.65894317626953,207.1877857778729,52.95504662350513,24.07260799407959,207.1877857778729,80.47059514603698,ok
stencil,cuda,2048,random,1,5,16_32_2_4_2,27.213407516479492,13.38105583190918,96.73738881896313,52.95504662350513,20.050159454345703,96.73738881896313,80.47059514603698,ok
stencil,cuda,2048,random,1,6,32_32_1_1_4,23.59699249267578,9.764640808105469,70.59277432193771,52.95504662350513,24.565775871276855,70.59277432193771,80.47059514603698,ok
stencil,cuda,2048,random,1,7,16_128_8_4_4,33.72137451171875,19.889022827148438,143.78627207211778,52.95504662350513,23.27668857574463,143.78627207211778,80.47059514603698,ok
stencil,cuda,2048,random,1,8,16_32_1_4_2,27.28281593322754,13.450464248657227,97.2391720177338,52.95504662350513,21.57153606414795,97.2391720177338,80.47059514603698,ok
stencil,cuda,2048,random,1,9,32_32_8_2_4,39.796478271484375,25.964126586914062,187.70580143560466,52.95504662350513,24.709792137145996,187.70580143560466,80.47059514603698,ok
stencil,cuda,2048,random,1,10,16_64_0_4_4,42.54828643798828,28.71593475341797,207.5998023203095,52.95504662350513,24.535200119018555,207.5998023203095,80.47059514603698,ok
stencil,cuda,2048,random,1,11,32_64_2_2_2,23.47123146057129,9.638879776000977,69.68359390943579,52.95504662350513,16.786287307739258,69.68359390943579,69.68359390943579,ok
stencil,cuda,2048,random,1,12,32_32_2_2_4,29.701568603515625,15.869216918945312,114.72537194558954,52.95504662350513,25.006159782409668,114.72537194558954,69.68359390943579,ok
stencil,cuda,2048,random,1,13,16_32_8_4_1,14.935296058654785,1.1029443740844727,7.973657692023428,7.9736576920234254,16.895008087158203,7.973657692023428,69.68359390943579,ok
stencil,cuda,2048,random,1,14,16_64_2_4_1,13.832351684570312,0.0,0.0,0.0,17.99953556060791,0.0,69.68359390943579,ok
stencil,cuda,2048,random,1,15,16_64_8_2_1,24.43516731262207,10.602815628051758,76.65229940530625,0.0,24.13822364807129,76.65229940530625,69.68359390943579,ok
stencil,cuda,2048,random,2,1,16_64_0_2_2,24.963327407836914,11.130975723266602,80.47059514603698,80.47059514603697,16.695520401000977,80.47059514603698,80.47059514603698,ok
stencil,cuda,2048,random,2,2,32_32_2_4_4,34.61750411987305,20.785152435302734,150.26477716358326,80.47059514603697,25.886496543884277,150.26477716358326,80.47059514603698,ok
stencil,cuda,2048,random,2,3,16_32_1_2_1,30.621599197387695,16.789247512817383,121.37666750871743,80.47059514603697,19.972047805786133,121.37666750871743,80.47059514603698,ok
stencil,cuda,2048,random,2,4,64_128_1_4_4,32.007904052734375,18.175552368164062,131.39885959116046,80.47059514603697,23.89913558959961,131.39885959116046,80.47059514603698,ok
stencil,cuda,2048,random,2,5,32_32_8_4_2,27.120256423950195,13.287904739379883,96.0639596389257,80.47059514603697,22.547919273376465,96.0639596389257,80.47059514603698,ok
stencil,cuda,2048,random,2,6,64_128_0_4_4,33.334590911865234,19.502239227294922,140.99004762183168,80.47059514603697,24.993135452270508,140.99004762183168,80.47059514603698,ok
stencil,cuda,2048,random,2,7,16_64_8_4_2,19.92310333251953,6.090751647949219,44.03265465512505,44.03265465512505,19.393439292907715,44.03265465512505,80.47059514603698,ok
stencil,cuda,2048,random,2,8,64_32_8_4_1,21.68067169189453,7.848320007324219,56.738869761957034,44.03265465512505,19.78264045715332,56.738869761957034,80.47059514603698,ok
stencil,cuda,2048,random,2,9,16_64_1_2_2,18.381216049194336,4.548864364624023,32.885690505528295,32.8856905055283,18.856399536132812,32.885690505528295,80.47059514603698,ok
stencil,cuda,2048,random,2,10,32_128_0_2_4,31.967327117919922,18.13497543334961,131.1055115348085,32.8856905055283,24.77990436553955,131.1055115348085,80.47059514603698,ok
stencil,cuda,2048,random,2,11,64_32_0_4_2,22.20502471923828,8.372673034667969,60.52964257702833,32.8856905055283,17.444687843322754,60.52964257702833,80.47059514603698,ok
stencil,cuda,2048,random,2,12,16_32_8_4_4,32.48662567138672,18.654273986816406,134.85974339146426,32.8856905055283,25.336095809936523,134.85974339146426,80.47059514603698,ok
stencil,cuda,2048,random,2,13,64_64_8_4_2,17.38083267211914,3.548480987548828,25.65349022687937,25.653490226879367,17.66966438293457,25.65349022687937,80.47059514603698,ok
stencil,cuda,2048,random,2,14,32_32_1_2_2,27.246463775634766,13.414112091064453,96.97636668700092,25.653490226879367,21.28052806854248,96.97636668700092,80.47059514603698,ok
stencil,cuda,2048,random,2,15,16_64_1_4_1,14.324864387512207,0.49251270294189453,3.5605854606146403,3.560585460614638,18.963071823120117,3.5605854606146403,80.47059514603698,ok
stencil,cuda,2048,random,3,1,16_64_0_2_2,24.963327407836914,11.130975723266602,80.47059514603698,80.47059514603697,19.711535453796387,80.47059514603698,80.47059514603698,ok
stencil,cuda,2048,random,3,2,64_32_0_4_2,22.20502471923828,8.372673034667969,60.52964257702833,60.52964257702834,20.54854393005371,60.52964257702833,80.47059514603698,ok
stencil,cuda,2048,random,3,3,16_32_8_2_4,35.41775894165039,21.585407257080078,156.05016232458962,60.52964257702834,24.69700813293457,156.05016232458962,80.47059514603698,ok
stencil,cuda,2048,random,3,4,16_128_2_1_4,36.948062896728516,23.115711212158203,167.1133856287306,60.52964257702834,22.5447359085083,167.1133856287306,80.47059514603698,ok
stencil,cuda,2048,random,3,5,16_32_2_2_1,30.8055362701416,16.97318458557129,122.706427458062,60.52964257702834,20.566800117492676,122.706427458062,80.47059514603698,ok
stencil,cuda,2048,random,3,6,16_128_0_4_2,19.401792526245117,5.569440841674805,40.263875360307644,40.26387536030764,18.81339168548584,40.263875360307644,40.263875360307644,ok
stencil,cuda,2048,random,3,7,64_64_0_2_4,25.176128387451172,11.34377670288086,82.00902465149578,40.26387536030764,25.14776039123535,82.00902465149578,40.263875360307644,ok
stencil,cuda,2048,random,3,8,64_32_1_1_4,27.786239624023438,13.953887939453125,100.87863768688288,40.26387536030764,24.509760856628418,100.87863768688288,40.263875360307644,ok
stencil,cuda,2048,random,3,9,16_128_1_4_4,32.63801574707031,18.8056640625,135.95420714669442,40.26387536030764,23.38865566253662,135.95420714669442,40.263875360307644,ok
stencil,cuda,2048,random,3,10,16_64_0_1_2,33.37449645996094,19.542144775390625,141.2785419357828,40.26387536030764,20.725616455078125,141.2785419357828,40.263875360307644,ok
stencil,cuda,2048,random,3,11,32_128_2_4_2,23.820064544677734,9.987712860107422,72.2054578127051,40.26387536030764,19.086719512939453,72.2054578127051,40.263875360307644,ok
stencil,cuda,2048,random,3,12,64_32_2_2_2,22.144256591796875,8.311904907226562,60.090323733586914,40.26387536030764,19.39019203186035,60.090323733586914,40.263875360307644,ok
stencil,cuda,2048,random,3,13,64_64_0_4_4,42.524383544921875,28.692031860351562,207.42699805960618,40.26387536030764,24.855247497558594,207.42699805960618,40.263875360307644,ok
stencil,cuda,2048,random,3,14,32_32_2_4_2,27.214847564697266,13.382495880126953,96.74779954485133,40.26387536030764,17.543216705322266,96.74779954485133,96.74779954485133,ok
stencil,cuda,2048,random,3,15,16_128_1_4_2,23.732799530029297,9.900447845458984,71.57458161292065,40.26387536030764,19.658592224121094,71.57458161292065,96.74779954485133,ok
stencil,cuda,2048,random,4,1,16_64_0_2_2,24.963327407836914,11.130975723266602,80.47059514603698,80.47059514603697,19.13878345489502,80.47059514603698,80.47059514603698,ok
stencil,cuda,2048,random,4,2,32_32_1_4_1,15.196512222290039,1.3641605377197266,9.862101317460127,9.862101317460125,18.68497657775879,9.862101317460127,9.862101317460127,ok
stencil,cuda,2048,random,4,3,32_32_1_4_4,35.131553649902344,21.29920196533203,153.98106157965046,9.862101317460125,25.922048568725586,153.98106157965046,9.862101317460127,ok
stencil,cuda,2048,random,4,4,32_32_8_2_2,16.11587142944336,2.283519744873047,16.50854313818715,9.862101317460125,20.002880096435547,16.50854313818715,9.862101317460127,ok
stencil,cuda,2048,random,4,5,64_32_8_4_2,26.85228729248047,13.019935607910156,94.1266959141417,9.862101317460125,18.314623832702637,94.1266959141417,94.1266959141417,ok
stencil,cuda,2048,random,4,6,16_64_8_2_4,33.874046325683594,20.04169464111328,144.89000206284052,9.862101317460125,24.85435199737549,144.89000206284052,94.1266959141417,ok
stencil,cuda,2048,random,4,7,32_64_1_1_4,31.42073631286621,17.5883846282959,127.15397229174962,9.862101317460125,22.64787197113037,127.15397229174962,94.1266959141417,ok
stencil,cuda,2048,random,4,8,64_64_0_4_2,14.264960289001465,0.43260860443115234,3.1275130527061323,3.127513052706127,19.381168365478516,3.1275130527061323,94.1266959141417,ok
stencil,cuda,2048,random,4,9,64_32_1_4_1,18.3721923828125,4.5398406982421875,32.82045455297584,3.127513052706127,19.80399990081787,32.82045455297584,94.1266959141417,ok
stencil,cuda,2048,random,4,10,32_32_8_1_4,23.678592681884766,9.846240997314453,71.1826970702149,3.127513052706127,25.339648246765137,71.1826970702149,94.1266959141417,ok
stencil,cuda,2048,random,4,11,16_128_2_2_2,24.779136657714844,10.946784973144531,79.13900125425116,3.127513052706127,19.288415908813477,79.13900125425116,94.1266959141417,ok
stencil,cuda,2048,random,4,12,32_32_1_1_2,21.2860164642334,7.453664779663086,53.88573793982905,3.127513052706127,21.912863731384277,53.88573793982905,94.1266959141417,ok
stencil,cuda,2048,random,4,13,64_32_1_4_4,43.96192169189453,30.12957000732422,217.8195775699739,3.127513052706127,25.65123176574707,217.8195775699739,94.1266959141417,ok
stencil,cuda,2048,random,4,14,16_32_8_1_4,33.03692626953125,19.204574584960938,138.83810231909607,3.127513052706127,23.86953639984131,138.83810231909607,94.1266959141417,ok
stencil,cuda,2048,random,4,15,32_32_0_2_1,31.109600067138672,17.27724838256836,124.90463499305582,3.127513052706127,24.483967781066895,124.90463499305582,94.1266959141417,ok
stencil,cuda,2048,random,5,1,16_64_0_2_2,24.963327407836914,11.130975723266602,80.47059514603698,80.47059514603697,19.33030414581299,80.47059514603698,80.47059514603698,ok
stencil,cuda,2048,random,5,2,16_64_8_1_2,27.00636863708496,13.174016952514648,95.24061600609805,80.47059514603697,22.10172748565674,95.24061600609805,80.47059514603698,ok
stencil,cuda,2048,random,5,3,32_32_0_2_1,31.109600067138672,17.27724838256836,124.90463499305582,80.47059514603697,23.64787197113037,124.90463499305582,80.47059514603698,ok
stencil,cuda,2048,random,5,4,32_32_1_2_1,20.253664016723633,6.42131233215332,46.42241954646189,46.422419546461896,21.590784072875977,46.42241954646189,80.47059514603698,ok
stencil,cuda,2048,random,5,5,32_32_8_1_4,23.678592681884766,9.846240997314453,71.1826970702149,46.422419546461896,24.552464485168457,71.1826970702149,80.47059514603698,ok
stencil,cuda,2048,random,5,6,16_32_8_1_2,23.3156795501709,9.483327865600586,68.55904246693665,46.422419546461896,24.084735870361328,68.55904246693665,80.47059514603698,ok
stencil,cuda,2048,random,5,7,32_64_0_4_4,41.840576171875,28.008224487304688,202.4834614243307,46.422419546461896,24.3416805267334,202.4834614243307,80.47059514603698,ok
stencil,cuda,2048,random,5,8,32_32_1_2_2,27.246463775634766,13.414112091064453,96.97636668700092,46.422419546461896,20.82800006866455,96.97636668700092,80.47059514603698,ok
stencil,cuda,2048,random,5,9,16_32_1_1_4,34.00543975830078,20.17308807373047,145.8399015131542,46.422419546461896,23.46718406677246,145.8399015131542,80.47059514603698,ok
stencil,cuda,2048,random,5,10,32_64_1_1_4,31.42073631286621,17.5883846282959,127.15397229174962,46.422419546461896,23.84667205810547,127.15397229174962,80.47059514603698,ok
stencil,cuda,2048,random,5,11,16_128_8_2_4,42.01094436645508,28.178592681884766,203.71512613663066,46.422419546461896,23.631919860839844,203.71512613663066,80.47059514603698,ok
stencil,cuda,2048,random,5,12,32_64_1_4_2,24.309375762939453,10.47702407836914,75.74289836814974,46.422419546461896,19.989888191223145,75.74289836814974,80.47059514603698,ok
stencil,cuda,2048,random,5,13,16_64_8_4_2,19.92310333251953,6.090751647949219,44.03265465512505,44.03265465512505,18.061664581298828,44.03265465512505,44.03265465512505,ok
stencil,cuda,2048,random,5,14,32_128_1_4_2,15.519231796264648,1.686880111694336,12.195179461609662,12.195179461609655,17.376208305358887,12.195179461609662,12.195179461609662,ok
stencil,cuda,2048,random,5,15,16_32_1_4_2,27.28281593322754,13.450464248657227,97.2391720177338,12.195179461609655,19.4934720993042,97.2391720177338,12.195179461609662,ok
stencil,cuda,2048,random,6,1,16_64_0_2_2,24.963327407836914,11.130975723266602,80.47059514603698,80.47059514603697,19.3480806350708,80.47059514603698,80.47059514603698,ok
stencil,cuda,2048,random,6,2,16_64_1_1_4,28.128768920898438,14.296417236328125,103.35492880993957,80.47059514603697,23.993632316589355,103.35492880993957,80.47059514603698,ok
stencil,cuda,2048,random,6,3,16_128_0_4_1,14.266528129577637,0.4341764450073242,3.1388476443354074,3.1388476443354065,16.312959671020508,3.1388476443354074,3.1388476443354074,ok
stencil,cuda,2048,random,6,4,16_64_1_1_2,31.420448303222656,17.588096618652344,127.15189014657197,3.1388476443354065,24.066351890563965,127.15189014657197,3.1388476443354074,ok
stencil,cuda,2048,random,6,5,64_64_0_4_4,42.524383544921875,28.692031860351562,207.42699805960618,3.1388476443354065,24.335552215576172,207.42699805960618,3.1388476443354074,ok
stencil,cuda,2048,random,6,6,16_64_1_2_1,23.45859146118164,9.626239776611328,69.59221393531504,3.1388476443354065,22.772080421447754,69.59221393531504,3.1388476443354074,ok
stencil,cuda,2048,random,6,7,16_128_2_4_2,21.8852481842041,8.052896499633789,58.217840923005305,3.1388476443354065,18.85905647277832,58.217840923005305,3.1388476443354074,ok
stencil,cuda,2048,random,6,8,64_64_2_2_4,32.23984146118164,18.407489776611328,133.07563454408466,3.1388476443354065,24.648303985595703,133.07563454408466,3.1388476443354074,ok
stencil,cuda,2048,random,6,9,16_32_8_4_2,23.921920776367188,10.089569091796875,72.94182017546278,3.1388476443354065,19.65384006500244,72.94182017546278,3.1388476443354074,ok
stencil,cuda,2048,random,6,10,16_32_1_2_2,27.071456909179688,13.239105224609375,95.71116702720413,3.1388476443354065,21.884160041809082,95.71116702720413,3.1388476443354074,ok
stencil,cuda,2048,random,6,11,32_32_0_4_2,22.42207908630371,8.589727401733398,62.09882164371987,3.1388476443354065,19.56718349456787,62.09882164371987,3.1388476443354074,ok
stencil,cuda,2048,random,6,12,32_32_0_2_1,31.109600067138672,17.27724838256836,124.90463499305582,3.1388476443354065,23.55072021484375,124.90463499305582,3.1388476443354074,ok
stencil,cuda,2048,random,6,13,32_64_2_4_2,19.905855178833008,6.073503494262695,43.90796035816207,3.1388476443354065,18.01968002319336,43.90796035816207,3.1388476443354074,ok
stencil,cuda,2048,random,6,14,64_32_2_1_4,32.85830307006836,19.025951385498047,137.54675863773102,3.1388476443354065,24.812735557556152,137.54675863773102,3.1388476443354074,ok
stencil,cuda,2048,random,6,15,64_32_1_1_4,27.786239624023438,13.953887939453125,100.87863768688288,3.1388476443354065,24.432144165039062,100.87863768688288,3.1388476443354074,ok
stencil,cuda,2048,random,7,1,16_64_0_2_2,24.963327407836914,11.130975723266602,80.47059514603698,80.47059514603697,17.871824264526367,80.47059514603698,80.47059514603698,ok
stencil,cuda,2048,random,7,2,16_128_2_4_1,15.037919998168945,1.2055683135986328,8.715570143747996,8.715570143747994,18.401904106140137,8.715570143747996,80.47059514603698,ok
stencil,cuda,2048,random,7,3,16_32_1_1_4,34.00543975830078,20.17308807373047,145.8399015131542,8.715570143747994,23.48472023010254,145.8399015131542,80.47059514603698,ok
stencil,cuda,2048,random,7,4,16_128_8_2_2,20.40928077697754,6.576929092407227,47.54743981635203,8.715570143747994,19.88859272003174,47.54743981635203,80.47059514603698,ok
stencil,cuda,2048,random,7,5,32_128_0_2_4,31.967327117919922,18.13497543334961,131.1055115348085,8.715570143747994,24.94388771057129,131.1055115348085,80.47059514603698,ok
stencil,cuda,2048,random,7,6,16_64_2_4_2,24.925151824951172,11.09280014038086,80.19460749219265,8.715570143747994,18.683839797973633,80.19460749219265,80.47059514603698,ok
stencil,cuda,2048,random,7,7,32_32_1_4_2,27.1144962310791,13.282144546508789,96.02231673537287,8.715570143747994,21.465503692626953,96.02231673537287,80.47059514603698,ok
stencil,cuda,2048,random,7,8,32_64_2_1_4,32.853153228759766,19.020801544189453,137.50952822726984,8.715570143747994,25.153600692749023,137.50952822726984,80.47059514603698,ok
stencil,cuda,2048,random,7,9,16_32_1_2_4,42.5544319152832,28.72208023071289,207.64423061012644,8.715570143747994,24.790624618530273,207.64423061012644,80.47059514603698,ok
stencil,cuda,2048,random,7,10,32_64_8_2_2,18.965696334838867,5.133344650268555,37.11114904629478,8.715570143747994,16.606127738952637,37.11114904629478,37.11114904629478,ok
stencil,cuda,2048,random,7,11,16_32_8_4_1,14.935296058654785,1.1029443740844727,7.973657692023428,7.9736576920234254,19.22049617767334,7.973657692023428,37.11114904629478,ok
stencil,cuda,2048,random,7,12,16_128_0_4_2,19.401792526245117,5.569440841674805,40.263875360307644,7.9736576920234254,19.41596794128418,40.263875360307644,37.11114904629478,ok
stencil,cuda,2048,random,7,13,32_32_8_2_4,39.796478271484375,25.964126586914062,187.70580143560466,7.9736576920234254,24.68945598602295,187.70580143560466,37.11114904629478,ok
stencil,cuda,2048,random,7,14,16_32_0_4_4,30.09654426574707,16.264192581176758,117.58082032659067,7.9736576920234254,25.242480278015137,117.58082032659067,37.11114904629478,ok
stencil,cuda,2048,random,7,15,16_32_2_1_2,29.2192325592041,15.386880874633789,111.2383579127584,7.9736576920234254,21.32577610015869,111.2383579127584,37.11114904629478,ok
stencil,cuda,2048,random,8,1,16_64_0_2_2,24.963327407836914,11.130975723266602,80.47059514603698,80.47059514603697,18.16756820678711,80.47059514603698,80.47059514603698,ok
stencil,cuda,2048,random,8,2,32_128_0_2_4,31.967327117919922,18.13497543334961,131.1055115348085,80.47059514603697,25.288960456848145,131.1055115348085,80.47059514603698,ok
stencil,cuda,2048,random,8,3,16_128_8_4_4,33.72137451171875,19.889022827148438,143.78627207211778,80.47059514603697,23.101119995117188,143.78627207211778,80.47059514603698,ok
stencil,cuda,2048,random,8,4,16_32_1_2_1,30.621599197387695,16.789247512817383,121.37666750871743,80.47059514603697,22.605008125305176,121.37666750871743,80.47059514603698,ok
stencil,cuda,2048,random,8,5,64_128_8_4_4,33.39158248901367,19.55923080444336,141.40206416426827,80.47059514603697,23.976816177368164,141.40206416426827,80.47059514603698,ok
stencil,cuda,2048,random,8,6,32_128_8_4_4,41.15327835083008,27.320926666259766,197.51469084418716,80.47059514603697,23.147616386413574,197.51469084418716,80.47059514603698,ok
stencil,cuda,2048,random,8,7,64_64_0_4_4,42.524383544921875,28.692031860351562,207.42699805960618,80.47059514603697,24.041696548461914,207.42699805960618,80.47059514603698,ok
stencil,cuda,2048,random,8,8,16_128_2_2_4,41.90198516845703,28.06963348388672,202.92741338551843,80.47059514603697,24.791215896606445,202.92741338551843,80.47059514603698,ok
stencil,cuda,2048,random,8,9,16_32_2_1_2,29.2192325592041,15.386880874633789,111.2383579127584,80.47059514603697,21.321295738220215,111.2383579127584,80.47059514603698,ok
stencil,cuda,2048,random,8,10,16_128_8_4_2,16.76166343688965,2.929311752319336,21.17725039905485,21.177250399054845,17.90163230895996,21.17725039905485,21.17725039905485,ok
stencil,cuda,2048,random,8,11,32_64_8_2_4,41.64940643310547,27.817054748535156,201.10141343184958,21.177250399054845,24.606624603271484,201.10141343184958,21.17725039905485,ok
stencil,cuda,2048,random,8,12,32_32_2_2_1,21.15727996826172,7.324928283691406,52.95504662350512,21.177250399054845,20.60982322692871,52.95504662350512,21.17725039905485,ok
stencil,cuda,2048,random,8,13,16_32_8_1_2,23.3156795501709,9.483327865600586,68.55904246693665,21.177250399054845,21.51803207397461,68.55904246693665,21.17725039905485,ok
stencil,cuda,2048,random,8,14,64_32_0_2_2,22.752288818359375,8.919937133789062,64.48604935152898,21.177250399054845,21.379551887512207,64.48604935152898,21.17725039905485,ok
stencil,cuda,2048,random,8,15,64_64_0_2_4,25.176128387451172,11.34377670288086,82.00902465149578,21.177250399054845,24.48726463317871,82.00902465149578,21.17725039905485,ok
stencil,cuda,2048,random,9,1,16_64_0_2_2,24.963327407836914,11.130975723266602,80.47059514603698,80.47059514603697,19.17964744567871,80.47059514603698,80.47059514603698,ok
stencil,cuda,2048,random,9,2,16_128_8_4_1,14.97862434387207,1.1462726593017578,8.286896439890267,8.286896439890262,17.44921588897705,8.286896439890267,8.286896439890267,ok
stencil,cuda,2048,random,9,3,16_128_8_1_4,30.798784255981445,16.966432571411133,122.65761425323518,8.286896439890262,23.863903999328613,122.65761425323518,8.286896439890267,ok
stencil,cuda,2048,random,9,4,32_128_1_4_4,36.18524932861328,22.35289764404297,161.59867934081765,8.286896439890262,23.188560485839844,161.59867934081765,8.286896439890267,ok
stencil,cuda,2048,random,9,5,16_32_0_4_4,30.09654426574707,16.264192581176758,117.58082032659067,8.286896439890262,25.28774356842041,117.58082032659067,8.286896439890267,ok
stencil,cuda,2048,random,9,6,32_64_2_4_1,19.93449592590332,6.102144241333008,44.11501659648964,8.286896439890262,15.463327884674072,44.11501659648964,44.11501659648964,ok
stencil,cuda,2048,random,9,7,16_64_0_1_4,35.035072326660156,21.202720642089844,153.28355673418147,8.286896439890262,25.15614414215088,153.28355673418147,44.11501659648964,ok
stencil,cuda,2048,random,9,8,32_32_2_2_2,23.93987274169922,10.107521057128906,73.07160262852213,8.286896439890262,19.581168174743652,73.07160262852213,44.11501659648964,ok
stencil,cuda,2048,random,9,9,32_32_8_2_2,16.11587142944336,2.283519744873047,16.50854313818715,8.286896439890262,22.447760581970215,16.50854313818715,44.11501659648964,ok
stencil,cuda,2048,random,9,10,64_64_8_4_4,42.491294860839844,28.65894317626953,207.1877857778729,8.286896439890262,24.076496124267578,207.1877857778729,44.11501659648964,ok
stencil,cuda,2048,random,9,11,16_64_1_1_4,28.128768920898438,14.296417236328125,103.35492880993957,8.286896439890262,24.70143985748291,103.35492880993957,44.11501659648964,ok
stencil,cuda,2048,random,9,12,32_32_8_1_4,23.678592681884766,9.846240997314453,71.1826970702149,8.286896439890262,23.686384201049805,71.1826970702149,44.11501659648964,ok
stencil,cuda,2048,random,9,13,32_32_0_1_4,30.033632278442383,16.20128059387207,117.12600260116469,8.286896439890262,23.66425609588623,117.12600260116469,44.11501659648964,ok
stencil,cuda,2048,random,9,14,32_64_0_4_2,17.29302406311035,3.460672378540039,25.018684150435135,8.286896439890262,19.060431480407715,25.018684150435135,44.11501659648964,ok
stencil,cuda,2048,random,9,15,32_32_2_2_1,21.15727996826172,7.324928283691406,52.95504662350512,8.286896439890262,22.999311447143555,52.95504662350512,44.11501659648964,ok
stencil,sycl,4096,bayesian,0,1,16_64_0_2_2,83.18016052246094,6.851585388183594,8.976435595883036,8.976435595883029,86.23596572875977,8.976435595883036,8.976435595883036,ok
stencil,sycl,4096,bayesian,0,2,32_128_0_4_2,83.36211395263672,7.033538818359375,9.214817394384678,8.976435595883029,101.20598220825195,9.214817394384678,8.976435595883036,ok
stencil,sycl,4096,bayesian,0,3,16_32_1_1_2,101.30028533935547,24.971710205078125,32.71607017574723,8.976435595883029,85.5703353881836,32.71607017574723,32.71607017574723,ok
stencil,sycl,4096,bayesian,0,4,64_64_8_4_4,106.50656127929688,30.17798614501953,39.53694418103624,8.976435595883029,135.77645111083984,39.53694418103624,32.71607017574723,ok
stencil,sycl,4096,bayesian,0,5,16_32_2_1_2,114.6270751953125,38.298500061035156,50.17583518840798,8.976435595883029,105.75631713867188,50.17583518840798,32.71607017574723,ok
stencil,sycl,4096,bayesian,0,6,16_32_2_2_4,97.53580474853516,21.207229614257812,27.78412878394496,8.976435595883029,134.3109130859375,27.78412878394496,32.71607017574723,ok
stencil,sycl,4096,bayesian,0,7,16_32_1_1_2,101.30028533935547,24.971710205078125,32.71607017574723,8.976435595883029,79.99385452270508,32.71607017574723,32.71607017574723,ok
stencil,sycl,4096,bayesian,0,8,32_64_8_4_1,97.7100830078125,21.381507873535156,28.01245514660895,8.976435595883029,77.90579223632812,28.01245514660895,28.01245514660895,ok
stencil,sycl,4096,bayesian,0,9,32_64_8_4_1,97.7100830078125,21.381507873535156,28.01245514660895,8.976435595883029,87.11779403686523,28.01245514660895,28.01245514660895,ok
stencil,sycl,4096,bayesian,0,10,16_64_8_2_4,91.83628845214844,15.507713317871094,20.317048091871094,8.976435595883029,133.40393829345703,20.317048091871094,28.01245514660895,ok
stencil,sycl,4096,bayesian,0,11,32_64_1_4_1,97.36883544921875,21.040260314941406,27.56537807489181,8.976435595883029,78.01040267944336,27.56537807489181,28.01245514660895,ok
stencil,sycl,4096,bayesian,0,12,32_64_1_4_1,97.36883544921875,21.040260314941406,27.56537807489181,8.976435595883029,77.82588958740234,27.56537807489181,27.56537807489181,ok
stencil,sycl,4096,bayesian,0,13,16_64_0_1_4,94.37529754638672,18.046722412109375,23.643468229770505,8.976435595883029,121.29257583618164,23.643468229770505,27.56537807489181,ok
stencil,sycl,4096,bayesian,0,14,32_32_8_4_2,96.6526107788086,20.32403564453125,26.627033989272263,8.976435595883029,81.06748962402344,26.627033989272263,27.56537807489181,ok
stencil,sycl,4096,bayesian,0,15,32_64_2_4_2,81.2608642578125,4.932289123535156,6.4619169359027895,6.461916935902794,77.88943862915039,6.4619169359027895,27.56537807489181,ok
stencil,sycl,4096,bayesian,1,1,16_64_0_2_2,83.18016052246094,6.851585388183594,8.976435595883036,8.976435595883029,94.35500717163086,8.976435595883036,8.976435595883036,ok
stencil,sycl,4096,bayesian,1,2,64_64_8_2_4,96.43507385253906,20.10649871826172,26.342033351061957,8.976435595883029,95.14303970336914,26.342033351061957,8.976435595883036,ok
stencil,sycl,4096,bayesian,1,3,16_32_0_2_4,94.07762908935547,17.749053955078125,23.25348524304818,8.976435595883029,129.7050552368164,23.25348524304818,8.976435595883036,ok
stencil,sycl,4096,bayesian,1,4,32_128_2_4_4,107.42982482910156,31.10124969482422,40.74653514769646,8.976435595883029,96.01369857788086,40.74653514769646,8.976435595883036,ok
stencil,sycl,4096,bayesian,1,5,16_128_2_1_4,122.77145385742188,46.44287872314453,60.84599200422929,8.976435595883029,98.2751350402832,60.84599200422929,8.976435595883036,ok
stencil,sycl,4096,bayesian,1,6,16_128_0_4_2,95.76435089111328,19.435775756835938,25.46330220712818,8.976435595883029,78.33590316772461,25.46330220712818,25.46330220712818,ok
stencil,sycl,4096,bayesian,1,7,16_128_0_4_2,95.76435089111328,19.435775756835938,25.46330220712818,8.976435595883029,76.82675170898438,25.46330220712818,25.46330220712818,ok
stencil,sycl,4096,bayesian,1,8,32_64_2_1_4,101.76537322998047,25.436798095703125,33.32539360384321,8.976435595883029,96.0384635925293,33.32539360384321,25.46330220712818,ok
stencil,sycl,4096,bayesian,1,9,16_128_8_4_1,79.34246063232422,3.013885498046875,3.9485677451005063,3.948567745100499,79.84396743774414,3.9485677451005063,25.46330220712818,ok
stencil,sycl,4096,bayesian,1,10,16_64_0_1_4,94.37529754638672,18.046722412109375,23.643468229770505,3.948567745100499,134.95852661132812,23.643468229770505,25.46330220712818,ok
stencil,sycl,4096,bayesian,1,11,16_32_1_4_4,145.03500366210938,68.70642852783203,90.01403263058899,3.948567745100499,95.30944061279297,90.01403263058899,25.46330220712818,ok
stencil,sycl,4096,bayesian,1,12,16_128_0_4_2,95.76435089111328,19.435775756835938,25.46330220712818,3.948567745100499,81.2149772644043,25.46330220712818,25.46330220712818,ok
stencil,sycl,4096,bayesian,1,13,16_128_0_4_2,95.76435089111328,19.435775756835938,25.46330220712818,3.948567745100499,77.4632339477539,25.46330220712818,25.46330220712818,ok
stencil,sycl,4096,bayesian,1,14,16_128_0_4_2,95.76435089111328,19.435775756835938,25.46330220712818,3.948567745100499,78.48313522338867,25.46330220712818,25.46330220712818,ok
stencil,sycl,4096,bayesian,1,15,16_64_0_1_2,125.87596893310547,49.547393798828125,64.91329585501143,3.948567745100499,104.2713623046875,64.91329585501143,25.46330220712818,ok
stencil,sycl,4096,bayesian,2,1,16_64_0_2_2,83.18016052246094,6.851585388183594,8.976435595883036,8.976435595883029,85.09523010253906,8.976435595883036,8.976435595883036,ok
stencil,sycl,4096,bayesian,2,2,64_64_8_4_4,106.50656127929688,30.17798614501953,39.53694418103624,8.976435595883029,99.99977493286133,39.53694418103624,8.976435595883036,ok
stencil,sycl,4096,bayesian,2,3,16_32_8_2_1,115.57234954833984,39.2437744140625,51.41426306599435,8.976435595883029,80.38665390014648,51.41426306599435,51.41426306599435,ok
stencil,sycl,4096,bayesian,2,4,64_32_0_4_2,81.50994873046875,5.181373596191406,6.788248813863396,6.788248813863388,78.55276870727539,6.788248813863396,6.788248813863396,ok
stencil,sycl,4096,bayesian,2,5,32_32_1_4_4,96.69696044921875,20.368385314941406,26.68513761603608,6.788248813863388,96.86463928222656,26.68513761603608,6.788248813863396,ok
stencil,sycl,4096,bayesian,2,6,32_32_2_4_2,76.4610595703125,0.13248443603515625,0.1735712160250369,0.17357121602504624,85.26000213623047,0.1735712160250369,6.788248813863396,ok
stencil,sycl,4096,bayesian,2,7,64_32_8_2_2,111.47974395751953,35.15116882324219,46.05243679893696,0.17357121602504624,81.22086334228516,46.05243679893696,6.788248813863396,ok
stencil,sycl,4096,bayesian,2,8,16_64_2_2_2,105.53683471679688,29.20825958251953,38.26648084434474,0.17357121602504624,93.21728134155273,38.26648084434474,6.788248813863396,ok
stencil,sycl,4096,bayesian,2,9,64_32_2_4_4,96.72723388671875,20.398658752441406,26.724799613455463,0.17357121602504624,131.8447036743164,26.724799613455463,6.788248813863396,ok
stencil,sycl,4096,bayesian,2,10,64_64_0_4_4,97.42591857910156,21.09734344482422,27.64016412950161,0.17357121602504624,96.13663864135742,27.64016412950161,6.788248813863396,ok
stencil,sycl,4096,bayesian,2,11,32_64_1_2_2,90.07097625732422,13.742401123046875,18.00426786281706,0.17357121602504624,79.58963012695312,18.00426786281706,6.788248813863396,ok
stencil,sycl,4096,bayesian,2,12,16_32_8_4_1,96.08857727050781,19.76000213623047,25.888079400759988,0.17357121602504624,80.14611434936523,25.888079400759988,6.788248813863396,ok
stencil,sycl,4096,bayesian,2,13,32_64_8_4_1,97.7100830078125,21.381507873535156,28.01245514660895,0.17357121602504624,78.05132675170898,28.01245514660895,28.01245514660895,ok
stencil,sycl,4096,bayesian,2,14,64_32_0_4_2,81.50994873046875,5.181373596191406,6.788248813863396,0.17357121602504624,80.16297912597656,6.788248813863396,28.01245514660895,ok
stencil,sycl,4096,bayesian,2,15,32_64_0_2_4,94.79052734375,18.461952209472656,24.187471306773855,0.17357121602504624,132.70169067382812,24.187471306773855,28.01245514660895,ok
stencil,sycl,4096,bayesian,3,1,16_64_0_2_2,83.18016052246094,6.851585388183594,8.976435595883036,8.976435595883029,82.66121673583984,8.976435595883036,8.976435595883036,ok
stencil,sycl,4096,bayesian,3,2,16_32_2_4_2,77.99935913085938,1.6707839965820312,2.1889364417490897,2.18893644174909,89.40886306762695,2.1889364417490897,8.976435595883036,ok
stencil,sycl,4096,bayesian,3,3,64_32_2_2_2,101.0531234741211,24.72454833984375,32.392257154477576,2.18893644174909,78.51545715332031,32.392257154477576,32.392257154477576,ok
stencil,sycl,4096,bayesian,3,4,32_32_1_4_4,96.69696044921875,20.368385314941406,26.68513761603608,2.18893644174909,133.71804809570312,26.68513761603608,32.392257154477576,ok
stencil,sycl,4096,bayesian,3,5,32_64_1_2_2,90.07097625732422,13.742401123046875,18.00426786281706,2.18893644174909,80.1863021850586,18.00426786281706,32.392257154477576,ok
stencil,sycl,4096,bayesian,3,6,64_32_8_2_4,96.95744323730469,20.628868103027344,27.026402715807297,2.18893644174909,133.45254516601562,27.026402715807297,32.392257154477576,ok
stencil,sycl,4096,bayesian,3,7,64_32_2_2_2,101.0531234741211,24.72454833984375,32.392257154477576,2.18893644174909,84.02236938476562,32.392257154477576,32.392257154477576,ok
stencil,sycl,4096,bayesian,3,8,16_64_1_2_4,90.99635314941406,14.667778015136719,19.216627572744738,2.18893644174909,132.28927993774414,19.216627572744738,32.392257154477576,ok
stencil,sycl,4096,bayesian,3,9,32_128_0_2_4,96.46636962890625,20.137794494628906,26.383034740531276,2.18893644174909,136.38285064697266,26.383034740531276,32.392257154477576,ok
stencil,sycl,4096,bayesian,3,10,32_32_2_2_4,93.14163208007812,16.81305694580078,22.02721184854195,2.18893644174909,135.80374908447266,22.02721184854195,32.392257154477576,ok
stencil,sycl,4096,bayesian,3,11,64_32_2_1_4,99.28543853759766,22.956863403320312,30.076368336412095,2.18893644174909,136.34444427490234,30.076368336412095,32.392257154477576,ok
stencil,sycl,4096,bayesian,3,12,16_32_1_2_2,83.15257263183594,6.823997497558594,8.940292001460538,2.18893644174909,87.94259262084961,8.940292001460538,32.392257154477576,ok
stencil,sycl,4096,bayesian,3,13,32_128_2_2_4,103.03174591064453,26.703170776367188,34.984500535207076,2.18893644174909,97.89311981201172,34.984500535207076,32.392257154477576,ok
stencil,sycl,4096,bayesian,3,14,16_64_1_4_1,96.69459533691406,20.36602020263672,26.682039022487693,2.18893644174909,80.58015823364258,26.682039022487693,32.392257154477576,ok
stencil,sycl,4096,bayesian,3,15,64_32_1_2_2,112.25081634521484,35.9222412109375,47.062638268489934,2.18893644174909,78.1217269897461,47.062638268489934,47.062638268489934,ok
stencil,sycl,4096,bayesian,4,1,16_64_0_2_2,83.18016052246094,6.851585388183594,8.976435595883036,8.976435595883029,79.46303939819336,8.976435595883036,8.976435595883036,ok
stencil,sycl,4096,bayesian,4,2,32_64_8_4_1,97.7100830078125,21.381507873535156,28.01245514660895,8.976435595883029,77.59455871582031,28.01245514660895,28.01245514660895,ok
stencil,sycl,4096,bayesian,4,3,32_32_8_1_2,82.02591705322266,5.6973419189453125,7.4642319851019545,7.4642319851019625,85.36326217651367,7.4642319851019545,28.01245514660895,ok
stencil,sycl,4096,bayesian,4,4,16_128_0_1_4,99.1563491821289,22.827774047851562,29.907245101448442,7.4642319851019625,98.76831817626953,29.907245101448442,28.01245514660895,ok
stencil,sycl,4096,bayesian,4,5,16_64_8_4_1,83.3223648071289,6.9937896728515625,9.162741031845645,7.4642319851019625,80.87641525268555,9.162741031845645,28.01245514660895,ok
stencil,sycl,4096,bayesian,4,6,32_64_1_1_4,97.54854583740234,21.219970703125,27.800821207254025,7.4642319851019625,96.72447967529297,27.800821207254025,28.01245514660895,ok
stencil,sycl,4096,bayesian,4,7,16_32_2_2_1,95.51200103759766,19.183425903320312,25.132692270978207,7.4642319851019625,82.95328140258789,25.132692270978207,28.01245514660895,ok
stencil,sycl,4096,bayesian,4,8,32_64_8_4_1,97.7100830078125,21.381507873535156,28.01245514660895,7.4642319851019625,78.41715240478516,28.01245514660895,28.01245514660895,ok
stencil,sycl,4096,bayesian,4,9,64_32_2_2_4,96.3802261352539,20.051651000976562,26.27017596712853,7.4642319851019625,95.72531127929688,26.27017596712853,28.01245514660895,ok
stencil,sycl,4096,bayesian,4,10,16_32_1_1_1,92.49139404296875,16.162818908691406,21.17531852292245,7.4642319851019625,91.42777633666992,21.17531852292245,28.01245514660895,ok
stencil,sycl,4096,bayesian,4,11,16_32_2_2_4,97.53580474853516,21.207229614257812,27.78412878394496,7.4642319851019625,93.42969512939453,27.78412878394496,28.01245514660895,ok
stencil,sycl,4096,bayesian,4,12,32_32_2_2_2,84.43251037597656,8.103935241699219,10.617170866143866,7.4642319851019625,79.2287368774414,10.617170866143866,28.01245514660895,ok
stencil,sycl,4096,bayesian,4,13,32_128_8_4_2,81.51718139648438,5.188606262207031,6.797724512843617,6.79772451284362,76.88671875,6.797724512843617,6.797724512843617,ok
stencil,sycl,4096,bayesian,4,14,32_128_0_2_4,96.46636962890625,20.137794494628906,26.383034740531276,6.79772451284362,95.0206069946289,26.383034740531276,6.797724512843617,ok
stencil,sycl,4096,bayesian,4,15,16_32_2_1_2,114.6270751953125,38.298500061035156,50.17583518840798,6.79772451284362,105.37382507324219,50.17583518840798,6.797724512843617,ok
stencil,sycl,4096,bayesian,5,1,16_64_0_2_2,83.18016052246094,6.851585388183594,8.976435595883036,8.976435595883029,80.55961227416992,8.976435595883036,8.976435595883036,ok
stencil,sycl,4096,bayesian,5,2,64_64_8_2_4,96.43507385253906,20.10649871826172,26.342033351061957,8.976435595883029,129.74614334106445,26.342033351061957,8.976435595883036,ok
stencil,sycl,4096,bayesian,5,3,16_32_1_2_2,83.15257263183594,6.823997497558594,8.940292001460538,8.940292001460538,80.7407341003418,8.940292001460538,8.976435595883036,ok
stencil,sycl,4096,bayesian,5,4,16_64_0_4_1,83.35052490234375,7.021949768066406,9.199634285997593,8.940292001460538,81.54015731811523,9.199634285997593,8.976435595883036,ok
stencil,sycl,4096,bayesian,5,5,32_32_8_2_2,81.88076782226562,5.552192687988281,7.274068300398451,7.274068300398449,83.15488052368164,7.274068300398451,8.976435595883036,ok
stencil,sycl,4096,bayesian,5,6,16_32_2_1_4,133.79833984375,57.469764709472656,75.29259469126963,7.274068300398449,97.04537582397461,75.29259469126963,8.976435595883036,ok
stencil,sycl,4096,bayesian,5,7,16_64_0_2_2,83.18016052246094,6.851585388183594,8.976435595883036,7.274068300398449,79.77132797241211,8.976435595883036,8.976435595883036,ok
stencil,sycl,4096,bayesian,5,8,32_32_8_1_2,82.02591705322266,5.6973419189453125,7.4642319851019545,7.274068300398449,85.09695816040039,7.4642319851019545,8.976435595883036,ok
stencil,sycl,4096,bayesian,5,9,32_32_8_2_4,101.62438201904297,25.295806884765625,33.14067744650704,7.274068300398449,93.49625778198242,33.14067744650704,8.976435595883036,ok
stencil,sycl,4096,bayesian,5,10,32_64_8_1_4,97.58150482177734,21.2529296875,27.844001607670286,7.274068300398449,96.10643005371094,27.844001607670286,8.976435595883036,ok
stencil,sycl,4096,bayesian,5,11,16_128_8_4_2,95.70854187011719,19.379966735839844,25.390185394849276,7.274068300398449,78.42284774780273,25.390185394849276,25.390185394849276,ok
stencil,sycl,4096,bayesian,5,12,64_32_1_4_4,105.78707122802734,29.45849609375,38.5943220372273,7.274068300398449,119.61577606201172,38.5943220372273,25.390185394849276,ok
stencil,sycl,4096,bayesian,5,13,16_64_1_4_2,80.17017364501953,3.8415985107421875,5.032975532405848,5.032975532405841,77.09113311767578,5.032975532405848,5.032975532405848,ok
stencil,sycl,4096,bayesian,5,14,16_64_1_4_2,80.17017364501953,3.8415985107421875,5.032975532405848,5.032975532405841,76.64332580566406,5.032975532405848,5.032975532405848,ok
stencil,sycl,4096,bayesian,5,15,64_32_0_2_2,96.24441528320312,19.91584014892578,26.092246729209624,5.032975532405841,96.63442993164062,26.092246729209624,5.032975532405848,ok
stencil,sycl,4096,bayesian,6,1,16_64_0_2_2,83.18016052246094,6.851585388183594,8.976435595883036,8.976435595883029,81.7017593383789,8.976435595883036,8.976435595883036,ok
stencil,sycl,4096,bayesian,6,2,16_32_1_4_4,145.03500366210938,68.70642852783203,90.01403263058899,8.976435595883029,95.39993286132812,90.01403263058899,8.976435595883036,ok
stencil,sycl,4096,bayesian,6,3,32_64_2_2_2,104.08972930908203,27.761154174804688,36.37059138856873,8.976435595883029,77.51270294189453,36.37059138856873,36.37059138856873,ok
stencil,sycl,4096,bayesian,6,4,16_32_0_1_1,92.13056182861328,15.801986694335938,20.702583097532035,8.976435595883029,122.40460586547852,20.702583097532035,36.37059138856873,ok
stencil,sycl,4096,bayesian,6,5,32_32_2_1_4,124.53568267822266,48.20710754394531,63.15735287752888,8.976435595883029,102.53923034667969,63.15735287752888,36.37059138856873,ok
stencil,sycl,4096,bayesian,6,6,32_32_1_2_4,91.95616149902344,15.627586364746094,20.474096807459084,8.976435595883029,105.0426254272461,20.474096807459084,36.37059138856873,ok
stencil,sycl,4096,bayesian,6,7,16_128_1_4_4,126.7720947265625,50.443519592285156,66.08733295956965,8.976435595883029,136.28854370117188,66.08733295956965,36.37059138856873,ok
stencil,sycl,4096,bayesian,6,8,32_64_2_4_4,107.27916717529297,30.950592041015625,40.549154738664114,8.976435595883029,95.48390579223633,40.549154738664114,36.37059138856873,ok
stencil,sycl,4096,bayesian,6,9,16_32_8_4_2,79.02899169921875,2.7004165649414062,3.5378841543823203,3.5378841543823256,77.83679962158203,3.5378841543823203,36.37059138856873,ok
stencil,sycl,4096,bayesian,6,10,32_64_0_1_4,122.15872192382812,45.83014678955078,60.04323637500939,3.5378841543823256,137.4310073852539,60.04323637500939,36.37059138856873,ok
stencil,sycl,4096,bayesian,6,11,16_32_8_1_1,91.93190002441406,15.603324890136719,20.442311234930454,3.5378841543823256,121.73926162719727,20.442311234930454,36.37059138856873,ok
stencil,sycl,4096,bayesian,6,12,32_32_1_4_1,91.72608184814453,15.397506713867188,20.17266362797927,3.5378841543823256,83.43798446655273,20.17266362797927,36.37059138856873,ok
stencil,sycl,4096,bayesian,6,13,16_64_0_1_4,94.37529754638672,18.046722412109375,23.643468229770505,3.5378841543823256,132.28150177001953,23.643468229770505,36.37059138856873,ok
stencil,sycl,4096,bayesian,6,14,16_32_8_4_2,79.02899169921875,2.7004165649414062,3.5378841543823203,3.5378841543823256,89.8155517578125,3.5378841543823203,36.37059138856873,ok
stencil,sycl,4096,bayesian,6,15,32_64_2_2_2,104.08972930908203,27.761154174804688,36.37059138856873,3.5378841543823256,83.04281234741211,36.37059138856873,36.37059138856873,ok
stencil,sycl,4096,bayesian,7,1,16_64_0_2_2,83.18016052246094,6.851585388183594,8.976435595883036,8.976435595883029,82.95366287231445,8.976435595883036,8.976435595883036,ok
stencil,sycl,4096,bayesian,7,2,16_32_0_1_2,115.49056243896484,39.1619873046875,51.307111701998465,8.976435595883029,102.35529327392578,51.307111701998465,8.976435595883036,ok
stencil,sycl,4096,bayesian,7,3,16_64_2_4_1,89.19602966308594,12.867454528808594,16.857978163711486,8.976435595883029,80.82003402709961,16.857978163711486,16.857978163711486,ok
stencil,sycl,4096,bayesian,7,4,64_32_0_1_4,98.72262573242188,22.39405059814453,29.339013021989313,8.976435595883029,131.54962921142578,29.339013021989313,16.857978163711486,ok
stencil,sycl,4096,bayesian,7,5,32_64_0_1_4,122.15872192382812,45.83014678955078,60.04323637500939,8.976435595883029,119.59004974365234,60.04323637500939,16.857978163711486,ok
stencil,sycl,4096,bayesian,7,6,16_128_0_2_4,93.23571014404297,16.907135009765625,22.150465903526385,8.976435595883029,137.20674896240234,22.150465903526385,16.857978163711486,ok
stencil,sycl,4096,bayesian,7,7,16_64_2_4_1,89.19602966308594,12.867454528808594,16.857978163711486,8.976435595883029,79.62243270874023,16.857978163711486,16.857978163711486,ok
stencil,sycl,4096,bayesian,7,8,16_64_2_4_1,89.19602966308594,12.867454528808594,16.857978163711486,8.976435595883029,89.38031768798828,16.857978163711486,16.857978163711486,ok
stencil,sycl,4096,bayesian,7,9,16_32_8_2_2,82.87039947509766,6.5418243408203125,8.570609800211692,8.570609800211685,85.60428619384766,8.570609800211692,16.857978163711486,ok
stencil,sycl,4096,bayesian,7,10,64_32_2_4_2,105.5792007446289,29.250625610351562,38.321985650713145,8.570609800211685,80.89756774902344,38.321985650713145,16.857978163711486,ok
stencil,sycl,4096,bayesian,7,11,32_32_0_4_2,85.7109146118164,9.382339477539062,12.292040642752244,8.570609800211685,78.29983901977539,12.292040642752244,12.292040642752244,ok
stencil,sycl,4096,bayesian,7,12,32_32_0_4_2,85.7109146118164,9.382339477539062,12.292040642752244,8.570609800211685,79.0140151977539,12.292040642752244,12.292040642752244,ok
stencil,sycl,4096,bayesian,7,13,32_32_0_4_2,85.7109146118164,9.382339477539062,12.292040642752244,8.570609800211685,79.45334243774414,12.292040642752244,12.292040642752244,ok
stencil,sycl,4096,bayesian,7,14,32_32_0_4_2,85.7109146118164,9.382339477539062,12.292040642752244,8.570609800211685,85.8438720703125,12.292040642752244,12.292040642752244,ok
stencil,sycl,4096,bayesian,7,15,32_32_1_4_4,96.69696044921875,20.368385314941406,26.68513761603608,8.570609800211685,134.15843200683594,26.68513761603608,12.292040642752244,ok
stencil,sycl,4096,bayesian,8,1,16_64_0_2_2,83.18016052246094,6.851585388183594,8.976435595883036,8.976435595883029,78.21001434326172,8.976435595883036,8.976435595883036,ok
stencil,sycl,4096,bayesian,8,2,32_128_8_4_2,81.51718139648438,5.188606262207031,6.797724512843617,6.79772451284362,92.71875381469727,6.797724512843617,8.976435595883036,ok
stencil,sycl,4096,bayesian,8,3,64_32_1_4_1,80.92179107666016,4.5932159423828125,6.017688571157542,6.017688571157551,79.05660629272461,6.017688571157542,8.976435595883036,ok
stencil,sycl,4096,bayesian,8,4,16_64_8_1_4,125.098876953125,48.770301818847656,63.89520796510464,6.017688571157551,141.38467407226562,63.89520796510464,8.976435595883036,ok
stencil,sycl,4096,bayesian,8,5,32_32_0_2_4,92.75353240966797,16.424957275390625,21.51875263817753,6.017688571157551,133.88380813598633,21.51875263817753,8.976435595883036,ok
stencil,sycl,4096,bayesian,8,6,16_64_2_4_1,89.19602966308594,12.867454528808594,16.857978163711486,6.017688571157551,85.30294418334961,16.857978163711486,8.976435595883036,ok
stencil,sycl,4096,bayesian,8,7,16_64_0_2_2,83.18016052246094,6.851585388183594,8.976435595883036,6.017688571157551,82.90275192260742,8.976435595883036,8.976435595883036,ok
stencil,sycl,4096,bayesian,8,8,32_32_8_4_4,112.56543731689453,36.23686218261719,47.474831174130074,6.017688571157551,135.6691131591797,47.474831174130074,8.976435595883036,ok
stencil,sycl,4096,bayesian,8,9,16_64_0_2_4,117.72825622558594,41.399681091308594,54.23877102183319,6.017688571157551,132.7043800354004,54.23877102183319,8.976435595883036,ok
stencil,sycl,4096,bayesian,8,10,32_64_8_4_4,95.56883239746094,19.240257263183594,25.20714847530705,6.017688571157551,131.90169525146484,25.20714847530705,8.976435595883036,ok
stencil,sycl,4096,bayesian,8,11,16_64_8_2_4,91.83628845214844,15.507713317871094,20.317048091871094,6.017688571157551,134.88214111328125,20.317048091871094,8.976435595883036,ok
stencil,sycl,4096,bayesian,8,12,16_128_2_2_4,116.06732940673828,39.73875427246094,52.062748718356744,6.017688571157551,132.59091186523438,52.062748718356744,8.976435595883036,ok
stencil,sycl,4096,bayesian,8,13,16_32_0_1_2,115.49056243896484,39.1619873046875,51.307111701998465,6.017688571157551,101.1385612487793,51.307111701998465,8.976435595883036,ok
stencil,sycl,4096,bayesian,8,14,64_32_1_4_1,80.92179107666016,4.5932159423828125,6.017688571157542,6.017688571157551,84.71350479125977,6.017688571157542,8.976435595883036,ok
stencil,sycl,4096,bayesian,8,15,32_32_8_1_4,95.64569854736328,19.317123413085938,25.30785276562968,6.017688571157551,117.97072219848633,25.30785276562968,8.976435595883036,ok
stencil,sycl,4096,bayesian,9,1,16_64_0_2_2,83.18016052246094,6.851585388183594,8.976435595883036,8.976435595883029,92.3924446105957,8.976435595883036,8.976435595883036,ok
stencil,sycl,4096,bayesian,9,2,64_32_1_2_4,98.95110321044922,22.622528076171875,29.638347154226707,8.976435595883029,95.51871871948242,29.638347154226707,8.976435595883036,ok
stencil,sycl,4096,bayesian,9,3,32_32_1_1_2,126.84294128417969,50.514366149902344,66.18015082953848,8.976435595883029,99.59356689453125,66.18015082953848,8.976435595883036,ok
stencil,sycl,4096,bayesian,9,4,32_32_1_4_1,91.72608184814453,15.397506713867188,20.17266362797927,8.976435595883029,79.96099090576172,20.17266362797927,20.17266362797927,ok
stencil,sycl,4096,bayesian,9,5,16_32_2_2_2,83.71520233154297,7.386627197265625,9.677407424769902,8.976435595883029,78.93270492553711,9.677407424769902,9.677407424769902,ok
stencil,sycl,4096,bayesian,9,6,16_32_8_1_1,91.93190002441406,15.603324890136719,20.442311234930454,8.976435595883029,91.22624206542969,20.442311234930454,9.677407424769902,ok
stencil,sycl,4096,bayesian,9,7,16_32_2_2_2,83.71520233154297,7.386627197265625,9.677407424769902,8.976435595883029,80.32217788696289,9.677407424769902,9.677407424769902,ok
stencil,sycl,4096,bayesian,9,8,16_64_1_4_2,80.17017364501953,3.8415985107421875,5.032975532405848,5.032975532405841,77.20307159423828,5.032975532405848,5.032975532405848,ok
stencil,sycl,4096,bayesian,9,9,64_128_1_4_4,100.49823760986328,24.169662475585938,31.665287126173425,5.032975532405841,133.96387481689453,31.665287126173425,5.032975532405848,ok
stencil,sycl,4096,bayesian,9,10,16_64_0_1_2,125.87596893310547,49.547393798828125,64.91329585501143,5.032975532405841,85.49414443969727,64.91329585501143,5.032975532405848,ok
stencil,sycl,4096,bayesian,9,11,32_32_0_4_1,80.87321472167969,4.544639587402344,5.95404745785888,5.032975532405841,86.46335983276367,5.95404745785888,5.032975532405848,ok
stencil,sycl,4096,bayesian,9,12,16_32_1_1_4,97.17107391357422,20.842498779296875,27.306285676931232,5.032975532405841,132.4153289794922,27.306285676931232,5.032975532405848,ok
stencil,sycl,4096,bayesian,9,13,32_32_8_4_4,112.56543731689453,36.23686218261719,47.474831174130074,5.032975532405841,116.22332763671875,47.474831174130074,5.032975532405848,ok
stencil,sycl,4096,bayesian,9,14,32_32_2_2_4,93.14163208007812,16.81305694580078,22.02721184854195,5.032975532405841,103.67299270629883,22.02721184854195,5.032975532405848,ok
stencil,sycl,4096,bayesian,9,15,16_64_2_2_2,105.53683471679688,29.20825958251953,38.26648084434474,5.032975532405841,87.92563247680664,38.26648084434474,5.032975532405848,ok
stencil,sycl,4096,random,0,1,16_64_0_2_2,83.18016052246094,6.851585388183594,8.976435595883036,8.976435595883029,86.07475280761719,8.976435595883036,8.976435595883036,ok
stencil,sycl,4096,random,0,2,32_32_0_4_4,97.92959594726562,21.60102081298828,28.30004460975164,8.976435595883029,135.96047973632812,28.30004460975164,8.976435595883036,ok
stencil,sycl,4096,random,0,3,64_64_8_4_4,106.50656127929688,30.17798614501953,39.53694418103624,8.976435595883029,119.94704055786133,39.53694418103624,8.976435595883036,ok
stencil,sycl,4096,random,0,4,32_32_2_1_2,82.71974182128906,6.391166687011719,8.373229391179349,8.373229391179343,90.13801574707031,8.373229391179349,8.976435595883036,ok
stencil,sycl,4096,random,0,5,16_32_1_1_2,101.30028533935547,24.971710205078125,32.71607017574723,8.373229391179343,89.58153533935547,32.71607017574723,8.976435595883036,ok
stencil,sycl,4096,random,0,6,16_64_8_4_4,114.81561279296875,38.487037658691406,50.42284307152984,8.373229391179343,130.700927734375,50.42284307152984,8.976435595883036,ok
stencil,sycl,4096,random,0,7,32_64_1_2_2,90.07097625732422,13.742401123046875,18.00426786281706,8.373229391179343,87.73705673217773,18.00426786281706,8.976435595883036,ok
stencil,sycl,4096,random,0,8,32_64_0_2_2,82.833984375,6.505409240722656,8.522901455029563,8.373229391179343,80.08761596679688,8.522901455029563,8.522901455029563,ok
stencil,sycl,4096,random,0,9,32_32_1_2_4,91.95616149902344,15.627586364746094,20.474096807459084,8.373229391179343,92.59769821166992,20.474096807459084,8.522901455029563,ok
stencil,sycl,4096,random,0,10,16_128_1_4_2,80.91033935546875,4.581764221191406,6.00268538110551,6.002685381105516,78.35929489135742,6.00268538110551,6.00268538110551,ok
stencil,sycl,4096,random,0,11,32_32_8_4_4,112.56543731689453,36.23686218261719,47.474831174130074,6.002685381105516,97.88934326171875,47.474831174130074,6.00268538110551,ok
stencil,sycl,4096,random,0,12,32_32_0_1_2,117.45670318603516,41.12812805175781,53.883002505162914,6.002685381105516,89.62313461303711,53.883002505162914,6.00268538110551,ok
stencil,sycl,4096,random,0,13,32_128_0_4_4,124.04338836669922,47.714813232421875,62.51238562816337,6.002685381105516,130.37430572509766,62.51238562816337,6.00268538110551,ok
stencil,sycl,4096,random,0,14,16_64_2_2_4,113.7043228149414,37.37574768066406,48.96691391777273,6.002685381105516,133.88883209228516,48.96691391777273,6.00268538110551,ok
stencil,sycl,4096,random,0,15,32_64_1_1_4,97.54854583740234,21.219970703125,27.800821207254025,6.002685381105516,134.50338745117188,27.800821207254025,6.00268538110551,ok
stencil,sycl,4096,random,1,1,16_64_0_2_2,83.18016052246094,6.851585388183594,8.976435595883036,8.976435595883029,80.4227180480957,8.976435595883036,8.976435595883036,ok
stencil,sycl,4096,random,1,2,32_32_2_2_1,85.82259368896484,9.4940185546875,12.438354231014536,8.976435595883029,81.99961471557617,12.438354231014536,8.976435595883036,ok
stencil,sycl,4096,random,1,3,64_32_2_1_4,99.28543853759766,22.956863403320312,30.076368336412095,8.976435595883029,97.724609375,30.076368336412095,8.976435595883036,ok
stencil,sycl,4096,random,1,4,64_64_8_4_4,106.50656127929688,30.17798614501953,39.53694418103624,8.976435595883029,95.8458251953125,39.53694418103624,8.976435595883036,ok
stencil,sycl,4096,random,1,5,16_32_2_4_2,77.99935913085938,1.6707839965820312,2.1889364417490897,2.18893644174909,77.43750381469727,2.1889364417490897,2.1889364417490897,ok
stencil,sycl,4096,random,1,6,32_32_1_1_4,113.1154556274414,36.78688049316406,48.19542409700237,2.18893644174909,123.38079833984375,48.19542409700237,2.1889364417490897,ok
stencil,sycl,4096,random,1,7,16_128_8_4_4,96.78323364257812,20.45465850830078,26.798166312310844,2.18893644174909,96.79750442504883,26.798166312310844,2.1889364417490897,ok
stencil,sycl,4096,random,1,8,16_32_1_4_2,85.09369659423828,8.765121459960938,11.483407681253489,2.18893644174909,81.20780563354492,11.483407681253489,2.1889364417490897,ok
stencil,sycl,4096,random,1,9,32_32_8_2_4,101.62438201904297,25.295806884765625,33.14067744650704,2.18893644174909,93.66067123413086,33.14067744650704,2.1889364417490897,ok
stencil,sycl,4096,random,1,10,16_64_0_4_4,96.09343719482422,19.764862060546875,25.894446510728784,2.18893644174909,96.28704071044922,25.894446510728784,2.1889364417490897,ok
stencil,sycl,4096,random,1,11,32_64_2_2_2,104.08972930908203,27.761154174804688,36.37059138856873,2.18893644174909,89.6185302734375,36.37059138856873,2.1889364417490897,ok
stencil,sycl,4096,random,1,12,32_32_2_2_4,93.14163208007812,16.81305694580078,22.02721184854195,2.18893644174909,93.02803039550781,22.02721184854195,2.1889364417490897,ok
stencil,sycl,4096,random,1,13,16_32_8_4_1,96.08857727050781,19.76000213623047,25.888079400759988,2.18893644174909,79.81849670410156,25.888079400759988,2.1889364417490897,ok
stencil,sycl,4096,random,1,14,16_64_2_4_1,89.19602966308594,12.867454528808594,16.857978163711486,2.18893644174909,81.10316467285156,16.857978163711486,2.1889364417490897,ok
stencil,sycl,4096,random,1,15,16_64_8_2_1,84.85478210449219,8.526206970214844,11.170399755550964,2.18893644174909,83.95897674560547,11.170399755550964,2.1889364417490897,ok
stencil,sycl,4096,random,2,1,16_64_0_2_2,83.18016052246094,6.851585388183594,8.976435595883036,8.976435595883029,79.13459014892578,8.976435595883036,8.976435595883036,ok
stencil,sycl,4096,random,2,2,32_32_2_4_4,97.68934631347656,21.36077117919922,27.98528747801372,8.976435595883029,97.63225936889648,27.98528747801372,8.976435595883036,ok
stencil,sycl,4096,random,2,3,16_32_1_2_1,95.51737213134766,19.188796997070312,25.139729076971975,8.976435595883029,85.9043197631836,25.139729076971975,8.976435595883036,ok
stencil,sycl,4096,random,2,4,64_128_1_4_4,100.49823760986328,24.169662475585938,31.665287126173425,8.976435595883029,99.33312225341797,31.665287126173425,8.976435595883036,ok
stencil,sycl,4096,random,2,5,32_32_8_4_2,96.6526107788086,20.32403564453125,26.627033989272263,8.976435595883029,82.88271713256836,26.627033989272263,8.976435595883036,ok
stencil,sycl,4096,random,2,6,64_128_0_4_4,100.5304946899414,24.201919555664062,31.707547943988224,8.976435595883029,99.46310043334961,31.707547943988224,8.976435595883036,ok
stencil,sycl,4096,random,2,7,16_64_8_4_2,80.02239990234375,3.6938247680664062,4.839373408409919,4.839373408409923,79.09849548339844,4.839373408409919,4.839373408409919,ok
stencil,sycl,4096,random,2,8,64_32_8_4_1,99.59123229980469,23.262657165527344,30.476996491292606,4.839373408409923,80.49580764770508,30.476996491292606,4.839373408409919,ok
stencil,sycl,4096,random,2,9,16_64_1_2_2,85.80582427978516,9.477249145507812,12.416384203210162,4.839373408409923,80.95878601074219,12.416384203210162,4.839373408409919,ok
stencil,sycl,4096,random,2,10,32_128_0_2_4,96.46636962890625,20.137794494628906,26.383034740531276,4.839373408409923,95.63580703735352,26.383034740531276,4.839373408409919,ok
stencil,sycl,4096,random,2,11,64_32_0_4_2,81.50994873046875,5.181373596191406,6.788248813863396,4.839373408409923,81.85331344604492,6.788248813863396,4.839373408409919,ok
stencil,sycl,4096,random,2,12,16_32_8_4_4,95.24813079833984,18.9195556640625,24.786989185608643,4.839373408409923,127.25945281982422,24.786989185608643,4.839373408409919,ok
stencil,sycl,4096,random,2,13,64_64_8_4_2,87.96185302734375,11.633277893066406,15.241052086457962,4.839373408409923,80.53350448608398,15.241052086457962,4.839373408409919,ok
stencil,sycl,4096,random,2,14,32_32_1_2_2,110.24781036376953,33.91923522949219,44.438449387822864,4.839373408409923,83.53353500366211,44.438449387822864,4.839373408409919,ok
stencil,sycl,4096,random,2,15,16_64_1_4_1,96.69459533691406,20.36602020263672,26.682039022487693,4.839373408409923,79.60976028442383,26.682039022487693,4.839373408409919,ok
stencil,sycl,4096,random,3,1,16_64_0_2_2,83.18016052246094,6.851585388183594,8.976435595883036,8.976435595883029,79.65517044067383,8.976435595883036,8.976435595883036,ok
stencil,sycl,4096,random,3,2,64_32_0_4_2,81.50994873046875,5.181373596191406,6.788248813863396,6.788248813863388,78.8572769165039,6.788248813863396,6.788248813863396,ok
stencil,sycl,4096,random,3,3,16_32_8_2_4,93.56633758544922,17.237762451171875,22.583629290664973,6.788248813863388,93.06950378417969,22.583629290664973,6.788248813863396,ok
stencil,sycl,4096,random,3,4,16_128_2_1_4,122.77145385742188,46.44287872314453,60.84599200422929,6.788248813863388,98.25613021850586,60.84599200422929,6.788248813863396,ok
stencil,sycl,4096,random,3,5,16_32_2_2_1,95.51200103759766,19.183425903320312,25.132692270978207,6.788248813863388,84.02630233764648,25.132692270978207,6.788248813863396,ok
stencil,sycl,4096,random,3,6,16_128_0_4_2,95.76435089111328,19.435775756835938,25.46330220712818,6.788248813863388,78.35577392578125,25.46330220712818,25.46330220712818,ok
stencil,sycl,4096,random,3,7,64_64_0_2_4,96.02374267578125,19.695167541503906,25.80313795568192,6.788248813863388,95.02861022949219,25.80313795568192,25.46330220712818,ok
stencil,sycl,4096,random,3,8,64_32_1_1_4,106.35794830322266,30.029373168945312,39.34224255610379,6.788248813863388,98.64537811279297,39.34224255610379,25.46330220712818,ok
stencil,sycl,4096,random,3,9,16_128_1_4_4,126.7720947265625,50.443519592285156,66.08733295956965,6.788248813863388,96.55615997314453,66.08733295956965,25.46330220712818,ok
stencil,sycl,4096,random,3,10,16_64_0_1_2,125.87596893310547,49.547393798828125,64.91329585501143,6.788248813863388,82.90169525146484,64.91329585501143,25.46330220712818,ok
stencil,sycl,4096,random,3,11,32_128_2_4_2,85.0917739868164,8.763198852539062,11.48088882456253,6.788248813863388,79.43270492553711,11.48088882456253,25.46330220712818,ok
stencil,sycl,4096,random,3,12,64_32_2_2_2,101.0531234741211,24.72454833984375,32.392257154477576,6.788248813863388,81.33241653442383,32.392257154477576,25.46330220712818,ok
stencil,sycl,4096,random,3,13,64_64_0_4_4,97.42591857910156,21.09734344482422,27.64016412950161,6.788248813863388,96.14656066894531,27.64016412950161,25.46330220712818,ok
stencil,sycl,4096,random,3,14,32_32_2_4_2,76.4610595703125,0.13248443603515625,0.1735712160250369,0.17357121602504624,76.65785217285156,0.1735712160250369,0.1735712160250369,ok
stencil,sycl,4096,random,3,15,16_128_1_4_2,80.91033935546875,4.581764221191406,6.00268538110551,0.17357121602504624,78.06828689575195,6.00268538110551,0.1735712160250369,ok
stencil,sycl,4096,random,4,1,16_64_0_2_2,83.18016052246094,6.851585388183594,8.976435595883036,8.976435595883029,93.75660705566406,8.976435595883036,8.976435595883036,ok
stencil,sycl,4096,random,4,2,32_32_1_4_1,91.72608184814453,15.397506713867188,20.17266362797927,8.976435595883029,80.15852737426758,20.17266362797927,20.17266362797927,ok
stencil,sycl,4096,random,4,3,32_32_1_4_4,96.69696044921875,20.368385314941406,26.68513761603608,8.976435595883029,96.78451156616211,26.68513761603608,20.17266362797927,ok
stencil,sycl,4096,random,4,4,32_32_8_2_2,81.88076782226562,5.552192687988281,7.274068300398451,7.274068300398449,81.89522933959961,7.274068300398451,20.17266362797927,ok
stencil,sycl,4096,random,4,5,64_32_8_4_2,81.20230102539062,4.873725891113281,6.385191761459463,6.385191761459473,80.36492538452148,6.385191761459463,20.17266362797927,ok
stencil,sycl,4096,random,4,6,16_64_8_2_4,91.83628845214844,15.507713317871094,20.317048091871094,6.385191761459473,91.95884704589844,20.317048091871094,20.17266362797927,ok
stencil,sycl,4096,random,4,7,32_64_1_1_4,97.54854583740234,21.219970703125,27.800821207254025,6.385191761459473,97.06988906860352,27.800821207254025,20.17266362797927,ok
stencil,sycl,4096,random,4,8,64_64_0_4_2,102.2126693725586,25.88409423828125,33.911407612084865,6.385191761459473,78.88985824584961,33.911407612084865,33.911407612084865,ok
stencil,sycl,4096,random,4,9,64_32_1_4_1,80.92179107666016,4.5932159423828125,6.017688571157542,6.017688571157551,80.63590621948242,6.017688571157542,33.911407612084865,ok
stencil,sycl,4096,random,4,10,32_32_8_1_4,95.64569854736328,19.317123413085938,25.30785276562968,6.017688571157551,95.96524810791016,25.30785276562968,33.911407612084865,ok
stencil,sycl,4096,random,4,11,16_128_2_2_2,83.5499496459961,7.22137451171875,9.460905694905076,6.017688571157551,80.12345504760742,9.460905694905076,33.911407612084865,ok
stencil,sycl,4096,random,4,12,32_32_1_1_2,126.84294128417969,50.514366149902344,66.18015082953848,6.017688571157551,103.65184020996094,66.18015082953848,33.911407612084865,ok
stencil,sycl,4096,random,4,13,64_32_1_4_4,105.78707122802734,29.45849609375,38.5943220372273,6.017688571157551,96.73241424560547,38.5943220372273,33.911407612084865,ok
stencil,sycl,4096,random,4,14,16_32_8_1_4,96.17881774902344,19.850242614746094,26.006305737825606,6.017688571157551,96.30246353149414,26.006305737825606,33.911407612084865,ok
stencil,sycl,4096,random,4,15,32_32_0_2_1,83.55174255371094,7.223167419433594,9.463254628724016,6.017688571157551,83.9299201965332,9.463254628724016,33.911407612084865,ok
stencil,sycl,4096,random,5,1,16_64_0_2_2,83.18016052246094,6.851585388183594,8.976435595883036,8.976435595883029,79.70438385009766,8.976435595883036,8.976435595883036,ok
stencil,sycl,4096,random,5,2,16_64_8_1_2,85.46495819091797,9.136383056640625,11.969806904645974,8.976435595883029,103.54803466796875,11.969806904645974,8.976435595883036,ok
stencil,sycl,4096,random,5,3,32_32_0_2_1,83.55174255371094,7.223167419433594,9.463254628724016,8.976435595883029,102.29293060302734,9.463254628724016,8.976435595883036,ok
stencil,sycl,4096,random,5,4,32_32_1_2_1,83.048828125,6.720252990722656,8.804373694779933,8.804373694779938,88.21670532226562,8.804373694779933,8.976435595883036,ok
stencil,sycl,4096,random,5,5,32_32_8_1_4,95.64569854736328,19.317123413085938,25.30785276562968,8.804373694779938,133.6117401123047,25.30785276562968,8.976435595883036,ok
stencil,sycl,4096,random,5,6,16_32_8_1_2,124.91059112548828,48.58201599121094,63.648529932263756,8.804373694779938,103.65839767456055,63.648529932263756,8.976435595883036,ok
stencil,sycl,4096,random,5,7,32_64_0_4_4,101.55615997314453,25.227584838867188,33.051298015830625,8.804373694779938,132.94937896728516,33.051298015830625,8.976435595883036,ok
stencil,sycl,4096,random,5,8,32_32_1_2_2,110.24781036376953,33.91923522949219,44.438449387822864,8.804373694779938,85.9508171081543,44.438449387822864,8.976435595883036,ok
stencil,sycl,4096,random,5,9,16_32_1_1_4,97.17107391357422,20.842498779296875,27.306285676931232,8.804373694779938,124.3858871459961,27.306285676931232,8.976435595883036,ok
stencil,sycl,4096,random,5,10,32_64_1_1_4,97.54854583740234,21.219970703125,27.800821207254025,8.804373694779938,120.40438461303711,27.800821207254025,8.976435595883036,ok
stencil,sycl,4096,random,5,11,16_128_8_2_4,100.6292495727539,24.300674438476562,31.836929217828036,8.804373694779938,132.42166137695312,31.836929217828036,8.976435595883036,ok
stencil,sycl,4096,random,5,12,32_64_1_4_2,80.7923812866211,4.46380615234375,5.8481455267454185,5.8481455267454105,81.5088005065918,5.8481455267454185,8.976435595883036,ok
stencil,sycl,4096,random,5,13,16_64_8_4_2,80.02239990234375,3.6938247680664062,4.839373408409919,4.839373408409923,79.5307502746582,4.839373408409919,4.839373408409919,ok
stencil,sycl,4096,random,5,14,32_128_1_4_2,95.23712158203125,18.908546447753906,24.772565732414066,4.839373408409923,79.29138946533203,24.772565732414066,24.772565732414066,ok
stencil,sycl,4096,random,5,15,16_32_1_4_2,85.09369659423828,8.765121459960938,11.483407681253489,4.839373408409923,94.32745361328125,11.483407681253489,24.772565732414066,ok
stencil,sycl,4096,random,6,1,16_64_0_2_2,83.18016052246094,6.851585388183594,8.976435595883036,8.976435595883029,85.12960052490234,8.976435595883036,8.976435595883036,ok
stencil,sycl,4096,random,6,2,16_64_1_1_4,135.25465393066406,58.92607879638672,77.20054867095824,8.976435595883029,127.74671936035156,77.20054867095824,8.976435595883036,ok
stencil,sycl,4096,random,6,3,16_128_0_4_1,83.86163330078125,7.533058166503906,9.869250347267378,8.976435595883029,80.72713470458984,9.869250347267378,9.869250347267378,ok
stencil,sycl,4096,random,6,4,16_64_1_1_2,85.6938247680664,9.365249633789062,12.269650805499378,8.976435595883029,83.3502082824707,12.269650805499378,9.869250347267378,ok
stencil,sycl,4096,random,6,5,64_64_0_4_4,97.42591857910156,21.09734344482422,27.64016412950161,8.976435595883029,117.27350616455078,27.64016412950161,9.869250347267378,ok
stencil,sycl,4096,random,6,6,16_64_1_2_1,82.08998107910156,5.761405944824219,7.548163888411041,7.548163888411049,85.8656005859375,7.548163888411041,9.869250347267378,ok
stencil,sycl,4096,random,6,7,16_128_2_4_2,96.22438049316406,19.89580535888672,26.06599864321584,7.548163888411049,85.48534393310547,26.06599864321584,9.869250347267378,ok
stencil,sycl,4096,random,6,8,64_64_2_2_4,95.86982727050781,19.54125213623047,25.601489483923245,7.548163888411049,133.0164794921875,25.601489483923245,9.869250347267378,ok
stencil,sycl,4096,random,6,9,16_32_8_4_2,79.02899169921875,2.7004165649414062,3.5378841543823203,3.5378841543823256,80.0080337524414,3.5378841543823203,3.5378841543823203,ok
stencil,sycl,4096,random,6,10,16_32_1_2_2,83.15257263183594,6.823997497558594,8.940292001460538,3.5378841543823256,78.74560165405273,8.940292001460538,8.940292001460538,ok
stencil,sycl,4096,random,6,11,32_32_0_4_2,85.7109146118164,9.382339477539062,12.292040642752244,3.5378841543823256,82.29846572875977,12.292040642752244,8.940292001460538,ok
stencil,sycl,4096,random,6,12,32_32_0_2_1,83.55174255371094,7.223167419433594,9.463254628724016,3.5378841543823256,85.63983917236328,9.463254628724016,8.940292001460538,ok
stencil,sycl,4096,random,6,13,32_64_2_4_2,81.2608642578125,4.932289123535156,6.4619169359027895,3.5378841543823256,77.29727935791016,6.4619169359027895,6.4619169359027895,ok
stencil,sycl,4096,random,6,14,64_32_2_1_4,99.28543853759766,22.956863403320312,30.076368336412095,3.5378841543823256,136.34649658203125,30.076368336412095,6.4619169359027895,ok
stencil,sycl,4096,random,6,15,64_32_1_1_4,106.35794830322266,30.029373168945312,39.34224255610379,3.5378841543823256,137.5095977783203,39.34224255610379,6.4619169359027895,ok
stencil,sycl,4096,random,7,1,16_64_0_2_2,83.18016052246094,6.851585388183594,8.976435595883036,8.976435595883029,78.98883438110352,8.976435595883036,8.976435595883036,ok
stencil,sycl,4096,random,7,2,16_128_2_4_1,82.68838500976562,6.359809875488281,8.332148038005549,8.332148038005549,88.95075225830078,8.332148038005549,8.976435595883036,ok
stencil,sycl,4096,random,7,3,16_32_1_1_4,97.17107391357422,20.842498779296875,27.306285676931232,8.332148038005549,96.9295654296875,27.306285676931232,8.976435595883036,ok
stencil,sycl,4096,random,7,4,16_128_8_2_2,81.2806396484375,4.952064514160156,6.48782517615254,6.487825176152544,82.53478622436523,6.48782517615254,8.976435595883036,ok
stencil,sycl,4096,random,7,5,32_128_0_2_4,96.46636962890625,20.137794494628906,26.383034740531276,6.487825176152544,133.27305603027344,26.383034740531276,8.976435595883036,ok
stencil,sycl,4096,random,7,6,16_64_2_4_2,80.3109130859375,3.9823379516601562,5.2173618394610655,5.217361839461069,87.74898910522461,5.2173618394610655,8.976435595883036,ok
stencil,sycl,4096,random,7,7,32_32_1_4_2,101.7159652709961,25.38739013671875,33.260662985071065,5.217361839461069,76.05196762084961,33.260662985071065,33.260662985071065,ok
stencil,sycl,4096,random,7,8,32_64_2_1_4,101.76537322998047,25.436798095703125,33.32539360384321,5.217361839461069,133.09439849853516,33.32539360384321,33.260662985071065,ok
stencil,sycl,4096,random,7,9,16_32_1_2_4,111.43795013427734,35.109375,45.99768165229803,5.217361839461069,131.6561279296875,45.99768165229803,33.260662985071065,ok
stencil,sycl,4096,random,7,10,32_64_8_2_2,91.54962921142578,15.221054077148438,19.941488558343366,5.217361839461069,85.71363067626953,19.941488558343366,33.260662985071065,ok
stencil,sycl,4096,random,7,11,16_32_8_4_1,96.08857727050781,19.76000213623047,25.888079400759988,5.217361839461069,83.51884841918945,25.888079400759988,33.260662985071065,ok
stencil,sycl,4096,random,7,12,16_128_0_4_2,95.76435089111328,19.435775756835938,25.46330220712818,5.217361839461069,76.851806640625,25.46330220712818,33.260662985071065,ok
stencil,sycl,4096,random,7,13,32_32_8_2_4,101.62438201904297,25.295806884765625,33.14067744650704,5.217361839461069,130.01596450805664,33.14067744650704,33.260662985071065,ok
stencil,sycl,4096,random,7,14,16_32_0_4_4,94.9968032836914,18.668228149414062,24.45771864150863,5.217361839461069,115.64495849609375,24.45771864150863,33.260662985071065,ok
stencil,sycl,4096,random,7,15,16_32_2_1_2,114.6270751953125,38.298500061035156,50.17583518840798,5.217361839461069,101.27945709228516,50.17583518840798,33.260662985071065,ok
stencil,sycl,4096,random,8,1,16_64_0_2_2,83.18016052246094,6.851585388183594,8.976435595883036,8.976435595883029,78.05324935913086,8.976435595883036,8.976435595883036,ok
stencil,sycl,4096,random,8,2,32_128_0_2_4,96.46636962890625,20.137794494628906,26.383034740531276,8.976435595883029,137.29261016845703,26.383034740531276,8.976435595883036,ok
stencil,sycl,4096,random,8,3,16_128_8_4_4,96.78323364257812,20.45465850830078,26.798166312310844,8.976435595883029,123.82995223999023,26.798166312310844,8.976435595883036,ok
stencil,sycl,4096,random,8,4,16_32_1_2_1,95.51737213134766,19.188796997070312,25.139729076971975,8.976435595883029,84.00790405273438,25.139729076971975,8.976435595883036,ok
stencil,sycl,4096,random,8,5,64_128_8_4_4,99.8314208984375,23.502845764160156,30.791673659326023,8.976435595883029,134.05785369873047,30.791673659326023,8.976435595883036,ok
stencil,sycl,4096,random,8,6,32_128_8_4_4,136.83328247070312,60.50470733642578,79.26874991441383,8.976435595883029,132.54739379882812,79.26874991441383,8.976435595883036,ok
stencil,sycl,4096,random,8,7,64_64_0_4_4,97.42591857910156,21.09734344482422,27.64016412950161,8.976435595883029,96.0956802368164,27.64016412950161,8.976435595883036,ok
stencil,sycl,4096,random,8,8,16_128_2_2_4,116.06732940673828,39.73875427246094,52.062748718356744,8.976435595883029,135.6868133544922,52.062748718356744,8.976435595883036,ok
stencil,sycl,4096,random,8,9,16_32_2_1_2,114.6270751953125,38.298500061035156,50.17583518840798,8.976435595883029,95.7608642578125,50.17583518840798,8.976435595883036,ok
stencil,sycl,4096,random,8,10,16_128_8_4_2,95.70854187011719,19.379966735839844,25.390185394849276,8.976435595883029,78.72697830200195,25.390185394849276,8.976435595883036,ok
stencil,sycl,4096,random,8,11,32_64_8_2_4,95.19667053222656,18.86809539794922,24.719569787273564,8.976435595883029,93.47212600708008,24.719569787273564,8.976435595883036,ok
stencil,sycl,4096,random,8,12,32_32_2_2_1,85.82259368896484,9.4940185546875,12.438354231014536,8.976435595883029,90.8259506225586,12.438354231014536,8.976435595883036,ok
stencil,sycl,4096,random,8,13,16_32_8_1_2,124.91059112548828,48.58201599121094,63.648529932263756,8.976435595883029,79.28243255615234,63.648529932263756,8.976435595883036,ok
stencil,sycl,4096,random,8,14,64_32_0_2_2,96.24441528320312,19.91584014892578,26.092246729209624,8.976435595883029,81.33977508544922,26.092246729209624,8.976435595883036,ok
stencil,sycl,4096,random,8,15,64_64_0_2_4,96.02374267578125,19.695167541503906,25.80313795568192,8.976435595883029,130.86803436279297,25.80313795568192,8.976435595883036,ok
stencil,sycl,4096,random,9,1,16_64_0_2_2,83.18016052246094,6.851585388183594,8.976435595883036,8.976435595883029,77.73382568359375,8.976435595883036,8.976435595883036,ok
stencil,sycl,4096,random,9,2,16_128_8_4_1,79.34246063232422,3.013885498046875,3.9485677451005063,3.948567745100499,80.0181770324707,3.9485677451005063,8.976435595883036,ok
stencil,sycl,4096,random,9,3,16_128_8_1_4,117.0804443359375,40.751869201660156,53.390056253466554,3.948567745100499,134.94735717773438,53.390056253466554,8.976435595883036,ok
stencil,sycl,4096,random,9,4,32_128_1_4_4,132.27142333984375,55.942848205566406,73.29214269643009,3.948567745100499,133.51446533203125,73.29214269643009,8.976435595883036,ok
stencil,sycl,4096,random,9,5,16_32_0_4_4,94.9968032836914,18.668228149414062,24.45771864150863,3.948567745100499,132.90399932861328,24.45771864150863,8.976435595883036,ok
stencil,sycl,4096,random,9,6,32_64_2_4_1,96.55366516113281,20.22509002685547,26.497402828855975,3.948567745100499,77.84918212890625,26.497402828855975,8.976435595883036,ok
stencil,sycl,4096,random,9,7,16_64_0_1_4,94.37529754638672,18.046722412109375,23.643468229770505,3.948567745100499,134.52764892578125,23.643468229770505,8.976435595883036,ok
stencil,sycl,4096,random,9,8,32_32_2_2_2,84.43251037597656,8.103935241699219,10.617170866143866,3.948567745100499,81.56876754760742,10.617170866143866,8.976435595883036,ok
stencil,sycl,4096,random,9,9,32_32_8_2_2,81.88076782226562,5.552192687988281,7.274068300398451,3.948567745100499,80.32614517211914,7.274068300398451,8.976435595883036,ok
stencil,sycl,4096,random,9,10,64_64_8_4_4,106.50656127929688,30.17798614501953,39.53694418103624,3.948567745100499,95.77388763427734,39.53694418103624,8.976435595883036,ok
stencil,sycl,4096,random,9,11,16_64_1_1_4,135.25465393066406,58.92607879638672,77.20054867095824,3.948567745100499,95.17606353759766,77.20054867095824,8.976435595883036,ok
stencil,sycl,4096,random,9,12,32_32_8_1_4,95.64569854736328,19.317123413085938,25.30785276562968,3.948567745100499,137.5711669921875,25.30785276562968,8.976435595883036,ok
stencil,sycl,4096,random,9,13,32_32_0_1_4,95.65773010253906,19.32915496826172,25.323615610874217,3.948567745100499,95.53484725952148,25.323615610874217,8.976435595883036,ok
stencil,sycl,4096,random,9,14,32_64_0_4_2,81.81817626953125,5.489601135253906,7.192065521459812,3.948567745100499,79.6789436340332,7.192065521459812,8.976435595883036,ok
stencil,sycl,4096,random,9,15,32_32_2_2_1,85.82259368896484,9.4940185546875,12.438354231014536,3.948567745100499,93.9972152709961,12.438354231014536,8.976435595883036,ok
stencil,cuda,4096,bayesian,0,1,16_64_0_2_2,71.35865783691406,9.131649017333984,14.67473560204402,14.674735602044011,71.3691520690918,14.67473560204402,14.67473560204402,ok
stencil,cuda,4096,bayesian,0,2,32_128_0_4_2,67.276611328125,5.049602508544922,8.11480835144376,8.114808351443747,70.74678421020508,8.11480835144376,8.11480835144376,ok
stencil,cuda,4096,bayesian,0,3,16_32_1_1_2,83.20240020751953,20.975391387939453,33.70785738513504,8.114808351443747,83.44569396972656,33.70785738513504,8.11480835144376,ok
stencil,cuda,4096,bayesian,0,4,64_64_8_4_4,104.13420867919922,41.90719985961914,67.34567618559998,8.114808351443747,104.10534286499023,67.34567618559998,8.11480835144376,ok
stencil,cuda,4096,bayesian,0,5,16_32_2_1_2,84.19789123535156,21.970882415771484,35.307630613378,8.114808351443747,84.27185821533203,35.307630613378,8.11480835144376,ok
stencil,cuda,4096,bayesian,0,6,16_32_2_2_4,107.61052703857422,45.38351821899414,72.93218664997755,8.114808351443747,107.91243362426758,72.93218664997755,8.11480835144376,ok
stencil,cuda,4096,bayesian,0,7,32_32_8_4_2,78.98851013183594,16.76150131225586,26.936054986756417,8.114808351443747,78.89075088500977,26.936054986756417,8.11480835144376,ok
stencil,cuda,4096,bayesian,0,8,32_64_8_4_1,63.7542724609375,1.5272636413574219,2.4543420458880583,2.4543420458880543,65.55741119384766,2.4543420458880583,2.4543420458880583,ok
stencil,cuda,4096,bayesian,0,9,32_64_8_4_1,63.7542724609375,1.5272636413574219,2.4543420458880583,2.4543420458880543,69.36735916137695,2.4543420458880583,2.4543420458880583,ok
stencil,cuda,4096,bayesian,0,10,16_64_8_2_4,100.84217834472656,38.615169525146484,62.0553201216961,2.4543420458880543,100.87263870239258,62.0553201216961,2.4543420458880583,ok
stencil,cuda,4096,bayesian,0,11,32_64_1_4_1,63.851680755615234,1.6246719360351562,2.610879048912196,2.4543420458880543,69.21625900268555,2.610879048912196,2.4543420458880583,ok
stencil,cuda,4096,bayesian,0,12,32_64_1_4_1,63.851680755615234,1.6246719360351562,2.610879048912196,2.4543420458880543,67.44128036499023,2.610879048912196,2.4543420458880583,ok
stencil,cuda,4096,bayesian,0,13,16_64_0_1_4,100.26227569580078,38.0352668762207,61.1234054114661,2.4543420458880543,100.39102554321289,61.1234054114661,2.4543420458880583,ok
stencil,cuda,4096,bayesian,0,14,16_32_0_4_1,67.77388763427734,5.546878814697266,8.913940939664622,2.4543420458880543,68.03169631958008,8.913940939664622,2.4543420458880583,ok
stencil,cuda,4096,bayesian,0,15,32_64_2_4_2,69.74591827392578,7.518909454345703,12.083032106116342,2.4543420458880543,71.54695892333984,12.083032106116342,2.4543420458880583,ok
stencil,cuda,4096,bayesian,1,1,16_64_0_2_2,71.35865783691406,9.131649017333984,14.67473560204402,14.674735602044011,70.13268661499023,14.67473560204402,14.67473560204402,ok
stencil,cuda,4096,bayesian,1,2,64_64_8_2_4,104.57734680175781,42.350337982177734,68.05780767153307,14.674735602044011,104.5502700805664,68.05780767153307,14.67473560204402,ok
stencil,cuda,4096,bayesian,1,3,16_32_0_2_4,106.66000366210938,44.4329948425293,71.40467730235525,14.674735602044011,106.52184295654297,71.40467730235525,14.67473560204402,ok
stencil,cuda,4096,bayesian,1,4,32_128_2_4_4,100.71260833740234,38.485599517822266,61.84709862787516,14.674735602044011,100.27347183227539,61.84709862787516,14.67473560204402,ok
stencil,cuda,4096,bayesian,1,5,16_128_2_1_4,102.08201599121094,39.85500717163086,64.0477630656903,14.674735602044011,101.78227233886719,64.0477630656903,14.67473560204402,ok
stencil,cuda,4096,bayesian,1,6,16_128_0_4_2,79.84416198730469,17.61715316772461,28.31110397545138,14.674735602044011,70.61137771606445,28.31110397545138,14.67473560204402,ok
stencil,cuda,4096,bayesian,1,7,32_64_2_1_4,102.8315200805664,40.60451126098633,65.25223055267585,14.674735602044011,102.26998519897461,65.25223055267585,14.67473560204402,ok
stencil,cuda,4096,bayesian,1,8,32_32_1_4_4,112.74777221679688,50.5207633972168,81.18783845724585,14.674735602044011,112.37387084960938,81.18783845724585,14.67473560204402,ok
stencil,cuda,4096,bayesian,1,9,16_64_0_2_2,71.35865783691406,9.131649017333984,14.67473560204402,14.674735602044011,70.87726593017578,14.67473560204402,14.67473560204402,ok
stencil,cuda,4096,bayesian,1,10,16_64_0_1_4,100.26227569580078,38.0352668762207,61.1234054114661,14.674735602044011,100.0499038696289,61.1234054114661,14.67473560204402,ok
stencil,cuda,4096,bayesian,1,11,16_32_1_4_4,100.58617401123047,38.35916519165039,61.64391623397534,14.674735602044011,100.34223937988281,61.64391623397534,14.67473560204402,ok
stencil,cuda,4096,bayesian,1,12,16_128_0_4_2,79.84416198730469,17.61715316772461,28.31110397545138,14.674735602044011,69.30524826049805,28.31110397545138,28.31110397545138,ok
stencil,cuda,4096,bayesian,1,13,16_32_1_4_1,68.19353485107422,5.966526031494141,9.588322088232438,9.588322088232433,70.77606582641602,9.588322088232438,28.31110397545138,ok
stencil,cuda,4096,bayesian,1,14,16_32_0_2_2,75.58582305908203,13.358814239501953,21.467871416147077,9.588322088232433,75.55640029907227,21.467871416147077,28.31110397545138,ok
stencil,cuda,4096,bayesian,1,15,16_64_0_1_2,79.78262329101562,17.555614471435547,28.212210106926385,9.588322088232433,79.74919891357422,28.212210106926385,28.31110397545138,ok
stencil,cuda,4096,bayesian,2,1,16_64_0_2_2,71.35865783691406,9.131649017333984,14.67473560204402,14.674735602044011,70.93670272827148,14.67473560204402,14.67473560204402,ok
stencil,cuda,4096,bayesian,2,2,64_64_8_4_4,104.13420867919922,41.90719985961914,67.34567618559998,14.674735602044011,103.69209671020508,67.34567618559998,14.67473560204402,ok
stencil,cuda,4096,bayesian,2,3,16_32_8_2_1,79.65475463867188,17.427745819091797,28.00672272328162,14.674735602044011,77.77327728271484,28.00672272328162,14.67473560204402,ok
stencil,cuda,4096,bayesian,2,4,64_32_0_4_2,77.82780456542969,15.60079574584961,25.070778817413974,14.674735602044011,77.813232421875,25.070778817413974,14.67473560204402,ok
stencil,cuda,4096,bayesian,2,5,32_32_1_4_4,112.74777221679688,50.5207633972168,81.18783845724585,14.674735602044011,112.43148803710938,81.18783845724585,14.67473560204402,ok
stencil,cuda,4096,bayesian,2,6,32_32_2_4_2,78.76185607910156,16.534847259521484,26.57181756472071,14.674735602044011,78.64499282836914,26.57181756472071,14.67473560204402,ok
stencil,cuda,4096,bayesian,2,7,64_32_8_2_2,77.18943786621094,14.96242904663086,24.04491125391013,14.674735602044011,77.17953872680664,24.04491125391013,14.67473560204402,ok
stencil,cuda,4096,bayesian,2,8,16_64_2_2_2,69.55974578857422,7.332736968994141,11.783849341456465,11.783849341456461,71.40502166748047,11.783849341456465,14.67473560204402,ok
stencil,cuda,4096,bayesian,2,9,16_64_0_2_2,71.35865783691406,9.131649017333984,14.67473560204402,11.783849341456461,71.16334533691406,14.67473560204402,14.67473560204402,ok
stencil,cuda,4096,bayesian,2,10,64_64_0_4_4,104.17919921875,41.95219039916992,67.41797684797189,11.783849341456461,103.7620964050293,67.41797684797189,14.67473560204402,ok
stencil,cuda,4096,bayesian,2,11,32_64_1_2_2,70.34236907958984,8.115360260009766,13.041540022499397,11.783849341456461,71.31447982788086,13.041540022499397,14.67473560204402,ok
stencil,cuda,4096,bayesian,2,12,16_32_8_4_1,76.06221008300781,13.835201263427734,22.233434526061302,11.783849341456461,69.08735656738281,22.233434526061302,22.233434526061302,ok
stencil,cuda,4096,bayesian,2,13,32_64_8_1_4,102.45152282714844,40.22451400756836,64.64156765785516,11.783849341456461,102.1081314086914,64.64156765785516,22.233434526061302,ok
stencil,cuda,4096,bayesian,2,14,16_32_8_4_1,76.06221008300781,13.835201263427734,22.233434526061302,11.783849341456461,68.22551727294922,22.233434526061302,22.233434526061302,ok
stencil,cuda,4096,bayesian,2,15,32_64_0_2_4,102.03702545166016,39.81001663208008,63.975462403318396,11.783849341456461,101.69446182250977,63.975462403318396,22.233434526061302,ok
stencil,cuda,4096,bayesian,3,1,16_64_0_2_2,71.35865783691406,9.131649017333984,14.67473560204402,14.674735602044011,71.0676155090332,14.67473560204402,14.67473560204402,ok
stencil,cuda,4096,bayesian,3,2,16_32_2_4_2,79.52352142333984,17.296512603759766,27.79582842220325,14.674735602044011,78.01716613769531,27.79582842220325,14.67473560204402,ok
stencil,cuda,4096,bayesian,3,3,64_32_2_2_2,77.2850570678711,15.058048248291016,24.198573150044965,14.674735602044011,77.16802978515625,24.198573150044965,14.67473560204402,ok
stencil,cuda,4096,bayesian,3,4,32_32_1_4_4,112.74777221679688,50.5207633972168,81.18783845724585,14.674735602044011,112.42066955566406,81.18783845724585,14.67473560204402,ok
stencil,cuda,4096,bayesian,3,5,32_64_1_2_2,70.34236907958984,8.115360260009766,13.041540022499397,13.041540022499397,71.41001510620117,13.041540022499397,14.67473560204402,ok
stencil,cuda,4096,bayesian,3,6,64_32_8_2_4,109.73689270019531,47.509883880615234,76.3492971651017,13.041540022499397,109.38479995727539,76.3492971651017,14.67473560204402,ok
stencil,cuda,4096,bayesian,3,7,16_64_0_2_2,71.35865783691406,9.131649017333984,14.67473560204402,13.041540022499397,71.1500473022461,14.67473560204402,14.67473560204402,ok
stencil,cuda,4096,bayesian,3,8,16_64_1_2_4,100.00275421142578,37.7757453918457,60.706349394636746,13.041540022499397,99.60159683227539,60.706349394636746,14.67473560204402,ok
stencil,cuda,4096,bayesian,3,9,32_128_0_2_4,100.1995849609375,37.97257614135742,61.02266019479492,13.041540022499397,99.91083526611328,61.02266019479492,14.67473560204402,ok
stencil,cuda,4096,bayesian,3,10,32_32_2_2_1,79.81769561767578,17.590686798095703,28.268572010423696,13.041540022499397,79.67211151123047,28.268572010423696,14.67473560204402,ok
stencil,cuda,4096,bayesian,3,11,16_64_0_2_2,71.35865783691406,9.131649017333984,14.67473560204402,13.041540022499397,71.30196762084961,14.67473560204402,14.67473560204402,ok
stencil,cuda,4096,bayesian,3,12,16_32_1_2_2,75.56070709228516,13.333698272705078,21.427509574443103,13.041540022499397,75.61357116699219,21.427509574443103,14.67473560204402,ok
stencil,cuda,4096,bayesian,3,13,32_128_2_2_4,100.37686157226562,38.14985275268555,61.30754711880266,13.041540022499397,100.00291061401367,61.30754711880266,14.67473560204402,ok
stencil,cuda,4096,bayesian,3,14,16_64_0_2_2,71.35865783691406,9.131649017333984,14.67473560204402,13.041540022499397,70.9021110534668,14.67473560204402,14.67473560204402,ok
stencil,cuda,4096,bayesian,3,15,64_32_0_4_2,77.82780456542969,15.60079574584961,25.070778817413974,13.041540022499397,77.89867401123047,25.070778817413974,14.67473560204402,ok
stencil,cuda,4096,bayesian,4,1,16_64_0_2_2,71.35865783691406,9.131649017333984,14.67473560204402,14.674735602044011,71.30145645141602,14.67473560204402,14.67473560204402,ok
stencil,cuda,4096,bayesian,4,2,32_64_8_4_1,63.7542724609375,1.5272636413574219,2.4543420458880583,2.4543420458880543,68.10518264770508,2.4543420458880583,2.4543420458880583,ok
stencil,cuda,4096,bayesian,4,3,32_32_8_1_2,87.1220474243164,24.895038604736328,40.00680585003946,2.4543420458880543,86.68873596191406,40.00680585003946,2.4543420458880583,ok
stencil,cuda,4096,bayesian,4,4,16_128_0_1_4,102.11968231201172,39.89267349243164,64.10829356766253,2.4543420458880543,101.97198104858398,64.10829356766253,2.4543420458880583,ok
stencil,cuda,4096,bayesian,4,5,16_64_8_4_1,66.95833587646484,4.731327056884766,7.603333579158034,2.4543420458880543,64.69664001464844,7.603333579158034,7.603333579158034,ok
stencil,cuda,4096,bayesian,4,6,32_64_1_1_4,102.44287872314453,40.21586990356445,64.62767641646678,2.4543420458880543,102.06155395507812,64.62767641646678,7.603333579158034,ok
stencil,cuda,4096,bayesian,4,7,16_32_2_2_1,77.97241973876953,15.745410919189453,25.303178182389296,2.4543420458880543,77.91907119750977,25.303178182389296,7.603333579158034,ok
stencil,cuda,4096,bayesian,4,8,32_64_0_2_2,70.11666870117188,7.889659881591797,12.6788351734324,2.4543420458880543,71.53387069702148,12.6788351734324,7.603333579158034,ok
stencil,cuda,4096,bayesian,4,9,64_32_2_2_4,110.28864288330078,48.0616340637207,77.23597032129534,2.4543420458880543,110.08884811401367,77.23597032129534,7.603333579158034,ok
stencil,cuda,4096,bayesian,4,10,16_32_1_1_1,91.37078094482422,29.14377212524414,46.83460233440289,2.4543420458880543,91.36159896850586,46.83460233440289,7.603333579158034,ok
stencil,cuda,4096,bayesian,4,11,16_32_2_2_4,107.61052703857422,45.38351821899414,72.93218664997755,2.4543420458880543,107.4975357055664,72.93218664997755,7.603333579158034,ok
stencil,cuda,4096,bayesian,4,12,32_32_2_2_2,81.03858947753906,18.811580657958984,30.230571924967432,2.4543420458880543,75.89785766601562,30.230571924967432,7.603333579158034,ok
stencil,cuda,4096,bayesian,4,13,32_128_8_4_2,67.6247329711914,5.397724151611328,8.674246527358243,2.4543420458880543,71.27638244628906,8.674246527358243,7.603333579158034,ok
stencil,cuda,4096,bayesian,4,14,16_64_8_4_1,66.95833587646484,4.731327056884766,7.603333579158034,2.4543420458880543,66.16572952270508,7.603333579158034,7.603333579158034,ok
stencil,cuda,4096,bayesian,4,15,16_32_2_1_2,84.19789123535156,21.970882415771484,35.307630613378,2.4543420458880543,84.06889724731445,35.307630613378,7.603333579158034,ok
stencil,cuda,4096,bayesian,5,1,16_64_0_2_2,71.35865783691406,9.131649017333984,14.67473560204402,14.674735602044011,71.18186950683594,14.67473560204402,14.67473560204402,ok
stencil,cuda,4096,bayesian,5,2,64_64_8_2_4,104.57734680175781,42.350337982177734,68.05780767153307,14.674735602044011,104.53185272216797,68.05780767153307,14.67473560204402,ok
stencil,cuda,4096,bayesian,5,3,16_32_1_2_2,75.56070709228516,13.333698272705078,21.427509574443103,14.674735602044011,75.61185836791992,21.427509574443103,14.67473560204402,ok
stencil,cuda,4096,bayesian,5,4,16_64_0_4_1,70.72541046142578,8.498401641845703,13.657094890236209,13.657094890236204,64.44428634643555,13.657094890236209,13.657094890236209,ok
stencil,cuda,4096,bayesian,5,5,32_32_8_2_2,75.96867370605469,13.74166488647461,22.08311976929014,13.657094890236204,75.84563064575195,22.08311976929014,13.657094890236209,ok
stencil,cuda,4096,bayesian,5,6,16_32_2_1_4,105.29401397705078,43.0670051574707,69.20950560605996,13.657094890236204,105.0094108581543,69.20950560605996,13.657094890236209,ok
stencil,cuda,4096,bayesian,5,7,64_64_2_2_4,104.75225830078125,42.52524948120117,68.3388938145784,13.657094890236204,104.78987121582031,68.3388938145784,13.657094890236209,ok
stencil,cuda,4096,bayesian,5,8,16_64_0_4_1,70.72541046142578,8.498401641845703,13.657094890236209,13.657094890236204,68.21022415161133,13.657094890236209,13.657094890236209,ok
stencil,cuda,4096,bayesian,5,9,32_32_8_2_4,108.29840087890625,46.07139205932617,74.03761314143313,13.657094890236204,108.00334167480469,74.03761314143313,13.657094890236209,ok
stencil,cuda,4096,bayesian,5,10,32_64_8_1_4,102.45152282714844,40.22451400756836,64.64156765785516,13.657094890236204,102.07953643798828,64.64156765785516,13.657094890236209,ok
stencil,cuda,4096,bayesian,5,11,16_128_8_4_2,69.63142395019531,7.404415130615234,11.899037525784784,11.899037525784774,70.6612319946289,11.899037525784784,13.657094890236209,ok
stencil,cuda,4096,bayesian,5,12,16_64_0_4_1,70.72541046142578,8.498401641845703,13.657094890236209,11.899037525784774,67.97611236572266,13.657094890236209,13.657094890236209,ok
stencil,cuda,4096,bayesian,5,13,16_64_0_4_1,70.72541046142578,8.498401641845703,13.657094890236209,11.899037525784774,67.254638671875,13.657094890236209,13.657094890236209,ok
stencil,cuda,4096,bayesian,5,14,32_64_8_4_1,63.7542724609375,1.5272636413574219,2.4543420458880583,2.4543420458880543,68.43803405761719,2.4543420458880583,13.657094890236209,ok
stencil,cuda,4096,bayesian,5,15,64_32_0_2_2,77.22793579101562,15.000926971435547,24.106778159511055,2.4543420458880543,77.23427200317383,24.106778159511055,13.657094890236209,ok
stencil,cuda,4096,bayesian,6,1,16_64_0_2_2,71.35865783691406,9.131649017333984,14.67473560204402,14.674735602044011,71.06624221801758,14.67473560204402,14.67473560204402,ok
stencil,cuda,4096,bayesian,6,2,16_32_1_4_4,100.58617401123047,38.35916519165039,61.64391623397534,14.674735602044011,100.29508972167969,61.64391623397534,14.67473560204402,ok
stencil,cuda,4096,bayesian,6,3,32_64_2_2_2,73.24451446533203,11.017505645751953,17.705343475043,14.674735602044011,70.6655502319336,17.705343475043,17.705343475043,ok
stencil,cuda,4096,bayesian,6,4,16_32_0_1_1,91.31820678710938,29.091197967529297,46.75011465178378,14.674735602044011,91.32791900634766,46.75011465178378,17.705343475043,ok
stencil,cuda,4096,bayesian,6,5,32_32_2_1_4,107.4300765991211,45.203067779541016,72.64219932312996,14.674735602044011,107.00519943237305,72.64219932312996,17.705343475043,ok
stencil,cuda,4096,bayesian,6,6,32_32_1_2_4,107.42864227294922,45.20163345336914,72.639894333385,14.674735602044011,107.08342742919922,72.639894333385,17.705343475043,ok
stencil,cuda,4096,bayesian,6,7,16_128_1_4_4,100.53353881835938,38.3065299987793,61.55933046668625,14.674735602044011,100.2145767211914,61.55933046668625,17.705343475043,ok
stencil,cuda,4096,bayesian,6,8,32_64_2_4_4,104.3832015991211,42.156192779541016,67.74581259685478,14.674735602044011,104.09198379516602,67.74581259685478,17.705343475043,ok
stencil,cuda,4096,bayesian,6,9,16_32_8_4_2,78.12963104248047,15.90262222290039,25.55581977113537,14.674735602044011,78.1166877746582,25.55581977113537,17.705343475043,ok
stencil,cuda,4096,bayesian,6,10,32_64_0_1_4,102.455810546875,40.22880172729492,64.6484581059225,14.674735602044011,102.07582092285156,64.6484581059225,17.705343475043,ok
stencil,cuda,4096,bayesian,6,11,16_32_8_1_1,91.42249298095703,29.195484161376953,46.91770457105826,14.674735602044011,91.26779174804688,46.91770457105826,17.705343475043,ok
stencil,cuda,4096,bayesian,6,12,32_32_2_1_2,87.81501007080078,25.588001251220703,41.12041015085606,14.674735602044011,86.74324798583984,41.12041015085606,17.705343475043,ok
stencil,cuda,4096,bayesian,6,13,16_64_0_1_4,100.26227569580078,38.0352668762207,61.1234054114661,14.674735602044011,100.06499099731445,61.1234054114661,17.705343475043,ok
stencil,cuda,4096,bayesian,6,14,32_64_8_2_2,70.10991668701172,7.882907867431641,12.667984556813927,12.667984556813922,71.01460647583008,12.667984556813927,17.705343475043,ok
stencil,cuda,4096,bayesian,6,15,32_64_2_2_2,73.24451446533203,11.017505645751953,17.705343475043,12.667984556813922,71.45697784423828,17.705343475043,17.705343475043,ok
stencil,cuda,4096,bayesian,7,1,16_64_0_2_2,71.35865783691406,9.131649017333984,14.67473560204402,14.674735602044011,71.16726684570312,14.67473560204402,14.67473560204402,ok
stencil,cuda,4096,bayesian,7,2,16_32_0_1_2,83.67721557617188,21.450206756591797,34.470894814796836,14.674735602044011,83.65860748291016,34.470894814796836,14.67473560204402,ok
stencil,cuda,4096,bayesian,7,3,16_64_2_4_1,73.1319351196289,10.904926300048828,17.52442630123261,14.674735602044011,65.7613754272461,17.52442630123261,17.52442630123261,ok
stencil,cuda,4096,bayesian,7,4,64_32_0_1_4,108.96672058105469,46.73971176147461,75.11161575673826,14.674735602044011,108.77412796020508,75.11161575673826,17.52442630123261,ok
stencil,cuda,4096,bayesian,7,5,32_64_0_1_4,102.455810546875,40.22880172729492,64.6484581059225,14.674735602044011,102.08854293823242,64.6484581059225,17.52442630123261,ok
stencil,cuda,4096,bayesian,7,6,16_128_0_2_4,98.65177917480469,36.42477035522461,58.535306527160834,14.674735602044011,98.53744125366211,58.535306527160834,17.52442630123261,ok
stencil,cuda,4096,bayesian,7,7,16_64_2_4_1,73.1319351196289,10.904926300048828,17.52442630123261,14.674735602044011,65.149169921875,17.52442630123261,17.52442630123261,ok
stencil,cuda,4096,bayesian,7,8,16_64_2_4_1,73.1319351196289,10.904926300048828,17.52442630123261,14.674735602044011,66.73416137695312,17.52442630123261,17.52442630123261,ok
stencil,cuda,4096,bayesian,7,9,16_32_8_2_2,75.99068450927734,13.763675689697266,22.118491553407992,14.674735602044011,75.54118347167969,22.118491553407992,17.52442630123261,ok
stencil,cuda,4096,bayesian,7,10,64_32_2_4_2,78.6126708984375,16.385662078857422,26.33207411007932,14.674735602044011,77.88293075561523,26.33207411007932,17.52442630123261,ok
stencil,cuda,4096,bayesian,7,11,32_32_0_4_2,85.54361724853516,23.316608428955078,37.47023819923412,14.674735602044011,78.62515258789062,37.47023819923412,17.52442630123261,ok
stencil,cuda,4096,bayesian,7,12,32_32_1_2_4,107.42864227294922,45.20163345336914,72.639894333385,14.674735602044011,107.02729797363281,72.639894333385,17.52442630123261,ok
stencil,cuda,4096,bayesian,7,13,64_32_1_4_2,84.34143829345703,22.114429473876953,35.53831349662837,14.674735602044011,77.67887878417969,35.53831349662837,17.52442630123261,ok
stencil,cuda,4096,bayesian,7,14,32_128_8_4_2,67.6247329711914,5.397724151611328,8.674246527358243,8.674246527358235,68.7854232788086,8.674246527358243,17.52442630123261,ok
stencil,cuda,4096,bayesian,7,15,16_64_2_4_1,73.1319351196289,10.904926300048828,17.52442630123261,8.674246527358235,67.0694694519043,17.52442630123261,17.52442630123261,ok
stencil,cuda,4096,bayesian,8,1,16_64_0_2_2,71.35865783691406,9.131649017333984,14.67473560204402,14.674735602044011,71.37290954589844,14.67473560204402,14.67473560204402,ok
stencil,cuda,4096,bayesian,8,2,32_128_8_4_2,67.6247329711914,5.397724151611328,8.674246527358243,8.674246527358235,70.75707244873047,8.674246527358243,8.674246527358243,ok
stencil,cuda,4096,bayesian,8,3,64_32_1_4_1,68.20051574707031,5.973506927490234,9.599540522363403,8.674246527358235,70.77251434326172,9.599540522363403,8.674246527358243,ok
stencil,cuda,4096,bayesian,8,4,16_64_8_1_4,100.35702514648438,38.1300163269043,61.27566960105349,8.674246527358235,100.0209732055664,61.27566960105349,8.674246527358243,ok
stencil,cuda,4096,bayesian,8,5,32_32_0_2_4,108.19420623779297,45.96719741821289,73.87017034916366,8.674246527358235,107.87609481811523,73.87017034916366,8.674246527358243,ok
stencil,cuda,4096,bayesian,8,6,16_64_2_4_1,73.1319351196289,10.904926300048828,17.52442630123261,8.674246527358235,64.29671859741211,17.52442630123261,17.52442630123261,ok
stencil,cuda,4096,bayesian,8,7,64_32_0_2_2,77.22793579101562,15.000926971435547,24.106778159511055,8.674246527358235,77.09560012817383,24.106778159511055,17.52442630123261,ok
stencil,cuda,4096,bayesian,8,8,32_32_8_4_4,113.60694122314453,51.37993240356445,82.5685395750494,8.674246527358235,113.28423690795898,82.5685395750494,17.52442630123261,ok
stencil,cuda,4096,bayesian,8,9,16_64_0_4_2,75.48432159423828,13.257312774658203,21.304756609941244,8.674246527358235,71.36656188964844,21.304756609941244,17.52442630123261,ok
stencil,cuda,4096,bayesian,8,10,32_64_8_4_4,104.38582611083984,42.158817291259766,67.75003023766469,8.674246527358235,103.99571228027344,67.75003023766469,17.52442630123261,ok
stencil,cuda,4096,bayesian,8,11,16_64_8_2_4,100.84217834472656,38.615169525146484,62.0553201216961,8.674246527358235,100.59464263916016,62.0553201216961,17.52442630123261,ok
stencil,cuda,4096,bayesian,8,12,16_64_2_4_1,73.1319351196289,10.904926300048828,17.52442630123261,8.674246527358235,65.55007934570312,17.52442630123261,17.52442630123261,ok
stencil,cuda,4096,bayesian,8,13,16_32_0_1_2,83.67721557617188,21.450206756591797,34.470894814796836,8.674246527358235,83.66796493530273,34.470894814796836,17.52442630123261,ok
stencil,cuda,4096,bayesian,8,14,16_32_1_2_2,75.56070709228516,13.333698272705078,21.427509574443103,8.674246527358235,75.65451049804688,21.427509574443103,17.52442630123261,ok
stencil,cuda,4096,bayesian,8,15,32_32_8_1_4,106.47503662109375,44.24802780151367,71.10743170992784,8.674246527358235,106.17660903930664,71.10743170992784,17.52442630123261,ok
stencil,cuda,4096,bayesian,9,1,16_64_0_2_2,71.35865783691406,9.131649017333984,14.67473560204402,14.674735602044011,71.11775970458984,14.67473560204402,14.67473560204402,ok
stencil,cuda,4096,bayesian,9,2,64_32_1_2_4,108.95513916015625,46.72813034057617,75.09300419060622,14.674735602044011,108.61294174194336,75.09300419060622,14.67473560204402,ok
stencil,cuda,4096,bayesian,9,3,32_32_1_1_2,86.0450210571289,23.818012237548828,38.27600376326357,14.674735602044011,85.8569450378418,38.27600376326357,14.67473560204402,ok
stencil,cuda,4096,bayesian,9,4,32_32_1_4_1,72.2135009765625,9.986492156982422,16.048484968861487,14.674735602044011,70.33724594116211,16.048484968861487,16.048484968861487,ok
stencil,cuda,4096,bayesian,9,5,16_32_2_2_2,75.61939239501953,13.392383575439453,21.521817984645697,14.674735602044011,75.56670379638672,21.521817984645697,16.048484968861487,ok
stencil,cuda,4096,bayesian,9,6,16_32_8_1_4,104.42700958251953,42.20000076293945,67.81621286874548,14.674735602044011,104.0165901184082,67.81621286874548,16.048484968861487,ok
stencil,cuda,4096,bayesian,9,7,16_64_2_2_4,101.40243530273438,39.1754264831543,62.955663828770646,14.674735602044011,101.18087768554688,62.955663828770646,16.048484968861487,ok
stencil,cuda,4096,bayesian,9,8,16_64_1_4_2,76.27574157714844,14.04873275756836,22.57658374404756,14.674735602044011,71.29439926147461,22.57658374404756,16.048484968861487,ok
stencil,cuda,4096,bayesian,9,9,64_128_1_4_4,101.63065338134766,39.40364456176758,63.322414670475055,14.674735602044011,101.30104064941406,63.322414670475055,16.048484968861487,ok
stencil,cuda,4096,bayesian,9,10,32_32_1_4_1,72.2135009765625,9.986492156982422,16.048484968861487,14.674735602044011,69.80470657348633,16.048484968861487,16.048484968861487,ok
stencil,cuda,4096,bayesian,9,11,32_32_0_4_1,67.6767349243164,5.449726104736328,8.757814666196095,8.757814666196104,70.43371200561523,8.757814666196095,16.048484968861487,ok
stencil,cuda,4096,bayesian,9,12,16_32_1_1_4,103.47689819335938,41.2498893737793,66.28936559264567,8.757814666196104,103.32917022705078,66.28936559264567,16.048484968861487,ok
stencil,cuda,4096,bayesian,9,13,32_32_1_4_1,72.2135009765625,9.986492156982422,16.048484968861487,8.757814666196104,67.89803314208984,16.048484968861487,16.048484968861487,ok
stencil,cuda,4096,bayesian,9,14,32_32_2_2_4,109.26156616210938,47.0345573425293,75.58543827632866,8.757814666196104,108.82451248168945,75.58543827632866,16.048484968861487,ok
stencil,cuda,4096,bayesian,9,15,16_64_2_2_2,69.55974578857422,7.332736968994141,11.783849341456465,8.757814666196104,70.87184143066406,11.783849341456465,16.048484968861487,ok
stencil,cuda,4096,random,0,1,16_64_0_2_2,71.35865783691406,9.131649017333984,14.67473560204402,14.674735602044011,70.82907104492188,14.67473560204402,14.67473560204402,ok
stencil,cuda,4096,random,0,2,32_32_0_4_4,112.95225524902344,50.72524642944336,81.51644662290497,14.674735602044011,112.96431732177734,81.51644662290497,14.67473560204402,ok
stencil,cuda,4096,random,0,3,64_64_8_4_4,104.13420867919922,41.90719985961914,67.34567618559998,14.674735602044011,104.0134048461914,67.34567618559998,14.67473560204402,ok
stencil,cuda,4096,random,0,4,32_32_2_1_2,87.81501007080078,25.588001251220703,41.12041015085606,14.674735602044011,86.67692565917969,41.12041015085606,14.67473560204402,ok
stencil,cuda,4096,random,0,5,16_32_1_1_2,83.20240020751953,20.975391387939453,33.70785738513504,14.674735602044011,83.16918563842773,33.70785738513504,14.67473560204402,ok
stencil,cuda,4096,random,0,6,16_64_8_4_4,103.78185272216797,41.55484390258789,66.77943338570442,14.674735602044011,103.21355438232422,66.77943338570442,14.67473560204402,ok
stencil,cuda,4096,random,0,7,32_64_1_2_2,70.34236907958984,8.115360260009766,13.041540022499397,13.041540022499397,72.13116836547852,13.041540022499397,14.67473560204402,ok
stencil,cuda,4096,random,0,8,32_64_0_2_2,70.11666870117188,7.889659881591797,12.6788351734324,12.678835173432393,71.53686141967773,12.6788351734324,14.67473560204402,ok
stencil,cuda,4096,random,0,9,32_32_1_2_4,107.42864227294922,45.20163345336914,72.639894333385,12.678835173432393,107.09288024902344,72.639894333385,14.67473560204402,ok
stencil,cuda,4096,random,0,10,16_128_1_4_2,73.11711883544922,10.89011001586914,17.500616247590717,12.678835173432393,69.93401718139648,17.500616247590717,17.500616247590717,ok
stencil,cuda,4096,random,0,11,32_32_8_4_4,113.60694122314453,51.37993240356445,82.5685395750494,12.678835173432393,113.24966430664062,82.5685395750494,17.500616247590717,ok
stencil,cuda,4096,random,0,12,32_32_0_1_2,86.53778839111328,24.310779571533203,39.06789034648839,12.678835173432393,86.33095932006836,39.06789034648839,17.500616247590717,ok
stencil,cuda,4096,random,0,13,32_128_0_4_4,100.67501068115234,38.448001861572266,61.786678471156705,12.678835173432393,100.32422256469727,61.786678471156705,17.500616247590717,ok
stencil,cuda,4096,random,0,14,16_64_2_2_4,101.40243530273438,39.1754264831543,62.955663828770646,12.678835173432393,101.225341796875,62.955663828770646,17.500616247590717,ok
stencil,cuda,4096,random,0,15,32_64_1_1_4,102.44287872314453,40.21586990356445,64.62767641646678,12.678835173432393,102.0685920715332,64.62767641646678,17.500616247590717,ok
stencil,cuda,4096,random,1,1,16_64_0_2_2,71.35865783691406,9.131649017333984,14.67473560204402,14.674735602044011,71.43956756591797,14.67473560204402,14.67473560204402,ok
stencil,cuda,4096,random,1,2,32_32_2_2_1,79.81769561767578,17.590686798095703,28.268572010423696,14.674735602044011,79.64388656616211,28.268572010423696,14.67473560204402,ok
stencil,cuda,4096,random,1,3,64_32_2_1_4,109.38726043701172,47.16025161743164,75.78743139360478,14.674735602044011,109.00379180908203,75.78743139360478,14.67473560204402,ok
stencil,cuda,4096,random,1,4,64_64_8_4_4,104.13420867919922,41.90719985961914,67.34567618559998,14.674735602044011,103.72943878173828,67.34567618559998,14.67473560204402,ok
stencil,cuda,4096,random,1,5,16_32_2_4_2,79.52352142333984,17.296512603759766,27.79582842220325,14.674735602044011,78.08111953735352,27.79582842220325,14.67473560204402,ok
stencil,cuda,4096,random,1,6,32_32_1_1_4,106.02706909179688,43.8000602722168,70.38753927448118,14.674735602044011,105.63830184936523,70.38753927448118,14.67473560204402,ok
stencil,cuda,4096,random,1,7,16_128_8_4_4,100.33606719970703,38.10905838012695,61.24198977749309,14.674735602044011,100.0315170288086,61.24198977749309,14.67473560204402,ok
stencil,cuda,4096,random,1,8,16_32_1_4_2,77.9612808227539,15.734272003173828,25.285277730114753,14.674735602044011,77.91475296020508,25.285277730114753,14.67473560204402,ok
stencil,cuda,4096,random,1,9,32_32_8_2_4,108.29840087890625,46.07139205932617,74.03761314143313,14.674735602044011,108.01073455810547,74.03761314143313,14.67473560204402,ok
stencil,cuda,4096,random,1,10,16_64_0_4_4,103.82137298583984,41.594364166259766,66.84294320952779,14.674735602044011,103.67694473266602,66.84294320952779,14.67473560204402,ok
stencil,cuda,4096,random,1,11,32_64_2_2_2,73.24451446533203,11.017505645751953,17.705343475043,14.674735602044011,71.29225540161133,17.705343475043,17.705343475043,ok
stencil,cuda,4096,random,1,12,32_32_2_2_4,109.26156616210938,47.0345573425293,75.58543827632866,14.674735602044011,108.89172744750977,75.58543827632866,17.705343475043,ok
stencil,cuda,4096,random,1,13,16_32_8_4_1,76.06221008300781,13.835201263427734,22.233434526061302,14.674735602044011,68.38694381713867,22.233434526061302,22.233434526061302,ok
stencil,cuda,4096,random,1,14,16_64_2_4_1,73.1319351196289,10.904926300048828,17.52442630123261,14.674735602044011,66.01158142089844,17.52442630123261,17.52442630123261,ok
stencil,cuda,4096,random,1,15,16_64_8_2_1,80.4755859375,18.248577117919922,29.325814407743,14.674735602044011,73.98017501831055,29.325814407743,17.52442630123261,ok
stencil,cuda,4096,random,2,1,16_64_0_2_2,71.35865783691406,9.131649017333984,14.67473560204402,14.674735602044011,69.95113754272461,14.67473560204402,14.67473560204402,ok
stencil,cuda,4096,random,2,2,32_32_2_4_4,112.891357421875,50.66434860229492,81.41858264341495,14.674735602044011,112.5768814086914,81.41858264341495,14.67473560204402,ok
stencil,cuda,4096,random,2,3,16_32_1_2_1,77.88428497314453,15.657276153564453,25.16154391891292,14.674735602044011,77.89411163330078,25.16154391891292,14.67473560204402,ok
stencil,cuda,4096,random,2,4,64_128_1_4_4,101.63065338134766,39.40364456176758,63.322414670475055,14.674735602044011,101.27827072143555,63.322414670475055,14.67473560204402,ok
stencil,cuda,4096,random,2,5,32_32_8_4_2,78.98851013183594,16.76150131225586,26.936054986756417,14.674735602044011,78.70301055908203,26.936054986756417,14.67473560204402,ok
stencil,cuda,4096,random,2,6,64_128_0_4_4,101.6451187133789,39.41810989379883,63.34566073726447,14.674735602044011,101.26140975952148,63.34566073726447,14.67473560204402,ok
stencil,cuda,4096,random,2,7,16_64_8_4_2,82.52365112304688,20.296642303466797,32.6170945518441,14.674735602044011,71.5848159790039,32.6170945518441,14.67473560204402,ok
stencil,cuda,4096,random,2,8,64_32_8_4_1,69.84639739990234,7.619388580322266,12.24450399409971,12.244503994099716,69.622802734375,12.24450399409971,12.24450399409971,ok
stencil,cuda,4096,random,2,9,16_64_1_2_2,92.43901062011719,30.21200180053711,48.551267968115376,12.244503994099716,71.28524780273438,48.551267968115376,12.24450399409971,ok
stencil,cuda,4096,random,2,10,32_128_0_2_4,100.1995849609375,37.97257614135742,61.02266019479492,12.244503994099716,99.8802375793457,61.02266019479492,12.24450399409971,ok
stencil,cuda,4096,random,2,11,64_32_0_4_2,77.82780456542969,15.60079574584961,25.070778817413974,12.244503994099716,77.81500625610352,25.070778817413974,12.24450399409971,ok
stencil,cuda,4096,random,2,12,16_32_8_4_4,100.16835021972656,37.941341400146484,60.972465364923714,12.244503994099716,100.24809265136719,60.972465364923714,12.24450399409971,ok
stencil,cuda,4096,random,2,13,64_64_8_4_2,70.90191650390625,8.674907684326172,13.940743495285224,12.244503994099716,71.2436294555664,13.940743495285224,12.24450399409971,ok
stencil,cuda,4096,random,2,14,32_32_1_2_2,81.74732971191406,19.520320892333984,31.3695311129784,12.244503994099716,75.80400085449219,31.3695311129784,12.24450399409971,ok
stencil,cuda,4096,random,2,15,16_64_1_4_1,65.15773010253906,2.9307212829589844,4.709725468978054,4.709725468978056,65.6803207397461,4.709725468978054,4.709725468978054,ok
stencil,cuda,4096,random,3,1,16_64_0_2_2,71.35865783691406,9.131649017333984,14.67473560204402,14.674735602044011,71.17855834960938,14.67473560204402,14.67473560204402,ok
stencil,cuda,4096,random,3,2,64_32_0_4_2,77.82780456542969,15.60079574584961,25.070778817413974,14.674735602044011,77.81886672973633,25.070778817413974,14.67473560204402,ok
stencil,cuda,4096,random,3,3,16_32_8_2_4,107.12601470947266,44.89900588989258,72.1535660183699,14.674735602044011,106.68075180053711,72.1535660183699,14.67473560204402,ok
stencil,cuda,4096,random,3,4,16_128_2_1_4,102.08201599121094,39.85500717163086,64.0477630656903,14.674735602044011,101.76318359375,64.0477630656903,14.67473560204402,ok
stencil,cuda,4096,random,3,5,16_32_2_2_1,77.97241973876953,15.745410919189453,25.303178182389296,14.674735602044011,77.87027359008789,25.303178182389296,14.67473560204402,ok
stencil,cuda,4096,random,3,6,16_128_0_4_2,79.84416198730469,17.61715316772461,28.31110397545138,14.674735602044011,71.44033432006836,28.31110397545138,14.67473560204402,ok
stencil,cuda,4096,random,3,7,64_64_0_2_4,104.50943756103516,42.28242874145508,67.9486762155771,14.674735602044011,104.57628631591797,67.9486762155771,14.67473560204402,ok
stencil,cuda,4096,random,3,8,64_32_1_1_4,109.17664337158203,46.94963455200195,75.4489657186109,14.674735602044011,108.74328231811523,75.4489657186109,14.67473560204402,ok
stencil,cuda,4096,random,3,9,16_128_1_4_4,100.53353881835938,38.3065299987793,61.55933046668625,14.674735602044011,100.29158401489258,61.55933046668625,14.67473560204402,ok
stencil,cuda,4096,random,3,10,16_64_0_1_2,79.78262329101562,17.555614471435547,28.212210106926385,14.674735602044011,79.78883361816406,28.212210106926385,14.67473560204402,ok
stencil,cuda,4096,random,3,11,32_128_2_4_2,67.65414428710938,5.427135467529297,8.721511077713284,8.72151107771328,70.84102249145508,8.721511077713284,8.721511077713284,ok
stencil,cuda,4096,random,3,12,64_32_2_2_2,77.2850570678711,15.058048248291016,24.198573150044965,8.72151107771328,77.20115280151367,24.198573150044965,8.721511077713284,ok
stencil,cuda,4096,random,3,13,64_64_0_4_4,104.17919921875,41.95219039916992,67.41797684797189,8.72151107771328,103.72958374023438,67.41797684797189,8.721511077713284,ok
stencil,cuda,4096,random,3,14,32_32_2_4_2,78.76185607910156,16.534847259521484,26.57181756472071,8.72151107771328,78.67809677124023,26.57181756472071,8.721511077713284,ok
stencil,cuda,4096,random,3,15,16_128_1_4_2,73.11711883544922,10.89011001586914,17.500616247590717,8.72151107771328,71.16619491577148,17.500616247590717,8.721511077713284,ok
stencil,cuda,4096,random,4,1,16_64_0_2_2,71.35865783691406,9.131649017333984,14.67473560204402,14.674735602044011,70.66828918457031,14.67473560204402,14.67473560204402,ok
stencil,cuda,4096,random,4,2,32_32_1_4_1,72.2135009765625,9.986492156982422,16.048484968861487,14.674735602044011,69.64992141723633,16.048484968861487,16.048484968861487,ok
stencil,cuda,4096,random,4,3,32_32_1_4_4,112.74777221679688,50.5207633972168,81.18783845724585,14.674735602044011,112.40656280517578,81.18783845724585,16.048484968861487,ok
stencil,cuda,4096,random,4,4,32_32_8_2_2,75.96867370605469,13.74166488647461,22.08311976929014,14.674735602044011,75.96299362182617,22.08311976929014,16.048484968861487,ok
stencil,cuda,4096,random,4,5,64_32_8_4_2,80.29657745361328,18.069568634033203,29.038144331224093,14.674735602044011,77.91726303100586,29.038144331224093,16.048484968861487,ok
stencil,cuda,4096,random,4,6,16_64_8_2_4,100.84217834472656,38.615169525146484,62.0553201216961,14.674735602044011,100.60110473632812,62.0553201216961,16.048484968861487,ok
stencil,cuda,4096,random,4,7,32_64_1_1_4,102.44287872314453,40.21586990356445,64.62767641646678,14.674735602044011,102.08864212036133,64.62767641646678,16.048484968861487,ok
stencil,cuda,4096,random,4,8,64_64_0_4_2,70.92652893066406,8.699520111083984,13.980296138461723,13.980296138461714,71.4188003540039,13.980296138461723,16.048484968861487,ok
stencil,cuda,4096,random,4,9,64_32_1_4_1,68.20051574707031,5.973506927490234,9.599540522363403,9.599540522363396,68.45222091674805,9.599540522363403,9.599540522363403,ok
stencil,cuda,4096,random,4,10,32_32_8_1_4,106.47503662109375,44.24802780151367,71.10743170992784,9.599540522363396,106.22015762329102,71.10743170992784,9.599540522363403,ok
stencil,cuda,4096,random,4,11,16_128_2_2_2,67.78598022460938,5.558971405029297,8.933373964907876,8.93337396490788,68.19832229614258,8.933373964907876,8.933373964907876,ok
stencil,cuda,4096,random,4,12,32_32_1_1_2,86.0450210571289,23.818012237548828,38.27600376326357,8.93337396490788,85.7701416015625,38.27600376326357,8.933373964907876,ok
stencil,cuda,4096,random,4,13,64_32_1_4_4,112.57247924804688,50.3454704284668,80.90613928501303,8.93337396490788,112.21810913085938,80.90613928501303,8.933373964907876,ok
stencil,cuda,4096,random,4,14,16_32_8_1_4,104.42700958251953,42.20000076293945,67.81621286874548,8.93337396490788,104.0,67.81621286874548,8.933373964907876,ok
stencil,cuda,4096,random,4,15,32_32_0_2_1,79.41219329833984,17.185184478759766,27.616921984127817,8.93337396490788,79.35939025878906,27.616921984127817,8.933373964907876,ok
stencil,cuda,4096,random,5,1,16_64_0_2_2,71.35865783691406,9.131649017333984,14.67473560204402,14.674735602044011,69.92436981201172,14.67473560204402,14.67473560204402,ok
stencil,cuda,4096,random,5,2,16_64_8_1_2,85.35485076904297,23.12784194946289,37.166886836099344,14.674735602044011,79.94475173950195,37.166886836099344,14.67473560204402,ok
stencil,cuda,4096,random,5,3,32_32_0_2_1,79.41219329833984,17.185184478759766,27.616921984127817,14.674735602044011,79.28995132446289,27.616921984127817,14.67473560204402,ok
stencil,cuda,4096,random,5,4,32_32_1_2_1,79.68598175048828,17.458972930908203,28.056905292569102,14.674735602044011,79.61711883544922,28.056905292569102,14.67473560204402,ok
stencil,cuda,4096,random,5,5,32_32_8_1_4,106.47503662109375,44.24802780151367,71.10743170992784,14.674735602044011,106.18065643310547,71.10743170992784,14.67473560204402,ok
stencil,cuda,4096,random,5,6,16_32_8_1_2,84.24995422363281,22.022945404052734,35.391296836885864,14.674735602044011,84.16657638549805,35.391296836885864,14.67473560204402,ok
stencil,cuda,4096,random,5,7,32_64_0_4_4,104.55862426757812,42.33161544799805,68.02772019901133,14.674735602044011,104.16644668579102,68.02772019901133,14.67473560204402,ok
stencil,cuda,4096,random,5,8,32_32_1_2_2,81.74732971191406,19.520320892333984,31.3695311129784,14.674735602044011,75.85440063476562,31.3695311129784,14.67473560204402,ok
stencil,cuda,4096,random,5,9,16_32_1_1_4,103.47689819335938,41.2498893737793,66.28936559264567,14.674735602044011,103.44468688964844,66.28936559264567,14.67473560204402,ok
stencil,cuda,4096,random,5,10,32_64_1_1_4,102.44287872314453,40.21586990356445,64.62767641646678,14.674735602044011,101.99172973632812,64.62767641646678,14.67473560204402,ok
stencil,cuda,4096,random,5,11,16_128_8_2_4,98.666015625,36.43900680541992,58.55818477643775,14.674735602044011,98.51977920532227,58.55818477643775,14.67473560204402,ok
stencil,cuda,4096,random,5,12,32_64_1_4_2,90.9002914428711,28.673282623291016,46.07851665572716,14.674735602044011,70.94144058227539,46.07851665572716,14.67473560204402,ok
stencil,cuda,4096,random,5,13,16_64_8_4_2,82.52365112304688,20.296642303466797,32.6170945518441,14.674735602044011,71.47364807128906,32.6170945518441,14.67473560204402,ok
stencil,cuda,4096,random,5,14,32_128_1_4_2,76.58000183105469,14.35299301147461,23.065535823985094,14.674735602044011,71.04166412353516,23.065535823985094,14.67473560204402,ok
stencil,cuda,4096,random,5,15,16_32_1_4_2,77.9612808227539,15.734272003173828,25.285277730114753,14.674735602044011,77.90513610839844,25.285277730114753,14.67473560204402,ok
stencil,cuda,4096,random,6,1,16_64_0_2_2,71.35865783691406,9.131649017333984,14.67473560204402,14.674735602044011,71.10540771484375,14.67473560204402,14.67473560204402,ok
stencil,cuda,4096,random,6,2,16_64_1_1_4,99.99600219726562,37.76899337768555,60.695498778018276,14.674735602044011,99.81175994873047,60.695498778018276,14.67473560204402,ok
stencil,cuda,4096,random,6,3,16_128_0_4_1,63.16896057128906,0.9419517517089844,1.5137345817795245,1.5137345817795342,64.74108505249023,1.5137345817795245,1.5137345817795245,ok
stencil,cuda,4096,random,6,4,16_64_1_1_2,81.38265228271484,19.155643463134766,30.78348747032709,1.5137345817795342,81.48381042480469,30.78348747032709,1.5137345817795245,ok
stencil,cuda,4096,random,6,5,64_64_0_4_4,104.17919921875,41.95219039916992,67.41797684797189,1.5137345817795342,103.7867546081543,67.41797684797189,1.5137345817795245,ok
stencil,cuda,4096,random,6,6,16_64_1_2_1,76.9090576171875,14.682048797607422,23.594334801109106,1.5137345817795342,73.92477035522461,23.594334801109106,1.5137345817795245,ok
stencil,cuda,4096,random,6,7,16_128_2_4_2,71.51382446289062,9.286815643310547,14.924091354345158,1.5137345817795342,68.63884735107422,14.924091354345158,1.5137345817795245,ok
stencil,cuda,4096,random,6,8,64_64_2_2_4,104.75225830078125,42.52524948120117,68.3388938145784,1.5137345817795342,104.76847839355469,68.3388938145784,1.5137345817795245,ok
stencil,cuda,4096,random,6,9,16_32_8_4_2,78.12963104248047,15.90262222290039,25.55581977113537,1.5137345817795342,78.10001373291016,25.55581977113537,1.5137345817795245,ok
stencil,cuda,4096,random,6,10,16_32_1_2_2,75.56070709228516,13.333698272705078,21.427509574443103,1.5137345817795342,75.57038497924805,21.427509574443103,1.5137345817795245,ok
stencil,cuda,4096,random,6,11,32_32_0_4_2,85.54361724853516,23.316608428955078,37.47023819923412,1.5137345817795342,78.6212158203125,37.47023819923412,1.5137345817795245,ok
stencil,cuda,4096,random,6,12,32_32_0_2_1,79.41219329833984,17.185184478759766,27.616921984127817,1.5137345817795342,79.35744094848633,27.616921984127817,1.5137345817795245,ok
stencil,cuda,4096,random,6,13,32_64_2_4_2,69.74591827392578,7.518909454345703,12.083032106116342,1.5137345817795342,71.0058708190918,12.083032106116342,1.5137345817795245,ok
stencil,cuda,4096,random,6,14,64_32_2_1_4,109.38726043701172,47.16025161743164,75.78743139360478,1.5137345817795342,108.92548751831055,75.78743139360478,1.5137345817795245,ok
stencil,cuda,4096,random,6,15,64_32_1_1_4,109.17664337158203,46.94963455200195,75.4489657186109,1.5137345817795342,108.82043075561523,75.4489657186109,1.5137345817795245,ok
stencil,cuda,4096,random,7,1,16_64_0_2_2,71.35865783691406,9.131649017333984,14.67473560204402,14.674735602044011,71.37553787231445,14.67473560204402,14.67473560204402,ok
stencil,cuda,4096,random,7,2,16_128_2_4_1,62.22700881958008,0.0,0.0,0.0,64.43982696533203,0.0,0.0,ok
stencil,cuda,4096,random,7,3,16_32_1_1_4,103.47689819335938,41.2498893737793,66.28936559264567,0.0,103.42620849609375,66.28936559264567,0.0,ok
stencil,cuda,4096,random,7,4,16_128_8_2_2,73.09091186523438,10.863903045654297,17.458501142410544,0.0,69.56084823608398,17.458501142410544,0.0,ok
stencil,cuda,4096,random,7,5,32_128_0_2_4,100.1995849609375,37.97257614135742,61.02266019479492,0.0,99.86344146728516,61.02266019479492,0.0,ok
stencil,cuda,4096,random,7,6,16_64_2_4_2,78.34255981445312,16.115550994873047,25.898000403005383,0.0,71.3486213684082,25.898000403005383,0.0,ok
stencil,cuda,4096,random,7,7,32_32_1_4_2,80.9448013305664,18.717792510986328,30.07985256893253,0.0,78.36747360229492,30.07985256893253,0.0,ok
stencil,cuda,4096,random,7,8,32_64_2_1_4,102.8315200805664,40.60451126098633,65.25223055267585,0.0,102.27732849121094,65.25223055267585,0.0,ok
stencil,cuda,4096,random,7,9,16_32_1_2_4,105.78924560546875,43.56223678588867,70.00535235783593,0.0,105.77470397949219,70.00535235783593,0.0,ok
stencil,cuda,4096,random,7,10,32_64_8_2_2,70.10991668701172,7.882907867431641,12.667984556813927,0.0,71.11782455444336,12.667984556813927,0.0,ok
stencil,cuda,4096,random,7,11,16_32_8_4_1,76.06221008300781,13.835201263427734,22.233434526061302,0.0,68.59976196289062,22.233434526061302,0.0,ok
stencil,cuda,4096,random,7,12,16_128_0_4_2,79.84416198730469,17.61715316772461,28.31110397545138,0.0,70.83230209350586,28.31110397545138,0.0,ok
stencil,cuda,4096,random,7,13,32_32_8_2_4,108.29840087890625,46.07139205932617,74.03761314143313,0.0,107.9296646118164,74.03761314143313,0.0,ok
stencil,cuda,4096,random,7,14,16_32_0_4_4,99.59686279296875,37.36985397338867,60.05407407856962,0.0,99.56745910644531,60.05407407856962,0.0,ok
stencil,cuda,4096,random,7,15,16_32_2_1_2,84.19789123535156,21.970882415771484,35.307630613378,0.0,84.15305709838867,35.307630613378,0.0,ok
stencil,cuda,4096,random,8,1,16_64_0_2_2,71.35865783691406,9.131649017333984,14.67473560204402,14.674735602044011,70.69760131835938,14.67473560204402,14.67473560204402,ok
stencil,cuda,4096,random,8,2,32_128_0_2_4,100.1995849609375,37.97257614135742,61.02266019479492,14.674735602044011,99.82726287841797,61.02266019479492,14.67473560204402,ok
stencil,cuda,4096,random,8,3,16_128_8_4_4,100.33606719970703,38.10905838012695,61.24198977749309,14.674735602044011,99.98129653930664,61.24198977749309,14.67473560204402,ok
stencil,cuda,4096,random,8,4,16_32_1_2_1,77.88428497314453,15.657276153564453,25.16154391891292,14.674735602044011,77.90828704833984,25.16154391891292,14.67473560204402,ok
stencil,cuda,4096,random,8,5,64_128_8_4_4,101.58406066894531,39.357051849365234,63.2475392855157,14.674735602044011,101.23857498168945,63.2475392855157,14.67473560204402,ok
stencil,cuda,4096,random,8,6,32_128_8_4_4,100.62899017333984,38.401981353759766,61.71272262997858,14.674735602044011,100.35757064819336,61.71272262997858,14.67473560204402,ok
stencil,cuda,4096,random,8,7,64_64_0_4_4,104.17919921875,41.95219039916992,67.41797684797189,14.674735602044011,103.71984100341797,67.41797684797189,14.67473560204402,ok
stencil,cuda,4096,random,8,8,16_128_2_2_4,98.89580535888672,36.66879653930664,58.92746129839459,14.674735602044011,98.84513473510742,58.92746129839459,14.67473560204402,ok
stencil,cuda,4096,random,8,9,16_32_2_1_2,84.19789123535156,21.970882415771484,35.307630613378,14.674735602044011,84.15356826782227,35.307630613378,14.67473560204402,ok
stencil,cuda,4096,random,8,10,16_128_8_4_2,69.63142395019531,7.404415130615234,11.899037525784784,11.899037525784774,68.91054153442383,11.899037525784784,11.899037525784784,ok
stencil,cuda,4096,random,8,11,32_64_8_2_4,102.102783203125,39.87577438354492,64.08113637465695,11.899037525784774,101.73262405395508,64.08113637465695,11.899037525784784,ok
stencil,cuda,4096,random,8,12,32_32_2_2_1,79.81769561767578,17.590686798095703,28.268572010423696,11.899037525784774,79.6942253112793,28.268572010423696,11.899037525784784,ok
stencil,cuda,4096,random,8,13,16_32_8_1_2,84.24995422363281,22.022945404052734,35.391296836885864,11.899037525784774,84.17951965332031,35.391296836885864,11.899037525784784,ok
stencil,cuda,4096,random,8,14,64_32_0_2_2,77.22793579101562,15.000926971435547,24.106778159511055,11.899037525784774,77.17256164550781,24.106778159511055,11.899037525784784,ok
stencil,cuda,4096,random,8,15,64_64_0_2_4,104.50943756103516,42.28242874145508,67.9486762155771,11.899037525784774,104.51363372802734,67.9486762155771,11.899037525784784,ok
stencil,cuda,4096,random,9,1,16_64_0_2_2,71.35865783691406,9.131649017333984,14.67473560204402,14.674735602044011,71.14429092407227,14.67473560204402,14.67473560204402,ok
stencil,cuda,4096,random,9,2,16_128_8_4_1,62.543521881103516,0.3165130615234375,0.508642577439522,0.5086425774395328,64.42672348022461,0.508642577439522,0.508642577439522,ok
stencil,cuda,4096,random,9,3,16_128_8_1_4,102.2245101928711,39.997501373291016,64.27675398838322,0.5086425774395328,102.00320053100586,64.27675398838322,0.508642577439522,ok
stencil,cuda,4096,random,9,4,32_128_1_4_4,100.67174530029297,38.44473648071289,61.78143094131183,0.5086425774395328,100.27489471435547,61.78143094131183,0.508642577439522,ok
stencil,cuda,4096,random,9,5,16_32_0_4_4,99.59686279296875,37.36985397338867,60.05407407856962,0.5086425774395328,99.5024299621582,60.05407407856962,0.508642577439522,ok
stencil,cuda,4096,random,9,6,32_64_2_4_1,64.80345916748047,2.5764503479003906,4.14040526256132,0.5086425774395328,66.08176040649414,4.14040526256132,0.508642577439522,ok
stencil,cuda,4096,random,9,7,16_64_0_1_4,100.26227569580078,38.0352668762207,61.1234054114661,0.5086425774395328,100.03057479858398,61.1234054114661,0.508642577439522,ok
stencil,cuda,4096,random,9,8,32_32_2_2_2,81.03858947753906,18.811580657958984,30.230571924967432,0.5086425774395328,75.8895378112793,30.230571924967432,0.508642577439522,ok
stencil,cuda,4096,random,9,9,32_32_8_2_2,75.96867370605469,13.74166488647461,22.08311976929014,0.5086425774395328,75.86228561401367,22.08311976929014,0.508642577439522,ok
stencil,cuda,4096,random,9,10,64_64_8_4_4,104.13420867919922,41.90719985961914,67.34567618559998,0.5086425774395328,103.70657730102539,67.34567618559998,0.508642577439522,ok
stencil,cuda,4096,random,9,11,16_64_1_1_4,99.99600219726562,37.76899337768555,60.695498778018276,0.5086425774395328,99.77555084228516,60.695498778018276,0.508642577439522,ok
stencil,cuda,4096,random,9,12,32_32_8_1_4,106.47503662109375,44.24802780151367,71.10743170992784,0.5086425774395328,106.26182174682617,71.10743170992784,0.508642577439522,ok
stencil,cuda,4096,random,9,13,32_32_0_1_4,106.40287780761719,44.17586898803711,70.99147110882329,0.5086425774395328,106.19417572021484,70.99147110882329,0.508642577439522,ok
stencil,cuda,4096,random,9,14,32_64_0_4_2,72.64157104492188,10.414562225341797,16.736401801888956,0.5086425774395328,71.22484588623047,16.736401801888956,0.508642577439522,ok
stencil,cuda,4096,random,9,15,32_32_2_2_1,79.81769561767578,17.590686798095703,28.268572010423696,0.5086425774395328,79.62572860717773,28.268572010423696,0.508642577439522,ok
