kernel,backend,size,config,time_ms,measurement_runs,measurement_mean_ms,measurement_std_ms,measurement_ci95_ms,grid_optimum_ms,defect_ms,defect_pct,good_at_10pct,confirmatory_measurement_runs,confirmatory_mean_ms,confirmatory_defect_pct,good_at_10pct_confirmatory,grid_complete
matmul,sycl,1024,32_32_8_1_2,4.376575946807861,3,4.291583935419719,0.34934610107512465,0.8678238241229055,2.9112319946289062,1.465343952178955,50.334152512834756,False,0,nan,nan,,True
matmul,sycl,1024,32_32_8_1_4,4.376575946807861,3,4.334933280944824,0.2950761860182553,0.7330098815183197,2.9112319946289062,1.465343952178955,50.334152512834756,False,0,nan,nan,,True
matmul,sycl,1024,32_32_8_2_1,4.191232204437256,3,4.180991967519124,0.18248757024139045,0.4533242551567076,2.9112319946289062,1.2800002098083496,43.967647105070746,False,0,nan,nan,,True
matmul,sycl,1024,32_32_8_2_2,3.3075199127197266,3,3.3652052879333496,0.3350097792265682,0.8322104263715575,2.9112319946289062,0.3962879180908203,13.612378498929454,False,0,nan,nan,,True
matmul,sycl,1024,32_32_8_2_4,2.9378559589385986,3,3.2201386292775473,0.5808024849589357,1.4427933559469168,2.9112319946289062,0.026623964309692383,0.9145256839308037,True,0,nan,nan,,True
matmul,sycl,1024,32_32_8_4_1,3.1150078773498535,3,3.1143252849578857,0.2754567052095952,0.6842723893571692,2.9112319946289062,0.20377588272094727,6.999644243293036,True,0,nan,nan,,True
matmul,sycl,1024,32_32_8_4_2,3.3208320140838623,3,3.2911360263824463,0.27206625529013173,0.6758500448525337,2.9112319946289062,0.40960001945495605,14.069645435700416,False,0,nan,nan,,True
matmul,sycl,1024,32_32_8_4_4,3.6065280437469482,3,3.68776528040568,0.27834974905448556,0.6914591086739195,2.9112319946289062,0.695296049118042,23.883223679900205,False,0,nan,nan,,True
matmul,sycl,1024,32_32_16_1_2,3.624959945678711,3,3.6051625410715737,0.41814360805201894,1.0387263056764973,2.9112319946289062,0.7137279510498047,24.51635432581811,False,0,nan,nan,,True
matmul,sycl,1024,32_32_16_1_4,3.6136960983276367,3,3.6584107081095376,0.28983050969100554,0.719978899130324,2.9112319946289062,0.7024641036987305,24.12944433816149,False,0,nan,nan,,True
matmul,sycl,1024,32_32_16_2_1,3.2860159873962402,3,3.3327786922454834,0.2283872498232803,0.5673453801619237,2.9112319946289062,0.374783992767334,12.873724713756712,False,0,nan,nan,,True
matmul,sycl,1024,32_32_16_2_2,3.9772160053253174,3,3.919871966044108,0.17120098960963315,0.4252868345729959,2.9112319946289062,1.0659840106964111,36.61625087465047,False,0,nan,nan,,True
matmul,sycl,1024,32_32_16_2_4,3.7160959243774414,3,3.746474583943685,0.3496630524309815,0.8686111749387702,2.9112319946289062,0.8048639297485352,27.646849554878255,False,0,nan,nan,,True
matmul,sycl,1024,32_32_16_4_1,3.3259520530700684,3,3.3392640749613443,0.3631910402327467,0.9022165596008169,2.9112319946289062,0.4147200584411621,14.245517334458476,False,0,nan,nan,,True
matmul,sycl,1024,32_32_16_4_2,3.146751880645752,3,3.206143935521444,0.31046633597235695,0.7712411334083225,2.9112319946289062,0.2355198860168457,8.090041825981901,True,0,nan,nan,,True
matmul,sycl,1024,32_32_16_4_4,3.5983359813690186,3,3.668309291203817,0.24170375937354086,0.6004254237241997,2.9112319946289062,0.6871039867401123,23.601828641887305,False,0,nan,nan,,True
matmul,sycl,1024,32_32_32_1_2,3.4058239459991455,3,3.5467946529388428,0.2486156913607569,0.6175956146344834,2.9112319946289062,0.49459195137023926,16.989094386250887,False,0,nan,nan,,True
matmul,sycl,1024,32_32_32_1_4,3.5737600326538086,3,3.7253119945526123,0.5364939355823098,1.3327248174888524,2.9112319946289062,0.6625280380249023,22.757651717459726,False,0,nan,nan,,True
matmul,sycl,1024,32_32_32_2_1,3.733504056930542,3,3.5447466373443604,0.36481765074347094,0.9062572841127865,2.9112319946289062,0.8222720623016357,28.244814010655666,False,0,nan,nan,,True
matmul,sycl,1024,32_32_32_2_2,3.476480007171631,3,3.5642027060190835,0.3159572016307533,0.7848811998603309,2.9112319946289062,0.5652480125427246,19.416110209889904,False,0,nan,nan,,True
matmul,sycl,1024,32_32_32_2_4,4.343808174133301,3,4.157098690668742,0.37877532167799993,0.9409300608490216,2.9112319946289062,1.4325761795043945,49.208588740005396,False,0,nan,nan,,True
matmul,sycl,1024,32_32_32_4_1,3.1795198917388916,3,3.2262825965881348,0.2283872498232803,0.5673453801619237,2.9112319946289062,0.26828789710998535,9.21561378842238,True,0,nan,nan,,True
matmul,sycl,1024,32_32_32_4_2,3.368959903717041,3,3.51914652188619,0.5531100166427605,1.374001451072107,2.9112319946289062,0.45772790908813477,15.72282490480396,False,0,nan,nan,,True
matmul,sycl,1024,32_32_32_4_4,3.458048105239868,3,3.514026721318563,0.3069563368218194,0.7625218121503685,2.9112319946289062,0.5468161106109619,18.782979563972,False,0,nan,nan,,True
matmul,sycl,1024,32_64_8_1_4,3.4211840629577637,3,3.5218773682912192,0.2874656324345465,0.7141042183539663,2.9112319946289062,0.5099520683288574,17.516710082525073,False,0,nan,nan,,True
matmul,sycl,1024,32_64_8_2_2,3.6966400146484375,3,3.576149304707845,0.3142768215123618,0.7807069042382104,2.9112319946289062,0.7854080200195312,26.97854452920874,False,0,nan,nan,,True
matmul,sycl,1024,32_64_8_2_4,3.362816095352173,3,3.3187840779622397,0.15776578075074313,0.39191192558179866,2.9112319946289062,0.4515841007232666,15.511786815905404,False,0,nan,nan,,True
matmul,sycl,1024,32_64_8_4_1,3.4150400161743164,3,3.551914691925049,0.25773963089899476,0.640260736920869,2.9112319946289062,0.5038080215454102,17.3056638040154,False,0,nan,nan,,True
matmul,sycl,1024,32_64_8_4_2,3.44268798828125,3,3.2303786277770996,0.39554029192621504,0.9825765556784687,2.9112319946289062,0.5314559936523438,18.255363867697817,False,0,nan,nan,,True
matmul,sycl,1024,32_64_8_4_4,3.344383955001831,3,3.391829252243042,0.39688468588670317,0.9859162154151253,2.9112319946289062,0.4331519603729248,14.878647980376382,False,0,nan,nan,,True
matmul,sycl,1024,32_64_16_1_4,3.959807872772217,3,4.013397216796875,0.5676602193749101,1.4101461583922044,2.9112319946289062,1.0485758781433105,36.01828641887306,False,0,nan,nan,,True
matmul,sycl,1024,32_64_16_2_2,3.6474878787994385,3,3.632810592651367,0.09556906707232536,0.23740672358821824,2.9112319946289062,0.7362558841705322,25.290182490742463,False,0,nan,nan,,True
matmul,sycl,1024,32_64_16_2_4,3.9782400131225586,3,3.814058701197306,0.36143054571225025,0.8978432487711758,2.9112319946289062,1.0670080184936523,36.65142525440208,False,0,nan,nan,,True
matmul,sycl,1024,32_64_16_4_1,3.305471897125244,3,3.251199960708618,0.1178134904456332,0.29266493456530807,2.9112319946289062,0.3942399024963379,13.54202973942623,False,0,nan,nan,,True
matmul,sycl,1024,32_64_16_4_2,3.299328088760376,3,3.407872041066488,0.4052919156621893,1.0068009319515023,2.9112319946289062,0.3880960941314697,13.330991650527674,False,0,nan,nan,,True
matmul,sycl,1024,32_64_16_4_4,3.2522239685058594,3,3.161087989807129,0.2075892368805113,0.5156802518819603,2.9112319946289062,0.3409919738769531,11.712978371564622,False,0,nan,nan,,True
matmul,sycl,1024,32_64_32_1_4,4.219903945922852,3,4.162901322046916,0.18045184936262956,0.44826724415124275,2.9112319946289062,1.3086719512939453,44.952513358893654,False,0,nan,nan,,True
matmul,sycl,1024,32_64_32_2_2,3.338239908218384,3,3.526314655939738,0.5897231115631986,1.4649534209067343,2.9112319946289062,0.42700791358947754,14.667601701866706,False,0,nan,nan,,True
matmul,sycl,1024,32_64_32_2_4,3.8492159843444824,3,3.7512532075246177,0.34691740156288364,0.8617906000741127,2.9112319946289062,0.9379839897155762,32.21948616414339,False,0,nan,nan,,True
matmul,sycl,1024,32_64_32_4_1,3.240959882736206,3,3.307178576787313,0.2923988140581746,0.7263589208639825,2.9112319946289062,0.3297278881072998,11.326060194296886,False,0,nan,nan,,True
matmul,sycl,1024,32_64_32_4_2,3.216383934020996,3,3.213653326034546,0.3676236633029941,0.9132278057314567,2.9112319946289062,0.30515193939208984,10.481883269869307,False,0,nan,nan,,True
matmul,sycl,1024,32_64_32_4_4,3.3126399517059326,3,3.263829310735067,0.4673238130474088,1.1608967075756425,2.9112319946289062,0.40140795707702637,13.788250397687516,False,0,nan,nan,,True
matmul,sycl,1024,32_128_8_2_4,3.1979520320892334,3,3.258026679356893,0.18856707471754997,0.4684265814945032,2.9112319946289062,0.28672003746032715,9.848752623951402,True,0,nan,nan,,True
matmul,sycl,1024,32_128_8_4_2,3.0412800312042236,3,3.174058675765991,0.3876247595803243,0.9629132832697058,2.9112319946289062,0.13004803657531738,4.4671134700102995,True,0,nan,nan,,True
matmul,sycl,1024,32_128_8_4_4,3.4498560428619385,3,3.652266581853231,0.3639686260310199,0.904148189806405,2.9112319946289062,0.5386240482330322,18.501584525959103,False,0,nan,nan,,True
matmul,sycl,1024,32_128_16_2_4,4.348927974700928,3,4.208639939626058,0.25460143231733656,0.6324650194773074,2.9112319946289062,1.4376959800720215,49.38445244915234,False,0,nan,nan,,True
matmul,sycl,1024,32_128_16_4_2,2.9112319946289062,3,3.1546026865641275,0.48124775880753673,1.1954857063343138,2.9112319946289062,0.0,0.0,True,0,nan,nan,,True
matmul,sycl,1024,32_128_16_4_4,3.5819520950317383,3,3.733504056930542,0.509730952530494,1.2662418820117258,2.9112319946289062,0.670720100402832,23.039046755472626,False,0,nan,nan,,True
matmul,sycl,1024,32_128_32_2_4,4.219903945922852,3,4.228778600692749,0.2796574942756391,0.6947077278951079,2.9112319946289062,1.3086719512939453,44.952513358893654,False,0,nan,nan,,True
matmul,sycl,1024,32_128_32_4_2,3.414016008377075,3,3.4693120320638022,0.2967533313922394,0.7371761415898699,2.9112319946289062,0.502784013748169,17.270489424263786,False,0,nan,nan,,True
matmul,sycl,1024,32_128_32_4_4,3.9434239864349365,3,3.8884692986806235,0.2972111579787492,0.7383134458788463,2.9112319946289062,1.0321919918060303,35.45550453245838,False,0,nan,nan,,True
matmul,sycl,1024,64_32_8_1_4,3.224575996398926,3,3.3583787282307944,0.3064042659123986,0.7611503919847329,2.9112319946289062,0.31334400177001953,10.763278307882207,False,0,nan,nan,,True
matmul,sycl,1024,64_32_8_2_2,3.259392023086548,3,3.3327786922454834,0.3041854586667602,0.7556385692308061,2.9112319946289062,0.3481600284576416,11.959199029825909,False,0,nan,nan,,True
matmul,sycl,1024,64_32_8_2_4,3.2880640029907227,3,3.317077318827311,0.27710955898328743,0.6883783057483561,2.9112319946289062,0.3768320083618164,12.944073473259937,False,0,nan,nan,,True
matmul,sycl,1024,64_32_8_4_1,3.264512062072754,3,3.2972799936930337,0.10428727976217136,0.2590639645098567,2.9112319946289062,0.35328006744384766,12.13507092858397,False,0,nan,nan,,True
matmul,sycl,1024,64_32_8_4_2,3.1150078773498535,3,3.127978563308716,0.3012655152220829,0.7483850276037947,2.9112319946289062,0.20377588272094727,6.999644243293036,True,0,nan,nan,,True
matmul,sycl,1024,64_32_8_4_4,3.1580159664154053,3,3.2614400386810303,0.489040121582916,1.2148430085680335,2.9112319946289062,0.24678397178649902,8.476960003249637,True,0,nan,nan,,True
matmul,sycl,1024,64_32_16_1_4,3.177471876144409,3,3.2856746514638266,0.31090560077544466,0.7723323276711036,2.9112319946289062,0.26623988151550293,9.145265028919155,True,0,nan,nan,,True
matmul,sycl,1024,64_32_16_2_2,3.759104013442993,3,3.72599458694458,0.39374931294177845,0.9781275172423329,2.9112319946289062,0.8478720188140869,29.12416531483486,False,0,nan,nan,,True
matmul,sycl,1024,64_32_16_2_4,4.169727802276611,3,3.9604905446370444,0.399320992587189,0.9919683367671177,2.9112319946289062,1.258495807647705,43.228976940675764,False,0,nan,nan,,True
matmul,sycl,1024,64_32_16_4_1,3.0105600357055664,3,3.2208213011423745,0.5241653428020763,1.3020988952310408,2.9112319946289062,0.09932804107666016,3.411890267073046,True,0,nan,nan,,True
matmul,sycl,1024,64_32_16_4_2,3.4068479537963867,3,3.3703253269195557,0.5543749598564406,1.3771437442123933,2.9112319946289062,0.49561595916748047,17.0242687660025,False,0,nan,nan,,True
matmul,sycl,1024,64_32_16_4_4,3.379199981689453,3,3.4017279942830405,0.22408296035007005,0.556652932359365,2.9112319946289062,0.4679679870605469,16.074568702320086,False,0,nan,nan,,True
matmul,sycl,1024,64_32_32_1_4,4.100096225738525,3,3.9273813565572104,0.405432093023282,1.007149151820522,2.9112319946289062,1.1888642311096191,40.8371518760106,False,0,nan,nan,,True
matmul,sycl,1024,64_32_32_2_2,3.6618239879608154,3,3.7290666898091636,0.5046194063602083,1.2535440974049235,2.9112319946289062,0.7505919933319092,25.782623807265036,False,0,nan,nan,,True
matmul,sycl,1024,64_32_32_2_4,3.3812479972839355,3,3.632469336191813,0.46832344348264365,1.1633799272375922,2.9112319946289062,0.4700160026550293,16.144917461823308,False,0,nan,nan,,True
matmul,sycl,1024,64_32_32_4_1,3.140608072280884,3,3.2658773263295493,0.2653649026579908,0.6592029620595015,2.9112319946289062,0.22937607765197754,7.8790037370833454,True,0,nan,nan,,True
matmul,sycl,1024,64_32_32_4_2,3.5082240104675293,3,3.415722608566284,0.38274913934196386,0.9508015711675715,2.9112319946289062,0.596992015838623,20.50650779257877,False,0,nan,nan,,True
matmul,sycl,1024,64_32_32_4_4,3.118079900741577,3,3.225599924723307,0.45055885909957444,1.1192502532385862,2.9112319946289062,0.2068479061126709,7.105167382547873,True,0,nan,nan,,True
matmul,sycl,1024,64_64_8_2_4,3.5133440494537354,3,3.642026662826538,0.3253458626482663,0.8082039267564858,2.9112319946289062,0.6021120548248291,20.682379691336834,False,0,nan,nan,,True
matmul,sycl,1024,64_64_8_4_2,3.1744000911712646,3,3.440298636754354,0.5376929236403738,1.3357032689397905,2.9112319946289062,0.2631680965423584,9.039750079275436,True,0,nan,nan,,True
matmul,sycl,1024,64_64_8_4_4,3.4119679927825928,3,3.5225600401560464,0.4646344174745932,1.1542158786114805,2.9112319946289062,0.5007359981536865,17.20014066476056,False,0,nan,nan,,True
matmul,sycl,1024,64_64_16_2_4,3.7765119075775146,3,3.6891306241353354,0.1549096283206479,0.38481684961977947,2.9112319946289062,0.8652799129486084,29.72212158100115,False,0,nan,nan,,True
matmul,sycl,1024,64_64_16_4_2,3.1897599697113037,3,3.262805382410685,0.5982976580798367,1.4862537752696086,2.9112319946289062,0.27852797508239746,9.567357585938502,True,0,nan,nan,,True
matmul,sycl,1024,64_64_16_4_4,3.49183988571167,3,3.3720319271087646,0.30828868000497295,0.765831536096593,2.9112319946289062,0.5806078910827637,19.943717716552975,False,0,nan,nan,,True
matmul,sycl,1024,64_64_32_2_4,3.1641600131988525,3,3.454634666442871,0.6238474820161484,1.5497230564375952,2.9112319946289062,0.2529280185699463,8.688006281759312,True,0,nan,nan,,True
matmul,sycl,1024,64_64_32_4_2,2.9317119121551514,3,3.0969173113505044,0.5040590826905584,1.2521521762463774,2.9112319946289062,0.020479917526245117,0.7034794054211294,True,0,nan,nan,,True
matmul,sycl,1024,64_64_32_4_4,3.55020809173584,3,3.6194986502329507,0.31250341672557275,0.7763015225292038,2.9112319946289062,0.6389760971069336,21.94864917278376,False,0,nan,nan,,True
matmul,sycl,1024,64_128_8_4_4,3.5184640884399414,3,3.5795627435048423,0.316265721999936,0.7856476069442508,2.9112319946289062,0.6072320938110352,20.858251590094895,False,0,nan,nan,,True
matmul,sycl,1024,64_128_16_4_4,3.6833279132843018,3,3.680255889892578,0.21966411512050005,0.5456759122823378,2.9112319946289062,0.7720959186553955,26.52127759243778,False,0,nan,nan,,True
matmul,sycl,1024,64_128_32_4_4,3.595263957977295,3,3.739306688308716,0.3230413251786851,0.8024791383202283,2.9112319946289062,0.6840319633483887,23.49630550263247,False,0,nan,nan,,True
matmul,sycl,1024,128_32_8_2_4,3.5676159858703613,3,3.551914612452189,0.2348899160363947,0.5834988985286456,2.9112319946289062,0.6563839912414551,22.546605438950053,False,0,nan,nan,,True
matmul,sycl,1024,128_32_8_4_2,3.8359038829803467,3,3.5611306031545005,0.5790286739057677,1.4383869650162766,2.9112319946289062,0.9246718883514404,31.762219227372434,False,0,nan,nan,,True
matmul,sycl,1024,128_32_8_4_4,3.4897921085357666,3,3.3730560143788657,0.33412547345875854,0.83001368906505,2.9112319946289062,0.5785601139068604,19.873377146660868,False,0,nan,nan,,True
matmul,sycl,1024,128_32_16_2_4,3.866623878479004,3,3.8823252518971763,0.2798823758777571,0.6952663647636013,2.9112319946289062,0.9553918838500977,32.81744243030968,False,0,nan,nan,,True
matmul,sycl,1024,128_32_16_4_2,3.280895948410034,3,3.278165340423584,0.264202568443374,0.65631556380335,2.9112319946289062,0.36966395378112793,12.697852814998651,False,0,nan,nan,,True
matmul,sycl,1024,128_32_16_4_4,3.290112018585205,3,3.4041172663370767,0.4472574889230191,1.1110491950826586,2.9112319946289062,0.37888002395629883,13.014422232763161,False,0,nan,nan,,True
matmul,sycl,1024,128_32_32_2_4,3.9127039909362793,3,3.783338705698649,0.23119806750589453,0.5743278383680737,2.9112319946289062,1.001471996307373,34.40028132952112,False,0,nan,nan,,True
matmul,sycl,1024,128_32_32_4_2,3.383296012878418,3,3.346773306528727,0.5206416786673728,1.2933456282705902,2.9112319946289062,0.4720640182495117,16.215266221326534,False,0,nan,nan,,True
matmul,sycl,1024,128_32_32_4_4,3.2481279373168945,3,3.3682773113250732,0.30213081986788165,0.7505345635065499,2.9112319946289062,0.3368959426879883,11.572280852558173,False,0,nan,nan,,True
matmul,sycl,1024,128_64_8_4_4,3.920896053314209,3,3.8314665953318277,0.24501078593637018,0.6086405331225824,2.9112319946289062,1.0096640586853027,34.681676367534024,False,0,nan,nan,,True
matmul,sycl,1024,128_64_16_4_4,3.5235838890075684,3,3.511637290318807,0.38976944314121603,0.9682409725830221,2.9112319946289062,0.6123518943786621,21.03411529924184,False,0,nan,nan,,True
matmul,sycl,1024,128_64_32_4_4,3.8451199531555176,3,3.799722671508789,0.23625418480615085,0.5868879300285181,2.9112319946289062,0.9338879585266113,32.078788645136946,False,0,nan,nan,,True
matmul,cuda,1024,32_32_8_1_2,0.7487999796867371,3,0.7496533195177714,0.0045721323233643965,0.011357806327441433,0.31990399956703186,0.4288959801197052,134.07021503331828,False,0,nan,nan,,True
matmul,cuda,1024,32_32_8_1_4,0.5335360169410706,3,0.5331733425458273,0.005992245407066187,0.014885562793571339,0.31990399956703186,0.2136320173740387,66.78003953160166,False,0,nan,nan,,True
matmul,cuda,1024,32_32_8_2_1,0.5253440141677856,3,0.5250346660614014,0.0026535672819093903,0.006591826555576219,0.31990399956703186,0.20544001460075378,64.21927043075509,False,0,nan,nan,,True
matmul,cuda,1024,32_32_8_2_2,0.4065279960632324,3,0.406303991874059,0.0019138530994910695,0.004754274659137081,0.31990399956703186,0.08662399649620056,27.07812237841359,False,0,nan,nan,,True
matmul,cuda,1024,32_32_8_2_4,0.3826240003108978,3,0.3855786621570587,0.005145368801832368,0.012781804681336995,0.31990399956703186,0.06272000074386597,19.60588202359245,False,0,nan,nan,,True
matmul,cuda,1024,32_32_8_4_1,0.43222400546073914,3,0.4334186613559723,0.002701932368003078,0.00671197208987212,0.31990399956703186,0.11232000589370728,35.110535049803914,False,0,nan,nan,,True
matmul,cuda,1024,32_32_8_4_2,0.3575359880924225,3,0.3575786550839742,0.005504121238249986,0.013672995137813282,0.31990399956703186,0.037631988525390625,11.763525487747243,False,0,nan,nan,,True
matmul,cuda,1024,32_32_8_4_4,0.4813440144062042,3,0.4769066671530406,0.008702436419235819,0.021618050492865304,0.31990399956703186,0.16144001483917236,50.465144248796626,False,0,nan,nan,,True
matmul,cuda,1024,32_32_16_1_2,0.5289599895477295,3,0.5290880004564921,0.001061788995181796,0.0026376300848198753,0.31990399956703186,0.20905598998069763,65.34960183793906,False,0,nan,nan,,True
matmul,cuda,1024,32_32_16_1_4,0.5846080183982849,3,0.5825493335723877,0.004540653778635058,0.011279609287369152,0.31990399956703186,0.26470401883125305,82.7448294455561,False,0,nan,nan,,True
matmul,cuda,1024,32_32_16_2_1,0.47567999362945557,3,0.4767039914925893,0.001885554903522529,0.004683978043358017,0.31990399956703186,0.1557759940624237,48.694606592370164,False,0,nan,nan,,True
matmul,cuda,1024,32_32_16_2_2,0.41020798683166504,3,0.4071999986966451,0.006234323397426363,0.015486917858602345,0.31990399956703186,0.09030398726463318,28.22846459777103,False,0,nan,nan,,True
matmul,cuda,1024,32_32_16_2_4,0.5358719825744629,3,0.5368853211402893,0.0019238155174319622,0.004779022677243949,0.31990399956703186,0.21596798300743103,67.51024785552194,False,0,nan,nan,,True
matmul,cuda,1024,32_32_16_4_1,0.39052799344062805,3,0.3906346658865611,0.005248823190217749,0.013038799628967979,0.31990399956703186,0.07062399387359619,22.07662110169955,False,0,nan,nan,,True
matmul,cuda,1024,32_32_16_4_2,0.6298239827156067,3,0.629909336566925,0.016832156364672685,0.04181339439504361,0.31990399956703186,0.30991998314857483,96.87905858258424,False,0,nan,nan,,True
matmul,cuda,1024,32_32_16_4_4,0.4853760004043579,3,0.604063997666041,0.20785023744901726,0.516328613236966,0.31990399956703186,0.16547200083732605,51.725517987046445,False,0,nan,nan,,True
matmul,cuda,1024,32_32_32_1_2,0.5264959931373596,3,0.5513066649436951,0.04716285775550951,0.11715903354292581,0.31990399956703186,0.20659199357032776,64.57937188967186,False,0,nan,nan,,True
matmul,cuda,1024,32_32_32_1_4,0.7320640087127686,3,0.7346880038579305,0.005484902811571048,0.013625253919340219,0.31990399956703186,0.4121600091457367,128.83865462875332,False,0,nan,nan,,True
matmul,cuda,1024,32_32_32_2_1,0.5595200061798096,3,0.5616640051205953,0.0044244661376316346,0.010990983186716874,0.31990399956703186,0.2396160066127777,74.9024729097109,False,0,nan,nan,,True
matmul,cuda,1024,32_32_32_2_2,0.43007999658584595,3,0.4302506744861603,0.0009396975555592651,0.0023343381353754245,0.31990399956703186,0.11017599701881409,34.44033121434235,False,0,nan,nan,,True
matmul,cuda,1024,32_32_32_2_4,0.7010239958763123,3,0.6988266706466675,0.004285647477608997,0.010646138518264237,0.31990399956703186,0.3811199963092804,119.13573972976273,False,0,nan,nan,,True
matmul,cuda,1024,32_32_32_4_1,0.7030400037765503,3,0.702677329381307,0.001010066810951706,0.0025091450564413975,0.31990399956703186,0.38313600420951843,119.76593125689793,False,0,nan,nan,,True
matmul,cuda,1024,32_32_32_4_2,0.7103999853134155,3,0.7098986705144247,0.0033720645438991654,0.008376672699852317,0.31990399956703186,0.39049598574638367,122.06661569561281,False,0,nan,nan,,True
matmul,cuda,1024,32_32_32_4_4,0.4856320023536682,3,0.6048319935798645,0.21379032496063605,0.5310846086354926,0.31990399956703186,0.16572800278663635,51.80554260369919,False,0,nan,nan,,True
matmul,cuda,1024,32_64_8_1_4,0.7550079822540283,3,0.7557119925816854,0.006301581717609711,0.015653996788196678,0.31990399956703186,0.43510398268699646,136.01079801311639,False,0,nan,nan,,True
matmul,cuda,1024,32_64_8_2_2,0.5728960037231445,3,0.5715519984563192,0.007325075872006092,0.018196497214857277,0.31990399956703186,0.25299200415611267,79.08372652374463,False,0,nan,nan,,True
matmul,cuda,1024,32_64_8_2_4,0.41606399416923523,3,0.4148479998111725,0.002562392706985081,0.006365336355656781,0.31990399956703186,0.09615999460220337,30.059016058676768,False,0,nan,nan,,True
matmul,cuda,1024,32_64_8_4_1,0.47334399819374084,3,0.47406933705012005,0.004080639483525359,0.010136870428957112,0.31990399956703186,0.15343999862670898,47.964388952429324,False,0,nan,nan,,True
matmul,cuda,1024,32_64_8_4_2,0.3203200101852417,3,0.32072533170382184,0.0014510914441666278,0.0036047109796079058,0.31990399956703186,0.00041601061820983887,0.13004233106584498,True,0,nan,nan,,True
matmul,cuda,1024,32_64_8_4_4,0.4750399887561798,3,0.47590399781862897,0.002255723640700322,0.005603528163080962,0.31990399956703186,0.15513598918914795,48.49454505073831,False,0,nan,nan,,True
matmul,cuda,1024,32_64_16_1_4,0.6813120245933533,3,0.682101329167684,0.001710509465245053,0.004249141068868423,0.31990399956703186,0.3614080250263214,112.97390014362509,False,0,nan,nan,,True
matmul,cuda,1024,32_64_16_2_2,0.41734400391578674,3,0.4162453313668569,0.004189473827322521,0.01040722992671389,0.31990399956703186,0.09744000434875488,30.459139141940472,False,0,nan,nan,,True
matmul,cuda,1024,32_64_16_2_4,0.5032960176467896,3,0.5036480029424032,0.0007525203140536744,0.0018693640909758225,0.31990399956703186,0.1833920180797577,57.32720388865604,False,0,nan,nan,,True
matmul,cuda,1024,32_64_16_4_1,0.45497599244117737,3,0.4531946579615275,0.00536268041058387,0.01332163664383107,0.31990399956703186,0.1350719928741455,42.22266462968771,False,0,nan,nan,,True
matmul,cuda,1024,32_64_16_4_2,0.43510401248931885,3,0.43534934520721436,0.0017568962533202278,0.0043643722384515415,0.31990399956703186,0.11520001292228699,36.010807329136966,False,0,nan,nan,,True
matmul,cuda,1024,32_64_16_4_4,0.5060799717903137,3,0.5063040057818095,0.0006229763454851851,0.0015475590333289269,0.31990399956703186,0.18617597222328186,58.19745063370833,False,0,nan,nan,,True
matmul,cuda,1024,32_64_32_1_4,0.6295040249824524,3,0.6288533409436544,0.00248086057262814,0.006162799305983735,0.31990399956703186,0.30960002541542053,96.77904178579917,False,0,nan,nan,,True
matmul,cuda,1024,32_64_32_2_2,0.5792959928512573,3,0.5792533357938131,0.0018563668455188103,0.004611470887739166,0.31990399956703186,0.25939199328422546,81.08432330802202,False,0,nan,nan,,True
matmul,cuda,1024,32_64_32_2_4,0.669215977191925,3,0.6833493113517761,0.025990508109022765,0.0645640013403761,0.31990399956703186,0.3493119776248932,109.19275098081394,False,0,nan,nan,,True
matmul,cuda,1024,32_64_32_4_1,0.49804800748825073,3,0.49781333406766254,0.0006410790906027174,0.0015925287451610814,0.31990399956703186,0.17814400792121887,55.68670856329542,False,0,nan,nan,,True
matmul,cuda,1024,32_64_32_4_2,0.48342400789260864,3,0.4835520088672638,0.000555176177189887,0.001379134078405675,0.31990399956703186,0.16352000832557678,51.11533727208472,False,0,nan,nan,,True
matmul,cuda,1024,32_64_32_4_4,0.36444801092147827,3,0.36474666992823285,0.0008712678395005634,0.0021643492971117895,0.31990399956703186,0.04454401135444641,13.92418082135068,False,0,nan,nan,,True
matmul,cuda,1024,32_128_8_2_4,0.7156800031661987,3,0.7146773338317871,0.0020780921451134136,0.005162267066104342,0.31990399956703186,0.39577600359916687,123.71711642706018,False,0,nan,nan,,True
matmul,cuda,1024,32_128_8_4_2,0.5351359844207764,3,0.5513919989267985,0.03008868279544119,0.07474443162812253,0.31990399956703186,0.2152319848537445,67.28017941165045,False,0,nan,nan,,True
matmul,cuda,1024,32_128_8_4_4,0.4780479967594147,3,0.47913600007692975,0.0019122634708203354,0.004750325802608479,0.31990399956703186,0.1581439971923828,49.43482963839773,False,0,nan,nan,,True
matmul,cuda,1024,32_128_16_2_4,0.5902079939842224,3,0.5898986458778381,0.0023672078097746324,0.005880470191738207,0.31990399956703186,0.27030399441719055,84.49534697378854,False,0,nan,nan,,True
matmul,cuda,1024,32_128_16_4_2,0.5376960039138794,3,0.5381973385810852,0.001336492891937289,0.00332003239430656,0.31990399956703186,0.21779200434684753,68.08042557817785,False,0,nan,nan,,True
matmul,cuda,1024,32_128_16_4_4,0.3550719916820526,3,0.3567680021127065,0.004006911498590057,0.009953719961170227,0.31990399956703186,0.03516799211502075,10.993295539480037,False,0,nan,nan,,True
matmul,cuda,1024,32_128_32_2_4,0.5057600140571594,3,0.5059946775436401,0.0009500058722784327,0.0023599454136818965,0.31990399956703186,0.18585601449012756,58.097433836923244,False,0,nan,nan,,True
matmul,cuda,1024,32_128_32_4_2,0.8064320087432861,3,0.7952319979667664,0.021739735127745376,0.054004495873626435,0.31990399956703186,0.4865280091762543,152.08562876198377,False,0,nan,nan,,True
matmul,cuda,1024,32_128_32_4_4,0.47676798701286316,3,0.478005329767863,0.00222679046164435,0.005531654161868127,0.31990399956703186,0.1568639874458313,49.03470655513403,False,0,nan,nan,,True
matmul,cuda,1024,64_32_8_1_4,0.6850879788398743,3,0.6839573383331299,0.002126812431237729,0.005283294966191621,0.31990399956703186,0.3651839792728424,114.1542399492016,False,0,nan,nan,,True
matmul,cuda,1024,64_32_8_2_2,0.46086400747299194,3,0.46135467290878296,0.0041179839468831,0.010229639218708009,0.31990399956703186,0.14096000790596008,44.06322149668019,False,0,nan,nan,,True
matmul,cuda,1024,64_32_8_2_4,0.3582080006599426,3,0.36634666721026105,0.016769177503872773,0.04165694623188937,0.31990399956703186,0.03830400109291077,11.973592435465829,False,0,nan,nan,,True
matmul,cuda,1024,64_32_8_4_1,0.4620800018310547,3,0.46103466550509137,0.0036035559420789743,0.00895172921200943,0.31990399956703186,0.14217600226402283,44.443333767770426,False,0,nan,nan,,True
matmul,cuda,1024,64_32_8_4_2,0.3487359881401062,3,0.35012267033259076,0.00451465377004253,0.011215021685519466,0.31990399956703186,0.02883198857307434,9.01270025135555,True,0,nan,nan,,True
matmul,cuda,1024,64_32_8_4_4,0.41702398657798767,3,0.4166293243567149,0.001186307671216091,0.0029469516237700666,0.31990399956703186,0.09711998701095581,30.359103713114266,False,0,nan,nan,,True
matmul,cuda,1024,64_32_16_1_4,0.5633919835090637,3,0.5712533195813497,0.01675733534695403,0.04162752868329944,0.31990399956703186,0.24348798394203186,76.11282893354762,False,0,nan,nan,,True
matmul,cuda,1024,64_32_16_2_2,0.5202239751815796,3,0.5204586585362753,0.0006410959505273484,0.0015925706275357054,0.31990399956703186,0.20031997561454773,62.61877809770027,False,0,nan,nan,,True
matmul,cuda,1024,64_32_16_2_4,0.5425919890403748,3,0.5433066685994467,0.0015820838152334712,0.003930114068522617,0.31990399956703186,0.2226879894733429,69.61088006862553,False,0,nan,nan,,True
matmul,cuda,1024,64_32_16_4_1,0.6194559931755066,3,0.6198720137278239,0.004957106805062076,0.012314135955476258,0.31990399956703186,0.29955199360847473,93.63808955620993,False,0,nan,nan,,True
matmul,cuda,1024,64_32_16_4_2,0.4347519874572754,3,0.4318293233712514,0.006174615577868186,0.015338595412353329,0.31990399956703186,0.11484798789024353,35.90076649422402,False,0,nan,nan,,True
matmul,cuda,1024,64_32_16_4_4,0.424703985452652,3,0.42500266432762146,0.0016207708367509575,0.004026217957628309,0.31990399956703186,0.10479998588562012,32.75982358065536,False,0,nan,nan,,True
matmul,cuda,1024,64_32_32_1_4,0.8835520148277283,3,0.8807680010795593,0.005558141386215167,0.013807188624566202,0.31990399956703186,0.5636480152606964,176.1928628662209,False,0,nan,nan,,True
matmul,cuda,1024,64_32_32_2_2,0.472351998090744,3,0.4732373257478078,0.0020229308740137104,0.005025238872339244,0.31990399956703186,0.15244799852371216,47.65429589190509,False,0,nan,nan,,True
matmul,cuda,1024,64_32_32_2_4,0.6879680156707764,3,0.6854506731033325,0.006098947535017534,0.01515062557353597,0.31990399956703186,0.3680640161037445,115.05452154455521,False,0,nan,nan,,True
matmul,cuda,1024,64_32_32_4_1,0.5814399719238281,3,0.5815253257751465,0.001665623890797745,0.004137639120671666,0.31990399956703186,0.26153597235679626,81.75451782746302,False,0,nan,nan,,True
matmul,cuda,1024,64_32_32_4_2,0.5770879983901978,3,0.5769919951756796,0.002321480870918057,0.0057668781784830925,0.31990399956703186,0.2571839988231659,80.39411797640756,False,0,nan,nan,,True
matmul,cuda,1024,64_32_32_4_4,0.5841599702835083,3,0.5840426484743754,0.002002583211168382,0.0049746924757198,0.31990399956703186,0.26425597071647644,82.60477239238296,False,0,nan,nan,,True
matmul,cuda,1024,64_64_8_2_4,0.38329601287841797,3,0.3842026690642039,0.0024189786207550698,0.006009076015660975,0.31990399956703186,0.06339201331138611,19.815948971311034,False,0,nan,nan,,True
matmul,cuda,1024,64_64_8_4_2,0.31990399956703186,3,0.31989333033561707,0.0012320328534390396,0.0030605392733053516,0.31990399956703186,0.0,0.0,True,0,nan,nan,,True
matmul,cuda,1024,64_64_8_4_4,0.4692800045013428,3,0.471040000518163,0.004205902882283649,0.01044804196171073,0.31990399956703186,0.1493760049343109,46.69400980809277,False,0,nan,nan,,True
matmul,cuda,1024,64_64_16_2_4,0.5383039712905884,3,0.5393493175506592,0.002475491556173777,0.006149461929734534,0.31990399956703186,0.21839997172355652,68.2704723977024,False,0,nan,nan,,True
matmul,cuda,1024,64_64_16_4_2,0.43238401412963867,3,0.43187201023101807,0.004215380206191926,0.01047158493943745,0.31990399956703186,0.11248001456260681,35.160552764217016,False,0,nan,nan,,True
matmul,cuda,1024,64_64_16_4_4,0.34992000460624695,3,0.34969600041707355,0.0032857306922170404,0.008162207523090714,0.31990399956703186,0.030016005039215088,9.382816432379618,True,0,nan,nan,,True
matmul,cuda,1024,64_64_32_2_4,0.4055359959602356,3,0.4052799940109253,0.0017739147938497623,0.00440664863677942,0.31990399956703186,0.08563199639320374,26.768029317889358,False,0,nan,nan,,True
matmul,cuda,1024,64_64_32_4_2,0.5157759785652161,3,0.5154986580212911,0.0004803332720606802,0.0011932139953195753,0.31990399956703186,0.1958719789981842,61.22836202838461,False,0,nan,nan,,True
matmul,cuda,1024,64_64_32_4_4,0.6010559797286987,3,0.6017386515935262,0.001796083139543463,0.004461717860323566,0.31990399956703186,0.28115198016166687,87.8863598273816,False,0,nan,nan,,True
matmul,cuda,1024,64_128_8_4_4,0.5466240048408508,3,0.5463893214861552,0.0010439823640939515,0.002593395961015932,0.31990399956703186,0.22672000527381897,70.87126312289593,False,0,nan,nan,,True
matmul,cuda,1024,64_128_16_4_4,0.6891840100288391,3,0.6888746817906698,0.00195443472102837,0.0048550849956006115,0.31990399956703186,0.36928001046180725,115.43463381564546,False,0,nan,nan,,True
matmul,cuda,1024,64_128_32_4_4,0.6244480013847351,3,0.6239999930063883,0.004401146026115459,0.010933052818258071,0.31990399956703186,0.30454400181770325,95.19856026491782,False,0,nan,nan,,True
matmul,cuda,1024,128_32_8_2_4,0.7319999933242798,3,0.7336746652921041,0.0033249787247526686,0.008259705040823295,0.31990399956703186,0.4120959937572479,128.81864381657985,False,0,nan,nan,,True
matmul,cuda,1024,128_32_8_4_2,0.5611839890480042,3,0.5622400045394897,0.007432465063724775,0.01846326675583676,0.31990399956703186,0.2412799894809723,75.42262360193315,False,0,nan,nan,,True
matmul,cuda,1024,128_32_8_4_4,0.4910399913787842,3,0.4904746611913045,0.0012370148967445799,0.003072915354962069,0.31990399956703186,0.17113599181175232,53.49604632745235,False,0,nan,nan,,True
matmul,cuda,1024,128_32_16_2_4,0.6815360188484192,3,0.6813973387082418,0.005937241414451033,0.014748925301220961,0.31990399956703186,0.36163201928138733,113.04391935419109,False,0,nan,nan,,True
matmul,cuda,1024,128_32_16_4_2,0.47043201327323914,3,0.46898133556048077,0.0025403914875054513,0.0063106822966436105,0.31990399956703186,0.15052801370620728,47.054120583030105,False,0,nan,nan,,True
matmul,cuda,1024,128_32_16_4_4,0.400736004114151,3,0.4041706621646881,0.006539619926918433,0.01624531648077071,0.31990399956703186,0.08083200454711914,25.267581729681318,False,0,nan,nan,,True
matmul,cuda,1024,128_32_32_2_4,0.5302720069885254,3,0.525269349416097,0.013255971400459563,0.03292965846135734,0.31990399956703186,0.21036800742149353,65.7597303272895,False,0,nan,nan,,True
matmul,cuda,1024,128_32_32_4_2,0.6929919719696045,3,0.6937706669171652,0.0025700536265179466,0.00638436713477486,0.31990399956703186,0.37308797240257263,116.6249790273087,False,0,nan,nan,,True
matmul,cuda,1024,128_32_32_4_4,0.677344024181366,3,0.6776106754938761,0.00332006228375025,0.008247491924321726,0.31990399956703186,0.3574400246143341,111.73352790152818,False,0,nan,nan,,True
matmul,cuda,1024,128_64_8_4_4,0.43248000741004944,3,0.43138133486111957,0.0029875591152184037,0.007421508264105536,0.31990399956703186,0.11257600784301758,35.19055966645665,False,0,nan,nan,,True
matmul,cuda,1024,128_64_16_4_4,0.6520959734916687,3,0.6522773305575053,0.0029002666741491812,0.007204661819297353,0.31990399956703186,0.33219197392463684,103.8411443352493,False,0,nan,nan,,True
matmul,cuda,1024,128_64_32_4_4,0.6447359919548035,3,0.6399679978688558,0.008705581283574017,0.021625862768966053,0.31990399956703186,0.3248319923877716,101.54045989653441,False,0,nan,nan,,True
matmul,sycl,2048,32_32_8_1_2,9.293824195861816,3,9.687381426493326,0.9428619816219448,2.3421990054936948,5.249023914337158,4.044800281524658,77.0581416189915,False,0,nan,nan,,True
matmul,sycl,2048,32_32_8_1_4,8.530943870544434,3,8.579754511515299,1.0335686506142379,2.567526862641911,5.249023914337158,3.2819199562072754,62.524385671839966,False,0,nan,nan,,True
matmul,sycl,2048,32_32_8_2_1,8.57702350616455,3,8.683178265889486,0.5782348366673877,1.4364149639954498,5.249023914337158,3.3279995918273926,63.40225623162643,False,0,nan,nan,,True
matmul,sycl,2048,32_32_8_2_2,6.259712219238281,3,6.259370644887288,0.3476480312022977,0.8636055847146809,5.249023914337158,1.010688304901123,19.254785678162637,False,0,nan,nan,,True
matmul,sycl,2048,32_32_8_2_4,5.805056095123291,3,6.154922644297282,0.6435922997469635,1.5987719027737421,5.249023914337158,0.5560321807861328,10.593058630717785,False,0,nan,nan,,True
matmul,sycl,2048,32_32_8_4_1,6.818816184997559,3,6.888789335886638,0.13655084262694311,0.33921109773667,5.249023914337158,1.5697922706604004,29.906365379145587,False,0,nan,nan,,True
matmul,sycl,2048,32_32_8_4_2,5.468160152435303,3,5.686954657236735,0.4508396372375616,1.119947744799786,5.249023914337158,0.21913623809814453,4.174799766097405,True,0,nan,nan,,True
matmul,sycl,2048,32_32_8_4_4,5.795839786529541,3,6.056618690490723,0.6001464392099907,1.4908464021957393,5.249023914337158,0.5468158721923828,10.41747725131929,False,0,nan,nan,,True
matmul,sycl,2048,32_32_16_1_2,7.89299201965332,3,8.0360107421875,0.370017390488679,0.9191741537049847,5.249023914337158,2.643968105316162,50.370662211967456,False,0,nan,nan,,True
matmul,sycl,2048,32_32_16_1_4,8.664064407348633,3,8.7640749613444,0.47944006194157507,1.1909951383782218,5.249023914337158,3.4150404930114746,65.06048645889476,False,0,nan,nan,,True
matmul,sycl,2048,32_32_16_2_1,7.371776103973389,3,7.351296106974284,0.49286316699189986,1.2243399798421062,5.249023914337158,2.1227521896362305,40.44089385529671,False,0,nan,nan,,True
matmul,sycl,2048,32_32_16_2_2,8.48588752746582,3,8.62890625,0.28208606986264556,0.7007406440965518,5.249023914337158,3.236863613128662,61.66601002307322,False,0,nan,nan,,True
matmul,sycl,2048,32_32_16_2_4,8.467455863952637,3,8.572928110758463,0.5296635182756215,1.315757120270526,5.249023914337158,3.2184319496154785,61.31486543287923,False,0,nan,nan,,True
matmul,sycl,2048,32_32_16_4_1,5.897215843200684,3,6.126591841379802,0.4423726598537375,1.0989146069763525,5.249023914337158,0.6481919288635254,12.348808834592221,False,0,nan,nan,,True
matmul,sycl,2048,32_32_16_4_2,5.262335777282715,3,5.495807965596517,0.49384850346491405,1.2267876913334534,5.249023914337158,0.01331186294555664,0.2536064449848796,True,0,nan,nan,,True
matmul,sycl,2048,32_32_16_4_4,5.468160152435303,3,5.770922660827637,0.6041220202278303,1.5007222929281516,5.249023914337158,0.21913623809814453,4.174799766097405,True,0,nan,nan,,True
matmul,sycl,2048,32_32_32_1_2,10.171392440795898,3,10.146133422851562,0.4562046457731668,1.133275164826781,5.249023914337158,4.92236852645874,93.77683559440084,False,0,nan,nan,,True
matmul,sycl,2048,32_32_32_1_4,10.099712371826172,3,10.135552088419596,0.3653525822037921,0.9075861275265549,5.249023914337158,4.850688457489014,92.41124705566433,False,0,nan,nan,,True
matmul,sycl,2048,32_32_32_2_1,8.51968002319336,3,8.555861473083496,0.18797420722229397,0.4669538169914844,5.249023914337158,3.270656108856201,62.309796301799025,False,0,nan,nan,,True
matmul,sycl,2048,32_32_32_2_2,8.399871826171875,3,8.60808531443278,0.5062871688313368,1.257687049053645,5.249023914337158,3.150847911834717,60.02731104403061,False,0,nan,nan,,True
matmul,sycl,2048,32_32_32_2_4,9.187328338623047,3,8.888320287068685,0.534834926013861,1.3286036092557652,5.249023914337158,3.9383044242858887,75.02927189050946,False,0,nan,nan,,True
matmul,sycl,2048,32_32_32_4_1,6.13478422164917,3,6.108160018920898,0.39184683968534084,0.9734015116804784,5.249023914337158,0.8857603073120117,16.874762275185113,False,0,nan,nan,,True
matmul,sycl,2048,32_32_32_4_2,5.705728054046631,3,5.640874703725179,0.4286555555764807,1.0648394309456295,5.249023914337158,0.45670413970947266,8.700744122388796,True,0,nan,nan,,True
matmul,sycl,2048,32_32_32_4_4,5.626880168914795,3,5.634048144022624,0.39787247813829635,0.9883700273986529,5.249023914337158,0.3778562545776367,7.19860036349924,True,0,nan,nan,,True
matmul,sycl,2048,32_64_8_1_4,7.73529577255249,3,7.894357204437256,0.46723180837532646,1.160668155300069,5.249023914337158,2.486271858215332,47.36636560988684,False,0,nan,nan,,True
matmul,sycl,2048,32_64_8_2_2,6.567935943603516,3,6.701738675435384,0.46125647605969394,1.1458246069547497,5.249023914337158,1.3189120292663574,25.126805493567815,False,0,nan,nan,,True
matmul,sycl,2048,32_64_8_2_4,5.5511040687561035,3,5.698901335398356,0.3858784386034632,0.958575181474318,5.249023914337158,0.3020801544189453,5.754977674874848,True,0,nan,nan,,True
matmul,sycl,2048,32_64_8_4_1,6.78604793548584,3,6.919850667317708,0.599089493196373,1.4882208027440607,5.249023914337158,1.5370240211486816,29.282092180042497,False,0,nan,nan,,True
matmul,sycl,2048,32_64_8_4_2,5.329919815063477,3,5.40774393081665,0.18667173755660726,0.4637183029765817,5.249023914337158,0.08089590072631836,1.5411608338334999,True,0,nan,nan,,True
matmul,sycl,2048,32_64_8_4_4,6.184959888458252,3,6.100991884867351,0.38680103743769356,0.9608670440312181,5.249023914337158,0.9359359741210938,17.830666984859466,False,0,nan,nan,,True
matmul,sycl,2048,32_64_16_1_4,11.593728065490723,3,11.749034563700357,0.598477261266546,1.4866999343188585,5.249023914337158,6.3447041511535645,120.87398066188402,False,0,nan,nan,,True
matmul,sycl,2048,32_64_16_2_2,9.373696327209473,3,9.507840156555176,0.41247352049313585,1.0246410273427244,5.249023914337158,4.1246724128723145,78.57979845750377,False,0,nan,nan,,True
matmul,sycl,2048,32_64_16_2_4,9.381888389587402,3,9.369941393534342,0.5801885049542229,1.4412681450629674,5.249023914337158,4.132864475250244,78.73586675727955,False,0,nan,nan,,True
matmul,sycl,2048,32_64_16_4_1,6.928383827209473,3,6.9847038586934405,0.5107501589683474,1.2687737311600253,5.249023914337158,1.6793599128723145,31.993756177892788,False,0,nan,nan,,True
matmul,sycl,2048,32_64_16_4_2,5.67091178894043,3,5.826901117960612,0.5329881385990805,1.32401593499318,5.249023914337158,0.4218878746032715,8.037453848341766,True,0,nan,nan,,True
matmul,sycl,2048,32_64_16_4_4,6.128640174865723,3,6.601728121439616,0.967568362227769,2.403573057276719,5.249023914337158,0.8796162605285645,16.757711050353283,False,0,nan,nan,,True
matmul,sycl,2048,32_64_32_1_4,12.232704162597656,3,12.420096079508463,0.6885809058008924,1.7105297956700003,5.249023914337158,6.983680248260498,133.04721720137925,False,0,nan,nan,,True
matmul,sycl,2048,32_64_32_2_2,9.142271995544434,3,9.193472226460775,0.4894365667744142,1.2158278330188637,5.249023914337158,3.8932480812072754,74.17089624174271,False,0,nan,nan,,True
matmul,sycl,2048,32_64_32_2_4,9.068544387817383,3,9.423530578613281,0.6769671386242396,1.6816795986513475,5.249023914337158,3.8195204734802246,72.76629971236376,False,0,nan,nan,,True
matmul,sycl,2048,32_64_32_4_1,6.9273600578308105,3,7.136597315470378,0.573628569238437,1.424972361364928,5.249023914337158,1.6783361434936523,31.97425218257157,False,0,nan,nan,,True
matmul,sycl,2048,32_64_32_4_2,6.2412800788879395,3,6.094165325164795,0.4914266511236158,1.220771476600218,5.249023914337158,0.9922561645507812,18.903632003667152,False,0,nan,nan,,True
matmul,sycl,2048,32_64_32_4_4,6.516736030578613,3,6.98470417658488,0.9708143066328767,2.411636430183592,5.249023914337158,1.267712116241455,24.15138770427074,False,0,nan,nan,,True
matmul,sycl,2048,32_128_8_2_4,6.552576065063477,3,6.853973388671875,0.6510902567546007,1.617397860537265,5.249023914337158,1.3035521507263184,24.83418197363899,False,0,nan,nan,,True
matmul,sycl,2048,32_128_8_4_2,7.089151859283447,3,7.1601494153340655,0.5350008999178137,1.3290159112897357,5.249023914337158,1.840127944946289,35.056573850238564,False,0,nan,nan,,True
matmul,sycl,2048,32_128_8_4_4,7.954432010650635,3,8.155477205912272,0.4625626137394692,1.1490692328217769,5.249023914337158,2.7054080963134766,51.54116537598425,False,0,nan,nan,,True
matmul,sycl,2048,32_128_16_2_4,11.104255676269531,3,11.072170575459799,0.4626590992118756,1.1493089160224148,5.249023914337158,5.855231761932373,111.54896334039213,False,0,nan,nan,,True
matmul,sycl,2048,32_128_16_4_2,5.701632022857666,3,5.99074125289917,0.7394841383834267,1.8369804353767059,5.249023914337158,0.4526081085205078,8.62270997250091,True,0,nan,nan,,True
matmul,sycl,2048,32_128_16_4_4,7.043071746826172,3,7.4277544021606445,0.7466078578517094,1.8546767355555769,5.249023914337158,1.7940478324890137,34.1786942061506,False,0,nan,nan,,True
matmul,sycl,2048,32_128_32_2_4,11.350015640258789,3,11.485525131225586,0.5447588400898249,1.3532559784597318,5.249023914337158,6.100991725921631,116.2309759964593,False,0,nan,nan,,True
matmul,sycl,2048,32_128_32_4_2,5.501952171325684,3,5.684565385182698,0.3396136031967077,0.8436469591138991,5.249023914337158,0.2529282569885254,4.818576960521715,True,0,nan,nan,,True
matmul,sycl,2048,32_128_32_4_4,7.9339518547058105,3,7.759189287821452,0.4791851839178623,1.1903619862676278,5.249023914337158,2.6849279403686523,51.15099462654482,False,0,nan,nan,,True
matmul,sycl,2048,64_32_8_1_4,7.997439861297607,3,8.046591758728027,0.14758380773168805,0.36661850242545313,5.249023914337158,2.748415946960449,52.36051486550555,False,0,nan,nan,,True
matmul,sycl,2048,64_32_8_2_2,7.5089921951293945,3,7.522645473480225,0.32482336662170386,0.806905974672679,5.249023914337158,2.2599682807922363,43.05501970793789,False,0,nan,nan,,True
matmul,sycl,2048,64_32_8_2_4,5.966847896575928,3,5.826901276906331,0.2953264200718741,0.7336314973676705,5.249023914337158,0.7178239822387695,13.675380298384784,False,0,nan,nan,,True
matmul,sycl,2048,64_32_8_4_1,7.002111911773682,3,7.08300797144572,0.20727103620652532,0.5148897975878173,5.249023914337158,1.7530879974365234,33.39836179157324,False,0,nan,nan,,True
matmul,sycl,2048,64_32_8_4_2,5.6145920753479,3,5.8159786860148115,0.42735214000960053,1.0616015671819001,5.249023914337158,0.3655681610107422,6.964497913835582,True,0,nan,nan,,True
matmul,sycl,2048,64_32_8_4_4,5.6750078201293945,3,6.127274513244629,0.93629232630444,2.3258790769664817,5.249023914337158,0.42598390579223633,8.115487998229652,True,0,nan,nan,,True
matmul,sycl,2048,64_32_16_1_4,8.315903663635254,3,8.569173177083334,0.4809582297465693,1.1947664762753263,5.249023914337158,3.0668797492980957,58.42762005563045,False,0,nan,nan,,True
matmul,sycl,2048,64_32_16_2_2,8.540160179138184,3,8.698197364807129,0.3508669424581538,0.871601803556032,5.249023914337158,3.2911362648010254,62.69996705123846,False,0,nan,nan,,True
matmul,sycl,2048,64_32_16_2_4,8.154111862182617,3,8.417621294657389,0.5317173692144651,1.3208591688419578,5.249023914337158,2.905087947845459,55.345298387963446,False,0,nan,nan,,True
matmul,sycl,2048,64_32_16_4_1,6.011903762817383,3,6.263466676076253,0.5009279923155584,1.2443741165670374,5.249023914337158,0.7628798484802246,14.53374686285003,False,0,nan,nan,,True
matmul,sycl,2048,64_32_16_4_2,5.6248321533203125,3,5.725866794586182,0.3470820590278996,0.8621996318924747,5.249023914337158,0.3758082389831543,7.1595832885552975,True,0,nan,nan,,True
matmul,sycl,2048,64_32_16_4_4,5.547008037567139,3,5.618005275726318,0.29423985360733,0.7309323166368067,5.249023914337158,0.29798412322998047,5.676943524986962,True,0,nan,nan,,True
matmul,sycl,2048,64_32_32_1_4,9.636863708496094,3,9.946111996968588,0.5832659926039465,1.448913048190997,5.249023914337158,4.3878397941589355,83.5934426241422,False,0,nan,nan,,True
matmul,sycl,2048,64_32_32_2_2,8.335359573364258,3,8.453119913736979,0.2375350964867485,0.5900698910396733,5.249023914337158,3.0863356590270996,58.79827772544716,False,0,nan,nan,,True
matmul,sycl,2048,64_32_32_2_4,8.48588752746582,3,8.34935442606608,0.5935287307995198,1.4744071031681258,5.249023914337158,3.236863613128662,61.66601002307322,False,0,nan,nan,,True
matmul,sycl,2048,64_32_32_4_1,6.083583831787109,3,6.28223991394043,0.3901841697955503,0.9692712107051094,5.249023914337158,0.8345599174499512,15.899335401586537,False,0,nan,nan,,True
matmul,sycl,2048,64_32_32_4_2,5.355519771575928,3,5.517653306325276,0.4131968338708886,1.026437837381791,5.249023914337158,0.10649585723876953,2.0288697284820376,True,0,nan,nan,,True
matmul,sycl,2048,64_32_32_4_4,5.249023914337158,3,5.384191989898682,0.3576211131309783,0.8883800936357851,5.249023914337158,0.0,0.0,True,0,nan,nan,,True
matmul,sycl,2048,64_64_8_2_4,6.343679904937744,3,6.456661383310954,0.4625628507216449,1.149069821518137,5.249023914337158,1.094655990600586,20.854467582261304,False,0,nan,nan,,True
matmul,sycl,2048,64_64_8_4_2,5.5357441902160645,3,5.622101306915283,0.33960125735299257,0.8436162903379438,5.249023914337158,0.28672027587890625,5.462354154946025,True,0,nan,nan,,True
matmul,sycl,2048,64_64_8_4_4,5.510143756866455,3,5.625514507293701,0.3819400703194316,0.9487917322973152,5.249023914337158,0.2611198425292969,4.974636175995987,True,0,nan,nan,,True
matmul,sycl,2048,64_64_16_2_4,8.433664321899414,3,8.660309473673502,0.4449878549447871,1.105411111725532,5.249023914337158,3.184640407562256,60.671097322756424,False,0,nan,nan,,True
matmul,sycl,2048,64_64_16_4_2,5.637119770050049,3,5.659989198048909,0.37684070121240815,0.9361241971925809,5.249023914337158,0.3880958557128906,7.393676653917455,True,0,nan,nan,,True
matmul,sycl,2048,64_64_16_4_4,5.5715837478637695,3,5.915306568145752,0.6006737305435449,1.4921562664824846,5.249023914337158,0.32255983352661133,6.145139340012778,True,0,nan,nan,,True
matmul,sycl,2048,64_64_32_2_4,8.870911598205566,3,8.71185048421224,0.4205138588541955,1.0446143350804178,5.249023914337158,3.621887683868408,69.00116560672551,False,0,nan,nan,,True
matmul,sycl,2048,64_64_32_4_2,5.63097620010376,3,5.540181318918864,0.5838786794891984,1.4504350467881268,5.249023914337158,0.38195228576660156,7.276634513387126,True,0,nan,nan,,True
matmul,sycl,2048,64_64_32_4_4,5.438464164733887,3,5.628928184509277,0.5584209299481779,1.3871944910977678,5.249023914337158,0.18944025039672852,3.609056721560981,True,0,nan,nan,,True
matmul,sycl,2048,64_128_8_4_4,7.1495680809021,3,7.37553056081136,0.5138565362156632,1.2764904000269093,5.249023914337158,1.9005441665649414,36.207573018934134,False,0,nan,nan,,True
matmul,sycl,2048,64_128_16_4_4,6.9468159675598145,3,7.1625386873881025,0.4689040105195726,1.1648221357082091,5.249023914337158,1.6977920532226562,32.34490985238828,False,0,nan,nan,,True
matmul,sycl,2048,64_128_32_4_4,7.2570881843566895,3,7.253674825032552,0.41165864867201624,1.022616773521663,5.249023914337158,2.0080642700195312,38.255955827038896,False,0,nan,nan,,True
matmul,sycl,2048,128_32_8_2_4,6.592512130737305,3,6.6529280344645185,0.4754637425163479,1.1811174133401714,5.249023914337158,1.3434882164001465,25.59501039289513,False,0,nan,nan,,True
matmul,sycl,2048,128_32_8_4_2,6.623231887817383,3,6.590463956197103,0.22706011300873685,0.5640485895523053,5.249023914337158,1.3742079734802246,26.180257432752775,False,0,nan,nan,,True
matmul,sycl,2048,128_32_8_4_4,6.253568172454834,3,6.262784004211426,0.5545534852472178,1.3775872258681225,5.249023914337158,1.0045442581176758,19.137734453330808,False,0,nan,nan,,True
matmul,sycl,2048,128_32_16_2_4,8.729599952697754,3,8.784895896911621,0.25138750464456566,0.624481180542638,5.249023914337158,3.4805760383605957,66.30901468849794,False,0,nan,nan,,True
matmul,sycl,2048,128_32_16_4_2,5.653503894805908,3,5.8569386800130205,0.8179199937508178,2.0318259016458216,5.249023914337158,0.40447998046875,7.705813253469,True,0,nan,nan,,True
matmul,sycl,2048,128_32_16_4_4,5.368832111358643,3,5.579434712727864,0.5142012526749054,1.2773467231831637,5.249023914337158,0.11980819702148438,2.2824852577684176,True,0,nan,nan,,True
matmul,sycl,2048,128_32_32_2_4,8.632320404052734,3,8.801962852478027,0.49684203786827663,1.2342240430361766,5.249023914337158,3.383296489715576,64.4557263394144,False,0,nan,nan,,True
matmul,sycl,2048,128_32_32_4_2,5.489664077758789,3,5.758634726206462,0.7119519115758924,1.7685865924764936,5.249023914337158,0.24064016342163086,4.5844745108580565,True,0,nan,nan,,True
matmul,sycl,2048,128_32_32_4_4,5.734399795532227,3,5.826218605041504,0.38462927134097435,0.9554720779693238,5.249023914337158,0.48537588119506836,9.2469740873025,True,0,nan,nan,,True
matmul,sycl,2048,128_64_8_4_4,5.963776111602783,3,6.63040018081665,1.2817016131434062,3.183923312381312,5.249023914337158,0.714752197265625,13.616859228119619,False,0,nan,nan,,True
matmul,sycl,2048,128_64_16_4_4,5.840896129608154,3,5.857279936472575,0.19507674201908481,0.48459749152899345,5.249023914337158,0.5918722152709961,11.275852900086038,False,0,nan,nan,,True
matmul,sycl,2048,128_64_32_4_4,5.8173441886901855,3,5.72211217880249,0.19309123380995422,0.4796652157097636,5.249023914337158,0.5683202743530273,10.827161080381442,False,0,nan,nan,,True
matmul,cuda,2048,32_32_8_1_2,5.332575798034668,3,5.332650502522786,0.002768795653318732,0.006878069698454503,2.106015920639038,3.22655987739563,153.20681319524783,False,0,nan,nan,,True
matmul,cuda,2048,32_32_8_1_4,3.802880048751831,3,3.8034986654917398,0.002147851002809946,0.00533555767523497,2.106015920639038,1.696864128112793,80.57223649087636,False,0,nan,nan,,True
matmul,cuda,2048,32_32_8_2_1,3.8030080795288086,3,3.8027093410491943,0.0019055618768483553,0.004733678120294016,2.106015920639038,1.6969921588897705,80.57831577905851,False,0,nan,nan,,True
matmul,cuda,2048,32_32_8_2_2,2.810784101486206,3,2.8106027444203696,0.0006124735863868537,0.0015214687333755528,2.106015920639038,0.704768180847168,33.464522938331676,False,0,nan,nan,,True
matmul,cuda,2048,32_32_8_2_4,3.5841920375823975,3,3.587551991144816,0.015460225207057924,0.03840532846852973,2.106015920639038,1.4781761169433594,70.18826887570867,False,0,nan,nan,,True
matmul,cuda,2048,32_32_8_4_1,2.9068479537963867,3,2.906229337056478,0.002303119109691278,0.005721265034965839,2.106015920639038,0.8008320331573486,38.02592493765899,False,0,nan,nan,,True
matmul,cuda,2048,32_32_8_4_2,2.770688056945801,3,2.766773303349813,0.009355911232688507,0.023241371920621923,2.106015920639038,0.6646721363067627,31.560641578866992,False,0,nan,nan,,True
matmul,cuda,2048,32_32_8_4_4,3.5393919944763184,3,3.6863999366760254,0.2641877940985889,0.6562788622963032,2.106015920639038,1.4333760738372803,68.06102744951446,False,0,nan,nan,,True
matmul,cuda,2048,32_32_16_1_2,3.8346240520477295,3,3.8346986770629883,0.005552310374963615,0.013792703589618593,2.106015920639038,1.7286081314086914,82.07953769334146,False,0,nan,nan,,True
matmul,cuda,2048,32_32_16_1_4,4.10041618347168,3,4.0981974601745605,0.005498638070572841,0.01365937419420682,2.106015920639038,1.9944002628326416,94.70015128031281,False,0,nan,nan,,True
matmul,cuda,2048,32_32_16_2_1,3.6724159717559814,3,3.6733226776123047,0.0025708186072329435,0.006386267452217709,2.106015920639038,1.5664000511169434,74.37740787076497,False,0,nan,nan,,True
matmul,cuda,2048,32_32_16_2_2,2.7843520641326904,3,2.784288009007772,0.0020487667435592667,0.005089418730192641,2.106015920639038,0.6783361434936523,32.20944993083536,False,0,nan,nan,,True
matmul,cuda,2048,32_32_16_2_4,4.303071975708008,3,4.30130132039388,0.04236374886805772,0.1052373861729583,2.106015920639038,2.1970560550689697,104.32286069339433,False,0,nan,nan,,True
matmul,cuda,2048,32_32_16_4_1,3.333280086517334,3,3.333045323689779,0.006946916828061311,0.017257098072766208,2.106015920639038,1.227264165878296,58.274211218018785,False,0,nan,nan,,True
matmul,cuda,2048,32_32_16_4_2,3.1024320125579834,3,3.108330726623535,0.011286289669520421,0.028036697793446308,2.106015920639038,0.9964160919189453,47.31284707556238,False,0,nan,nan,,True
matmul,cuda,2048,32_32_16_4_4,5.064896106719971,3,5.294901371002197,0.5378743658356405,1.33615399633955,2.106015920639038,2.9588801860809326,140.49657256071958,False,0,nan,nan,,True
matmul,cuda,2048,32_32_32_1_2,3.8660480976104736,3,3.8679146766662598,0.0061521946902009985,0.015282898839768855,2.106015920639038,1.7600321769714355,83.57164633576848,False,0,nan,nan,,True
matmul,cuda,2048,32_32_32_1_4,6.081567764282227,3,6.081237157185872,0.013682977098880765,0.03399039941992488,2.106015920639038,3.9755518436431885,188.77121510253676,False,0,nan,nan,,True
matmul,cuda,2048,32_32_32_2_1,3.766335964202881,3,3.7665066719055176,0.0009080917688456371,0.002255825008691481,2.106015920639038,1.6603200435638428,78.8370129253365,False,0,nan,nan,,True
matmul,cuda,2048,32_32_32_2_2,3.019007921218872,3,3.0143892765045166,0.010532951145695557,0.026165301156722,2.106015920639038,0.912992000579834,43.351619122746264,False,0,nan,nan,,True
matmul,cuda,2048,32_32_32_2_4,3.45414400100708,3,3.4508800506591797,0.007854304750225385,0.019511174629372796,2.106015920639038,1.348128080368042,64.01319511198061,False,0,nan,nan,,True
matmul,cuda,2048,32_32_32_4_1,4.592160224914551,3,4.590805371602376,0.003756138348166718,0.009330764921116952,2.106015920639038,2.4861443042755127,118.0496443503205,False,0,nan,nan,,True
matmul,cuda,2048,32_32_32_4_2,4.961952209472656,3,4.964725335439046,0.005338798046706013,0.013262309563076613,2.106015920639038,2.855936288833618,135.60848523723544,False,0,nan,nan,,True
matmul,cuda,2048,32_32_32_4_4,5.82755184173584,3,5.557493368784587,0.5166690826863514,1.2834771527807094,2.106015920639038,3.7215359210968018,176.70977149914228,False,0,nan,nan,,True
matmul,cuda,2048,32_64_8_1_4,4.668704032897949,3,4.666666666666667,0.009650766655944054,0.023973833397036515,2.106015920639038,2.562688112258911,121.68417565814521,False,0,nan,nan,,True
matmul,cuda,2048,32_64_8_2_2,3.4463679790496826,3,3.465013345082601,0.038581606025930804,0.09584202250772078,2.106015920639038,1.3403520584106445,63.64396609138336,False,0,nan,nan,,True
matmul,cuda,2048,32_64_8_2_4,2.651263952255249,3,2.6578667163848877,0.014004575477017661,0.03478929407908238,2.106015920639038,0.5452480316162109,25.890024205076465,False,0,nan,nan,,True
matmul,cuda,2048,32_64_8_4_1,3.48905611038208,3,3.4880213737487793,0.006288096122102472,0.015620496711832299,2.106015920639038,1.383040189743042,65.67092756465867,False,0,nan,nan,,True
matmul,cuda,2048,32_64_8_4_2,3.0233919620513916,3,3.0222933292388916,0.004470486886739114,0.011105305065096438,2.106015920639038,0.9173760414123535,43.559786629437724,False,0,nan,nan,,True
matmul,cuda,2048,32_64_8_4_4,2.940351963043213,3,2.940170685450236,0.0033157103521634004,0.008236681126947865,2.106015920639038,0.8343360424041748,39.61679654116804,False,0,nan,nan,,True
matmul,cuda,2048,32_64_16_1_4,3.6353280544281006,3,3.6339946587880454,0.00589022987291482,0.01463214215800468,2.106015920639038,1.5293121337890625,72.61636148149422,False,0,nan,nan,,True
matmul,cuda,2048,32_64_16_2_2,3.1967999935150146,3,3.1958719889322915,0.0020962568255045006,0.00520739063368536,2.106015920639038,1.0907840728759766,51.79372397835411,False,0,nan,nan,,True
matmul,cuda,2048,32_64_16_2_4,2.9973440170288086,3,3.0359893639882407,0.08042989204867614,0.19979892798764842,2.106015920639038,0.8913280963897705,42.322951486487845,False,0,nan,nan,,True
matmul,cuda,2048,32_64_16_4_1,3.9792959690093994,3,3.978986660639445,0.007189020868145254,0.01785851784889836,2.106015920639038,1.8732800483703613,88.94899748915209,False,0,nan,nan,,True
matmul,cuda,2048,32_64_16_4_2,3.3454079627990723,3,3.225834687550863,0.21794810062382336,0.541413095957286,2.106015920639038,1.2393920421600342,58.850079432635994,False,0,nan,nan,,True
matmul,cuda,2048,32_64_16_4_4,4.728127956390381,3,4.719210624694824,0.020754279936876043,0.05155648947077829,2.106015920639038,2.6221120357513428,124.50580311642199,False,0,nan,nan,,True
matmul,cuda,2048,32_64_32_1_4,4.358975887298584,3,4.361141363779704,0.004173044560487433,0.010366417365393232,2.106015920639038,2.252959966659546,106.97734734958318,False,0,nan,nan,,True
matmul,cuda,2048,32_64_32_2_2,3.508608102798462,3,3.508842706680298,0.008194581456054994,0.02035646882674369,2.106015920639038,1.4025921821594238,66.59931524799816,False,0,nan,nan,,True
matmul,cuda,2048,32_64_32_2_4,3.8110079765319824,3,3.807200034459432,0.007185469066448804,0.017849694684359818,2.106015920639038,1.7049920558929443,80.95817506334856,False,0,nan,nan,,True
matmul,cuda,2048,32_64_32_4_1,4.178175926208496,3,4.172629356384277,0.016002002057392595,0.03975117677378304,2.106015920639038,2.072160005569458,98.392418844616,False,0,nan,nan,,True
matmul,cuda,2048,32_64_32_4_2,3.202687978744507,3,3.2075839837392173,0.015333818553851788,0.038091316934288244,2.106015920639038,1.0966720581054688,52.07330330972524,False,0,nan,nan,,True
matmul,cuda,2048,32_64_32_4_4,3.753472089767456,3,3.756704012552897,0.012400087337184916,0.03080352458291724,2.106015920639038,1.647456169128418,78.22619729429789,False,0,nan,nan,,True
matmul,cuda,2048,32_128_8_2_4,3.7744638919830322,3,3.7702506383260093,0.01645765176040452,0.04088307338436836,2.106015920639038,1.6684479713439941,79.22295149780868,False,0,nan,nan,,True
matmul,cuda,2048,32_128_8_4_2,3.25600004196167,3,3.2562880516052246,0.02305737938569238,0.05727770566542345,2.106015920639038,1.1499841213226318,54.604721172938085,False,0,nan,nan,,True
matmul,cuda,2048,32_128_8_4_4,4.315616130828857,3,4.314869403839111,0.007356512427920935,0.018274589948932274,2.106015920639038,2.2096002101898193,104.91849508522947,False,0,nan,nan,,True
matmul,cuda,2048,32_128_16_2_4,3.955615997314453,3,3.958581288655599,0.008219434944581609,0.020418208314860742,2.106015920639038,1.849600076675415,87.82460087548543,False,0,nan,nan,,True
matmul,cuda,2048,32_128_16_4_2,3.3060801029205322,3,3.3063466548919678,0.00971472382043718,0.024132711801288398,2.106015920639038,1.2000641822814941,56.98267380226419,False,0,nan,nan,,True
matmul,cuda,2048,32_128_16_4_4,4.318079948425293,3,4.298421223958333,0.03429963555546471,0.08520501818156667,2.106015920639038,2.212064027786255,105.03548459002333,False,0,nan,nan,,True
matmul,cuda,2048,32_128_32_2_4,3.7927041053771973,3,3.784437338511149,0.023044292746201563,0.05724519665074457,2.106015920639038,1.6866881847381592,80.08905194915904,False,0,nan,nan,,True
matmul,cuda,2048,32_128_32_4_2,4.481535911560059,3,4.475935935974121,0.01068415745329255,0.026540918447673256,2.106015920639038,2.3755199909210205,112.7968676609152,False,0,nan,nan,,True
matmul,cuda,2048,32_128_32_4_4,4.163424015045166,3,4.165994644165039,0.007612891781818328,0.018911471570454808,2.106015920639038,2.057408094406128,97.69195352435129,False,0,nan,nan,,True
matmul,cuda,2048,64_32_8_1_4,4.470655918121338,3,4.469151973724365,0.004070199864603991,0.010110936977898888,2.106015920639038,2.3646399974823,112.28025269461335,False,0,nan,nan,,True
matmul,cuda,2048,64_32_8_2_2,2.9751999378204346,3,2.9764692783355713,0.0023667221997682813,0.005879263869608131,2.106015920639038,0.8691840171813965,41.271483689337735,False,0,nan,nan,,True
matmul,cuda,2048,64_32_8_2_4,3.1221439838409424,3,3.1205012798309326,0.004487480244107062,0.011147518904982778,2.106015920639038,1.0161280632019043,48.24883103892092,False,0,nan,nan,,True
matmul,cuda,2048,64_32_8_4_1,4.110367774963379,3,4.088853200276692,0.0425809529559799,0.10577695103890572,2.106015920639038,2.004351854324341,95.17268291666812,False,0,nan,nan,,True
matmul,cuda,2048,64_32_8_4_2,2.497663974761963,3,2.494111935297648,0.007903228662716,0.019632708365395768,2.106015920639038,0.3916480541229248,18.596633115863874,False,0,nan,nan,,True
matmul,cuda,2048,64_32_8_4_4,3.6398720741271973,3,3.6311253706614175,0.017269866539639866,0.04290072674748302,2.106015920639038,1.5338561534881592,72.83212526820472,False,0,nan,nan,,True
matmul,cuda,2048,64_32_16_1_4,5.18236780166626,3,5.179455916086833,0.005952627701321343,0.014787146956678932,2.106015920639038,3.0763518810272217,146.07448361994102,False,0,nan,nan,,True
matmul,cuda,2048,64_32_16_2_2,2.9904959201812744,3,2.996778647104899,0.016582062829386145,0.041192127612581064,2.106015920639038,0.8844799995422363,41.99778315416792,False,0,nan,nan,,True
matmul,cuda,2048,64_32_16_2_4,4.000800132751465,3,3.9929494063059487,0.015664520944499667,0.038912827214252266,2.106015920639038,1.8947842121124268,89.97008016622608,False,0,nan,nan,,True
matmul,cuda,2048,64_32_16_4_1,4.211935997009277,3,4.219007968902588,0.02087089456369359,0.051846176262993815,2.106015920639038,2.1059200763702393,99.99544902448935,False,0,nan,nan,,True
matmul,cuda,2048,64_32_16_4_2,3.423935890197754,3,3.4274880091349282,0.007173094441320043,0.017818954411409127,2.106015920639038,1.3179199695587158,62.578822726032065,False,0,nan,nan,,True
matmul,cuda,2048,64_32_16_4_4,4.536863803863525,3,4.540895938873291,0.024537912510029476,0.060955553833038856,2.106015920639038,2.4308478832244873,115.42400318070169,False,0,nan,nan,,True
matmul,cuda,2048,64_32_32_1_4,5.228288173675537,3,5.223573366800944,0.011262148683222041,0.02797672825898445,2.106015920639038,3.122272253036499,148.25492164793766,False,0,nan,nan,,True
matmul,cuda,2048,64_32_32_2_2,3.471776008605957,3,3.46942933400472,0.00631974921154173,0.015699127345000452,2.106015920639038,1.365760087966919,64.85041611425711,False,0,nan,nan,,True
matmul,cuda,2048,64_32_32_2_4,3.8646399974823,3,3.847935994466146,0.03128887580784278,0.0777258763515718,2.106015920639038,1.7586240768432617,83.50478548659947,False,0,nan,nan,,True
matmul,cuda,2048,64_32_32_4_1,4.136447906494141,3,4.139157295227051,0.007664101514584982,0.019038683598827433,2.106015920639038,2.0304319858551025,96.41104637228949,False,0,nan,nan,,True
matmul,cuda,2048,64_32_32_4_2,5.024735927581787,3,5.017952124277751,0.0169244032912063,0.04204254846403632,2.106015920639038,2.918720006942749,138.5896458967465,False,0,nan,nan,,True
matmul,cuda,2048,64_32_32_4_4,4.09225606918335,3,4.09005864461263,0.021333151493728744,0.0529944861353977,2.106015920639038,1.9862401485443115,94.31268439516913,False,0,nan,nan,,True
matmul,cuda,2048,64_64_8_2_4,2.381119966506958,3,2.382165273030599,0.001810524008429324,0.004497590967313059,2.106015920639038,0.2751040458679199,13.062771424085144,False,0,nan,nan,,True
matmul,cuda,2048,64_64_8_4_2,2.106015920639038,3,2.10425599416097,0.003998004878398214,0.009931594690067769,2.106015920639038,0.0,0.0,True,0,nan,nan,,True
matmul,cuda,2048,64_64_8_4_4,2.8760321140289307,3,2.8768747647603354,0.0015716960039559125,0.003904309314785692,2.106015920639038,0.7700161933898926,36.56269574430582,False,0,nan,nan,,True
matmul,cuda,2048,64_64_16_2_4,2.8569281101226807,3,2.855775992075602,0.0031995101253417422,0.007948023761390033,2.106015920639038,0.7509121894836426,35.65557990918653,False,0,nan,nan,,True
matmul,cuda,2048,64_64_16_4_2,3.1277759075164795,3,3.1332479317982993,0.010519856698827499,0.026132772747442967,2.106015920639038,1.0217599868774414,48.51625179392775,False,0,nan,nan,,True
matmul,cuda,2048,64_64_16_4_4,3.668447971343994,3,3.6706559658050537,0.007403173675675978,0.018390502914156226,2.106015920639038,1.562432050704956,74.18899522045683,False,0,nan,nan,,True
matmul,cuda,2048,64_64_32_2_4,3.5306880474090576,3,3.509930690129598,0.03836084383150154,0.09529361881521714,2.106015920639038,1.4246721267700195,67.64773774063991,False,0,nan,nan,,True
matmul,cuda,2048,64_64_32_4_2,2.9856960773468018,3,2.9873387018839517,0.007119575474477822,0.01768600592758407,2.106015920639038,0.8796801567077637,41.76987211192773,False,0,nan,nan,,True
matmul,cuda,2048,64_64_32_4_4,3.6611199378967285,3,3.661269267400106,0.0034584152983464784,0.008591179865410137,2.106015920639038,1.5551040172576904,73.84103804807981,False,0,nan,nan,,True
matmul,cuda,2048,64_128_8_4_4,2.55948805809021,3,2.559327999750773,0.007217307943874093,0.0179287868404705,2.106015920639038,0.4534721374511719,21.532227416095353,False,0,nan,nan,,True
matmul,cuda,2048,64_128_16_4_4,4.628352165222168,3,4.639317512512207,0.024565663659414764,0.06102449150977041,2.106015920639038,2.52233624458313,119.76814704315083,False,0,nan,nan,,True
matmul,cuda,2048,64_128_32_4_4,3.7246720790863037,3,3.723690668741862,0.015702973560150282,0.03900834880690418,2.106015920639038,1.6186561584472656,76.85868575751836,False,0,nan,nan,,True
matmul,cuda,2048,128_32_8_2_4,4.42252779006958,3,4.422218640645345,0.0044719326856949935,0.011108896628805986,2.106015920639038,2.316511869430542,109.99498373818713,False,0,nan,nan,,True
matmul,cuda,2048,128_32_8_4_2,4.038368225097656,3,4.0372694333394366,0.005443703490417203,0.013522909131964411,2.106015920639038,1.9323523044586182,91.75392671638852,False,0,nan,nan,,True
matmul,cuda,2048,128_32_8_4_4,4.5076799392700195,3,4.531445344289144,0.07864498044943136,0.19536496177187868,2.106015920639038,2.4016640186309814,114.03826510021032,False,0,nan,nan,,True
matmul,cuda,2048,128_32_16_2_4,4.39024019241333,3,4.4067840576171875,0.029322598210555044,0.07284137202043972,2.106015920639038,2.284224271774292,108.46187103282578,False,0,nan,nan,,True
matmul,cuda,2048,128_32_16_4_2,3.1655681133270264,3,3.16155743598938,0.01283104828989582,0.031874090937825006,2.106015920639038,1.0595521926879883,50.31073992861761,False,0,nan,nan,,True
matmul,cuda,2048,128_32_16_4_4,4.18342399597168,3,4.178442637125651,0.023802141169400316,0.05912779649858013,2.106015920639038,2.0774080753326416,98.641613055911,False,0,nan,nan,,True
matmul,cuda,2048,128_32_32_2_4,3.582495927810669,3,3.574890613555908,0.016815619928029737,0.04177231560916139,2.106015920639038,1.4764800071716309,70.10773245833848,False,0,nan,nan,,True
matmul,cuda,2048,128_32_32_4_2,4.673503875732422,3,4.6731947263081866,0.0006789572316081804,0.0016866232636827405,2.106015920639038,2.567487955093384,121.9120867003854,False,0,nan,nan,,True
matmul,cuda,2048,128_32_32_4_4,5.252416133880615,3,5.2514878908793134,0.003190917496594835,0.00792667848827655,2.106015920639038,3.146400213241577,149.40059010982455,False,0,nan,nan,,True
matmul,cuda,2048,128_64_8_4_4,3.0018880367279053,3,3.0046079953511557,0.0050756726210858015,0.012608669770381553,2.106015920639038,0.8958721160888672,42.53871527319834,False,0,nan,nan,,True
matmul,cuda,2048,128_64_16_4_4,4.770656108856201,3,4.767594655354817,0.006765095422196865,0.01680542866166057,2.106015920639038,2.664640188217163,126.52516830967826,False,0,nan,nan,,True
matmul,cuda,2048,128_64_32_4_4,4.532479763031006,3,4.534058570861816,0.0039557509667244115,0.009826630154611493,2.106015920639038,2.4264638423919678,115.21583567401022,False,0,nan,nan,,True
matmul,sycl,4096,32_32_8_1_2,51.65465545654297,3,51.671722412109375,0.49378967825928277,1.2266415614217436,21.951488494873047,29.703166961669922,135.3127691937945,False,0,nan,nan,,True
matmul,sycl,4096,32_32_8_1_4,41.52012634277344,3,41.47746022542318,0.4505419300771015,1.1192081992154357,21.951488494873047,19.56863784790039,89.14492451147815,False,0,nan,nan,,True
matmul,sycl,4096,32_32_8_2_1,49.76435089111328,3,49.73704528808594,0.10809097497633208,0.2685128672352377,21.951488494873047,27.812862396240234,126.70148724874015,False,0,nan,nan,,True
matmul,sycl,4096,32_32_8_2_2,32.02764892578125,3,31.761067708333332,0.5770879386192975,1.43356591130269,21.951488494873047,10.076160430908203,45.90194616306577,False,0,nan,nan,,True
matmul,sycl,4096,32_32_8_2_4,28.505088806152344,3,28.60748799641927,0.29132910511051385,0.7237016165265366,21.951488494873047,6.553600311279297,29.854924474984667,False,0,nan,nan,,True
matmul,sycl,4096,32_32_8_4_1,33.39161682128906,3,33.480021158854164,0.20574989202585514,0.5111110659636537,21.951488494873047,11.440128326416016,52.11550154827976,False,0,nan,nan,,True
matmul,sycl,4096,32_32_8_4_2,24.51456069946289,3,24.465749740600586,0.3217651744549393,0.7993090041815343,21.951488494873047,2.5630722045898438,11.676074746313766,False,0,nan,nan,,True
matmul,sycl,4096,32_32_8_4_4,25.383935928344727,3,25.295530954996746,0.19817063246275168,0.4922831414560349,21.951488494873047,3.4324474334716797,15.636513370258953,False,0,nan,nan,,True
matmul,sycl,4096,32_32_16_1_2,43.217918395996094,3,43.64526875813802,0.984589189998107,2.4458551374256956,21.951488494873047,21.266429901123047,96.87921575837557,False,0,nan,nan,,True
matmul,sycl,4096,32_32_16_1_4,48.32767868041992,3,48.150526682535805,0.4044949916264337,1.0048212629009043,21.951488494873047,26.376190185546875,120.15672737503543,False,0,nan,nan,,True
matmul,sycl,4096,32_32_16_2_1,37.396480560302734,3,37.417301177978516,0.03966339512142959,0.09852933559597687,21.951488494873047,15.444992065429688,70.35965724619082,False,0,nan,nan,,True
matmul,sycl,4096,32_32_16_2_2,48.25088119506836,3,48.001024881998696,0.4407694755112122,1.0949320762922454,21.951488494873047,26.299392700195312,119.80687645094206,False,0,nan,nan,,True
matmul,sycl,4096,32_32_16_2_4,48.05324935913086,3,47.9726931254069,0.2930955550411651,0.728089721415131,21.951488494873047,26.101760864257812,118.90656467489254,False,0,nan,nan,,True
matmul,sycl,4096,32_32_16_4_1,29.029375076293945,3,29.119487126668293,0.22780028017652534,0.5658872667267865,21.951488494873047,7.077886581420898,32.243310439171346,False,0,nan,nan,,True
matmul,sycl,4096,32_32_16_4_2,22.66828727722168,3,22.637226740519207,0.31398622901721185,0.7799850324622675,21.951488494873047,0.7167987823486328,3.265376662343636,True,0,nan,nan,,True
matmul,sycl,4096,32_32_16_4_4,23.840768814086914,3,23.894357681274414,0.3659631067016234,0.9091027544555459,21.951488494873047,1.8892803192138672,8.606615991690607,True,0,nan,nan,,True
matmul,sycl,4096,32_32_32_1_2,60.711936950683594,3,60.714667002360024,0.06557722617342375,0.16290286056736392,21.951488494873047,38.76044845581055,176.5732126314048,False,0,nan,nan,,True
matmul,sycl,4096,32_32_32_1_4,60.263423919677734,3,60.268202463785805,0.7219318746601682,1.793378195135709,21.951488494873047,38.31193542480469,174.53001163794775,False,0,nan,nan,,True
matmul,sycl,4096,32_32_32_2_1,48.72089767456055,3,48.86630503336588,0.3234987547649882,0.8036154564060212,21.951488494873047,26.7694091796875,121.94803639825936,False,0,nan,nan,,True
matmul,sycl,4096,32_32_32_2_2,46.54796600341797,3,46.737066904703774,0.3562840345154747,0.8850586062234811,21.951488494873047,24.596477508544922,112.04924674829971,False,0,nan,nan,,True
matmul,sycl,4096,32_32_32_2_4,46.68415832519531,3,46.769151051839195,0.2472431133846445,0.6141859419217468,21.951488494873047,24.732669830322266,112.6696708339336,False,0,nan,nan,,True
matmul,sycl,4096,32_32_32_4_1,28.113920211791992,3,27.99957338968913,0.24280834356879463,0.603169362979397,21.951488494873047,6.162431716918945,28.07295604741443,False,0,nan,nan,,True
matmul,sycl,4096,32_32_32_4_2,21.951488494873047,3,21.961727778116863,0.36977053314950914,0.918560926079337,21.951488494873047,0.0,0.0,True,0,nan,nan,,True
matmul,sycl,4096,32_32_32_4_4,23.407615661621094,3,23.3297913869222,0.4768510256098669,1.1845636155896138,21.951488494873047,1.4561271667480469,6.633386920837452,True,0,nan,nan,,True
matmul,sycl,4096,32_64_8_1_4,43.826175689697266,3,43.86269887288412,0.10473068111578886,0.26016543453380336,21.951488494873047,21.87468719482422,99.65013169805425,False,0,nan,nan,,True
matmul,sycl,4096,32_64_8_2_2,35.71712112426758,3,35.79835764567057,0.35519867234426084,0.8823624171230904,21.951488494873047,13.765632629394531,62.709335781988585,False,0,nan,nan,,True
matmul,sycl,4096,32_64_8_2_4,25.489408493041992,3,25.593514760335285,0.29909604933094375,0.7429957755693266,21.951488494873047,3.5379199981689453,16.116993610685014,False,0,nan,nan,,True
matmul,sycl,4096,32_64_8_4_1,35.164161682128906,3,35.42903518676758,0.5046803381414424,1.2536954603405306,21.951488494873047,13.21267318725586,60.1903291903954,False,0,nan,nan,,True
matmul,sycl,4096,32_64_8_4_2,22.922239303588867,3,22.904490152994793,0.13197028103368708,0.32783235194201055,21.951488494873047,0.9707508087158203,4.422255050916238,True,0,nan,nan,,True
matmul,sycl,4096,32_64_8_4_4,24.603647232055664,3,24.62173843383789,0.33470317799631855,0.8314487866930342,21.951488494873047,2.652158737182617,12.081908421845977,False,0,nan,nan,,True
matmul,sycl,4096,32_64_16_1_4,65.76025390625,3,65.84149169921875,0.28628331441742494,0.7111671775803927,21.951488494873047,43.80876541137695,199.57081917979664,False,0,nan,nan,,True
matmul,sycl,4096,32_64_16_2_2,46.329856872558594,3,46.31654357910156,0.1555639577987669,0.3864422941522676,21.951488494873047,24.378368377685547,111.05565066067989,False,0,nan,nan,,True
matmul,sycl,4096,32_64_16_2_4,46.34726333618164,3,46.24895985921224,0.45450694303726397,1.1290578374372373,21.951488494873047,24.395774841308594,111.13494580108511,False,0,nan,nan,,True
matmul,sycl,4096,32_64_16_4_1,28.209152221679688,3,27.965781529744465,0.4224177371869753,1.0493438310454017,21.951488494873047,6.257663726806641,28.506785443129154,False,0,nan,nan,,True
matmul,sycl,4096,32_64_16_4_2,22.370304107666016,3,22.282581329345703,0.27440543984207316,0.681660901412684,21.951488494873047,0.41881561279296875,1.9079144126868055,True,0,nan,nan,,True
matmul,sycl,4096,32_64_16_4_4,23.69638442993164,3,23.663957595825195,0.4662538430337145,1.1582387547142154,21.951488494873047,1.7448959350585938,7.948872968072888,True,0,nan,nan,,True
matmul,sycl,4096,32_64_32_1_4,71.8950424194336,3,71.72027842203777,0.3027001228234183,0.7519487904477984,21.951488494873047,49.94355392456055,227.51784661994688,False,0,nan,nan,,True
matmul,sycl,4096,32_64_32_2_2,45.60588836669922,3,45.70999526977539,0.34924617151117476,0.8675755853245803,21.951488494873047,23.654399871826172,107.75761232478997,False,0,nan,nan,,True
matmul,sycl,4096,32_64_32_2_4,45.469696044921875,3,45.59633127848307,0.3141628350730235,0.7804237462256225,21.951488494873047,23.518207550048828,107.13718823915609,False,0,nan,nan,,True
matmul,sycl,4096,32_64_32_4_1,27.805696487426758,3,27.826176325480144,0.5092372544279916,1.2650154679370935,21.951488494873047,5.854207992553711,26.66884295304626,False,0,nan,nan,,True
matmul,sycl,4096,32_64_32_4_2,21.951488494873047,3,21.639509836832683,0.5961908129898515,1.4810200819288255,21.951488494873047,0.0,0.0,True,0,nan,nan,,True
matmul,sycl,4096,32_64_32_4_4,23.435264587402344,3,23.71174430847168,1.0306932314420054,2.5603839254391687,21.951488494873047,1.4837760925292969,6.7593415948802065,True,0,nan,nan,,True
matmul,sycl,4096,32_128_8_2_4,26.075136184692383,3,26.049877166748047,0.084790010265025,0.21063006207643653,21.951488494873047,4.123647689819336,18.785275954213528,False,0,nan,nan,,True
matmul,sycl,4096,32_128_8_4_2,31.754240036010742,3,31.683242797851562,0.29724498368562546,0.738397473592924,21.951488494873047,9.802751541137695,44.65643203843425,False,0,nan,nan,,True
matmul,sycl,4096,32_128_8_4_4,36.159488677978516,3,36.052992502848305,0.20063169493576333,0.4983967595561438,21.951488494873047,14.208000183105469,64.72454105526313,False,0,nan,nan,,True
matmul,sycl,4096,32_128_16_2_4,64.50688171386719,3,64.5399881998698,0.3212815498113354,0.7981076139660388,21.951488494873047,42.55539321899414,193.8610824907537,False,0,nan,nan,,True
matmul,sycl,4096,32_128_16_4_2,24.52992057800293,3,24.395776112874348,0.5896060186051983,1.4646625458739884,21.951488494873047,2.578432083129883,11.746046668917678,False,0,nan,nan,,True
matmul,sycl,4096,32_128_16_4_4,35.44780731201172,3,35.279188791910805,0.4512867255366832,1.121058373704102,21.951488494873047,13.496318817138672,61.482476781885886,False,0,nan,nan,,True
matmul,sycl,4096,32_128_32_2_4,65.40799713134766,3,65.4178975423177,0.23311747568950253,0.5790959126211561,21.951488494873047,43.45650863647461,197.96611353541806,False,0,nan,nan,,True
matmul,sycl,4096,32_128_32_4_2,22.527999877929688,3,22.692864100138348,0.2864406902674145,0.711558120864261,21.951488494873047,0.5765113830566406,2.6262974521809292,True,0,nan,nan,,True
matmul,sycl,4096,32_128_32_4_4,36.03456115722656,3,36.20010630289713,0.34225751941804744,0.8502148111059569,21.951488494873047,14.083072662353516,64.15543376770434,False,0,nan,nan,,True
matmul,sycl,4096,64_32_8_1_4,44.228607177734375,3,44.110164642333984,0.3370131249149402,0.8371870129456553,21.951488494873047,22.277118682861328,101.48340823477339,False,0,nan,nan,,True
matmul,sycl,4096,64_32_8_2_2,41.5283203125,3,41.30850092569987,0.4249321290514306,1.0555899266979338,21.951488494873047,19.576831817626953,89.18225213838818,False,0,nan,nan,,True
matmul,sycl,4096,64_32_8_2_4,26.73971176147461,3,26.670420964558918,0.31753032182996255,0.7887890470722532,21.951488494873047,4.7882232666015625,21.812749817489106,False,0,nan,nan,,True
matmul,sycl,4096,64_32_8_4_1,35.895294189453125,3,35.85809071858724,0.2209854686141485,0.5489583363264217,21.951488494873047,13.943805694580078,63.52100313305301,False,0,nan,nan,,True
matmul,sycl,4096,64_32_8_4_2,24.54425621032715,3,24.376320521036785,0.4077474317749579,1.0129007721289653,21.951488494873047,2.5927677154541016,11.811352638157837,False,0,nan,nan,,True
matmul,sycl,4096,64_32_8_4_4,23.835647583007812,3,23.77796236673991,0.3107294995237169,0.771894867910607,21.951488494873047,1.8841590881347656,8.583286224871843,True,0,nan,nan,,True
matmul,sycl,4096,64_32_16_1_4,47.34668731689453,3,47.56138610839844,0.415164467627281,1.0313257105988995,21.951488494873047,25.395198822021484,115.68782147940786,False,0,nan,nan,,True
matmul,sycl,4096,64_32_16_2_2,47.224830627441406,3,47.13574345906576,0.36711015752939147,0.9119521866740641,21.951488494873047,25.27334213256836,115.13270336301413,False,0,nan,nan,,True
matmul,sycl,4096,64_32_16_2_4,47.296512603759766,3,47.332010904947914,0.3637985858805689,0.9037257866561603,21.951488494873047,25.34502410888672,115.4592505870673,False,0,nan,nan,,True
matmul,sycl,4096,64_32_16_4_1,29.498367309570312,3,29.40006383260091,0.33162647202997914,0.8238058253741798,21.951488494873047,7.546878814697266,34.379804433124896,False,0,nan,nan,,True
matmul,sycl,4096,64_32_16_4_2,22.70412826538086,3,22.490795135498047,0.3775135032494834,0.9377955301054008,21.951488494873047,0.7526397705078125,3.4286502743702223,True,0,nan,nan,,True
matmul,sycl,4096,64_32_16_4_4,22.6560001373291,3,22.831103642781574,0.4276603857996888,1.062367292173537,21.951488494873047,0.7045116424560547,3.209402599830983,True,0,nan,nan,,True
matmul,sycl,4096,64_32_32_1_4,59.112449645996094,3,59.368448893229164,0.5215333629360346,1.295560694789323,21.951488494873047,37.16096115112305,169.2867486403134,False,0,nan,nan,,True
matmul,sycl,4096,64_32_32_2_2,46.29606246948242,3,46.39812215169271,0.3775957765110407,0.9379999082171011,21.951488494873047,24.344573974609375,110.90170026645461,False,0,nan,nan,,True
matmul,sycl,4096,64_32_32_2_4,47.1357421875,3,47.04699579874674,0.4409255021109764,1.0953196678527561,21.951488494873047,25.184253692626953,114.72686099855572,False,0,nan,nan,,True
matmul,sycl,4096,64_32_32_4_1,28.93619155883789,3,28.869290033976238,0.20988328398660885,0.5213789808106775,21.951488494873047,6.984703063964844,31.818812950184128,False,0,nan,nan,,True
matmul,sycl,4096,64_32_32_4_2,23.387136459350586,3,23.49841054280599,1.0142519360331805,2.519541483484584,21.951488494873047,1.435647964477539,6.540093920340968,True,0,nan,nan,,True
matmul,sycl,4096,64_32_32_4_4,23.430143356323242,3,23.306922276814777,0.4625269507426003,1.1489806410263412,21.951488494873047,1.4786548614501953,6.736011828061443,True,0,nan,nan,,True
matmul,sycl,4096,64_64_8_2_4,29.55673599243164,3,29.31165822347005,0.4777642309292299,1.1868321433619862,21.951488494873047,7.605247497558594,34.64570295237547,False,0,nan,nan,,True
matmul,sycl,4096,64_64_8_4_2,25.167871475219727,3,25.102335611979168,0.18602131531693197,0.4621025645624641,21.951488494873047,3.2163829803466797,14.652231811514252,False,0,nan,nan,,True
matmul,sycl,4096,64_64_8_4_4,25.188352584838867,3,25.286314646402996,0.6349419254884585,1.5772831818577018,21.951488494873047,3.2368640899658203,14.745533500936927,False,0,nan,nan,,True
matmul,sycl,4096,64_64_16_2_4,46.09331130981445,3,46.264320373535156,0.4737896993844401,1.176958859665156,21.951488494873047,24.141822814941406,109.9780674125125,False,0,nan,nan,,True
matmul,sycl,4096,64_64_16_4_2,24.253440856933594,3,24.357547124226887,0.3919504864857245,0.9736589846060113,21.951488494873047,2.301952362060547,10.486543373121085,False,0,nan,nan,,True
matmul,sycl,4096,64_64_16_4_4,23.931903839111328,3,24.073898951212566,0.49574979765514143,1.2315107679324697,21.951488494873047,1.9804153442382812,9.02178157395032,True,0,nan,nan,,True
matmul,sycl,4096,64_64_32_2_4,45.94892883300781,3,45.81000518798828,0.28239979107323243,0.7015199707867339,21.951488494873047,23.997440338134766,109.32033307782098,False,0,nan,nan,,True
matmul,sycl,4096,64_64_32_4_2,21.972991943359375,3,22.15355682373047,0.423644540585632,1.0523913796328692,21.951488494873047,0.021503448486328125,0.09795895386023792,True,0,nan,nan,,True
matmul,sycl,4096,64_64_32_4_4,23.769088745117188,3,23.704917271931965,0.5394465479912209,1.3400595133219184,21.951488494873047,1.8176002502441406,8.280077456563623,True,0,nan,nan,,True
matmul,sycl,4096,64_128_8_4_4,37.328895568847656,3,37.49546559651693,0.5982601921295964,1.4861607046897092,21.951488494873047,15.37740707397461,70.05177383559266,False,0,nan,nan,,True
matmul,sycl,4096,64_128_16_4_4,36.02329635620117,3,35.90553538004557,0.578910468009846,1.4380933252924706,21.951488494873047,14.071807861328125,64.10411696962925,False,0,nan,nan,,True
matmul,sycl,4096,64_128_32_4_4,35.355648040771484,3,35.38329569498698,0.19755277937178287,0.4907483092924565,21.951488494873047,13.404159545898438,61.06264524626241,False,0,nan,nan,,True
matmul,sycl,4096,128_32_8_2_4,32.22528076171875,3,32.333483378092446,0.567407280145041,1.4095178225125125,21.951488494873047,10.273792266845703,46.80225793911531,False,0,nan,nan,,True
matmul,sycl,4096,128_32_8_4_2,32.09523010253906,3,32.145748138427734,0.21042226849907592,0.5227178925641311,21.951488494873047,10.143741607666016,46.20981219581156,False,0,nan,nan,,True
matmul,sycl,4096,128_32_8_4_4,25.380863189697266,3,25.61911455790202,0.8229573804871946,2.044339464006171,21.951488494873047,3.4293746948242188,15.622515510167695,False,0,nan,nan,,True
matmul,sycl,4096,128_32_16_2_4,47.22585678100586,3,47.346004486083984,0.2379693986800753,0.5911487574963985,21.951488494873047,25.274368286132812,115.13737800530407,False,0,nan,nan,,True
matmul,sycl,4096,128_32_16_4_2,25.595903396606445,3,25.37062390645345,0.704420936491161,1.7498786132624922,21.951488494873047,3.6444149017333984,16.60213111554864,False,0,nan,nan,,True
matmul,sycl,4096,128_32_16_4_4,23.974912643432617,3,23.908011118570965,0.47357307253628844,1.1764207287422899,21.951488494873047,2.0234241485595703,9.217708170596987,True,0,nan,nan,,True
matmul,sycl,4096,128_32_32_2_4,46.688255310058594,3,46.992384592692055,0.6670627293393739,1.6570756820345096,21.951488494873047,24.736766815185547,112.6883346473886,False,0,nan,nan,,True
matmul,sycl,4096,128_32_32_4_2,23.03999900817871,3,22.74679438273112,0.6909124941373431,1.7163217821847851,21.951488494873047,1.088510513305664,4.958709353854955,True,0,nan,nan,,True
matmul,sycl,4096,128_32_32_4_4,25.159679412841797,3,25.195178985595703,0.7062053914784953,1.7543114451913944,21.951488494873047,3.20819091796875,14.61491287353042,False,0,nan,nan,,True
matmul,sycl,4096,128_64_8_4_4,26.54105567932129,3,26.307925542195637,0.42796125897306514,1.0631147025699654,21.951488494873047,4.589567184448242,20.90777208807582,False,0,nan,nan,,True
matmul,sycl,4096,128_64_16_4_4,24.29132843017578,3,24.1974614461263,0.5351070806845757,1.3292796789367074,21.951488494873047,2.3398399353027344,10.659140202948986,False,0,nan,nan,,True
matmul,sycl,4096,128_64_32_4_4,23.10860824584961,3,23.16151491800944,0.629893006493442,1.5647409717787646,21.951488494873047,1.1571197509765625,5.2712587178168695,True,0,nan,nan,,True
matmul,cuda,4096,32_32_8_1_2,43.307456970214844,3,43.30740229288737,0.0016810411882211222,0.0041759378106149825,16.851871490478516,26.455585479736328,156.98900561094365,False,0,nan,nan,,True
matmul,cuda,4096,32_32_8_1_4,36.9870719909668,3,36.75918833414713,0.39722940337482393,0.9867725411272588,16.851871490478516,20.13520050048828,119.48346812319855,False,0,nan,nan,,True
matmul,cuda,4096,32_32_8_2_1,37.98067092895508,3,37.980587005615234,0.0028810133327143266,0.007156833867760781,16.851871490478516,21.128799438476562,125.37954286213585,False,0,nan,nan,,True
matmul,cuda,4096,32_32_8_2_2,27.184383392333984,3,27.185876846313477,0.004847768480716785,0.012042524500632368,16.851871490478516,10.332511901855469,61.31373543700144,False,0,nan,nan,,True
matmul,cuda,4096,32_32_8_2_4,30.261695861816406,3,30.287989298502605,0.1045417524185895,0.25969610963226586,16.851871490478516,13.40982437133789,79.57468924988291,False,0,nan,nan,,True
matmul,cuda,4096,32_32_8_4_1,23.528736114501953,3,23.529055913289387,0.005703025464647883,0.014167100627627605,16.851871490478516,6.6768646240234375,39.62090873880646,False,0,nan,nan,,True
matmul,cuda,4096,32_32_8_4_2,27.740320205688477,3,27.430421829223633,0.9439327922569154,2.344859046574136,16.851871490478516,10.888448715209961,64.61269729811345,False,0,nan,nan,,True
matmul,cuda,4096,32_32_8_4_4,29.21990394592285,3,29.203765233357746,0.054665719389537314,0.13579717507382938,16.851871490478516,12.368032455444336,73.39263453576895,False,0,nan,nan,,True
matmul,cuda,4096,32_32_16_1_2,31.60028839111328,3,31.60143979390462,0.0028673739408536995,0.0071229517400759335,16.851871490478516,14.748416900634766,87.51797632071771,False,0,nan,nan,,True
matmul,cuda,4096,32_32_16_1_4,42.326751708984375,3,42.24816004435221,0.20896400399214562,0.5190953627088035,16.851871490478516,25.47488021850586,151.1694427108552,False,0,nan,nan,,True
matmul,cuda,4096,32_32_16_2_1,33.60259246826172,3,33.6015370686849,0.0027035880259576152,0.00671608497223275,16.851871490478516,16.750720977783203,99.39976688789454,False,0,nan,nan,,True
matmul,cuda,4096,32_32_16_2_2,25.117952346801758,3,25.1092586517334,0.02162431283570212,0.05371777100518926,16.851871490478516,8.266080856323242,49.05141165474508,False,0,nan,nan,,True
matmul,cuda,4096,32_32_16_2_4,34.41865539550781,3,34.428628285725914,0.04034306751241474,0.10021773541403434,16.851871490478516,17.566783905029297,104.24233246114365,False,0,nan,nan,,True
matmul,cuda,4096,32_32_16_4_1,31.50979232788086,3,31.509066899617512,0.0923225797547566,0.22934200201202515,16.851871490478516,14.657920837402344,86.98096734053676,False,0,nan,nan,,True
matmul,cuda,4096,32_32_16_4_2,27.50035285949707,3,27.47143491109212,0.05167453197930069,0.12836665362523902,16.851871490478516,10.648481369018555,63.18871690325349,False,0,nan,nan,,True
matmul,cuda,4096,32_32_16_4_4,41.572383880615234,3,42.29545593261719,1.3071455716035543,3.2471296091275903,16.851871490478516,24.72051239013672,146.69297949550628,False,0,nan,nan,,True
matmul,cuda,4096,32_32_32_1_2,34.02854537963867,3,34.02636845906576,0.006486527128760226,0.016113426658648677,16.851871490478516,17.176673889160156,101.92739660319127,False,0,nan,nan,,True
matmul,cuda,4096,32_32_32_1_4,50.586944580078125,3,50.57081604003906,0.06725842427328894,0.16707918816810974,16.851871490478516,33.73507308959961,200.18591471374725,False,0,nan,nan,,True
matmul,cuda,4096,32_32_32_2_1,27.571680068969727,3,27.571701685587566,0.006496456416475961,0.01613809237671049,16.851871490478516,10.719808578491211,63.611976773903216,False,0,nan,nan,,True
matmul,cuda,4096,32_32_32_2_2,27.283039093017578,3,27.28648503621419,0.08291848145859264,0.20598092678980962,16.851871490478516,10.431167602539062,61.89916418738881,False,0,nan,nan,,True
matmul,cuda,4096,32_32_32_2_4,29.55023956298828,3,29.511925379435223,0.29798143662322096,0.7402269241081108,16.851871490478516,12.698368072509766,75.35286558341296,False,0,nan,nan,,True
matmul,cuda,4096,32_32_32_4_1,39.878944396972656,3,39.880821228027344,0.005037781123689551,0.012514542072743495,16.851871490478516,23.02707290649414,136.64400965497916,False,0,nan,nan,,True
matmul,cuda,4096,32_32_32_4_2,42.0283203125,3,42.04308191935221,0.05171671232112956,0.12847143540307115,16.851871490478516,25.176448822021484,149.3985331910847,False,0,nan,nan,,True
matmul,cuda,4096,32_32_32_4_4,50.01561737060547,3,51.03864542643229,1.8511999172399853,4.598635526347948,16.851871490478516,33.16374588012695,196.79562533374894,False,0,nan,nan,,True
matmul,cuda,4096,32_64_8_1_4,30.32099151611328,3,30.32147216796875,0.004228150977518699,0.010503309294097818,16.851871490478516,13.469120025634766,79.92655316203283,False,0,nan,nan,,True
matmul,cuda,4096,32_64_8_2_2,28.299360275268555,3,28.293493270874023,0.011805687015950774,0.029326952329082445,16.851871490478516,11.447488784790039,67.9300740648182,False,0,nan,nan,,True
matmul,cuda,4096,32_64_8_2_4,26.829631805419922,3,26.709237416585285,0.23684106477753827,0.5883458206976933,16.851871490478516,9.977760314941406,59.20861858327691,False,0,nan,nan,,True
matmul,cuda,4096,32_64_8_4_1,32.26579284667969,3,31.568714141845703,1.227157846865604,3.0484290856314047,16.851871490478516,15.413921356201172,91.4671190372547,False,0,nan,nan,,True
matmul,cuda,4096,32_64_8_4_2,23.947200775146484,3,24.014944076538086,0.140644223447648,0.3493796194018124,16.851871490478516,7.095329284667969,42.1041027323102,False,0,nan,nan,,True
matmul,cuda,4096,32_64_8_4_4,19.481056213378906,3,19.50217628479004,0.040208555862828975,0.09988358995263624,16.851871490478516,2.6291847229003906,15.60173731674792,False,0,nan,nan,,True
matmul,cuda,4096,32_64_16_1_4,35.144351959228516,3,35.143872578938804,0.001668014638617191,0.00414357806749166,16.851871490478516,18.29248046875,108.54865869992804,False,0,nan,nan,,True
matmul,cuda,4096,32_64_16_2_2,25.278976440429688,3,25.27563730875651,0.007566714620813518,0.018796761143381246,16.851871490478516,8.427104949951172,50.00693812976544,False,0,nan,nan,,True
matmul,cuda,4096,32_64_16_2_4,30.410688400268555,3,30.417834599812824,0.021027204194220855,0.05223447091089284,16.851871490478516,13.558816909790039,80.45881976640347,False,0,nan,nan,,True
matmul,cuda,4096,32_64_16_4_1,36.142974853515625,3,36.1374397277832,0.01028867981572147,0.0255584975340426,16.851871490478516,19.29110336303711,114.47454589204995,False,0,nan,nan,,True
matmul,cuda,4096,32_64_16_4_2,27.12758445739746,3,26.180042902628582,1.9372030447120103,4.81227913862703,16.851871490478516,10.275712966918945,60.97668720488897,False,0,nan,nan,,True
matmul,cuda,4096,32_64_16_4_4,30.526975631713867,3,30.515072504679363,0.03957417321814491,0.0983076961013154,16.851871490478516,13.675104141235352,81.14887506092086,False,0,nan,nan,,True
matmul,cuda,4096,32_64_32_1_4,48.25641632080078,3,48.26253890991211,0.05685598375370733,0.14123809337949922,16.851871490478516,31.404544830322266,186.35642247845388,False,0,nan,nan,,True
matmul,cuda,4096,32_64_32_2_2,37.37846374511719,3,37.37910461425781,0.008018650630499592,0.019919432428331163,16.851871490478516,20.526592254638672,121.80600989175838,False,0,nan,nan,,True
matmul,cuda,4096,32_64_32_2_4,25.69340705871582,3,25.639455795288086,0.11351784410569161,0.2819939574960486,16.851871490478516,8.841535568237305,52.46619387783051,False,0,nan,nan,,True
matmul,cuda,4096,32_64_32_4_1,36.843711853027344,3,36.8371836344401,0.03101434092584572,0.07704389389802202,16.851871490478516,19.991840362548828,118.63276060373727,False,0,nan,nan,,True
matmul,cuda,4096,32_64_32_4_2,22.393056869506836,3,22.397727966308594,0.02977985713333216,0.07397726615453237,16.851871490478516,5.54118537902832,32.88172107269598,False,0,nan,nan,,True
matmul,cuda,4096,32_64_32_4_4,37.10224151611328,3,37.091103871663414,0.04074144761972142,0.10120736646219797,16.851871490478516,20.250370025634766,120.16689088257311,False,0,nan,nan,,True
matmul,cuda,4096,32_128_8_2_4,33.32284927368164,3,33.333632151285805,0.04565441390607321,0.11341185129052889,16.851871490478516,16.470977783203125,97.73975426117747,False,0,nan,nan,,True
matmul,cuda,4096,32_128_8_4_2,30.271520614624023,3,29.99834696451823,0.5404781850146344,1.3426222417565867,16.851871490478516,13.419649124145508,79.63298991288742,False,0,nan,nan,,True
matmul,cuda,4096,32_128_8_4_4,29.03068733215332,3,29.0,0.054572076034011346,0.13556455208291496,16.851871490478516,12.178815841674805,72.26981198234252,False,0,nan,nan,,True
matmul,cuda,4096,32_128_16_2_4,25.767488479614258,3,25.782346725463867,0.042124949658140634,0.10464417605007625,16.851871490478516,8.915616989135742,52.905797401630785,False,0,nan,nan,,True
matmul,cuda,4096,32_128_16_4_2,23.074560165405273,3,23.06805356343587,0.04071129284956373,0.10113245786045866,16.851871490478516,6.222688674926758,36.92580185199396,False,0,nan,nan,,True
matmul,cuda,4096,32_128_16_4_4,23.470239639282227,3,23.48082097371419,0.03612516167212726,0.08973987645169856,16.851871490478516,6.618368148803711,39.27378720246685,False,0,nan,nan,,True
matmul,cuda,4096,32_128_32_2_4,29.593088150024414,3,29.626250584920246,0.17496532535004797,0.4346379629453345,16.851871490478516,12.741216659545898,75.60713162775315,False,0,nan,nan,,True
matmul,cuda,4096,32_128_32_4_2,50.5456657409668,3,50.540992736816406,0.016937642909258463,0.04207543749852505,16.851871490478516,33.69379425048828,199.94096364623732,False,0,nan,nan,,True
matmul,cuda,4096,32_128_32_4_4,28.800031661987305,3,28.79207483927409,0.018335709997553424,0.04554842867607434,16.851871490478516,11.948160171508789,70.90108762258023,False,0,nan,nan,,True
matmul,cuda,4096,64_32_8_1_4,38.17020797729492,3,38.172447204589844,0.006199110760541428,0.015399444819387043,16.851871490478516,21.318336486816406,126.50426689321415,False,0,nan,nan,,True
matmul,cuda,4096,64_32_8_2_2,25.57961654663086,3,25.57901891072591,0.002236982787935024,0.0055569733039781966,16.851871490478516,8.727745056152344,51.79095426335058,False,0,nan,nan,,True
matmul,cuda,4096,64_32_8_2_4,27.943008422851562,3,27.935765584309895,0.044872249654713404,0.11146884757696895,16.851871490478516,11.091136932373047,65.8154611411537,False,0,nan,nan,,True
matmul,cuda,4096,64_32_8_4_1,25.982175827026367,3,25.97931734720866,0.031745304097134906,0.0788597070776973,16.851871490478516,9.130304336547852,54.17976479174179,False,0,nan,nan,,True
matmul,cuda,4096,64_32_8_4_2,21.10860824584961,3,21.10146141052246,0.01947384151401594,0.048375704097015415,16.851871490478516,4.256736755371094,25.259727133429628,False,0,nan,nan,,True
matmul,cuda,4096,64_32_8_4_4,25.578048706054688,3,25.650645573933918,0.12952918318199033,0.32176832871061123,16.851871490478516,8.726177215576172,51.78165060483967,False,0,nan,nan,,True
matmul,cuda,4096,64_32_16_1_4,37.80780792236328,3,37.807861328125,0.00449776588180097,0.011173069845469286,16.851871490478516,20.955936431884766,124.35376357887068,False,0,nan,nan,,True
matmul,cuda,4096,64_32_16_2_2,31.543231964111328,3,31.54427719116211,0.005514557558107646,0.013698920393544256,16.851871490478516,14.691360473632812,87.17940011549213,False,0,nan,nan,,True
matmul,cuda,4096,64_32_16_2_4,28.79987144470215,3,28.77799415588379,0.07768972308806175,0.19299197093610232,16.851871490478516,11.947999954223633,70.9001368837543,False,0,nan,nan,,True
matmul,cuda,4096,64_32_16_4_1,36.10559844970703,3,36.10990778605143,0.01098904333294035,0.027298296959074264,16.851871490478516,19.253726959228516,114.25275210594309,False,0,nan,nan,,True
matmul,cuda,4096,64_32_16_4_2,23.00444793701172,3,23.002389272054035,0.004422665781944656,0.010986510855261145,16.851871490478516,6.152576446533203,36.50975175077423,False,0,nan,nan,,True
matmul,cuda,4096,64_32_16_4_4,30.239360809326172,3,30.210432052612305,0.05431506166096782,0.13492609298638314,16.851871490478516,13.387489318847656,79.44215173022016,False,0,nan,nan,,True
matmul,cuda,4096,64_32_32_1_4,56.026302337646484,3,56.02656046549479,0.0068834373842072095,0.01709940639236862,16.851871490478516,39.17443084716797,232.46338467096626,False,0,nan,nan,,True
matmul,cuda,4096,64_32_32_2_2,39.380126953125,3,39.38262430826823,0.007028211258746302,0.017459044633781673,16.851871490478516,22.528255462646484,133.68399750363147,False,0,nan,nan,,True
matmul,cuda,4096,64_32_32_2_4,31.548128128051758,3,31.385108947753906,0.5071043001516632,1.259716915781894,16.851871490478516,14.696256637573242,87.20845424127985,False,0,nan,nan,,True
matmul,cuda,4096,64_32_32_4_1,33.459102630615234,3,33.46060689290365,0.006108620813252029,0.015174655328792142,16.851871490478516,16.60723114013672,98.54828972271702,False,0,nan,nan,,True
matmul,cuda,4096,64_32_32_4_2,41.46080017089844,3,41.456000010172524,0.013306041553228743,0.033054039616082775,16.851871490478516,24.608928680419922,146.03083517652163,False,0,nan,nan,,True
matmul,cuda,4096,64_32_32_4_4,39.09574508666992,3,39.111456553141274,0.0573029273948048,0.14234836293336173,16.851871490478516,22.243873596191406,131.9964587242398,False,0,nan,nan,,True
matmul,cuda,4096,64_64_8_2_4,16.851871490478516,3,16.855690638224285,0.008068564094869345,0.020043424347491623,16.851871490478516,0.0,0.0,True,0,nan,nan,,True
matmul,cuda,4096,64_64_8_4_2,19.15894317626953,3,19.158933639526367,0.0004320934046693536,0.0010733795215251973,16.851871490478516,2.3070716857910156,13.690299543849093,False,0,nan,nan,,True
matmul,cuda,4096,64_64_8_4_4,18.004064559936523,3,18.008607864379883,0.013085341907049668,0.03250579130204656,16.851871490478516,1.1521930694580078,6.837181675097683,True,0,nan,nan,,True
matmul,cuda,4096,64_64_16_2_4,20.885568618774414,3,20.885430018107098,0.0035058548335326666,0.008709026203792547,16.851871490478516,4.033697128295898,23.93619682285721,False,0,nan,nan,,True
matmul,cuda,4096,64_64_16_4_2,24.44940757751465,3,24.443893432617188,0.010995077748509127,0.027313287278360576,16.851871490478516,7.597536087036133,45.08422753715408,False,0,nan,nan,,True
matmul,cuda,4096,64_64_16_4_4,25.252511978149414,3,25.25001589457194,0.020784561078472093,0.05163171199657057,16.851871490478516,8.400640487670898,49.84989644869621,False,0,nan,nan,,True
matmul,cuda,4096,64_64_32_2_4,22.666719436645508,3,22.66701825459798,0.006469182600389786,0.016070340461627808,16.851871490478516,5.814847946166992,34.50565089730504,False,0,nan,nan,,True
matmul,cuda,4096,64_64_32_4_2,21.28598403930664,3,21.28057607014974,0.013015893716943784,0.032333272433994864,16.851871490478516,4.434112548828125,26.312285560291894,False,0,nan,nan,,True
matmul,cuda,4096,64_64_32_4_4,34.66614532470703,3,34.66190973917643,0.008498063637838867,0.021110360359351432,16.851871490478516,17.814273834228516,105.710952307545,False,0,nan,nan,,True
matmul,cuda,4096,64_128_8_4_4,20.260831832885742,3,20.260597229003906,0.012961072814780365,0.032197089763538855,16.851871490478516,3.4089603424072266,20.228971864242645,False,0,nan,nan,,True
matmul,cuda,4096,64_128_16_4_4,32.019935607910156,3,32.028191884358726,0.015620006536988385,0.038802247295839365,16.851871490478516,15.16806411743164,90.00818767222238,False,0,nan,nan,,True
matmul,cuda,4096,64_128_32_4_4,34.935455322265625,3,34.93012237548828,0.021963993325120796,0.05456158411888623,16.851871490478516,18.08358383178711,107.30905372738289,False,0,nan,nan,,True
matmul,cuda,4096,128_32_8_2_4,28.659263610839844,3,28.678143819173176,0.08218640400057702,0.20416234556845225,16.851871490478516,11.807392120361328,70.06576169912421,False,0,nan,nan,,True
matmul,cuda,4096,128_32_8_4_2,32.30390548706055,3,32.306017557779946,0.005769785205583762,0.014332941017713097,16.851871490478516,15.452033996582031,91.6932816946331,False,0,nan,nan,,True
matmul,cuda,4096,128_32_8_4_4,29.298112869262695,3,29.21324857076009,0.15687300460029616,0.3896941466783481,16.851871490478516,12.44624137878418,73.85673090265634,False,0,nan,nan,,True
matmul,cuda,4096,128_32_16_2_4,35.67638397216797,3,35.67687479654948,0.001935526920232421,0.00480811541459758,16.851871490478516,18.824512481689453,111.70576806454702,False,0,nan,nan,,True
matmul,cuda,4096,128_32_16_4_2,23.31827163696289,3,23.315786361694336,0.009978574509886986,0.024788153249215128,16.851871490478516,6.466400146484375,38.3720001077504,False,0,nan,nan,,True
matmul,cuda,4096,128_32_16_4_4,31.611520767211914,3,31.611328125,0.002406188904898921,0.005977304600179423,16.851871490478516,14.759649276733398,87.5846299034072,False,0,nan,nan,,True
matmul,cuda,4096,128_32_32_2_4,31.976640701293945,3,31.38787269592285,1.1402443602267558,2.832524015814812,16.851871490478516,15.12476921081543,89.7512731411528,False,0,nan,nan,,True
matmul,cuda,4096,128_32_32_4_2,45.346561431884766,3,45.1164805094401,0.40453933885569676,1.004931427525527,16.851871490478516,28.49468994140625,169.0891718317817,False,0,nan,nan,,True
matmul,cuda,4096,128_32_32_4_4,43.4015998840332,3,42.64095942179362,1.3377204392513118,3.3230817908822203,16.851871490478516,26.549728393554688,157.5476552177339,False,0,nan,nan,,True
matmul,cuda,4096,128_64_8_4_4,19.830175399780273,3,19.827903747558594,0.011987145350236346,0.02977771982038746,16.851871490478516,2.978303909301758,17.673431173413178,False,0,nan,nan,,True
matmul,cuda,4096,128_64_16_4_4,36.61030578613281,3,36.61606470743815,0.01584483372804386,0.03936074899976205,16.851871490478516,19.758434295654297,117.24771522746313,False,0,nan,nan,,True
matmul,cuda,4096,128_64_32_4_4,35.228736877441406,3,35.22518412272135,0.008467562783188467,0.021034592036073718,16.851871490478516,18.37686538696289,109.04940378489127,False,0,nan,nan,,True
stencil,sycl,1024,16_32_0_1_1,17.984127044677734,3,18.051594416300457,0.45822059173778346,1.138283052222274,13.17955207824707,4.804574966430664,36.45476673187281,False,0,nan,nan,,True
stencil,sycl,1024,16_32_0_1_2,16.018400192260742,3,16.18609046936035,0.40144804271417356,0.9972522222022775,13.17955207824707,2.838848114013672,21.53979207456684,False,0,nan,nan,,True
stencil,sycl,1024,16_32_0_1_4,18.2260799407959,3,18.356726964314777,0.28000745061090143,0.6955770676249884,13.17955207824707,5.046527862548828,38.29058705931405,False,0,nan,nan,,True
stencil,sycl,1024,16_32_0_2_1,14.545632362365723,3,14.562176068623861,0.13849085641800718,0.3440303591563083,13.17955207824707,1.3660802841186523,10.36514955901556,False,0,nan,nan,,True
stencil,sycl,1024,16_32_0_2_2,15.310979843139648,3,15.685121218363443,0.6813359840079957,1.6925324122258072,13.17955207824707,2.131427764892578,16.172232199078394,False,0,nan,nan,,True
stencil,sycl,1024,16_32_0_2_4,18.02821922302246,3,18.094675699869793,0.3115384472575244,0.7739044054829662,13.17955207824707,4.848667144775391,36.78931663222565,False,0,nan,nan,,True
stencil,sycl,1024,16_32_0_4_1,14.190075874328613,3,14.242184003194174,0.17737488367521548,0.44062363764946966,13.17955207824707,1.010523796081543,7.667360696949774,True,0,nan,nan,,True
stencil,sycl,1024,16_32_0_4_2,15.544832229614258,3,15.5730562210083,0.17312611177200385,0.4300691031362085,13.17955207824707,2.3652801513671875,17.946589818261703,False,0,nan,nan,,True
stencil,sycl,1024,16_32_0_4_4,20.775039672851562,3,20.638334274291992,0.26933325937602987,0.6690609066363393,13.17955207824707,7.595487594604492,57.630847767132316,False,0,nan,nan,,True
stencil,sycl,1024,16_32_1_1_1,15.77244758605957,3,15.777140935262045,0.36885402975817155,0.9162842054419977,13.17955207824707,2.5928955078125,19.67362390177197,False,0,nan,nan,,True
stencil,sycl,1024,16_32_1_1_2,14.911423683166504,3,14.868023872375488,0.3471126614407082,0.8622756525002018,13.17955207824707,1.7318716049194336,13.140595330078767,False,0,nan,nan,,True
stencil,sycl,1024,16_32_1_1_4,18.727231979370117,3,18.792277018229168,0.4353717075822989,1.0815232774209242,13.17955207824707,5.547679901123047,42.09308380274566,False,0,nan,nan,,True
stencil,sycl,1024,16_32_1_2_1,17.118560791015625,3,17.38764826456706,0.6419208644474081,1.5946198273134167,13.17955207824707,3.9390087127685547,29.887273022502125,False,0,nan,nan,,True
stencil,sycl,1024,16_32_1_2_2,17.99407958984375,3,18.18189748128255,0.7480127663722198,1.8581667217928945,13.17955207824707,4.81452751159668,36.53028178054007,False,0,nan,nan,,True
stencil,sycl,1024,16_32_1_2_4,21.41004753112793,3,21.630186716715496,0.663652967109903,1.6486053630922797,13.17955207824707,8.23049545288086,62.448977051847926,False,0,nan,nan,,True
stencil,sycl,1024,16_32_1_4_1,17.066083908081055,3,17.016427993774414,0.22339353376156687,0.5549403017714027,13.17955207824707,3.8865318298339844,29.489104081531938,False,0,nan,nan,,True
stencil,sycl,1024,16_32_1_4_2,18.054336547851562,3,18.345631917317707,0.7955070294256061,1.9761490117341403,13.17955207824707,4.874784469604492,36.98748212885287,False,0,nan,nan,,True
stencil,sycl,1024,16_32_1_4_4,22.587196350097656,3,22.77658526102702,0.38620613176062984,0.9593892164039097,13.17955207824707,9.407644271850586,71.38060698874554,False,0,nan,nan,,True
stencil,sycl,1024,16_32_2_1_1,15.397788047790527,3,15.435210863749186,0.18768153879127514,0.46622678830496156,13.17955207824707,2.218235969543457,16.830890430674565,False,0,nan,nan,,True
stencil,sycl,1024,16_32_2_1_2,16.17485237121582,3,16.206656138102215,0.0669245531356175,0.16624980628416708,13.17955207824707,2.99530029296875,22.726874746468138,False,0,nan,nan,,True
stencil,sycl,1024,16_32_2_1_4,21.891584396362305,3,21.836885452270508,0.39698050266939033,0.9861542374984147,13.17955207824707,8.712032318115234,66.10264344639221,False,0,nan,nan,,True
stencil,sycl,1024,16_32_2_2_1,17.618879318237305,3,17.442837397257488,0.8654025684602786,2.1497791561311352,13.17955207824707,4.439327239990234,33.68344548914808,False,0,nan,nan,,True
stencil,sycl,1024,16_32_2_2_2,15.423195838928223,3,16.147966702779133,1.2859371132351758,3.1944448778872676,13.17955207824707,2.2436437606811523,17.02367233241788,False,0,nan,nan,,True
stencil,sycl,1024,16_32_2_2_4,19.254335403442383,3,19.404640833536785,0.641522363350363,1.5936298957100838,13.17955207824707,6.0747833251953125,46.09248697625907,False,0,nan,nan,,True
stencil,sycl,1024,16_32_2_4_1,17.85196304321289,3,17.502238591512043,0.6913589898054524,1.7174309389120523,13.17955207824707,4.67241096496582,35.45197088054049,False,0,nan,nan,,True
stencil,sycl,1024,16_32_2_4_2,15.391803741455078,3,15.124360084533691,0.5934751306159596,1.4742739529307878,13.17955207824707,2.212251663208008,16.785484438878182,False,0,nan,nan,,True
stencil,sycl,1024,16_32_2_4_4,22.29439926147461,3,22.471892674763996,0.38750343986866137,0.9626119083987881,13.17955207824707,9.114847183227539,69.1590057773788,False,0,nan,nan,,True
stencil,sycl,1024,16_32_8_1_1,18.262239456176758,3,18.49849573771159,0.5356665433796083,1.3306694613157397,13.17955207824707,5.0826873779296875,38.56494778998365,False,0,nan,nan,,True
stencil,sycl,1024,16_32_8_1_2,18.492483139038086,3,18.66254997253418,0.38497188626185586,0.9563231806148842,13.17955207824707,5.312931060791016,40.31192432981118,False,0,nan,nan,,True
stencil,sycl,1024,16_32_8_1_4,20.837059020996094,3,20.815775553385418,0.19378780831451392,0.48139560270556103,13.17955207824707,7.657506942749023,58.10142027047933,False,0,nan,nan,,True
stencil,sycl,1024,16_32_8_2_1,14.747807502746582,3,14.849130630493164,0.6467961033744445,1.6067305921857118,13.17955207824707,1.5682554244995117,11.89915571628513,False,0,nan,nan,,True
stencil,sycl,1024,16_32_8_2_2,18.12479591369629,3,18.405427932739258,0.7203034119908236,1.7893328696066675,13.17955207824707,4.945243835449219,37.52209336166571,False,0,nan,nan,,True
stencil,sycl,1024,16_32_8_2_4,17.728351593017578,3,17.59548823038737,0.6732338130193521,1.672405503726118,13.17955207824707,4.548799514770508,34.514067608400204,False,0,nan,nan,,True
stencil,sycl,1024,16_32_8_4_1,16.47922706604004,3,16.52033042907715,0.325171642844467,0.807771140771739,13.17955207824707,3.2996749877929688,25.036321175429794,False,0,nan,nan,,True
stencil,sycl,1024,16_32_8_4_2,18.030115127563477,3,18.408482869466145,0.7022812502380987,1.7445633379500123,13.17955207824707,4.850563049316406,36.80370182930791,False,0,nan,nan,,True
stencil,sycl,1024,16_32_8_4_4,22.565311431884766,3,22.64763832092285,0.2817798108825445,0.6999798546145293,13.17955207824707,9.385759353637695,71.2145549250414,False,0,nan,nan,,True
stencil,sycl,1024,16_64_0_1_2,18.59872055053711,3,18.715614954630535,0.3938267210131221,0.9783198095515502,13.17955207824707,5.419168472290039,41.118001887442055,False,0,nan,nan,,True
stencil,sycl,1024,16_64_0_1_4,22.039331436157227,3,22.198079427083332,0.7264258445477579,1.8045418352088056,13.17955207824707,8.859779357910156,67.22367577676084,False,0,nan,nan,,True
stencil,sycl,1024,16_64_0_2_1,15.110048294067383,3,15.097771962483725,0.22573630192040967,0.5607600605045988,13.17955207824707,1.9304962158203125,14.647661804884917,False,0,nan,nan,,True
stencil,sycl,1024,16_64_0_2_2,15.374495506286621,3,15.353215853373209,0.3720568370429394,0.9242404198014587,13.17955207824707,2.194943428039551,16.654158009378165,False,0,nan,nan,,True
stencil,sycl,1024,16_64_0_2_4,21.705795288085938,3,21.849631627400715,0.287475296534236,0.7141282253084533,13.17955207824707,8.526243209838867,64.6929664924765,False,0,nan,nan,,True
stencil,sycl,1024,16_64_0_4_1,14.871611595153809,3,14.915495872497559,0.13199171559938047,0.32788559835498177,13.17955207824707,1.6920595169067383,12.838520663380455,False,0,nan,nan,,True
stencil,sycl,1024,16_64_0_4_2,14.878108024597168,3,15.030215899149576,0.4588988769046354,1.1399680059845512,13.17955207824707,1.6985559463500977,12.887812395032563,False,0,nan,nan,,True
stencil,sycl,1024,16_64_0_4_4,19.44991683959961,3,19.671082814534504,0.4799409687331661,1.1922394598292705,13.17955207824707,6.270364761352539,47.576463328384385,False,0,nan,nan,,True
stencil,sycl,1024,16_64_1_1_2,18.773536682128906,3,18.629440307617188,0.31844620070538515,0.7910642163260597,13.17955207824707,5.593984603881836,42.44442125703757,False,0,nan,nan,,True
stencil,sycl,1024,16_64_1_1_4,19.668027877807617,3,19.798877080281574,0.4481459040733585,1.1132561406612815,13.17955207824707,6.488475799560547,49.23138329010297,False,0,nan,nan,,True
stencil,sycl,1024,16_64_1_2_1,15.14515209197998,3,15.145629247029623,0.5614563555274813,1.3947349062504326,13.17955207824707,1.9656000137329102,14.91401226736032,False,0,nan,nan,,True
stencil,sycl,1024,16_64_1_2_2,18.043712615966797,3,18.18035125732422,0.2766323896673547,0.6871929514557706,13.17955207824707,4.864160537719727,36.90687292588686,False,0,nan,nan,,True
stencil,sycl,1024,16_64_1_2_4,19.53670310974121,3,19.56660270690918,0.5814846401181892,1.4444879233032637,13.17955207824707,6.357151031494141,48.23495513164409,False,0,nan,nan,,True
stencil,sycl,1024,16_64_1_4_1,15.164443969726562,3,15.129735946655273,0.23222767392618668,0.5768855225049503,13.17955207824707,1.9848918914794922,15.060389607288462,False,0,nan,nan,,True
stencil,sycl,1024,16_64_1_4_2,18.436607360839844,3,18.240115483601887,0.40754796715191666,1.0124052745367145,13.17955207824707,5.257055282592773,39.887966232703576,False,0,nan,nan,,True
stencil,sycl,1024,16_64_1_4_4,19.494979858398438,3,19.66888682047526,0.525378077858952,1.3051114961201513,13.17955207824707,6.315427780151367,47.91837949162945,False,0,nan,nan,,True
stencil,sycl,1024,16_64_2_1_2,15.556863784790039,3,15.505193392435709,0.7452149577903083,1.8512165799843938,13.17955207824707,2.3773117065429688,18.037879378819984,False,0,nan,nan,,True
stencil,sycl,1024,16_64_2_1_4,17.892383575439453,3,17.968416849772137,0.5596011605261954,1.390126346385145,13.17955207824707,4.712831497192383,35.75866212457204,False,0,nan,nan,,True
stencil,sycl,1024,16_64_2_2_1,14.303396224975586,3,14.413398742675781,0.2730763112388725,0.6783591629257479,13.17955207824707,1.1238441467285156,8.527180135229536,True,0,nan,nan,,True
stencil,sycl,1024,16_64_2_2_2,15.112540245056152,3,15.052156130472818,0.3552777318949721,0.8825588119344854,13.17955207824707,1.932988166809082,14.66656951111025,False,0,nan,nan,,True
stencil,sycl,1024,16_64_2_2_4,17.248188018798828,3,17.354002634684246,0.26889839696141554,0.6679806485127848,13.17955207824707,4.068635940551758,30.87082107492155,False,0,nan,nan,,True
stencil,sycl,1024,16_64_2_4_1,17.373760223388672,3,17.22864278157552,0.32403564882187125,0.8049491751799209,13.17955207824707,4.194208145141602,31.823601593138868,False,0,nan,nan,,True
stencil,sycl,1024,16_64_2_4_2,14.702400207519531,3,14.614538510640463,0.3303698389558908,0.8206841757650416,13.17955207824707,1.522848129272461,11.554627351759024,False,0,nan,nan,,True
stencil,sycl,1024,16_64_2_4_4,22.09027099609375,3,22.321833928426106,0.6059387208573445,1.5052352274728307,13.17955207824707,8.91071891784668,67.61018026214923,False,0,nan,nan,,True
stencil,sycl,1024,16_64_8_1_2,15.354720115661621,3,15.515872319539389,0.895739545189756,2.225140384084386,13.17955207824707,2.175168037414551,16.504112010033168,False,0,nan,nan,,True
stencil,sycl,1024,16_64_8_1_4,16.941503524780273,3,17.095743815104168,0.43710224982858054,1.0858221826766368,13.17955207824707,3.761951446533203,28.543849018528682,False,0,nan,nan,,True
stencil,sycl,1024,16_64_8_2_1,13.572447776794434,3,13.797727902730307,0.54316053036384,1.3492855569944044,13.17955207824707,0.3928956985473633,2.9811005428313453,True,0,nan,nan,,True
stencil,sycl,1024,16_64_8_2_2,17.010271072387695,3,17.179765065511067,0.4630185663969542,1.1502018820129933,13.17955207824707,3.830718994140625,29.06562356138984,False,0,nan,nan,,True
stencil,sycl,1024,16_64_8_2_4,16.928159713745117,3,16.998720169067383,0.5395831534089137,1.3403988599916348,13.17955207824707,3.748607635498047,28.44260270184103,False,0,nan,nan,,True
stencil,sycl,1024,16_64_8_4_1,16.519136428833008,3,16.253451029459637,0.635410610538778,1.5784474600661191,13.17955207824707,3.3395843505859375,25.339133915620256,False,0,nan,nan,,True
stencil,sycl,1024,16_64_8_4_2,16.243999481201172,3,16.404565175374348,0.44021949919749576,1.0935658593907922,13.17955207824707,3.0644474029541016,23.2515292231516,False,0,nan,nan,,True
stencil,sycl,1024,16_64_8_4_4,22.413951873779297,3,22.547711690266926,0.4477249091802197,1.1122103313707932,13.17955207824707,9.234399795532227,70.06611257125846,False,0,nan,nan,,True
stencil,sycl,1024,16_128_0_1_4,17.55023956298828,3,17.7414608001709,0.44601168476294234,1.1079544459871968,13.17955207824707,4.370687484741211,33.16264057224719,False,0,nan,nan,,True
stencil,sycl,1024,16_128_0_2_2,17.58576011657715,3,17.691317240397137,0.33584933188428684,0.8342959907895704,13.17955207824707,4.406208038330078,33.432153173115424,False,0,nan,nan,,True
stencil,sycl,1024,16_128_0_2_4,19.20639991760254,3,19.148265202840168,0.46771204199854444,1.1618611217539403,13.17955207824707,6.026847839355469,45.728775936951735,False,0,nan,nan,,True
stencil,sycl,1024,16_128_0_4_1,16.267040252685547,3,16.39856020609538,0.5433368066841663,1.3497234516494103,13.17955207824707,3.0874881744384766,23.42635133658597,False,0,nan,nan,,True
stencil,sycl,1024,16_128_0_4_2,14.349791526794434,3,14.434463818868002,0.41878985563068816,1.0403316736577768,13.17955207824707,1.1702394485473633,8.879205010911187,True,0,nan,nan,,True
stencil,sycl,1024,16_128_0_4_4,18.65990447998047,3,18.722016016642254,0.29604727575076684,0.7354222021443171,13.17955207824707,5.480352401733398,41.58223564197415,False,0,nan,nan,,True
stencil,sycl,1024,16_128_1_1_4,17.684192657470703,3,17.775477091471355,0.31723978027025657,0.7880673018269668,13.17955207824707,4.504640579223633,34.179011187023335,False,0,nan,nan,,True
stencil,sycl,1024,16_128_1_2_2,17.696672439575195,3,17.831125895182293,0.5307385257933569,1.3184275869857132,13.17955207824707,4.517120361328125,34.2737016744572,False,0,nan,nan,,True
stencil,sycl,1024,16_128_1_2_4,18.118335723876953,3,18.227252960205078,0.40886952273327787,1.0156882005945072,13.17955207824707,4.938783645629883,37.4730765985695,False,0,nan,nan,,True
stencil,sycl,1024,16_128_1_4_1,16.260284423828125,3,16.462421417236328,0.5727802650354136,1.4228650569031878,13.17955207824707,3.0807323455810547,23.3750914089548,False,0,nan,nan,,True
stencil,sycl,1024,16_128_1_4_2,16.249183654785156,3,16.402538935343426,0.44704694901123304,1.1105261849479682,13.17955207824707,3.069631576538086,23.290864198674335,False,0,nan,nan,,True
stencil,sycl,1024,16_128_1_4_4,22.12076759338379,3,22.346506754557293,0.516432306913343,1.2828889691537562,13.17955207824707,8.941215515136719,67.84157353795239,False,0,nan,nan,,True
stencil,sycl,1024,16_128_2_1_4,21.79030418395996,3,21.813141504923504,0.43131801704378686,1.071453351882564,13.17955207824707,8.61075210571289,65.33417869280238,False,0,nan,nan,,True
stencil,sycl,1024,16_128_2_2_2,15.745759963989258,3,15.920223871866861,0.5374813885440174,1.33517778662958,13.17955207824707,2.5662078857421875,19.47113126839666,False,0,nan,nan,,True
stencil,sycl,1024,16_128_2_2_4,21.151840209960938,3,21.33393096923828,0.4945973449661184,1.228647916746695,13.17955207824707,7.972288131713867,60.48982609107161,False,0,nan,nan,,True
stencil,sycl,1024,16_128_2_4_1,14.614655494689941,3,14.764586448669434,0.47797437516682495,1.187354170587497,13.17955207824707,1.435103416442871,10.888863353797266,False,0,nan,nan,,True
stencil,sycl,1024,16_128_2_4_2,17.620031356811523,3,17.662707646687824,0.5644893957402297,1.4022693958240815,13.17955207824707,4.440479278564453,33.692186594819795,False,0,nan,nan,,True
stencil,sycl,1024,16_128_2_4_4,18.110624313354492,3,18.093931198120117,0.3478366381860277,0.8640741104356593,13.17955207824707,4.931072235107422,37.41456618428016,False,0,nan,nan,,True
stencil,sycl,1024,16_128_8_1_4,21.71708869934082,3,21.756277720133465,0.285067540320473,0.708147027297219,13.17955207824707,8.53753662109375,64.778655377712,False,0,nan,nan,,True
stencil,sycl,1024,16_128_8_2_2,14.94604778289795,3,15.100085258483887,0.6464731460116157,1.6059283216214304,13.17955207824707,1.766495704650879,13.40330607719583,False,0,nan,nan,,True
stencil,sycl,1024,16_128_8_2_4,21.180543899536133,3,21.411861419677734,0.47212712722708317,1.172828801470608,13.17955207824707,8.000991821289062,60.70761565937243,False,0,nan,nan,,True
stencil,sycl,1024,16_128_8_4_1,13.601344108581543,3,13.56069310506185,0.3651411212057931,0.907060829286868,13.17955207824707,0.42179203033447266,3.200351786087199,True,0,nan,nan,,True
stencil,sycl,1024,16_128_8_4_2,15.944767951965332,3,16.38489596048991,0.7770582612746316,1.9303197310355316,13.17955207824707,2.7652158737182617,20.981106621083633,False,0,nan,nan,,True
stencil,sycl,1024,16_128_8_4_4,21.94451141357422,3,22.18947156270345,0.4293926612949626,1.066670503058436,13.17955207824707,8.764959335327148,66.50422778626724,False,0,nan,nan,,True
stencil,sycl,1024,32_32_0_1_2,15.234623908996582,3,15.39079475402832,0.4656885629653986,1.1568345211788298,13.17955207824707,2.0550718307495117,15.592880687815029,False,0,nan,nan,,True
stencil,sycl,1024,32_32_0_1_4,21.15100860595703,3,21.278069178263348,0.4025324919785958,0.9999461435164747,13.17955207824707,7.971456527709961,60.48351628631521,False,0,nan,nan,,True
stencil,sycl,1024,32_32_0_2_1,13.805824279785156,3,14.131617228190104,0.5939927437285575,1.4755597751838732,13.17955207824707,0.6262722015380859,4.751847390714833,True,0,nan,nan,,True
stencil,sycl,1024,32_32_0_2_2,17.374176025390625,3,17.492703755696613,0.6142380724153826,1.5258519596609732,13.17955207824707,4.194623947143555,31.82675649551707,False,0,nan,nan,,True
stencil,sycl,1024,32_32_0_2_4,20.610912322998047,3,20.882410685221355,0.5101079713901233,1.2671784487789601,13.17955207824707,7.431360244750977,56.385529649497585,False,0,nan,nan,,True
stencil,sycl,1024,32_32_0_4_1,13.17955207824707,3,13.47539202372233,0.5191306141763155,1.2895919359835144,13.17955207824707,0.0,0.0,True,0,nan,nan,,True
stencil,sycl,1024,32_32_0_4_2,17.37295913696289,3,17.516703287760418,0.26973939624444104,0.6700698065472785,13.17955207824707,4.19340705871582,31.817523340850588,False,0,nan,nan,,True
stencil,sycl,1024,32_32_0_4_4,22.18822479248047,3,22.30506706237793,0.47621898811620883,1.1829935474163946,13.17955207824707,9.008672714233398,68.35340579671343,False,0,nan,nan,,True
stencil,sycl,1024,32_32_1_1_2,15.113375663757324,3,15.206144014994303,0.20208037947306998,0.5019954914476497,13.17955207824707,1.933823585510254,14.67290825992517,False,0,nan,nan,,True
stencil,sycl,1024,32_32_1_1_4,20.908960342407227,3,21.14301872253418,0.5118762828774482,1.2715711780306904,13.17955207824707,7.729408264160156,58.64697235741107,False,0,nan,nan,,True
stencil,sycl,1024,32_32_1_2_1,15.702591896057129,3,15.897961298624674,0.4803837491958549,1.193339387474647,13.17955207824707,2.5230398178100586,19.14359306621923,False,0,nan,nan,,True
stencil,sycl,1024,32_32_1_2_2,17.265119552612305,3,17.527423858642578,0.5267473178685549,1.3085128768643983,13.17955207824707,4.085567474365234,30.99928927864315,False,0,nan,nan,,True
stencil,sycl,1024,32_32_1_2_4,17.687807083129883,3,17.800980885823567,0.48987302576903047,1.2169120572670096,13.17955207824707,4.5082550048828125,34.20643568246689,False,0,nan,nan,,True
stencil,sycl,1024,32_32_1_4_1,16.286880493164062,3,16.40610122680664,0.5888814640602857,1.4628626526047732,13.17955207824707,3.107328414916992,23.57688938492573,False,0,nan,nan,,True
stencil,sycl,1024,32_32_1_4_2,16.538240432739258,3,16.689738591512043,0.4169405428111927,1.0357377259421021,13.17955207824707,3.3586883544921875,25.4840857606665,False,0,nan,nan,,True
stencil,sycl,1024,32_32_1_4_4,18.66579246520996,3,18.83781369527181,0.4391747290728643,1.0909705065241155,13.17955207824707,5.486240386962891,41.62691079629302,False,0,nan,nan,,True
stencil,sycl,1024,32_32_2_1_2,15.156479835510254,3,15.289589246114096,0.42639027232537313,1.0592121553938254,13.17955207824707,1.9769277572631836,14.999961649122467,False,0,nan,nan,,True
stencil,sycl,1024,32_32_2_1_4,21.082399368286133,3,21.249823888142902,0.43749304265876493,1.0867929658835642,13.17955207824707,7.9028472900390625,59.962942921882444,False,0,nan,nan,,True
stencil,sycl,1024,32_32_2_2_1,14.145567893981934,3,14.25545597076416,0.44454607857674405,1.1043136783895307,13.17955207824707,0.9660158157348633,7.329655894218728,True,0,nan,nan,,True
stencil,sycl,1024,32_32_2_2_2,17.65462303161621,3,17.733866373697918,0.3968113424530074,0.9857340202255749,13.17955207824707,4.475070953369141,33.95465131743948,False,0,nan,nan,,True
stencil,sycl,1024,32_32_2_2_4,17.010143280029297,3,17.129610061645508,0.5017896953666467,1.24651470561255,13.17955207824707,3.8305912017822266,29.06465393542957,False,0,nan,nan,,True
stencil,sycl,1024,32_32_2_4_1,16.062143325805664,3,16.23906071980794,0.5155792272678802,1.2807698018353628,13.17955207824707,2.8825912475585938,21.871693593565503,False,0,nan,nan,,True
stencil,sycl,1024,32_32_2_4_2,16.55251121520996,3,16.69928487141927,0.4785038267550067,1.188669401244229,13.17955207824707,3.3729591369628906,25.592365483573452,False,0,nan,nan,,True
stencil,sycl,1024,32_32_2_4_4,22.067136764526367,3,22.308085123697918,0.5423119066072649,1.3471774587176348,13.17955207824707,8.887584686279297,67.43464901928122,False,0,nan,nan,,True
stencil,sycl,1024,32_32_8_1_2,15.375103950500488,3,15.427082697550455,0.4771518650686737,1.1853109422344081,13.17955207824707,2.195551872253418,16.658774586711406,False,0,nan,nan,,True
stencil,sycl,1024,32_32_8_1_4,22.050107955932617,3,22.113224029541016,0.43924058806660055,1.0911341093341136,13.17955207824707,8.870555877685547,67.30544274206748,False,0,nan,nan,,True
stencil,sycl,1024,32_32_8_2_1,14.971683502197266,3,15.128641446431478,0.31732378966528946,0.7882759927333058,13.17955207824707,1.7921314239501953,13.597817386435453,False,0,nan,nan,,True
stencil,sycl,1024,32_32_8_2_2,16.011167526245117,3,15.903047561645508,0.3802523484436746,0.9445991987388531,13.17955207824707,2.831615447998047,21.484914139621218,False,0,nan,nan,,True
stencil,sycl,1024,32_32_8_2_4,18.551300048828125,3,18.477940877278645,0.6774317130740356,1.6828336655619864,13.17955207824707,5.371747970581055,40.75819829603433,False,0,nan,nan,,True
stencil,sycl,1024,32_32_8_4_1,17.290075302124023,3,17.92471440633138,1.2085446776818627,3.002191410127459,13.17955207824707,4.110523223876953,31.18864130945236,False,0,nan,nan,,True
stencil,sycl,1024,32_32_8_4_2,18.348800659179688,3,18.45045344034831,0.5862035114361586,1.4562102495009803,13.17955207824707,5.169248580932617,39.22173189379094,False,0,nan,nan,,True
stencil,sycl,1024,32_32_8_4_4,18.52716827392578,3,18.585429509480793,0.40466145074564563,1.0052347702763988,13.17955207824707,5.347616195678711,40.57509818186449,False,0,nan,nan,,True
stencil,sycl,1024,32_64_0_1_4,18.29116439819336,3,18.3528626759847,0.2611727807954031,0.6487891540485222,13.17955207824707,5.111612319946289,38.78441611367837,False,0,nan,nan,,True
stencil,sycl,1024,32_64_0_2_2,15.498204231262207,3,15.510269482930502,0.0820299667401744,0.20377373387036712,13.17955207824707,2.3186521530151367,17.5927993550106,False,0,nan,nan,,True
stencil,sycl,1024,32_64_0_2_4,22.101184844970703,3,21.855828603108723,0.5316650027349681,1.320729083295408,13.17955207824707,8.921632766723633,67.69298921356243,False,0,nan,nan,,True
stencil,sycl,1024,32_64_0_4_1,17.886459350585938,3,17.68004099527995,0.584183463291754,1.4511921717259781,13.17955207824707,4.706907272338867,35.71371200169728,False,0,nan,nan,,True
stencil,sycl,1024,32_64_0_4_2,15.164640426635742,3,15.382912317911783,0.4530802080361184,1.1255136312162595,13.17955207824707,1.9850883483886719,15.061880226302016,False,0,nan,nan,,True
stencil,sycl,1024,32_64_0_4_4,21.051776885986328,3,21.332820256551106,0.5629236768490692,1.398379934480598,13.17955207824707,7.872224807739258,59.73059449214827,False,0,nan,nan,,True
stencil,sycl,1024,32_64_1_1_4,21.953216552734375,3,22.305334726969402,0.6219255786155745,1.5449487837219493,13.17955207824707,8.773664474487305,66.57027812779988,False,0,nan,nan,,True
stencil,sycl,1024,32_64_1_2_2,17.5284481048584,3,17.595082600911457,0.46219192527044384,1.148148391616573,13.17955207824707,4.348896026611328,32.997297637976686,False,0,nan,nan,,True
stencil,sycl,1024,32_64_1_2_4,18.126079559326172,3,18.304960250854492,0.3808943764533303,0.9461940847296191,13.17955207824707,4.946527481079102,37.531833037356215,False,0,nan,nan,,True
stencil,sycl,1024,32_64_1_4_1,15.107808113098145,3,15.130390803019205,0.2302579646348313,0.5719924933731697,13.17955207824707,1.9282560348510742,14.630664406521618,False,0,nan,nan,,True
stencil,sycl,1024,32_64_1_4_2,17.99493980407715,3,18.221342086791992,0.5384848771795738,1.3376705905924453,13.17955207824707,4.815387725830078,36.53680866573534,False,0,nan,nan,,True
stencil,sycl,1024,32_64_1_4_4,22.41840362548828,3,22.698381423950195,0.5753452609323167,1.4292368599410885,13.17955207824707,9.238851547241211,70.0998902875462,False,0,nan,nan,,True
stencil,sycl,1024,32_64_2_1_4,22.535232543945312,3,22.561024347941082,0.6505272045428618,1.6159991613044191,13.17955207824707,9.355680465698242,70.9863310236457,False,0,nan,nan,,True
stencil,sycl,1024,32_64_2_2_2,16.074432373046875,3,16.144863764444988,0.8914810070165363,2.2145615888114953,13.17955207824707,2.8948802947998047,21.964936878073587,False,0,nan,nan,,True
stencil,sycl,1024,32_64_2_2_4,21.81026840209961,3,21.99192237854004,0.46324411814604133,1.1507621836188449,13.17955207824707,8.630716323852539,65.4856574230439,False,0,nan,nan,,True
stencil,sycl,1024,32_64_2_4_1,15.69513988494873,3,15.66999594370524,0.12009085152892726,0.29832221311552054,13.17955207824707,2.51558780670166,19.08705084790896,False,0,nan,nan,,True
stencil,sycl,1024,32_64_2_4_2,18.29120445251465,3,17.94889767964681,0.6890571197656855,1.7117127767387892,13.17955207824707,5.111652374267578,38.78472002629278,False,0,nan,nan,,True
stencil,sycl,1024,32_64_2_4_4,22.463359832763672,3,22.561588923136394,0.542313344343536,1.347181030252525,13.17955207824707,9.283807754516602,70.44099601715283,False,0,nan,nan,,True
stencil,sycl,1024,32_64_8_1_4,18.10313606262207,3,18.31228764851888,0.5771020807427789,1.4336010422849554,13.17955207824707,4.923583984375,37.35774899741399,False,0,nan,nan,,True
stencil,sycl,1024,32_64_8_2_2,16.76924705505371,3,16.782816569010418,0.5740062240728132,1.4259105079810155,13.17955207824707,3.5896949768066406,27.236851112197158,False,0,nan,nan,,True
stencil,sycl,1024,32_64_8_2_4,21.888099670410156,3,22.191745122273762,0.6322743187076205,1.5706564792533833,13.17955207824707,8.708547592163086,66.07620304893818,False,0,nan,nan,,True
stencil,sycl,1024,32_64_8_4_1,14.810432434082031,3,14.910333633422852,0.668438703449415,1.6604937912116107,13.17955207824707,1.630880355834961,12.374323088921502,False,0,nan,nan,,True
stencil,sycl,1024,32_64_8_4_2,16.144927978515625,3,16.2766170501709,0.43662707995285005,1.0846417952688592,13.17955207824707,2.9653759002685547,22.499823079442322,False,0,nan,nan,,True
stencil,sycl,1024,32_64_8_4_4,22.6769962310791,3,22.756195704142254,0.22450933036191723,0.5577120941849394,13.17955207824707,9.497444152832031,72.06196459823259,False,0,nan,nan,,True
stencil,sycl,1024,32_128_0_2_4,23.081632614135742,3,23.294721603393555,0.41441388009284275,1.0294611477986528,13.17955207824707,9.902080535888672,75.1321477171604,False,0,nan,nan,,True
stencil,sycl,1024,32_128_0_4_2,16.1767635345459,3,15.833226839701334,0.7715833320773774,1.9167192529476385,13.17955207824707,2.997211456298828,22.741375719784465,False,0,nan,nan,,True
stencil,sycl,1024,32_128_0_4_4,19.19152069091797,3,19.632204055786133,0.8831675679477509,2.1939098613066434,13.17955207824707,6.011968612670898,45.61587963671155,False,0,nan,nan,,True
stencil,sycl,1024,32_128_1_2_4,20.166080474853516,3,20.07180658976237,0.16595367976155762,0.41225179429431336,13.17955207824707,6.986528396606445,53.01036298599064,False,0,nan,nan,,True
stencil,sycl,1024,32_128_1_4_2,18.67510414123535,3,18.986785888671875,0.6872855686759787,1.7073119998686117,13.17955207824707,5.495552062988281,41.69756324312966,False,0,nan,nan,,True
stencil,sycl,1024,32_128_1_4_4,22.9268798828125,3,23.03612772623698,0.3917870920815655,0.9732530904047536,13.17955207824707,9.74732780456543,73.95795962332781,False,0,nan,nan,,True
stencil,sycl,1024,32_128_2_2_4,22.296064376831055,3,22.476789474487305,0.4695266937333907,1.1663689665621106,13.17955207824707,9.116512298583984,69.17163985892087,False,0,nan,nan,,True
stencil,sycl,1024,32_128_2_4_2,15.272640228271484,3,15.493781407674154,0.48768909095135465,1.2114868624264838,13.17955207824707,2.093088150024414,15.881329938967111,False,0,nan,nan,,True
stencil,sycl,1024,32_128_2_4_4,23.023263931274414,3,23.082719802856445,0.5803374510323134,1.4416381476325668,13.17955207824707,9.843711853027344,74.68927467781283,False,0,nan,nan,,True
stencil,sycl,1024,32_128_8_2_4,22.616960525512695,3,22.780117670694988,0.5255276665445363,1.3054830950152585,13.17955207824707,9.437408447265625,71.6064430053137,False,0,nan,nan,,True
stencil,sycl,1024,32_128_8_4_2,15.17728042602539,3,15.375157356262207,0.4966302982406626,1.233698052642155,13.17955207824707,1.9977283477783203,15.157786364193537,False,0,nan,nan,,True
stencil,sycl,1024,32_128_8_4_4,23.049055099487305,3,23.041834513346355,0.4437725062350037,1.1023920181626714,13.17955207824707,9.869503021240234,74.88496545743696,False,0,nan,nan,,True
stencil,sycl,1024,64_32_0_1_4,21.409151077270508,3,21.601781209309895,0.4501786440884116,1.1183057467907958,13.17955207824707,8.229598999023438,62.442175198096756,False,0,nan,nan,,True
stencil,sycl,1024,64_32_0_2_2,15.072447776794434,3,15.190271695454916,0.35023380821606187,0.8700290109086692,13.17955207824707,1.8928956985473633,14.36236745611104,False,0,nan,nan,,True
stencil,sycl,1024,64_32_0_2_4,21.042816162109375,3,21.25437863667806,0.5274371744622068,1.3102265756443678,13.17955207824707,7.863264083862305,59.66260489869507,False,0,nan,nan,,True
stencil,sycl,1024,64_32_0_4_1,14.099583625793457,3,14.264618555704752,0.511355735286075,1.270278066128217,13.17955207824707,0.9200315475463867,6.980749740842136,True,0,nan,nan,,True
stencil,sycl,1024,64_32_0_4_2,17.44870376586914,3,17.609738032023113,0.36044062636640944,0.8953841527926123,13.17955207824707,4.26915168762207,32.39223656673682,False,0,nan,nan,,True
stencil,sycl,1024,64_32_0_4_4,18.406368255615234,3,18.59907341003418,0.3696110774418477,0.9181648161425855,13.17955207824707,5.226816177368164,39.65852668085022,False,0,nan,nan,,True
stencil,sycl,1024,64_32_1_1_4,17.55913543701172,3,17.83425013224284,0.49755433302816243,1.2359934823047247,13.17955207824707,4.379583358764648,33.230138116705625,False,0,nan,nan,,True
stencil,sycl,1024,64_32_1_2_2,16.03856086730957,3,16.144426981608074,0.2331069848225246,0.5790698518628687,13.17955207824707,2.8590087890625,21.692761423821917,False,0,nan,nan,,True
stencil,sycl,1024,64_32_1_2_4,21.12291145324707,3,21.174282709757488,0.22410484445376427,0.556707295486639,13.17955207824707,7.943359375,60.27032882331837,False,0,nan,nan,,True
stencil,sycl,1024,64_32_1_4_1,17.304092407226562,3,17.23500696818034,0.5163582346722299,1.2827049635062169,13.17955207824707,4.124540328979492,31.294996252468025,False,0,nan,nan,,True
stencil,sycl,1024,64_32_1_4_2,17.864896774291992,3,17.92199643452962,0.30605562227240946,0.7602843131706862,13.17955207824707,4.685344696044922,35.550105710937714,False,0,nan,nan,,True
stencil,sycl,1024,64_32_1_4_4,19.9541072845459,3,20.235454559326172,0.4943595292830824,1.2280571498400263,13.17955207824707,6.774555206298828,51.40201401442369,False,0,nan,nan,,True
stencil,sycl,1024,64_32_2_1_4,22.01276397705078,3,22.27526346842448,0.7432495724792579,1.846334292215154,13.17955207824707,8.833211898803711,67.02209488122878,False,0,nan,nan,,True
stencil,sycl,1024,64_32_2_2_2,17.81113624572754,3,18.03016535441081,0.5275674641244156,1.3105502331077084,13.17955207824707,4.631584167480469,35.14219709427702,False,0,nan,nan,,True
stencil,sycl,1024,64_32_2_2_4,17.89423942565918,3,17.97148895263672,0.4032540721520926,1.0017386480374881,13.17955207824707,4.714687347412109,35.7727434090399,False,0,nan,nan,,True
stencil,sycl,1024,64_32_2_4_1,17.407711029052734,3,17.56005350748698,0.40134078315307975,0.9969857746816224,13.17955207824707,4.228158950805664,32.08120371392793,False,0,nan,nan,,True
stencil,sycl,1024,64_32_2_4_2,15.42086410522461,3,15.6439577738444,0.7309098974827525,1.8156808402059728,13.17955207824707,2.241312026977539,17.005980276650206,False,0,nan,nan,,True
stencil,sycl,1024,64_32_2_4_4,22.262563705444336,3,22.58541997273763,0.6169718456461689,1.5326430288388586,13.17955207824707,9.083011627197266,68.91745313703666,False,0,nan,nan,,True
stencil,sycl,1024,64_32_8_1_4,19.19990348815918,3,19.185895284016926,0.1365558318852065,0.33922349174127575,13.17955207824707,6.020351409912109,45.67948420529963,False,0,nan,nan,,True
stencil,sycl,1024,64_32_8_2_2,15.46925163269043,3,15.508822758992514,0.5159518235864673,1.2816953824016135,13.17955207824707,2.2896995544433594,17.37312118689164,False,0,nan,nan,,True
stencil,sycl,1024,64_32_8_2_4,21.110015869140625,3,21.02462895711263,0.2365740317699519,0.587682473933274,13.17955207824707,7.930463790893555,60.17248343350631,False,0,nan,nan,,True
stencil,sycl,1024,64_32_8_4_1,16.987232208251953,3,17.235092163085938,0.6318636926292607,1.5696364275267136,13.17955207824707,3.807680130004883,28.89081591998473,False,0,nan,nan,,True
stencil,sycl,1024,64_32_8_4_2,16.065792083740234,3,16.076757431030273,0.506777098963615,1.2589041029713437,13.17955207824707,2.886240005493164,21.8993785855357,False,0,nan,nan,,True
stencil,sycl,1024,64_32_8_4_4,22.2271671295166,3,22.61714235941569,0.8312798048362399,2.065013512184567,13.17955207824707,9.047615051269531,68.64888121807019,False,0,nan,nan,,True
stencil,sycl,1024,64_64_0_2_4,23.060352325439453,3,23.111136118570965,0.5561221914675794,1.381484108148733,13.17955207824707,9.880800247192383,74.97068328673099,False,0,nan,nan,,True
stencil,sycl,1024,64_64_0_4_2,15.726367950439453,3,15.995565414428711,0.6713619459225626,1.667755528079656,13.17955207824707,2.546815872192383,19.32399414693249,False,0,nan,nan,,True
stencil,sycl,1024,64_64_0_4_4,22.810588836669922,3,23.01827112833659,0.5976263761058336,1.4845862184027894,13.17955207824707,9.631036758422852,73.07559999947901,False,0,nan,nan,,True
stencil,sycl,1024,64_64_1_2_4,20.1246395111084,3,20.038420995076496,0.3233783888916044,0.8033164510007431,13.17955207824707,6.945087432861328,52.69592920630616,False,0,nan,nan,,True
stencil,sycl,1024,64_64_1_4_2,18.98889923095703,3,19.07049560546875,0.3874607141343686,0.9625057717909726,13.17955207824707,5.809347152709961,44.078487024595645,False,0,nan,nan,,True
stencil,sycl,1024,64_64_1_4_4,19.416095733642578,3,19.3294620513916,0.2690121842389505,0.6682633117800236,13.17955207824707,6.236543655395508,47.319845305584856,False,0,nan,nan,,True
stencil,sycl,1024,64_64_2_2_4,23.203651428222656,3,23.14855702718099,0.5864701713987955,1.456872669570373,13.17955207824707,10.024099349975586,76.0579668448704,False,0,nan,nan,,True
stencil,sycl,1024,64_64_2_4_2,16.326339721679688,3,16.21104113260905,0.4945215737289585,1.2284596905590028,13.17955207824707,3.146787643432617,23.876286726211347,False,0,nan,nan,,True
stencil,sycl,1024,64_64_2_4_4,19.699424743652344,3,20.02416928609212,0.7182000955917722,1.7841079420201034,13.17955207824707,6.519872665405273,49.46960736371582,False,0,nan,nan,,True
stencil,sycl,1024,64_64_8_2_4,23.191940307617188,3,23.35421880086263,0.6757070625541812,1.6785493961660798,13.17955207824707,10.012388229370117,75.96910858522745,False,0,nan,nan,,True
stencil,sycl,1024,64_64_8_4_2,17.904508590698242,3,18.337460199991863,0.7693396176774265,1.9111455573923912,13.17955207824707,4.724956512451172,35.85066081456396,False,0,nan,nan,,True
stencil,sycl,1024,64_64_8_4_4,20.07238006591797,3,20.33162498474121,0.4637874810580695,1.1521119719197657,13.17955207824707,6.892827987670898,52.299410076671364,False,0,nan,nan,,True
stencil,sycl,1024,64_128_0_4_4,27.841567993164062,3,27.740083694458008,0.568658485440515,1.4126259887721027,13.17955207824707,14.662015914916992,111.24821107628337,False,0,nan,nan,,True
stencil,sycl,1024,64_128_1_4_4,23.413244247436523,3,23.738590876261394,0.6102369924581199,1.515912726051532,13.17955207824707,10.233692169189453,77.64825472392361,False,0,nan,nan,,True
stencil,sycl,1024,64_128_2_4_4,23.54819107055664,3,23.545281092325848,0.2101772719507634,0.5221092873992248,13.17955207824707,10.36863899230957,78.67216526594308,False,0,nan,nan,,True
stencil,sycl,1024,64_128_8_4_4,27.63484764099121,3,27.866676966349285,0.4077634312097261,1.0129405169282393,13.17955207824707,14.45529556274414,109.67971807329243,False,0,nan,nan,,True
stencil,cuda,1024,16_32_0_1_1,9.589280128479004,3,9.588853518168131,0.002333509968686413,0.005796760113886634,5.086112022399902,4.503168106079102,88.53851598719336,False,0,nan,nan,,True
stencil,cuda,1024,16_32_0_1_2,8.431743621826172,3,8.434229214986166,0.005071877291923474,0.012599241650081083,5.086112022399902,3.3456315994262695,65.77974658622678,False,0,nan,nan,,True
stencil,cuda,1024,16_32_0_1_4,11.010656356811523,3,11.008159955342611,0.011438075722795605,0.028413755252501005,5.086112022399902,5.924544334411621,116.48473939070067,False,0,nan,nan,,True
stencil,cuda,1024,16_32_0_2_1,7.600543975830078,3,7.764874617258708,0.2847954564989542,0.707471133615436,5.086112022399902,2.514431953430176,49.43721141721395,False,0,nan,nan,,True
stencil,cuda,1024,16_32_0_2_2,8.305791854858398,3,8.305194536844889,0.0035262133748988783,0.008759599624156067,5.086112022399902,3.219679832458496,63.30336056851688,False,0,nan,nan,,True
stencil,cuda,1024,16_32_0_2_4,10.259072303771973,3,10.25376001993815,0.009986713804293971,0.024808372377396637,5.086112022399902,5.17296028137207,101.70755694309675,False,0,nan,nan,,True
stencil,cuda,1024,16_32_0_4_1,5.496319770812988,3,5.496021270751953,0.001747286664210091,0.004340500695748872,5.086112022399902,0.41020774841308594,8.065251937166884,True,0,nan,nan,,True
stencil,cuda,1024,16_32_0_4_2,9.63526439666748,3,9.631392161051432,0.008131368949659634,0.020199440255755263,5.086112022399902,4.549152374267578,89.44263032808786,False,0,nan,nan,,True
stencil,cuda,1024,16_32_0_4_4,11.088895797729492,3,11.092991828918457,0.01083707988836519,0.026920798835606163,5.086112022399902,6.00278377532959,118.02303505885331,False,0,nan,nan,,True
stencil,cuda,1024,16_32_1_1_1,7.500160217285156,3,7.500202655792236,0.0013444679680281223,0.003339843581577462,5.086112022399902,2.414048194885254,47.46352782348226,False,0,nan,nan,,True
stencil,cuda,1024,16_32_1_1_2,9.499296188354492,3,9.497440020243326,0.004519815680019347,0.011227844580757207,5.086112022399902,4.41318416595459,86.7693072138079,False,0,nan,nan,,True
stencil,cuda,1024,16_32_1_1_4,9.709759712219238,3,9.712618509928385,0.006683419714774817,0.01660253495672137,5.086112022399902,4.623647689819336,90.90731131080454,False,0,nan,nan,,True
stencil,cuda,1024,16_32_1_2_1,6.2136640548706055,3,6.214602629343669,0.0021439392109381247,0.005325840245525626,5.086112022399902,1.1275520324707031,22.169233149109115,False,0,nan,nan,,True
stencil,cuda,1024,16_32_1_2_2,7.203999996185303,3,7.205834706624349,0.006749767841946444,0.016767352841530858,5.086112022399902,2.1178879737854004,41.64060808055239,False,0,nan,nan,,True
stencil,cuda,1024,16_32_1_2_4,9.636639595031738,3,9.637440045674643,0.003383876407836806,0.008406014996506173,5.086112022399902,4.550527572631836,89.46966863078748,False,0,nan,nan,,True
stencil,cuda,1024,16_32_1_4_1,5.1854400634765625,3,5.184661388397217,0.00476790232733608,0.011844125977130915,5.086112022399902,0.09932804107666016,1.952926727512223,True,0,nan,nan,,True
stencil,cuda,1024,16_32_1_4_2,8.538047790527344,3,8.539466540018717,0.005999412720639992,0.014903367387510968,5.086112022399902,3.4519357681274414,67.86983363568606,False,0,nan,nan,,True
stencil,cuda,1024,16_32_1_4_4,11.686016082763672,3,11.688192049662272,0.011799155422313457,0.029310726951008448,5.086112022399902,6.5999040603637695,129.76324609636848,False,0,nan,nan,,True
stencil,cuda,1024,16_32_2_1_1,7.779967784881592,3,7.778837203979492,0.0024153466463872255,0.006000053691165519,5.086112022399902,2.6938557624816895,52.96493177141196,False,0,nan,nan,,True
stencil,cuda,1024,16_32_2_1_2,7.532832145690918,3,7.532021363576253,0.0024084639547418385,0.005982956137291495,5.086112022399902,2.4467201232910156,48.10590314399959,False,0,nan,nan,,True
stencil,cuda,1024,16_32_2_1_4,9.004608154296875,3,9.003029505411783,0.0028741689236045477,0.007139831412978026,5.086112022399902,3.9184961318969727,77.04305596572398,False,0,nan,nan,,True
stencil,cuda,1024,16_32_2_2_1,5.869279861450195,3,6.2395626703898115,0.6503203441678445,1.6154852916457765,5.086112022399902,0.783167839050293,15.398163382975433,False,0,nan,nan,,True
stencil,cuda,1024,16_32_2_2_2,7.66048002243042,3,7.6612372398376465,0.006353930263540308,0.01578403778529669,5.086112022399902,2.5743680000305176,50.61563702672423,False,0,nan,nan,,True
stencil,cuda,1024,16_32_2_2_4,13.195967674255371,3,13.196159998575846,0.001672001419428194,0.004153481780051038,5.086112022399902,8.109855651855469,159.45098370107863,False,0,nan,nan,,True
stencil,cuda,1024,16_32_2_4_1,6.702239990234375,3,6.702613353729248,0.0015851939804549609,0.003937840147239413,5.086112022399902,1.6161279678344727,31.77531207957736,False,0,nan,nan,,True
stencil,cuda,1024,16_32_2_4_2,7.924320220947266,3,7.9249067306518555,0.004715223617820576,0.011713264808218327,5.086112022399902,2.8382081985473633,55.80310040454326,False,0,nan,nan,,True
stencil,cuda,1024,16_32_2_4_4,12.519519805908203,3,12.52079995473226,0.004739174752167426,0.011772762724287844,5.086112022399902,7.433407783508301,146.15108261026498,False,0,nan,nan,,True
stencil,cuda,1024,16_32_8_1_1,7.869344234466553,3,7.866687933603923,0.004851989165093076,0.012053009261862258,5.086112022399902,2.7832322120666504,54.722196440206815,False,0,nan,nan,,True
stencil,cuda,1024,16_32_8_1_2,7.7657599449157715,3,7.765141328175862,0.00406757025017998,0.01010440465354101,5.086112022399902,2.679647922515869,52.685585978333734,False,0,nan,nan,,True
stencil,cuda,1024,16_32_8_1_4,10.05452823638916,3,10.054506619771322,0.0028162624775538393,0.006995983826591612,5.086112022399902,4.968416213989258,97.68593755127105,False,0,nan,nan,,True
stencil,cuda,1024,16_32_8_2_1,6.578080177307129,3,6.579562664031982,0.0042468237642595665,0.010549695067823883,5.086112022399902,1.4919681549072266,29.334158357826247,False,0,nan,nan,,True
stencil,cuda,1024,16_32_8_2_2,8.798239707946777,3,8.798741340637207,0.0009816065550247227,0.0024384458614079563,5.086112022399902,3.712127685546875,72.98556675901315,False,0,nan,nan,,True
stencil,cuda,1024,16_32_8_2_4,10.2640962600708,3,10.266229311625162,0.0043771396044208575,0.010873417560803844,5.086112022399902,5.177984237670898,101.80633487556662,False,0,nan,nan,,True
stencil,cuda,1024,16_32_8_4_1,5.345856189727783,3,5.349685351053874,0.007999804877223127,0.019872616981907676,5.086112022399902,0.25974416732788086,5.106929736976567,True,0,nan,nan,,True
stencil,cuda,1024,16_32_8_4_2,8.01411247253418,3,7.807424227396647,0.37053485434808564,0.9204596051925882,5.086112022399902,2.9280004501342773,57.56854031604063,False,0,nan,nan,,True
stencil,cuda,1024,16_32_8_4_4,14.39948844909668,3,14.399829228719076,0.013219313436320795,0.03283859503020459,5.086112022399902,9.313376426696777,183.11386744293972,False,0,nan,nan,,True
stencil,cuda,1024,16_64_0_1_2,8.277055740356445,3,8.276362419128418,0.002149780969956465,0.005340351979405966,5.086112022399902,3.190943717956543,62.73836879532361,False,0,nan,nan,,True
stencil,cuda,1024,16_64_0_1_4,10.552063941955566,3,10.548394838968912,0.008104694688229112,0.020133177717003292,5.086112022399902,5.465951919555664,107.46817796153323,False,0,nan,nan,,True
stencil,cuda,1024,16_64_0_2_1,8.16972827911377,3,8.166869481404623,0.005716202480787138,0.014199834150348423,5.086112022399902,3.083616256713867,60.628162398571206,False,0,nan,nan,,True
stencil,cuda,1024,16_64_0_2_2,6.534624099731445,3,6.533344109853108,0.00577156172450372,0.014337354135356861,5.086112022399902,1.448512077331543,28.47975174262986,False,0,nan,nan,,True
stencil,cuda,1024,16_64_0_2_4,10.268192291259766,3,10.263776143391928,0.00994839136251721,0.024713174154573636,5.086112022399902,5.182080268859863,101.88686851640908,False,0,nan,nan,,True
stencil,cuda,1024,16_64_0_4_1,5.541600227355957,3,5.539061387379964,0.005897157053197613,0.014649350227781355,5.086112022399902,0.4554882049560547,8.955528367248403,True,0,nan,nan,,True
stencil,cuda,1024,16_64_0_4_2,7.355584144592285,3,7.355072021484375,0.0046612501236480575,0.011579187215911446,5.086112022399902,2.269472122192383,44.620962184814864,False,0,nan,nan,,True
stencil,cuda,1024,16_64_0_4_4,11.391072273254395,3,11.39083735148112,0.008802381204094429,0.021866327102022964,5.086112022399902,6.304960250854492,123.96424268845482,False,0,nan,nan,,True
stencil,cuda,1024,16_64_1_1_2,7.890592098236084,3,7.892330805460612,0.008124675557505123,0.020182812947884265,5.086112022399902,2.8044800758361816,55.13995884252814,False,0,nan,nan,,True
stencil,cuda,1024,16_64_1_1_4,10.564831733703613,3,10.560309410095215,0.012288962982175437,0.030527476381948304,5.086112022399902,5.478719711303711,107.71921041405916,False,0,nan,nan,,True
stencil,cuda,1024,16_64_1_2_1,6.98745584487915,3,6.988394578297933,0.0018808784334473456,0.004672361047686202,5.086112022399902,1.901343822479248,37.383050434309766,False,0,nan,nan,,True
stencil,cuda,1024,16_64_1_2_2,6.278624057769775,3,6.27782408396403,0.0038233906611922965,0.009497828928104468,5.086112022399902,1.192512035369873,23.446436691089268,False,0,nan,nan,,True
stencil,cuda,1024,16_64_1_2_4,9.70361614227295,3,9.702613512674967,0.003563521498665828,0.008852278141359804,5.086112022399902,4.617504119873047,90.78652022481917,False,0,nan,nan,,True
stencil,cuda,1024,16_64_1_4_1,5.1354241371154785,3,5.135285377502441,0.0011106366576594622,0.002758974405310255,5.086112022399902,0.04931211471557617,0.9695444083496229,True,0,nan,nan,,True
stencil,cuda,1024,16_64_1_4_2,6.7873921394348145,3,6.78603728612264,0.006396586090493929,0.01589000073365643,5.086112022399902,1.701280117034912,33.44952115765937,False,0,nan,nan,,True
stencil,cuda,1024,16_64_1_4_4,14.122943878173828,3,14.12172794342041,0.007656851179236023,0.019020672767364744,5.086112022399902,9.036831855773926,177.67661852461245,False,0,nan,nan,,True
stencil,cuda,1024,16_64_2_1_2,8.827136039733887,3,8.82804266611735,0.001738973360866579,0.0043198493054035225,5.086112022399902,3.7410240173339844,73.55370862572482,False,0,nan,nan,,True
stencil,cuda,1024,16_64_2_1_4,9.095040321350098,3,9.095957438151041,0.008772163773428472,0.021791262842953074,5.086112022399902,4.008928298950195,78.8210775007383,False,0,nan,nan,,True
stencil,cuda,1024,16_64_2_2_1,6.564576148986816,3,6.409578641255696,0.2716565480819797,0.6748322757259997,5.086112022399902,1.478464126586914,29.068650475560993,False,0,nan,nan,,True
stencil,cuda,1024,16_64_2_2_2,7.9383039474487305,3,7.938602765401204,0.011202940479129788,0.0278296469263557,5.086112022399902,2.852191925048828,56.07803981680706,False,0,nan,nan,,True
stencil,cuda,1024,16_64_2_2_4,10.237119674682617,3,10.237749417622885,0.0016451327921401834,0.004086736409741221,5.086112022399902,5.151007652282715,101.27593787940579,False,0,nan,nan,,True
stencil,cuda,1024,16_64_2_4_1,5.6038079261779785,3,5.604437351226807,0.0029466888619313508,0.007319980926627778,5.086112022399902,0.5176959037780762,10.178617802716019,False,0,nan,nan,,True
stencil,cuda,1024,16_64_2_4_2,7.338624000549316,3,7.339552084604899,0.00359503634395389,0.008930565357018416,5.086112022399902,2.252511978149414,44.28750228522409,False,0,nan,nan,,True
stencil,cuda,1024,16_64_2_4_4,11.218239784240723,3,11.216181119283041,0.005315644305018106,0.013204792480182803,5.086112022399902,6.13212776184082,120.56611680659269,False,0,nan,nan,,True
stencil,cuda,1024,16_64_8_1_2,7.545119762420654,3,7.545471827189128,0.001550198139122915,0.0038509056580329215,5.086112022399902,2.459007740020752,48.34749469124865,False,0,nan,nan,,True
stencil,cuda,1024,16_64_8_1_4,9.07590389251709,3,9.075797398885092,0.004192889877357095,0.01041571586542922,5.086112022399902,3.9897918701171875,78.44482883085591,False,0,nan,nan,,True
stencil,cuda,1024,16_64_8_2_1,6.175968170166016,3,6.1736213366190595,0.0044582225205087415,0.011074838690433353,5.086112022399902,1.0898561477661133,21.428079896121915,False,0,nan,nan,,True
stencil,cuda,1024,16_64_8_2_2,6.003551959991455,3,6.003594716389974,0.007456156167775025,0.018522118720840197,5.086112022399902,0.9174399375915527,18.038138632240646,False,0,nan,nan,,True
stencil,cuda,1024,16_64_8_2_4,9.439519882202148,3,9.441472053527832,0.003948428083560838,0.009808439104386224,5.086112022399902,4.353407859802246,85.5940223225377,False,0,nan,nan,,True
stencil,cuda,1024,16_64_8_4_1,5.59449577331543,3,5.599018573760986,0.007944648545049468,0.019735601057115026,5.086112022399902,0.5083837509155273,9.99552799223727,True,0,nan,nan,,True
stencil,cuda,1024,16_64_8_4_2,7.884960174560547,3,7.882976055145264,0.006626528681627842,0.016461209795822995,5.086112022399902,2.7988481521606445,55.02922743018934,False,0,nan,nan,,True
stencil,cuda,1024,16_64_8_4_4,12.250240325927734,3,12.858528137207031,1.059132885485636,2.6310319425572075,5.086112022399902,7.164128303527832,140.8566754325519,False,0,nan,nan,,True
stencil,cuda,1024,16_128_0_1_4,12.796128273010254,3,12.795424143473307,0.009363501503488292,0.02326022719855736,5.086112022399902,7.710016250610352,151.58958781588828,False,0,nan,nan,,True
stencil,cuda,1024,16_128_0_2_2,8.118623733520508,3,8.122474352518717,0.008800203800848748,0.021860918132505347,5.086112022399902,3.0325117111206055,59.62337631898447,False,0,nan,nan,,True
stencil,cuda,1024,16_128_0_2_4,11.201536178588867,3,11.1986452738444,0.006947028846119026,0.01725737634104796,5.086112022399902,6.115424156188965,120.2377008067427,False,0,nan,nan,,True
stencil,cuda,1024,16_128_0_4_1,5.71884822845459,3,5.72045882542928,0.0054457023581472586,0.013527874594673861,5.086112022399902,0.6327362060546875,12.440469326433128,False,0,nan,nan,,True
stencil,cuda,1024,16_128_0_4_2,8.832159996032715,3,8.833610534667969,0.003707375878925966,0.009209632232359155,5.086112022399902,3.7460479736328125,73.6524865581947,False,0,nan,nan,,True
stencil,cuda,1024,16_128_0_4_4,10.648608207702637,3,10.646677335103353,0.007750888037841166,0.01925427327411633,5.086112022399902,5.562496185302734,109.36637181416323,False,0,nan,nan,,True
stencil,cuda,1024,16_128_1_1_4,9.697440147399902,3,9.69596799214681,0.003178904549265577,0.007896836672786733,5.086112022399902,4.611328125,90.66509161990747,False,0,nan,nan,,True
stencil,cuda,1024,16_128_1_2_2,7.184447765350342,3,7.184234460194905,0.004419850956455513,0.010979518441111225,5.086112022399902,2.0983357429504395,41.25618416796749,False,0,nan,nan,,True
stencil,cuda,1024,16_128_1_2_4,10.68569564819336,3,10.683605194091797,0.004072342653090621,0.010116259959586316,5.086112022399902,5.599583625793457,110.09556221200317,False,0,nan,nan,,True
stencil,cuda,1024,16_128_1_4_1,5.469056129455566,3,5.46778662999471,0.00685670372724823,0.01703299630694488,5.086112022399902,0.38294410705566406,7.529211023452259,True,0,nan,nan,,True
stencil,cuda,1024,16_128_1_4_2,6.879583835601807,3,6.882367928822835,0.006200056007870102,0.015401792943923631,5.086112022399902,1.7934718132019043,35.26213746970613,False,0,nan,nan,,True
stencil,cuda,1024,16_128_1_4_4,11.058112144470215,3,11.057216008504232,0.005526469539831107,0.013728511396564613,5.086112022399902,5.9720001220703125,117.41778584051714,False,0,nan,nan,,True
stencil,cuda,1024,16_128_2_1_4,9.85267162322998,3,10.787935892740885,1.620285341731344,4.025011921141223,5.086112022399902,4.766559600830078,93.71715722810521,False,0,nan,nan,,True
stencil,cuda,1024,16_128_2_2_2,8.658464431762695,3,8.655893643697103,0.012220336857314771,0.03035699963717242,5.086112022399902,3.572352409362793,70.23739142255786,False,0,nan,nan,,True
stencil,cuda,1024,16_128_2_2_4,10.148032188415527,3,10.147968292236328,0.001984890902641995,0.004930742344901873,5.086112022399902,5.061920166015625,99.52435462927805,False,0,nan,nan,,True
stencil,cuda,1024,16_128_2_4_1,5.676415920257568,3,5.682005405426025,0.01004351940401505,0.024949485309901043,5.086112022399902,0.590303897857666,11.606191433808192,False,0,nan,nan,,True
stencil,cuda,1024,16_128_2_4_2,8.861248016357422,3,8.864714622497559,0.010196166706751416,0.025328682231220867,5.086112022399902,3.7751359939575195,74.22439728679446,False,0,nan,nan,,True
stencil,cuda,1024,16_128_2_4_4,13.409791946411133,3,13.412565549214682,0.008016322316353594,0.019913648575352383,5.086112022399902,8.32367992401123,163.65506475973504,False,0,nan,nan,,True
stencil,cuda,1024,16_128_8_1_4,12.043680191040039,3,12.042965571085611,0.006286639997460051,0.015616879497695635,5.086112022399902,6.957568168640137,136.795417363953,False,0,nan,nan,,True
stencil,cuda,1024,16_128_8_2_2,8.634271621704102,3,8.630986531575521,0.009126515986877172,0.022671522539612354,5.086112022399902,3.548159599304199,69.76172730127925,False,0,nan,nan,,True
stencil,cuda,1024,16_128_8_2_4,10.304544448852539,3,10.305258750915527,0.004887310857990315,0.01214075321123076,5.086112022399902,5.218432426452637,102.60160223506635,False,0,nan,nan,,True
stencil,cuda,1024,16_128_8_4_1,5.66099214553833,3,5.660618623097737,0.004284213745110381,0.010642576929296155,5.086112022399902,0.5748801231384277,11.302938680992092,False,0,nan,nan,,True
stencil,cuda,1024,16_128_8_4_2,7.229311943054199,3,7.2286505699157715,0.00394589542203657,0.009802147624382584,5.086112022399902,2.143199920654297,42.13827598006816,False,0,nan,nan,,True
stencil,cuda,1024,16_128_8_4_4,14.118528366088867,3,14.113055864969889,0.013664180720228656,0.03394370662687152,5.086112022399902,9.032416343688965,177.58980344728985,False,0,nan,nan,,True
stencil,cuda,1024,32_32_0_1_2,8.132960319519043,3,8.132234891255697,0.003575635385934986,0.008882370705560305,5.086112022399902,3.0468482971191406,59.905253437211414,False,0,nan,nan,,True
stencil,cuda,1024,32_32_0_1_4,10.296064376831055,3,10.296138763427734,0.001137651518871115,0.00282608304082288,5.086112022399902,5.209952354431152,102.43487228527097,False,0,nan,nan,,True
stencil,cuda,1024,32_32_0_2_1,6.732895851135254,3,6.732853253682454,0.0002587052891856722,0.0006426595650870226,5.086112022399902,1.6467838287353516,32.37804872332148,False,0,nan,nan,,True
stencil,cuda,1024,32_32_0_2_2,6.529376029968262,3,6.530197302500407,0.0024266239857637525,0.006028068155198518,5.086112022399902,1.4432640075683594,28.37656742934556,False,0,nan,nan,,True
stencil,cuda,1024,32_32_0_2_4,13.083135604858398,3,12.105023701985678,1.7187795507319943,4.269685100105726,5.086112022399902,7.997023582458496,157.23254909130114,False,0,nan,nan,,True
stencil,cuda,1024,32_32_0_4_1,7.006944179534912,3,7.006304105122884,0.004291956783633112,0.010661811703293722,5.086112022399902,1.9208321571350098,37.76621805959864,False,0,nan,nan,,True
stencil,cuda,1024,32_32_0_4_2,8.176416397094727,3,8.179456075032553,0.006964463643086856,0.017300686777691254,5.086112022399902,3.090304374694824,60.7596600524078,False,0,nan,nan,,True
stencil,cuda,1024,32_32_0_4_4,11.168671607971191,3,11.169173240661621,0.0028655345630352494,0.007118382472270923,5.086112022399902,6.082559585571289,119.59153787378062,False,0,nan,nan,,True
stencil,cuda,1024,32_32_1_1_2,7.366911888122559,3,7.369215965270996,0.004671430614782204,0.01160447695786182,5.086112022399902,2.2807998657226562,44.843681296788496,False,0,nan,nan,,True
stencil,cuda,1024,32_32_1_1_4,9.708800315856934,3,10.712565422058105,1.739598039097102,4.321401092154485,5.086112022399902,4.622688293457031,90.88844825080744,False,0,nan,nan,,True
stencil,cuda,1024,32_32_1_2_1,7.722496032714844,3,7.722570737202962,0.0019370395677282496,0.0048118730392863185,5.086112022399902,2.6363840103149414,51.83495760030376,False,0,nan,nan,,True
stencil,cuda,1024,32_32_1_2_2,6.688416004180908,3,6.68612273534139,0.005716228435253745,0.014199898624817742,5.086112022399902,1.6023039817810059,31.503513385553635,False,0,nan,nan,,True
stencil,cuda,1024,32_32_1_2_4,11.50499153137207,3,11.50701872507731,0.007846904156080097,0.019492790534368254,5.086112022399902,6.418879508972168,126.20405293282144,False,0,nan,nan,,True
stencil,cuda,1024,32_32_1_4_1,6.979328155517578,3,6.982880115509033,0.007697364514810338,0.019121313472092005,5.086112022399902,1.8932161331176758,37.2232488151992,False,0,nan,nan,,True
stencil,cuda,1024,32_32_1_4_2,8.272416114807129,3,8.273056030273438,0.008945005675518048,0.022220625930099658,5.086112022399902,3.1863040924072266,62.647147337186574,False,0,nan,nan,,True
stencil,cuda,1024,32_32_1_4_4,14.327584266662598,3,14.32689094543457,0.005520667902471304,0.013714099330409013,5.086112022399902,9.241472244262695,181.70013172266053,False,0,nan,nan,,True
stencil,cuda,1024,32_32_2_1_2,8.136192321777344,3,8.136682510375977,0.004404546249941161,0.010941499442491676,5.086112022399902,3.0500802993774414,59.9687990737225,False,0,nan,nan,,True
stencil,cuda,1024,32_32_2_1_4,10.259807586669922,3,10.257802327473959,0.007033664200570002,0.01747259049220773,5.086112022399902,5.1736955642700195,101.7220136222794,False,0,nan,nan,,True
stencil,cuda,1024,32_32_2_2_1,8.295455932617188,3,8.292885144551596,0.005480783499115501,0.013615020979923287,5.086112022399902,3.209343910217285,63.100142035466675,False,0,nan,nan,,True
stencil,cuda,1024,32_32_2_2_2,6.669856071472168,3,6.672202746073405,0.00480321480948378,0.011931847045728361,5.086112022399902,1.5837440490722656,31.138599427170494,False,0,nan,nan,,True
stencil,cuda,1024,32_32_2_2_4,9.483776092529297,3,9.48461882273356,0.00357946893601009,0.00889189377187094,5.086112022399902,4.3976640701293945,86.46416065476944,False,0,nan,nan,,True
stencil,cuda,1024,32_32_2_4_1,5.086112022399902,3,5.084810574849446,0.007445780853472492,0.018496345011310034,5.086112022399902,0.0,0.0,True,0,nan,nan,,True
stencil,cuda,1024,32_32_2_4_2,7.562975883483887,3,7.562826633453369,0.0005589819050260679,0.0013885880304442821,5.086112022399902,2.4768638610839844,48.69857073881881,False,0,nan,nan,,True
stencil,cuda,1024,32_32_2_4_4,12.454719543457031,3,12.14744504292806,0.5331576833476757,1.3244371074969887,5.086112022399902,7.368607521057129,144.87701978652493,False,0,nan,nan,,True
stencil,cuda,1024,32_32_8_1_2,9.943360328674316,3,9.942240397135416,0.004100333823141586,0.010185793880705063,5.086112022399902,4.857248306274414,95.50022266286031,False,0,nan,nan,,True
stencil,cuda,1024,32_32_8_1_4,11.912832260131836,3,11.90836270650228,0.0081604503262658,0.02027168240009125,5.086112022399902,6.826720237731934,134.22276598836527,False,0,nan,nan,,True
stencil,cuda,1024,32_32_8_2_1,8.35097599029541,3,8.3515625,0.001693946538294195,0.004207996477413545,5.086112022399902,3.264863967895508,64.19174319237602,False,0,nan,nan,,True
stencil,cuda,1024,32_32_8_2_2,6.950687885284424,3,6.9511040051778155,0.004861378782711281,0.012076334365086261,5.086112022399902,1.8645758628845215,36.66014147294998,False,0,nan,nan,,True
stencil,cuda,1024,32_32_8_2_4,11.522784233093262,3,11.673973401387533,1.155569343636602,2.8705933850346863,5.086112022399902,6.436672210693359,126.55388206837391,False,0,nan,nan,,True
stencil,cuda,1024,32_32_8_4_1,5.664031982421875,3,5.665877342224121,0.006611888411442498,0.01642484134854616,5.086112022399902,0.5779199600219727,11.36270608033676,False,0,nan,nan,,True
stencil,cuda,1024,32_32_8_4_2,7.6526079177856445,3,7.654314676920573,0.0041146247527925495,0.010221294517986479,5.086112022399902,2.566495895385742,50.46086055679778,False,0,nan,nan,,True
stencil,cuda,1024,32_32_8_4_4,11.671711921691895,3,11.667285283406576,0.009233836727247348,0.022938122038016928,5.086112022399902,6.585599899291992,129.48200649706789,False,0,nan,nan,,True
stencil,cuda,1024,32_64_0_1_4,10.581215858459473,3,10.580106417338053,0.01124108762325987,0.027924409685683216,5.086112022399902,5.49510383605957,108.04134497742902,False,0,nan,nan,,True
stencil,cuda,1024,32_64_0_2_2,6.826784133911133,3,6.825429439544678,0.008101270658212867,0.020124671954913964,5.086112022399902,1.7406721115112305,34.22402227566131,False,0,nan,nan,,True
stencil,cuda,1024,32_64_0_2_4,10.160991668701172,3,10.162229220072428,0.0057957755188570515,0.014397504535054395,5.086112022399902,5.0748796463012695,99.77915594369207,False,0,nan,nan,,True
stencil,cuda,1024,32_64_0_4_1,6.923999786376953,3,6.924394607543945,0.005658476354917278,0.014056434504123416,5.086112022399902,1.8378877639770508,36.13541652017794,False,0,nan,nan,,True
stencil,cuda,1024,32_64_0_4_2,8.288928031921387,3,8.289461453755697,0.0015732936436578988,0.003908278071818927,5.086112022399902,3.2028160095214844,62.97179447514848,False,0,nan,nan,,True
stencil,cuda,1024,32_64_0_4_4,13.113696098327637,3,13.109877268473307,0.01152492294637348,0.02862949571574802,5.086112022399902,8.027584075927734,157.83341067937954,False,0,nan,nan,,True
stencil,cuda,1024,32_64_1_1_4,10.586912155151367,3,10.588789304097494,0.020161947363901717,0.050085053788372136,5.086112022399902,5.500800132751465,108.15334205234218,False,0,nan,nan,,True
stencil,cuda,1024,32_64_1_2_2,7.533792018890381,3,7.446880022684733,0.150785485647823,0.3745719112777035,5.086112022399902,2.4476799964904785,48.12477557927501,False,0,nan,nan,,True
stencil,cuda,1024,32_64_1_2_4,12.310239791870117,3,12.308053334554037,0.004643635652015857,0.011535430442657812,5.086112022399902,7.224127769470215,142.0363479540799,False,0,nan,nan,,True
stencil,cuda,1024,32_64_1_4_1,6.929728031158447,3,6.932544072469075,0.005728939718350951,0.014231475202523214,5.086112022399902,1.843616008758545,36.24804173873912,False,0,nan,nan,,True
stencil,cuda,1024,32_64_1_4_2,8.699904441833496,3,8.701514879862467,0.007852470311637489,0.01950661763129702,5.086112022399902,3.6137924194335938,71.05215936098102,False,0,nan,nan,,True
stencil,cuda,1024,32_64_1_4_4,11.282431602478027,3,11.281354586283365,0.006451674158158157,0.01602684708000801,5.086112022399902,6.196319580078125,121.82821677518551,False,0,nan,nan,,True
stencil,cuda,1024,32_64_2_1_4,10.71833610534668,3,10.882528305053711,0.2981557286061417,0.7406598893957348,5.086112022399902,5.632224082946777,110.73731876415081,False,0,nan,nan,,True
stencil,cuda,1024,32_64_2_2_2,7.373631954193115,3,7.368842601776123,0.008742664006703189,0.021717981359944183,5.086112022399902,2.287519931793213,44.97580709427311,False,0,nan,nan,,True
stencil,cuda,1024,32_64_2_2_4,9.985823631286621,3,9.984863917032877,0.001690432404903758,0.004199266886134367,5.086112022399902,4.899711608886719,96.3351099485766,False,0,nan,nan,,True
stencil,cuda,1024,32_64_2_4_1,5.6078081130981445,3,5.60591999689738,0.003664920341906917,0.009104166831779281,5.086112022399902,0.5216960906982422,10.257267012614436,False,0,nan,nan,,True
stencil,cuda,1024,32_64_2_4_2,7.61740779876709,3,7.6170345942179365,0.003073092715403375,0.007633985505943741,5.086112022399902,2.5312957763671875,49.768777510582346,False,0,nan,nan,,True
stencil,cuda,1024,32_64_2_4_4,12.066720008850098,3,12.065109570821127,0.0053528455169150535,0.013297205413577373,5.086112022399902,6.980607986450195,137.2484120622331,False,0,nan,nan,,True
stencil,cuda,1024,32_64_8_1_4,10.472512245178223,3,10.477525393168131,0.012011979263590558,0.029839410681079315,5.086112022399902,5.38640022277832,105.90408152742035,False,0,nan,nan,,True
stencil,cuda,1024,32_64_8_2_2,6.85968017578125,3,6.832362651824951,0.0645104302310364,0.16025279253616986,5.086112022399902,1.7735681533813477,34.870803976993066,False,0,nan,nan,,True
stencil,cuda,1024,32_64_8_2_4,10.027135848999023,3,10.026432037353516,0.003131673042560615,0.007779507105800221,5.086112022399902,4.941023826599121,97.14736531240771,False,0,nan,nan,,True
stencil,cuda,1024,32_64_8_4_1,5.531712055206299,3,5.531509240468343,0.003092988608356707,0.007683409643937544,5.086112022399902,0.4456000328063965,8.761113220548735,True,0,nan,nan,,True
stencil,cuda,1024,32_64_8_4_2,6.600639820098877,3,6.5992105801900225,0.005423157158289389,0.013471869213488752,5.086112022399902,1.5145277976989746,29.777712150829476,False,0,nan,nan,,True
stencil,cuda,1024,32_64_8_4_4,11.167296409606934,3,11.164661407470703,0.006150995073697202,0.015279918827172168,5.086112022399902,6.081184387207031,119.56449957108102,False,0,nan,nan,,True
stencil,cuda,1024,32_128_0_2_4,12.982111930847168,3,12.355338414510092,1.086323844904012,2.6985780302662317,5.086112022399902,7.895999908447266,155.24628387405252,False,0,nan,nan,,True
stencil,cuda,1024,32_128_0_4_2,9.524191856384277,3,9.524928092956543,0.0035932458834643274,0.00892611760659534,5.086112022399902,4.438079833984375,87.25879049534284,False,0,nan,nan,,True
stencil,cuda,1024,32_128_0_4_4,15.076160430908203,3,15.072800318400065,0.017918038757866152,0.04451087579846735,5.086112022399902,9.9900484085083,196.41817491456777,False,0,nan,nan,,True
stencil,cuda,1024,32_128_1_2_4,13.302720069885254,3,13.300597508748373,0.0047094380910425475,0.01169889276296665,5.086112022399902,8.216608047485352,161.54988351216676,False,0,nan,nan,,True
stencil,cuda,1024,32_128_1_4_2,7.559999942779541,3,7.559989293416341,0.00017643254080272549,0.00043828272818213776,5.086112022399902,2.4738879203796387,48.64005962677017,False,0,nan,nan,,True
stencil,cuda,1024,32_128_1_4_4,15.18505573272705,3,15.184319814046225,0.008806907995138048,0.021877572274366486,5.086112022399902,10.098943710327148,198.55920722646454,False,0,nan,nan,,True
stencil,cuda,1024,32_128_2_2_4,11.93945598602295,3,11.941311836242676,0.004609423483924691,0.011450442705703168,5.086112022399902,6.853343963623047,134.74622527856295,False,0,nan,nan,,True
stencil,cuda,1024,32_128_2_4_2,9.565792083740234,3,9.56600538889567,0.0068503495808617575,0.017017211732280657,5.086112022399902,4.479680061340332,88.07670852728441,False,0,nan,nan,,True
stencil,cuda,1024,32_128_2_4_4,12.199616432189941,3,12.20026683807373,0.004658544707694859,0.011572466590116903,5.086112022399902,7.113504409790039,139.86133963352037,False,0,nan,nan,,True
stencil,cuda,1024,32_128_8_2_4,10.821375846862793,3,10.819573084513346,0.005644243619882442,0.01402107843028233,5.086112022399902,5.735263824462891,112.76322265817267,False,0,nan,nan,,True
stencil,cuda,1024,32_128_8_4_2,9.559967994689941,3,9.559765179951986,0.0008975941595374534,0.002229747501525381,5.086112022399902,4.473855972290039,87.96219887777919,False,0,nan,nan,,True
stencil,cuda,1024,32_128_8_4_4,15.015263557434082,3,15.011455853780111,0.008431624928989747,0.020945317457178092,5.086112022399902,9.92915153503418,195.22085811922543,False,0,nan,nan,,True
stencil,cuda,1024,64_32_0_1_4,12.485952377319336,3,12.490026791890463,0.009451007088714646,0.02347760312280478,5.086112022399902,7.399840354919434,145.4911005170466,False,0,nan,nan,,True
stencil,cuda,1024,64_32_0_2_2,7.117248058319092,3,7.115861415863037,0.007362728653496019,0.018290031909307558,5.086112022399902,2.0311360359191895,39.93494494367801,False,0,nan,nan,,True
stencil,cuda,1024,64_32_0_2_4,9.247648239135742,3,9.245674769083658,0.01042922767946813,0.025907637782676574,5.086112022399902,4.16153621673584,81.82156032757223,False,0,nan,nan,,True
stencil,cuda,1024,64_32_0_4_1,5.402719974517822,3,5.404586633046468,0.0037430915499974482,0.009298354877767423,5.086112022399902,0.3166079521179199,6.224950428215838,True,0,nan,nan,,True
stencil,cuda,1024,64_32_0_4_2,8.973952293395996,3,8.977770805358887,0.006864790979703698,0.017053086155753405,5.086112022399902,3.8878402709960938,76.44031932197987,False,0,nan,nan,,True
stencil,cuda,1024,64_32_0_4_4,12.225312232971191,3,12.223872184753418,0.007575398342409261,0.018818332703675722,5.086112022399902,7.139200210571289,140.36655463209064,False,0,nan,nan,,True
stencil,cuda,1024,64_32_1_1_4,10.810367584228516,3,10.811295827229818,0.0017196229767520684,0.004271780286488891,5.086112022399902,5.724255561828613,112.54678498267917,False,0,nan,nan,,True
stencil,cuda,1024,64_32_1_2_2,7.098400115966797,3,7.098037242889404,0.0022302459937845447,0.0055402381795719435,5.086112022399902,2.0122880935668945,39.56436831718442,False,0,nan,nan,,True
stencil,cuda,1024,64_32_1_2_4,10.070976257324219,3,10.069728215535482,0.004811238470422662,0.011951778924453649,5.086112022399902,4.984864234924316,98.00932840193693,False,0,nan,nan,,True
stencil,cuda,1024,64_32_1_4_1,7.203616142272949,3,7.206026713053386,0.006458783868419334,0.01604450857938655,5.086112022399902,2.117504119873047,41.63306098149789,False,0,nan,nan,,True
stencil,cuda,1024,64_32_1_4_2,7.511072158813477,3,7.512832164764404,0.004086910808588927,0.010152449264049679,5.086112022399902,2.424960136413574,47.67807169275338,False,0,nan,nan,,True
stencil,cuda,1024,64_32_1_4_4,12.315711975097656,3,12.315210660298666,0.0010102361356799543,0.0025095656823843626,5.086112022399902,7.229599952697754,142.14393864817862,False,0,nan,nan,,True
stencil,cuda,1024,64_32_2_1_4,11.019935607910156,3,11.016501108805338,0.006941814302919156,0.01724442269763493,5.086112022399902,5.933823585510254,116.66718230697474,False,0,nan,nan,,True
stencil,cuda,1024,64_32_2_2_2,8.68124771118164,3,8.682047843933105,0.002452178932895788,0.0060915501630898206,5.086112022399902,3.5951356887817383,70.68534222109719,False,0,nan,nan,,True
stencil,cuda,1024,64_32_2_2_4,11.674112319946289,3,11.674368222554525,0.015905493763576025,0.039511436881619844,5.086112022399902,6.588000297546387,129.52920164817394,False,0,nan,nan,,True
stencil,cuda,1024,64_32_2_4_1,5.351840019226074,3,5.351637363433838,0.0052031084352284,0.012925237882116747,5.086112022399902,0.2657279968261719,5.224580104721859,True,0,nan,nan,,True
stencil,cuda,1024,64_32_2_4_2,6.915232181549072,3,6.915434837341309,0.0038599357105343827,0.009588611863351026,5.086112022399902,1.82912015914917,35.96303327755043,False,0,nan,nan,,True
stencil,cuda,1024,64_32_2_4_4,11.502623558044434,3,11.50159994761149,0.001801099056441046,0.004474178088647918,5.086112022399902,6.416511535644531,126.15749530064174,False,0,nan,nan,,True
stencil,cuda,1024,64_32_8_1_4,9.190815925598145,3,9.190879821777344,0.0047043240265896465,0.011686188722599411,5.086112022399902,4.104703903198242,80.70415840470264,False,0,nan,nan,,True
stencil,cuda,1024,64_32_8_2_2,8.708127975463867,3,8.709685325622559,0.007608269352761784,0.0188999888201149,5.086112022399902,3.622015953063965,71.21384541103563,False,0,nan,nan,,True
stencil,cuda,1024,64_32_8_2_4,10.85433578491211,3,10.856245040893555,0.007996752150315574,0.01986503358787317,5.086112022399902,5.768223762512207,113.41126064680046,False,0,nan,nan,,True
stencil,cuda,1024,64_32_8_4_1,6.148575782775879,3,6.149077415466309,0.007804096886593539,0.01938645138189976,5.086112022399902,1.0624637603759766,20.889507657258577,False,0,nan,nan,,True
stencil,cuda,1024,64_32_8_4_2,7.437503814697266,3,7.437578519185384,0.0033766269227065064,0.008388006277102455,5.086112022399902,2.3513917922973633,46.231616251107454,False,0,nan,nan,,True
stencil,cuda,1024,64_32_8_4_4,14.032928466796875,3,14.034560203552246,0.004318070808644905,0.010726682537629983,5.086112022399902,8.946816444396973,175.9067909828573,False,0,nan,nan,,True
stencil,cuda,1024,64_64_0_2_4,10.73862361907959,3,10.73802630106608,0.001500112521749621,0.003726486087101577,5.086112022399902,5.6525115966796875,111.13619935591838,False,0,nan,nan,,True
stencil,cuda,1024,64_64_0_4_2,8.444095611572266,3,8.142581144968668,0.529794296959369,1.3160819925307123,5.086112022399902,3.3579835891723633,66.02260379605019,False,0,nan,nan,,True
stencil,cuda,1024,64_64_0_4_4,14.690848350524902,3,14.687967936197916,0.005955417810824752,0.014794077972915431,5.086112022399902,9.604736328125,188.84240625893582,False,0,nan,nan,,True
stencil,cuda,1024,64_64_1_2_4,13.664735794067383,3,13.667328198750814,0.004825999345791429,0.011988446971614053,5.086112022399902,8.57862377166748,168.66761356977784,False,0,nan,nan,,True
stencil,cuda,1024,64_64_1_4_2,9.835871696472168,3,9.837098757425943,0.0036003046220282834,0.00894365248525908,5.086112022399902,4.749759674072266,93.38684742203284,False,0,nan,nan,,True
stencil,cuda,1024,64_64_1_4_4,12.870783805847168,3,12.870911916097006,0.0012214607381218082,0.0030342766829534185,5.086112022399902,7.784671783447266,153.05741889212337,False,0,nan,nan,,True
stencil,cuda,1024,64_64_2_2_4,11.909119606018066,3,11.909429232279459,0.0026220462089516392,0.0065135238695273046,5.086112022399902,6.823007583618164,134.149770071299,False,0,nan,nan,,True
stencil,cuda,1024,64_64_2_4_2,9.6428804397583,3,9.488618850708008,0.27032596438319345,0.6715269225812452,5.086112022399902,4.556768417358398,89.59237227355187,False,0,nan,nan,,True
stencil,cuda,1024,64_64_2_4_4,14.650815963745117,3,14.648917516072592,0.00701139867844658,0.0174172798690293,5.086112022399902,9.564703941345215,188.0553141421386,False,0,nan,nan,,True
stencil,cuda,1024,64_64_8_2_4,11.270751953125,3,11.271402359008789,0.0011547306639696012,0.0028685099892467036,5.086112022399902,6.184639930725098,121.59857870780539,False,0,nan,nan,,True
stencil,cuda,1024,64_64_8_4_2,8.55510425567627,3,8.556672096252441,0.009046038806552652,0.022471606141035494,5.086112022399902,3.468992233276367,68.2051873414992,False,0,nan,nan,,True
stencil,cuda,1024,64_64_8_4_4,13.823936462402344,3,13.821792284647623,0.008915444345821272,0.02214719151619171,5.086112022399902,8.737824440002441,171.79771899478266,False,0,nan,nan,,True
stencil,cuda,1024,64_128_0_4_4,14.831583976745605,3,14.830879847208658,0.0012195881331014834,0.0030296248742036624,5.086112022399902,9.745471954345703,191.60946340594487,False,0,nan,nan,,True
stencil,cuda,1024,64_128_1_4_4,16.90025520324707,3,16.901514689127605,0.013739082529939637,0.034129773037051336,5.086112022399902,11.814143180847168,232.28240213381335,False,0,nan,nan,,True
stencil,cuda,1024,64_128_2_4_4,13.731328010559082,3,13.728831926981607,0.007150486603961592,0.017762793430046386,5.086112022399902,8.64521598815918,169.97690868947672,False,0,nan,nan,,True
stencil,cuda,1024,64_128_8_4_4,14.949055671691895,3,14.950442632039389,0.008469829942982444,0.021040223973214367,5.086112022399902,9.862943649291992,193.91911947385938,False,0,nan,nan,,True
stencil,sycl,2048,16_32_0_1_1,38.89593505859375,3,38.86511484781901,0.46044528571681925,1.1438094984326312,26.803936004638672,12.091999053955078,45.11277392940516,False,0,nan,nan,,True
stencil,sycl,2048,16_32_0_1_2,41.08812713623047,3,41.06777572631836,0.12125426881460201,0.30121230186933445,26.803936004638672,14.284191131591797,53.29139395467809,False,0,nan,nan,,True
stencil,sycl,2048,16_32_0_1_4,44.2281608581543,3,44.283242543538414,0.2559718214211655,0.6358692547298617,26.803936004638672,17.424224853515625,65.00621718579018,False,0,nan,nan,,True
stencil,sycl,2048,16_32_0_2_1,31.98703956604004,3,32.06838417053223,0.20758385531752524,0.5156668833383975,26.803936004638672,5.183103561401367,19.33709870260988,False,0,nan,nan,,True
stencil,sycl,2048,16_32_0_2_2,31.029279708862305,3,31.191925048828125,0.31494826421529765,0.782374860377832,26.803936004638672,4.225343704223633,15.763892674166948,False,0,nan,nan,,True
stencil,sycl,2048,16_32_0_2_4,44.0826416015625,3,44.078155517578125,0.16282330359555808,0.40447550880848837,26.803936004638672,17.278705596923828,64.4633146189186,False,0,nan,nan,,True
stencil,sycl,2048,16_32_0_4_1,33.010257720947266,3,33.07360585530599,0.38642718610070553,0.9599383458264299,26.803936004638672,6.206321716308594,23.154516244310283,False,0,nan,nan,,True
stencil,sycl,2048,16_32_0_4_2,30.413599014282227,3,30.367626190185547,0.322562528559874,0.8012897415831972,26.803936004638672,3.6096630096435547,13.466913997328112,False,0,nan,nan,,True
stencil,sycl,2048,16_32_0_4_4,40.7380485534668,3,40.85022989908854,0.4051483438852074,1.0064442798859616,26.803936004638672,13.934112548828125,51.98532240345857,False,0,nan,nan,,True
stencil,sycl,2048,16_32_1_1_1,44.8713264465332,3,44.825439453125,0.2821721456122039,0.7009544681120943,26.803936004638672,18.06739044189453,67.405736376806,False,0,nan,nan,,True
stencil,sycl,2048,16_32_1_1_2,38.50368118286133,3,38.517157236735024,0.3424954972354482,0.8508059807767125,26.803936004638672,11.699745178222656,43.649354990990524,False,0,nan,nan,,True
stencil,sycl,2048,16_32_1_1_4,51.18435287475586,3,50.89669418334961,0.6932209514738505,1.7220563081102966,26.803936004638672,24.380416870117188,90.95834606491348,False,0,nan,nan,,True
stencil,sycl,2048,16_32_1_2_1,39.307838439941406,3,39.24731699625651,0.3405218184702689,0.8459030909253116,26.803936004638672,12.503902435302734,46.64950115213981,False,0,nan,nan,,True
stencil,sycl,2048,16_32_1_2_2,31.049072265625,3,30.994405110677082,0.3492718675212013,0.8676394177521303,26.803936004638672,4.245136260986328,15.837734653043745,False,0,nan,nan,,True
stencil,sycl,2048,16_32_1_2_4,50.076080322265625,3,50.02834701538086,0.4891746480443766,1.2151771908241713,26.803936004638672,23.272144317626953,86.82360797160347,False,0,nan,nan,,True
stencil,sycl,2048,16_32_1_4_1,33.70134353637695,3,33.84787623087565,0.25756742310956454,0.6398329490568955,26.803936004638672,6.897407531738281,25.73281599592172,False,0,nan,nan,,True
stencil,sycl,2048,16_32_1_4_2,35.36044692993164,3,35.40953063964844,0.37856330843501723,0.9404033907567424,26.803936004638672,8.556510925292969,31.922591233661297,False,0,nan,nan,,True
stencil,sycl,2048,16_32_1_4_4,50.14313507080078,3,49.9691047668457,0.45165607874228286,1.1219758979310797,26.803936004638672,23.33919906616211,87.07377551611467,False,0,nan,nan,,True
stencil,sycl,2048,16_32_2_1_1,44.898624420166016,3,45.02859242757162,0.29377046632156373,0.7297662939788339,26.803936004638672,18.094688415527344,67.50757953009547,False,0,nan,nan,,True
stencil,sycl,2048,16_32_2_1_2,34.15275192260742,3,33.948490142822266,0.5852071165033225,1.4537350672725537,26.803936004638672,7.34881591796875,27.41692830745816,False,0,nan,nan,,True
stencil,sycl,2048,16_32_2_1_4,50.879329681396484,3,50.78853988647461,0.3937299497472474,0.9780794164005755,26.803936004638672,24.075393676757812,89.82036695129902,False,0,nan,nan,,True
stencil,sycl,2048,16_32_2_2_1,33.744110107421875,3,33.6464474995931,0.4479621014663698,1.1127995496737455,26.803936004638672,6.940174102783203,25.892369320618215,False,0,nan,nan,,True
stencil,sycl,2048,16_32_2_2_2,32.24911880493164,3,32.22116724650065,0.06625276436381261,0.16458099046181474,26.803936004638672,5.445182800292969,20.314862710277435,False,0,nan,nan,,True
stencil,sycl,2048,16_32_2_2_4,50.79182434082031,3,50.6887092590332,0.540657584358924,1.3430678944331973,26.803936004638672,23.98788833618164,89.49390243294982,False,0,nan,nan,,True
stencil,sycl,2048,16_32_2_4_1,29.24782371520996,3,29.072410583496094,0.8381698151773566,2.0821292467070727,26.803936004638672,2.443887710571289,9.117644924045303,True,0,nan,nan,,True
stencil,sycl,2048,16_32_2_4_2,32.51116943359375,3,32.61670939127604,0.624239355122848,1.5506965232001573,26.803936004638672,5.707233428955078,21.29251997903363,False,0,nan,nan,,True
stencil,sycl,2048,16_32_2_4_4,50.324241638183594,3,50.07800038655599,0.6609788318679654,1.641962442891547,26.803936004638672,23.520305633544922,87.74944705685954,False,0,nan,nan,,True
stencil,sycl,2048,16_32_8_1_1,45.40903854370117,3,45.39251708984375,0.2746134870209521,0.6821777192555558,26.803936004638672,18.6051025390625,69.41183017241465,False,0,nan,nan,,True
stencil,sycl,2048,16_32_8_1_2,34.61638259887695,3,34.300942738850914,0.5520763661999106,1.3714337210262855,26.803936004638672,7.812446594238281,29.14663948192633,False,0,nan,nan,,True
stencil,sycl,2048,16_32_8_1_4,50.88166427612305,3,50.71439997355143,0.4809398442511947,1.194720804172917,26.803936004638672,24.077728271484375,89.82907684646575,False,0,nan,nan,,True
stencil,sycl,2048,16_32_8_2_1,32.86867141723633,3,32.66938145955404,0.504826260295522,1.2540579510664553,26.803936004638672,6.064735412597656,22.62628671978659,False,0,nan,nan,,True
stencil,sycl,2048,16_32_8_2_2,31.817663192749023,3,31.876480102539062,0.22155211556943036,0.550365965397269,26.803936004638672,5.013727188110352,18.70519011552139,False,0,nan,nan,,True
stencil,sycl,2048,16_32_8_2_4,50.52427291870117,3,50.493237813313804,0.3076167640307832,0.7641624042860045,26.803936004638672,23.7203369140625,88.49572282950338,False,0,nan,nan,,True
stencil,sycl,2048,16_32_8_4_1,33.95463943481445,3,33.66747283935547,0.5970449526715358,1.4831418825231708,26.803936004638672,7.150703430175781,26.677811157802665,False,0,nan,nan,,True
stencil,sycl,2048,16_32_8_4_2,28.733551025390625,3,28.678906122843426,0.5960578961007891,1.4806898980721819,26.803936004638672,1.9296150207519531,7.198998760547761,True,0,nan,nan,,True
stencil,sycl,2048,16_32_8_4_4,49.809600830078125,3,49.925462086995445,0.46189493793386566,1.1474106341738732,26.803936004638672,23.005664825439453,85.8294275193692,False,0,nan,nan,,True
stencil,sycl,2048,16_64_0_1_2,40.13929748535156,3,40.047445933024086,0.404787276385497,1.0055473384934572,26.803936004638672,13.33536148071289,49.7515046984334,False,0,nan,nan,,True
stencil,sycl,2048,16_64_0_1_4,40.4180793762207,3,40.24085235595703,0.46802641764042935,1.1626420741415942,26.803936004638672,13.614143371582031,50.79158288255119,False,0,nan,nan,,True
stencil,sycl,2048,16_64_0_2_1,38.520015716552734,3,38.3693593343099,0.38043188058695204,0.9450451813064333,26.803936004638672,11.716079711914062,43.71029579344797,False,0,nan,nan,,True
stencil,sycl,2048,16_64_0_2_2,30.781391143798828,3,30.796436945597332,0.09861717533799604,0.2449786442803763,26.803936004638672,3.9774551391601562,14.839071166532484,False,0,nan,nan,,True
stencil,sycl,2048,16_64_0_2_4,49.46763229370117,3,49.58259836832682,0.3705541854241329,0.9205076262476055,26.803936004638672,22.6636962890625,84.55361289155569,False,0,nan,nan,,True
stencil,sycl,2048,16_64_0_4_1,28.86510467529297,3,28.68665059407552,0.37760306369437824,0.9380180105840417,26.803936004638672,2.061168670654297,7.689798506822253,True,0,nan,nan,,True
stencil,sycl,2048,16_64_0_4_2,33.531246185302734,3,33.533162434895836,0.36869994754441265,0.915901444004092,26.803936004638672,6.7273101806640625,25.09821758826703,False,0,nan,nan,,True
stencil,sycl,2048,16_64_0_4_4,42.019615173339844,3,41.78933842976888,0.5523826098045985,1.3721944723136659,26.803936004638672,15.215679168701172,56.76658519878557,False,0,nan,nan,,True
stencil,sycl,2048,16_64_1_1_2,40.92457580566406,3,40.693668365478516,0.7779874238108179,1.9326278987319867,26.803936004638672,14.12063980102539,52.68121740994189,False,0,nan,nan,,True
stencil,sycl,2048,16_64_1_1_4,40.07545471191406,3,39.940661112467446,0.392924100136408,0.976077574992317,26.803936004638672,13.27151870727539,49.51332037570389,False,0,nan,nan,,True
stencil,sycl,2048,16_64_1_2_1,38.57263946533203,3,38.605150858561196,0.1835007391251612,0.4558411061892258,26.803936004638672,11.76870346069336,43.90662423107067,False,0,nan,nan,,True
stencil,sycl,2048,16_64_1_2_2,36.61452865600586,3,36.585488637288414,0.35652853212569224,0.8856659719574438,26.803936004638672,9.810592651367188,36.6013135148113,False,0,nan,nan,,True
stencil,sycl,2048,16_64_1_2_4,41.42724609375,3,41.364671071370445,0.22360232896927335,0.5554589778208907,26.803936004638672,14.623310089111328,54.556577386920445,False,0,nan,nan,,True
stencil,sycl,2048,16_64_1_4_1,33.34137725830078,3,36.91933822631836,6.3904620489054205,15.87478777099851,26.803936004638672,6.537441253662109,24.389855476937207,False,0,nan,nan,,True
stencil,sycl,2048,16_64_1_4_2,34.16511917114258,3,33.871072133382164,0.6020304555578605,1.49552655825498,26.803936004638672,7.361183166503906,27.463067980874094,False,0,nan,nan,,True
stencil,sycl,2048,16_64_1_4_4,46.752864837646484,3,46.793402353922524,0.5006791812327279,1.2437560355730852,26.803936004638672,19.948928833007812,74.4253710707094,False,0,nan,nan,,True
stencil,sycl,2048,16_64_2_1_2,40.59675216674805,3,40.684608459472656,0.15548023310899578,0.38623431049300194,26.803936004638672,13.792816162109375,51.45817449990329,False,0,nan,nan,,True
stencil,sycl,2048,16_64_2_1_4,42.11227035522461,3,41.880804697672524,0.454426976450935,1.1288591894244604,26.803936004638672,15.308334350585938,57.112262721179036,False,0,nan,nan,,True
stencil,sycl,2048,16_64_2_2_1,38.50435256958008,3,38.574971516927086,0.14371826289930678,0.35701595673099007,26.803936004638672,11.700416564941406,43.651859797443706,False,0,nan,nan,,True
stencil,sycl,2048,16_64_2_2_2,29.84868812561035,3,29.88692792256673,0.22915688094208356,0.5692572498482562,26.803936004638672,3.0447521209716797,11.359347076656043,False,0,nan,nan,,True
stencil,sycl,2048,16_64_2_2_4,41.454593658447266,3,41.37444814046224,0.28595055211402703,0.7103405501934787,26.803936004638672,14.650657653808594,54.65860555432292,False,0,nan,nan,,True
stencil,sycl,2048,16_64_2_4_1,33.69246292114258,3,33.71795145670573,0.4654609096407951,1.1562689989699848,26.803936004638672,6.888526916503906,25.699684237836497,False,0,nan,nan,,True
stencil,sycl,2048,16_64_2_4_2,31.524368286132812,3,31.512810389200848,0.6217837186917925,1.5445963841354988,26.803936004638672,4.720432281494141,17.610966839635886,False,0,nan,nan,,True
stencil,sycl,2048,16_64_2_4_4,50.441680908203125,3,50.30506134033203,0.560769064130686,1.3930275797727134,26.803936004638672,23.637744903564453,88.18758894019788,False,0,nan,nan,,True
stencil,sycl,2048,16_64_8_1_2,40.15118408203125,3,39.977919260660805,0.38066915085880576,0.9456345933366137,26.803936004638672,13.347248077392578,49.79585115813854,False,0,nan,nan,,True
stencil,sycl,2048,16_64_8_1_4,44.09489440917969,3,44.117776234944664,0.5682338947836785,1.4115712471094142,26.803936004638672,17.290958404541016,64.50902733668912,False,0,nan,nan,,True
stencil,sycl,2048,16_64_8_2_1,38.76609420776367,3,38.53376007080078,0.8034659143870894,1.9959199780101997,26.803936004638672,11.962158203125,44.62836428595725,False,0,nan,nan,,True
stencil,sycl,2048,16_64_8_2_2,34.382144927978516,3,34.30462900797526,0.2579297591413037,0.6407330416576542,26.803936004638672,7.578208923339844,28.272746666864016,False,0,nan,nan,,True
stencil,sycl,2048,16_64_8_2_4,49.71686553955078,3,49.522752126057945,0.4995358225713103,1.2409157752042361,26.803936004638672,22.91292953491211,85.48345112802393,False,0,nan,nan,,True
stencil,sycl,2048,16_64_8_4_1,28.1889591217041,3,28.15550931294759,0.5504911206909724,1.3674957528752003,26.803936004638672,1.3850231170654297,5.167237814721459,True,0,nan,nan,,True
stencil,sycl,2048,16_64_8_4_2,33.92512130737305,3,33.76032511393229,0.3420955362629816,0.8498124226417971,26.803936004638672,7.121185302734375,26.5676850649919,False,0,nan,nan,,True
stencil,sycl,2048,16_64_8_4_4,40.949119567871094,3,40.82689539591471,0.3994403966167839,0.9922649528199656,26.803936004638672,14.145183563232422,52.772785164031376,False,0,nan,nan,,True
stencil,sycl,2048,16_128_0_1_4,50.50534439086914,3,50.75076802571615,0.5417010199701072,1.345659932184688,26.803936004638672,23.70140838623047,88.42510436574956,False,0,nan,nan,,True
stencil,sycl,2048,16_128_0_2_2,30.944496154785156,3,30.93379783630371,0.3493708041940954,0.8678851900723359,26.803936004638672,4.140560150146484,15.447582584251514,False,0,nan,nan,,True
stencil,sycl,2048,16_128_0_2_4,50.64326477050781,3,50.65067799886068,0.5241024333060406,1.3019426193795098,26.803936004638672,23.83932876586914,88.9396570777647,False,0,nan,nan,,True
stencil,sycl,2048,16_128_0_4_1,33.533790588378906,3,33.66134897867838,0.4507319173255859,1.1196801537041452,26.803936004638672,6.729854583740234,25.107710235450384,False,0,nan,nan,,True
stencil,sycl,2048,16_128_0_4_2,27.199392318725586,3,27.08395767211914,0.24630434121148348,0.6118539025636842,26.803936004638672,0.39545631408691406,1.475366580559201,True,0,nan,nan,,True
stencil,sycl,2048,16_128_0_4_4,40.177391052246094,3,40.33118438720703,0.36024599958933184,0.8949006730759663,26.803936004638672,13.373455047607422,49.89362400094158,False,0,nan,nan,,True
stencil,sycl,2048,16_128_1_1_4,40.075775146484375,3,39.9761110941569,0.567109612164162,1.4087783742556397,26.803936004638672,13.271839141845703,49.514515851511085,False,0,nan,nan,,True
stencil,sycl,2048,16_128_1_2_2,37.184288024902344,3,36.89802678426107,0.5228604361938453,1.2988573275152646,26.803936004638672,10.380352020263672,38.72696912299468,False,0,nan,nan,,True
stencil,sycl,2048,16_128_1_2_4,41.27391815185547,3,41.19485727945963,0.518857796309678,1.2889142188325664,26.803936004638672,14.469982147216797,53.98454221317582,False,0,nan,nan,,True
stencil,sycl,2048,16_128_1_4_1,33.530094146728516,3,33.58564758300781,0.3554457750852343,0.8829762543606137,26.803936004638672,6.726158142089844,25.093919568103054,False,0,nan,nan,,True
stencil,sycl,2048,16_128_1_4_2,33.240943908691406,3,33.03766377766927,0.6480721754672022,1.609900530994203,26.803936004638672,6.437007904052734,24.015159202509473,False,0,nan,nan,,True
stencil,sycl,2048,16_128_1_4_4,40.30476760864258,3,40.17862319946289,0.6205242163444346,1.541467606856429,26.803936004638672,13.500831604003906,50.36883986615794,False,0,nan,nan,,True
stencil,sycl,2048,16_128_2_1_4,50.315792083740234,3,50.15793100992838,0.5560670930280848,1.3813472360373282,26.803936004638672,23.511856079101562,87.71792349837209,False,0,nan,nan,,True
stencil,sycl,2048,16_128_2_2_2,30.301727294921875,3,30.134810129801433,0.5076640873065021,1.2611075041637676,26.803936004638672,3.497791290283203,13.049543506139836,False,0,nan,nan,,True
stencil,sycl,2048,16_128_2_2_4,47.42607879638672,3,47.25296529134115,0.4482537327374629,1.1135240019121895,26.803936004638672,20.622142791748047,76.93699458235982,False,0,nan,nan,,True
stencil,sycl,2048,16_128_2_4_1,33.718448638916016,3,33.540303548177086,0.35536370532968553,0.8827723817858626,26.803936004638672,6.914512634277344,25.79663163305838,False,0,nan,nan,,True
stencil,sycl,2048,16_128_2_4_2,30.822784423828125,3,30.825104395548504,0.21753762156744727,0.5403934094534719,26.803936004638672,4.018848419189453,14.99350102348384,False,0,nan,nan,,True
stencil,sycl,2048,16_128_2_4_4,41.764625549316406,3,41.71309916178385,0.5640960794737649,1.4012923440539282,26.803936004638672,14.960689544677734,55.81527109335229,False,0,nan,nan,,True
stencil,sycl,2048,16_128_8_1_4,42.61491012573242,3,42.39453252156576,0.4013879460814375,0.9971029338905524,26.803936004638672,15.81097412109375,58.98750884331881,False,0,nan,nan,,True
stencil,sycl,2048,16_128_8_2_2,36.69015884399414,3,36.6684315999349,0.42991445817378804,1.0679667183629817,26.803936004638672,9.886222839355469,36.88347426901991,False,0,nan,nan,,True
stencil,sycl,2048,16_128_8_2_4,45.06391906738281,3,44.86260223388672,0.5333552446476255,1.3249278769725734,26.803936004638672,18.25998306274414,68.12426003249702,False,0,nan,nan,,True
stencil,sycl,2048,16_128_8_4_1,28.69500732421875,3,28.78763707478841,0.5905303404213987,1.4669586885553763,26.803936004638672,1.8910713195800781,7.055200099167565,True,0,nan,nan,,True
stencil,sycl,2048,16_128_8_4_2,26.803936004638672,3,26.679285685221355,0.3893909252184351,0.9673006819364787,26.803936004638672,0.0,0.0,True,0,nan,nan,,True
stencil,sycl,2048,16_128_8_4_4,50.301761627197266,3,50.21590932210287,0.4261921567899645,1.0587200091210391,26.803936004638672,23.497825622558594,87.6655787362426,False,0,nan,nan,,True
stencil,sycl,2048,32_32_0_1_2,42.05201721191406,3,41.83083724975586,0.4292874191199657,1.0664090670026596,26.803936004638672,15.24808120727539,56.88747057386112,False,0,nan,nan,,True
stencil,sycl,2048,32_32_0_1_4,42.84791946411133,3,42.94284184773763,0.361253560440398,0.8974035929829469,26.803936004638672,16.043983459472656,59.856819001120186,False,0,nan,nan,,True
stencil,sycl,2048,32_32_0_2_1,38.8620491027832,3,38.65501276652018,0.4576935666337751,1.1369738492863846,26.803936004638672,12.058113098144531,44.98635236279389,False,0,nan,nan,,True
stencil,sycl,2048,32_32_0_2_2,38.319393157958984,3,37.94872029622396,0.6436866677327899,1.599006325846112,26.803936004638672,11.515457153320312,42.96181408330275,False,0,nan,nan,,True
stencil,sycl,2048,32_32_0_2_4,40.65764617919922,3,40.730515797932945,0.32766203181002024,0.8139576099179209,26.803936004638672,13.853710174560547,51.68535759883561,False,0,nan,nan,,True
stencil,sycl,2048,32_32_0_4_1,34.24745559692383,3,34.01243209838867,0.45131168762361007,1.1211203829656,26.803936004638672,7.443519592285156,27.770248335904792,False,0,nan,nan,,True
stencil,sycl,2048,32_32_0_4_2,31.24622344970703,3,31.152602513631184,0.5624511666079567,1.397206153971478,26.803936004638672,4.442287445068359,16.573265375277646,False,0,nan,nan,,True
stencil,sycl,2048,32_32_0_4_4,50.74990463256836,3,50.711194356282554,0.3596305865241669,0.8933719022724986,26.803936004638672,23.945968627929688,89.33750858002949,False,0,nan,nan,,True
stencil,sycl,2048,32_32_1_1_2,39.15188980102539,3,38.9837392171224,0.573777585128258,1.425342537356478,26.803936004638672,12.347953796386719,46.067688694114885,False,0,nan,nan,,True
stencil,sycl,2048,32_32_1_1_4,50.82508850097656,3,50.643445332845054,0.5076898551140683,1.261171514946291,26.803936004638672,24.02115249633789,89.61800420722093,False,0,nan,nan,,True
stencil,sycl,2048,32_32_1_2_1,39.1046257019043,3,38.98372904459635,0.2789381502619477,0.692920778302998,26.803936004638672,12.300689697265625,45.89135601255307,False,0,nan,nan,,True
stencil,sycl,2048,32_32_1_2_2,31.768495559692383,3,31.585524876912434,0.506945562536185,1.2593225896850164,26.803936004638672,4.964559555053711,18.521755738390613,False,0,nan,nan,,True
stencil,sycl,2048,32_32_1_2_4,50.10947036743164,3,49.93727366129557,0.3313510762902429,0.8231217044314505,26.803936004638672,23.30553436279297,86.94817939708454,False,0,nan,nan,,True
stencil,sycl,2048,32_32_1_4_1,29.4849910736084,3,29.277044932047527,0.4090410654037691,1.0161143362114444,26.803936004638672,2.6810550689697266,10.002467803630575,False,0,nan,nan,,True
stencil,sycl,2048,32_32_1_4_2,34.94308853149414,3,34.9213752746582,0.2757692719722805,0.6850488482397878,26.803936004638672,8.139152526855469,30.365512458494575,False,0,nan,nan,,True
stencil,sycl,2048,32_32_1_4_4,40.02556610107422,3,40.11540095011393,0.16083646756984335,0.3995399345100026,26.803936004638672,13.221630096435547,49.327196178006915,False,0,nan,nan,,True
stencil,sycl,2048,32_32_2_1_2,41.1927375793457,3,41.18169657389323,0.05701516062226078,0.14163351064150476,26.803936004638672,14.388801574707031,53.68167411016395,False,0,nan,nan,,True
stencil,sycl,2048,32_32_2_1_4,50.069183349609375,3,50.22422409057617,0.3745116014251936,0.9303383925768003,26.803936004638672,23.265247344970703,86.797876778039,False,0,nan,nan,,True
stencil,sycl,2048,32_32_2_2_1,38.33817672729492,3,38.32243220011393,0.38002069485735207,0.9440237393290118,26.803936004638672,11.53424072265625,43.031891736572355,False,0,nan,nan,,True
stencil,sycl,2048,32_32_2_2_2,30.602752685546875,3,30.557461420694988,0.14274276962661248,0.3545926971047635,26.803936004638672,3.798816680908203,14.172607635874009,False,0,nan,nan,,True
stencil,sycl,2048,32_32_2_2_4,43.717342376708984,3,43.83560434977213,0.422629725722135,1.049870439760042,26.803936004638672,16.913406372070312,63.10045796685714,False,0,nan,nan,,True
stencil,sycl,2048,32_32_2_4_1,33.248512268066406,3,33.43691762288412,0.3797949976281827,0.9434630763306018,26.803936004638672,6.444576263427734,24.043395202527122,False,0,nan,nan,,True
stencil,sycl,2048,32_32_2_4_2,34.317665100097656,3,34.30709330240885,0.49834079171018364,1.2379471539754405,26.803936004638672,7.513729095458984,28.032185624374954,False,0,nan,nan,,True
stencil,sycl,2048,32_32_2_4_4,49.58732604980469,3,49.74430847167969,0.37538619401122914,0.9325110010021618,26.803936004638672,22.783390045166016,85.00016580110898,False,0,nan,nan,,True
stencil,sycl,2048,32_32_8_1_2,34.64006423950195,3,34.77410125732422,0.2890092764838978,0.7179388427504279,26.803936004638672,7.836128234863281,29.234990836820256,False,0,nan,nan,,True
stencil,sycl,2048,32_32_8_1_4,44.225120544433594,3,44.39239501953125,0.34744760771922717,0.8631077051820739,26.803936004638672,17.421184539794922,64.99487439747664,False,0,nan,nan,,True
stencil,sycl,2048,32_32_8_2_1,32.515743255615234,3,32.537556966145836,0.41622139853773876,1.0339512725322493,26.803936004638672,5.7118072509765625,21.30958397299591,False,0,nan,nan,,True
stencil,sycl,2048,32_32_8_2_2,37.0524787902832,3,37.25442123413086,0.38316689166114704,0.9518393254578115,26.803936004638672,10.248542785644531,38.2352158424454,False,0,nan,nan,,True
stencil,sycl,2048,32_32_8_2_4,43.65248107910156,3,43.83351389567057,0.4314158121957669,1.0716962885076242,26.803936004638672,16.84854507446289,62.85847373888332,False,0,nan,nan,,True
stencil,sycl,2048,32_32_8_4_1,31.678144454956055,3,31.66320037841797,0.300039115144793,0.7453384809221433,26.803936004638672,4.874208450317383,18.1846742563251,False,0,nan,nan,,True
stencil,sycl,2048,32_32_8_4_2,30.628896713256836,3,30.652362823486328,0.2980692674820258,0.740445108056722,26.803936004638672,3.824960708618164,14.270145653072067,False,0,nan,nan,,True
stencil,sycl,2048,32_32_8_4_4,50.177024841308594,3,49.99641545613607,0.3210891147558104,0.79762957878755,26.803936004638672,23.373088836669922,87.20021131458078,False,0,nan,nan,,True
stencil,sycl,2048,32_64_0_1_4,41.30441665649414,3,41.308085123697914,0.39729244211344683,0.9869291380351655,26.803936004638672,14.500480651855469,54.098325892682425,False,0,nan,nan,,True
stencil,sycl,2048,32_64_0_2_2,36.337215423583984,3,36.4629758199056,0.2543243192254976,0.6317766323954572,26.803936004638672,9.533279418945312,35.566714594809845,False,0,nan,nan,,True
stencil,sycl,2048,32_64_0_2_4,49.80403137207031,3,49.61396153767904,0.3686314397755159,0.91573126127183,26.803936004638672,23.00009536743164,85.80864901129169,False,0,nan,nan,,True
stencil,sycl,2048,32_64_0_4_1,27.718496322631836,3,27.829579035441082,0.25565430551651597,0.6350805014970469,26.803936004638672,0.9145603179931641,3.412037388221233,True,0,nan,nan,,True
stencil,sycl,2048,32_64_0_4_2,28.261215209960938,3,29.214773178100586,1.9656288436804046,4.882892737830176,26.803936004638672,1.4572792053222656,5.4368104933173615,True,0,nan,nan,,True
stencil,sycl,2048,32_64_0_4_4,43.588382720947266,3,43.4118283589681,0.3253086369452952,0.8081114529838871,26.803936004638672,16.784446716308594,62.61933588187902,False,0,nan,nan,,True
stencil,sycl,2048,32_64_1_1_4,49.37184143066406,3,49.5295155843099,0.3366773718616953,0.8363529561242657,26.803936004638672,22.56790542602539,84.19623678447749,False,0,nan,nan,,True
stencil,sycl,2048,32_64_1_2_2,31.044832229614258,3,31.069983800252277,0.11626680081880822,0.28882274453498624,26.803936004638672,4.240896224975586,15.821915946380633,False,0,nan,nan,,True
stencil,sycl,2048,32_64_1_2_4,40.72751998901367,3,40.98280461629232,0.5909304294834715,1.4679525648825162,26.803936004638672,13.923583984375,51.94604248407918,False,0,nan,nan,,True
stencil,sycl,2048,32_64_1_4_1,33.00775909423828,3,33.124490102132164,0.22126836102312902,0.5496610800279313,26.803936004638672,6.203823089599609,23.145194379385103,False,0,nan,nan,,True
stencil,sycl,2048,32_64_1_4_2,27.880990982055664,3,27.72367986043294,0.3377512060824859,0.8390205082082645,26.803936004638672,1.0770549774169922,4.018271709164646,True,0,nan,nan,,True
stencil,sycl,2048,32_64_1_4_4,45.29404830932617,3,45.58364741007487,0.5859545185842856,1.455591716967696,26.803936004638672,18.4901123046875,68.98282513988846,False,0,nan,nan,,True
stencil,sycl,2048,32_64_2_1_4,49.4582405090332,3,49.542762756347656,0.2903073488446687,0.721163433254361,26.803936004638672,22.65430450439453,84.51857406492088,False,0,nan,nan,,True
stencil,sycl,2048,32_64_2_2_2,30.342208862304688,3,30.1538028717041,0.6249555606166685,1.5524756762766962,26.803936004638672,3.5382728576660156,13.200571949782615,False,0,nan,nan,,True
stencil,sycl,2048,32_64_2_2_4,46.24099349975586,3,46.13662974039713,0.43737501925326905,1.0864997794911062,26.803936004638672,19.437057495117188,72.51568385983843,False,0,nan,nan,,True
stencil,sycl,2048,32_64_2_4_1,28.26220703125,3,28.05908203125,0.4076958115471713,1.012772540374435,26.803936004638672,1.4582710266113281,5.440510775577739,True,0,nan,nan,,True
stencil,sycl,2048,32_64_2_4_2,27.881439208984375,3,27.851828893025715,0.21920129834654103,0.5445262116805303,26.803936004638672,1.0775032043457031,4.019943952109239,True,0,nan,nan,,True
stencil,sycl,2048,32_64_2_4_4,39.4224967956543,3,39.57951990763346,0.34812363583712963,0.8647870521239369,26.803936004638672,12.618560791015625,47.07726801329426,False,0,nan,nan,,True
stencil,sycl,2048,32_64_8_1_4,46.23263931274414,3,46.19597880045573,0.558933523346151,1.3884678436884528,26.803936004638672,19.42870330810547,72.48451609772218,False,0,nan,nan,,True
stencil,sycl,2048,32_64_8_2_2,36.82691192626953,3,36.65574391682943,0.325490257766865,0.8085626241159858,26.803936004638672,10.02297592163086,37.39367203345169,False,0,nan,nan,,True
stencil,sycl,2048,32_64_8_2_4,44.311649322509766,3,44.156715393066406,0.277968939372377,0.6905131249816066,26.803936004638672,17.507713317871094,65.31769556098484,False,0,nan,nan,,True
stencil,sycl,2048,32_64_8_4_1,33.07334518432617,3,33.243211110432945,0.38004077353610644,0.944073617532112,26.803936004638672,6.2694091796875,23.389882659779968,False,0,nan,nan,,True
stencil,sycl,2048,32_64_8_4_2,30.865983963012695,3,30.859519958496094,0.3109625242762098,0.7724737334860379,26.803936004638672,4.062047958374023,15.154669663705539,False,0,nan,nan,,True
stencil,sycl,2048,32_64_8_4_4,38.821311950683594,3,38.852532704671226,0.11526328823359105,0.2863298810778616,26.803936004638672,12.017375946044922,44.83437038487632,False,0,nan,nan,,True
stencil,sycl,2048,32_128_0_2_4,43.50681686401367,3,43.58124923706055,0.19065206000644663,0.4736059720790351,26.803936004638672,16.702880859375,62.31503036152754,False,0,nan,nan,,True
stencil,sycl,2048,32_128_0_4_2,33.264766693115234,3,33.41708755493164,0.3554047176069942,0.8828742619305672,26.803936004638672,6.4608306884765625,24.104037136032765,False,0,nan,nan,,True
stencil,sycl,2048,32_128_0_4_4,46.3001594543457,3,46.297098795572914,0.2480629439249885,0.6162225138842317,26.803936004638672,19.49622344970703,72.73641992852478,False,0,nan,nan,,True
stencil,sycl,2048,32_128_1_2_4,52.75334548950195,3,52.778027852376304,0.36264719676844753,0.9008655775418788,26.803936004638672,25.94940948486328,96.81193642744294,False,0,nan,nan,,True
stencil,sycl,2048,32_128_1_4_2,28.016992568969727,3,28.023690541585285,0.29253702990694375,0.7267022680662691,26.803936004638672,1.2130565643310547,4.5256657981914445,True,0,nan,nan,,True
stencil,sycl,2048,32_128_1_4_4,49.156288146972656,3,49.3180898030599,0.3514323799317893,0.8730064281079066,26.803936004638672,22.352352142333984,83.39205159445874,False,0,nan,nan,,True
stencil,sycl,2048,32_128_2_2_4,42.23420715332031,3,42.23456954956055,0.22591994150460998,0.5612162465210773,26.803936004638672,15.43027114868164,57.56718396138272,False,0,nan,nan,,True
stencil,sycl,2048,32_128_2_4_2,33.271263122558594,3,33.19743982950846,0.45825705442750314,1.1383736305648782,26.803936004638672,6.467327117919922,24.128273984838234,False,0,nan,nan,,True
stencil,sycl,2048,32_128_2_4_4,46.0318717956543,3,46.056383768717446,0.39282976844699274,0.975843242085233,26.803936004638672,19.227935791015625,71.73549357709275,False,0,nan,nan,,True
stencil,sycl,2048,32_128_8_2_4,41.99385452270508,3,42.12747573852539,0.34982178448733875,0.8690054872260262,26.803936004638672,15.189918518066406,56.670477482999694,False,0,nan,nan,,True
stencil,sycl,2048,32_128_8_4_2,33.0898551940918,3,33.216660817464195,0.5260852866735763,1.3068683002066184,26.803936004638672,6.285919189453125,23.4514781275604,False,0,nan,nan,,True
stencil,sycl,2048,32_128_8_4_4,49.71968078613281,3,49.60069274902344,0.2639392387177401,0.6556614165012888,26.803936004638672,22.91574478149414,85.49395423690146,False,0,nan,nan,,True
stencil,sycl,2048,64_32_0_1_4,40.97244644165039,3,41.38580195109049,0.7579292499224997,1.8828006325477915,26.803936004638672,14.168510437011719,52.85981295642448,False,0,nan,nan,,True
stencil,sycl,2048,64_32_0_2_2,35.34137725830078,3,35.396863301595054,0.25691789152905287,0.6382194231627949,26.803936004638672,8.53744125366211,31.85144619127812,False,0,nan,nan,,True
stencil,sycl,2048,64_32_0_2_4,50.07600021362305,3,50.2583262125651,0.5079948564152494,1.2619291801806796,26.803936004638672,23.272064208984375,86.82330910265166,False,0,nan,nan,,True
stencil,sycl,2048,64_32_0_4_1,31.573375701904297,3,31.63167953491211,0.36475969079617926,0.9061133036219502,26.803936004638672,4.769439697265625,17.79380347886306,False,0,nan,nan,,True
stencil,sycl,2048,64_32_0_4_2,28.12073516845703,3,28.30836232503255,0.5017589480741181,1.2464383251036466,26.803936004638672,1.3167991638183594,4.912708206699475,True,0,nan,nan,,True
stencil,sycl,2048,64_32_0_4_4,40.660030364990234,3,40.48319880167643,0.5049963410551237,1.2544804550954183,26.803936004638672,13.856094360351562,51.69425250811536,False,0,nan,nan,,True
stencil,sycl,2048,64_32_1_1_4,51.93503952026367,3,51.98977025349935,0.4299013286032336,1.0679341027016278,26.803936004638672,25.131103515625,93.75900431666389,False,0,nan,nan,,True
stencil,sycl,2048,64_32_1_2_2,35.56351852416992,3,35.576576232910156,0.29736666041777315,0.7386997353518936,26.803936004638672,8.75958251953125,32.680209794618676,False,0,nan,nan,,True
stencil,sycl,2048,64_32_1_2_4,40.36003112792969,3,40.383124033610024,0.41882987470799066,1.040431086556893,26.803936004638672,13.556095123291016,50.57501674733519,False,0,nan,nan,,True
stencil,sycl,2048,64_32_1_4_1,33.36454391479492,3,33.468692779541016,0.27913406755706033,0.6934074638441672,26.803936004638672,6.56060791015625,24.47628553142671,False,0,nan,nan,,True
stencil,sycl,2048,64_32_1_4_2,34.82048034667969,3,34.77006912231445,0.2652503593286381,0.6589184206554322,26.803936004638672,8.016544342041016,29.908086411837715,False,0,nan,nan,,True
stencil,sycl,2048,64_32_1_4_4,44.19731140136719,3,44.42745590209961,0.40643347598587587,1.0096367250017764,26.803936004638672,17.393375396728516,64.8911241756376,False,0,nan,nan,,True
stencil,sycl,2048,64_32_2_1_4,51.60736083984375,3,51.499168395996094,0.3998210745476691,0.9932106092241,26.803936004638672,24.803424835205078,92.5365022171095,False,0,nan,nan,,True
stencil,sycl,2048,64_32_2_2_2,37.81083297729492,3,37.788543701171875,0.4759679840382058,1.1823700187204338,26.803936004638672,11.00689697265625,41.06448012243949,False,0,nan,nan,,True
stencil,sycl,2048,64_32_2_2_4,41.61100769042969,3,41.6648317972819,0.4574838184414734,1.1364528058919205,26.803936004638672,14.807071685791016,55.24215429863925,False,0,nan,nan,,True
stencil,sycl,2048,64_32_2_4_1,28.59503936767578,3,28.80188814798991,0.36068527505897285,0.8959918938359301,26.803936004638672,1.7911033630371094,6.682240111031239,True,0,nan,nan,,True
stencil,sycl,2048,64_32_2_4_2,30.740480422973633,3,30.675445556640625,0.276313602251171,0.6864010396132088,26.803936004638672,3.936544418334961,14.686441639219348,False,0,nan,nan,,True
stencil,sycl,2048,64_32_2_4_4,46.25987243652344,3,46.58768081665039,0.8677211961593356,2.1555389466377974,26.803936004638672,19.455936431884766,72.58611730947922,False,0,nan,nan,,True
stencil,sycl,2048,64_32_8_1_4,45.84739303588867,3,45.69784673055013,0.33698465899377505,0.8371162996773904,26.803936004638672,19.04345703125,71.04724107666259,False,0,nan,nan,,True
stencil,sycl,2048,64_32_8_2_2,30.633119583129883,3,30.816256205240887,0.46444713508658164,1.153750643368678,26.803936004638672,3.829183578491211,14.285900316388366,False,0,nan,nan,,True
stencil,sycl,2048,64_32_8_2_4,49.86406326293945,3,50.17803700764974,0.571078786786824,1.418638350620192,26.803936004638672,23.06012725830078,86.03261571102846,False,0,nan,nan,,True
stencil,sycl,2048,64_32_8_4_1,33.06972885131836,3,33.21158345540365,0.40602274352400197,1.0086164090038068,26.803936004638672,6.2657928466796875,23.376390861384436,False,0,nan,nan,,True
stencil,sycl,2048,64_32_8_4_2,34.69807815551758,3,34.66045888264974,0.11699526290086668,0.2906323446645871,26.803936004638672,7.894142150878906,29.451428885342626,False,0,nan,nan,,True
stencil,sycl,2048,64_32_8_4_4,49.40009689331055,3,49.5602773030599,0.36239973488846006,0.9002508481535898,26.803936004638672,22.596160888671875,84.30165213333369,False,0,nan,nan,,True
stencil,sycl,2048,64_64_0_2_4,44.8974723815918,3,45.019850413004555,0.37639679128874737,0.9350214638106067,26.803936004638672,18.093536376953125,67.50328150993148,False,0,nan,nan,,True
stencil,sycl,2048,64_64_0_4_2,34.01737594604492,3,34.087029774983726,0.12103070049257614,0.30065692736944527,26.803936004638672,7.21343994140625,26.91186824262637,False,0,nan,nan,,True
stencil,sycl,2048,64_64_0_4_4,41.67331314086914,3,41.87097676595052,0.40913218525241163,1.0163406904637426,26.803936004638672,14.869377136230469,55.47460318386518,False,0,nan,nan,,True
stencil,sycl,2048,64_64_1_2_4,50.81574249267578,3,50.983412424723305,0.3707252211339174,0.9209325025043356,26.803936004638672,24.01180648803711,89.5831361628443,False,0,nan,nan,,True
stencil,sycl,2048,64_64_1_4_2,28.2807674407959,3,28.008351643880207,0.5151903230520127,1.2798037102064796,26.803936004638672,1.4768314361572266,5.509755865338759,True,0,nan,nan,,True
stencil,sycl,2048,64_64_1_4_4,42.1319694519043,3,42.143839518229164,0.29772962782734064,0.7396013963821204,26.803936004638672,15.328033447265625,57.185756019612064,False,0,nan,nan,,True
stencil,sycl,2048,64_64_2_2_4,50.99951934814453,3,51.20930099487305,0.43331739290794863,1.0764200768666328,26.803936004638672,24.19558334350586,90.2687700019825,False,0,nan,nan,,True
stencil,sycl,2048,64_64_2_4_2,28.70969581604004,3,28.6703675587972,0.39868952821765463,0.9903996923131508,26.803936004638672,1.9057598114013672,7.109999856258266,True,0,nan,nan,,True
stencil,sycl,2048,64_64_2_4_4,50.384193420410156,3,50.40563201904297,0.38623827689837803,0.9594690693528349,26.803936004638672,23.580257415771484,87.97311488764448,False,0,nan,nan,,True
stencil,sycl,2048,64_64_8_2_4,41.289119720458984,3,41.281908671061196,0.4319165634874908,1.0729402236755874,26.803936004638672,14.485183715820312,54.04125615474353,False,0,nan,nan,,True
stencil,sycl,2048,64_64_8_4_2,30.237503051757812,3,30.296298344930012,0.2688027149337397,0.6677429611795027,26.803936004638672,3.4335670471191406,12.809935997925566,False,0,nan,nan,,True
stencil,sycl,2048,64_64_8_4_4,50.22566223144531,3,50.3207893371582,0.3240232426432319,0.8049183565237072,26.803936004638672,23.42172622680664,87.38166746388774,False,0,nan,nan,,True
stencil,sycl,2048,64_128_0_4_4,42.99039840698242,3,43.161312103271484,0.30351468665114173,0.7539722791708456,26.803936004638672,16.18646240234375,60.38837877967822,False,0,nan,nan,,True
stencil,sycl,2048,64_128_1_4_4,52.164703369140625,3,52.11088943481445,0.5279646372570754,1.3115368658646318,26.803936004638672,25.360767364501953,94.61583313776393,False,0,nan,nan,,True
stencil,sycl,2048,64_128_2_4_4,51.90671920776367,3,52.05737559000651,0.5150394408629657,1.2794288980706412,26.803936004638672,25.102783203125,93.65334702627528,False,0,nan,nan,,True
stencil,sycl,2048,64_128_8_4_4,41.6577262878418,3,41.8374392191569,0.40144546653100843,0.9972458226085266,26.803936004638672,14.853790283203125,55.41645182495786,False,0,nan,nan,,True
stencil,cuda,2048,16_32_0_1_1,30.515647888183594,3,30.441994349161785,1.56582819986774,3.8897328813653846,13.832351684570312,16.68329620361328,120.6107000751227,False,0,nan,nan,,True
stencil,cuda,2048,16_32_0_1_2,35.236961364746094,3,34.50947189331055,1.2627917273587836,3.1369485519794225,13.832351684570312,21.40460968017578,154.7430991365854,False,0,nan,nan,,True
stencil,cuda,2048,16_32_0_1_4,33.03615951538086,3,32.02227210998535,1.7665641658495956,4.388388664559365,13.832351684570312,19.203807830810547,138.83255912464963,False,0,nan,nan,,True
stencil,cuda,2048,16_32_0_2_1,30.474464416503906,3,30.475317637125652,0.007556887682280699,0.018772349674783584,13.832351684570312,16.642112731933594,120.31296710376088,False,0,nan,nan,,True
stencil,cuda,2048,16_32_0_2_2,22.38479995727539,3,22.391754786173504,0.02555271983070778,0.0634764749684642,13.832351684570312,8.552448272705078,61.82931483910396,False,0,nan,nan,,True
stencil,cuda,2048,16_32_0_2_4,37.72822570800781,3,39.26353073120117,2.6704598870214804,6.633790112984379,13.832351684570312,23.8958740234375,172.7535170327749,False,0,nan,nan,,True
stencil,cuda,2048,16_32_0_4_1,17.202016830444336,3,17.358762741088867,0.27956811748021604,0.6944857036270449,13.832351684570312,3.3696651458740234,24.36075385238225,False,0,nan,nan,,True
stencil,cuda,2048,16_32_0_4_2,21.72934341430664,3,21.73471959431966,0.014374319061004046,0.035707788059728074,13.832351684570312,7.896991729736328,57.09073850793752,False,0,nan,nan,,True
stencil,cuda,2048,16_32_0_4_4,30.09654426574707,3,30.08355204264323,0.04824263960383791,0.11984136035279036,13.832351684570312,16.264192581176758,117.58082032659068,False,0,nan,nan,,True
stencil,cuda,2048,16_32_1_1_1,33.823360443115234,3,31.809621810913086,3.497436216986169,8.688113200949088,13.832351684570312,19.991008758544922,144.52357208965745,False,0,nan,nan,,True
stencil,cuda,2048,16_32_1_1_2,34.99603271484375,3,32.52388254801432,4.296612436039584,10.673376985009114,13.832351684570312,21.163681030273438,153.00132264480425,False,0,nan,nan,,True
stencil,cuda,2048,16_32_1_1_4,34.00543975830078,3,33.99967956542969,0.026583842204277595,0.06603792494204441,13.832351684570312,20.17308807373047,145.8399015131542,False,0,nan,nan,,True
stencil,cuda,2048,16_32_1_2_1,30.621599197387695,3,30.622645060221355,0.002958269035090335,0.007348747671478861,13.832351684570312,16.789247512817383,121.37666750871743,False,0,nan,nan,,True
stencil,cuda,2048,16_32_1_2_2,27.071456909179688,3,27.073322931925457,0.005292903911589635,0.013148302211288154,13.832351684570312,13.239105224609375,95.71116702720413,False,0,nan,nan,,True
stencil,cuda,2048,16_32_1_2_4,42.5544319152832,3,42.4476064046224,0.19101794408858083,0.47451487852558216,13.832351684570312,28.72208023071289,207.64423061012644,False,0,nan,nan,,True
stencil,cuda,2048,16_32_1_4_1,15.487936019897461,3,15.48531182607015,0.007702864607110188,0.019134976458792252,13.832351684570312,1.6555843353271484,11.968928878333225,False,0,nan,nan,,True
stencil,cuda,2048,16_32_1_4_2,27.28281593322754,3,27.273173014322918,0.018847350095564614,0.04681941313837257,13.832351684570312,13.450464248657227,97.23917201773381,False,0,nan,nan,,True
stencil,cuda,2048,16_32_1_4_4,42.90787124633789,3,41.395913441975914,2.6317948924299785,6.537740941796194,13.832351684570312,29.075519561767578,210.19939504719713,False,0,nan,nan,,True
stencil,cuda,2048,16_32_2_1_1,35.43523025512695,3,33.21245829264323,3.8544180310396787,9.574905187637464,13.832351684570312,21.60287857055664,156.17646993933926,False,0,nan,nan,,True
stencil,cuda,2048,16_32_2_1_2,29.2192325592041,3,28.37114715576172,1.9255741190685272,4.783391285889273,13.832351684570312,15.386880874633789,111.23835791275839,False,0,nan,nan,,True
stencil,cuda,2048,16_32_2_1_4,33.330238342285156,3,32.176286697387695,2.016770871197832,5.0099365770400155,13.832351684570312,19.497886657714844,140.95858103047158,False,0,nan,nan,,True
stencil,cuda,2048,16_32_2_2_1,30.8055362701416,3,30.806751887003582,0.007720580048303464,0.0191789840543386,13.832351684570312,16.97318458557129,122.70642745806201,False,0,nan,nan,,True
stencil,cuda,2048,16_32_2_2_2,21.334144592285156,3,21.21708806355794,0.21757238001297657,0.5404797542188113,13.832351684570312,7.501792907714844,54.23367680914975,False,0,nan,nan,,True
stencil,cuda,2048,16_32_2_2_4,32.10319900512695,3,32.10621770222982,0.018855057775936702,0.04683856007785181,13.832351684570312,18.27084732055664,132.08778765318246,False,0,nan,nan,,True
stencil,cuda,2048,16_32_2_4_1,19.677248001098633,3,19.67572275797526,0.013806731483919758,0.03429782235479095,13.832351684570312,5.84489631652832,42.255261070669384,False,0,nan,nan,,True
stencil,cuda,2048,16_32_2_4_2,27.213407516479492,3,27.220853169759113,0.019014766172287385,0.04723529772810764,13.832351684570312,13.38105583190918,96.73738881896313,False,0,nan,nan,,True
stencil,cuda,2048,16_32_2_4_4,42.806175231933594,3,42.806463877360024,0.017906026564518413,0.044481035855973516,13.832351684570312,28.97382354736328,209.46419096387604,False,0,nan,nan,,True
stencil,cuda,2048,16_32_8_1_1,26.62873649597168,3,25.953450520833332,1.1724570050074827,2.9125446615088393,13.832351684570312,12.796384811401367,92.5105513741055,False,0,nan,nan,,True
stencil,cuda,2048,16_32_8_1_2,23.3156795501709,3,23.600426355997723,1.5419111562741432,3.8303196514216893,13.832351684570312,9.483327865600586,68.55904246693663,False,0,nan,nan,,True
stencil,cuda,2048,16_32_8_1_4,33.03692626953125,3,30.451509475708008,4.483009766657689,11.136413623361406,13.832351684570312,19.204574584960938,138.83810231909607,False,0,nan,nan,,True
stencil,cuda,2048,16_32_8_2_1,20.89580726623535,3,21.219668706258137,0.5890152057812585,1.4631948854574723,13.832351684570312,7.063455581665039,51.06474837206583,False,0,nan,nan,,True
stencil,cuda,2048,16_32_8_2_2,27.000896453857422,3,26.99899737040202,0.006855883495922069,0.01703095873937599,13.832351684570312,13.16854476928711,95.20105524772288,False,0,nan,nan,,True
stencil,cuda,2048,16_32_8_2_4,35.41775894165039,3,35.424554189046226,0.0172725811965162,0.04290747032900555,13.832351684570312,21.585407257080078,156.05016232458962,False,0,nan,nan,,True
stencil,cuda,2048,16_32_8_4_1,14.935296058654785,3,15.547189394632975,1.0749972723058914,2.6704412641307105,13.832351684570312,1.1029443740844727,7.973657692023426,True,0,nan,nan,,True
stencil,cuda,2048,16_32_8_4_2,23.921920776367188,3,23.74875768025716,0.3262096182178632,0.8103496145406304,13.832351684570312,10.089569091796875,72.9418201754628,False,0,nan,nan,,True
stencil,cuda,2048,16_32_8_4_4,32.48662567138672,3,32.4902089436849,0.00834247371807304,0.020723853572093276,13.832351684570312,18.654273986816406,134.85974339146426,False,0,nan,nan,,True
stencil,cuda,2048,16_64_0_1_2,33.37449645996094,3,33.376895904541016,0.010621285237281657,0.026384735204864285,13.832351684570312,19.542144775390625,141.27854193578278,False,0,nan,nan,,True
stencil,cuda,2048,16_64_0_1_4,35.035072326660156,3,35.02435175577799,0.019069595830229616,0.04737150214912589,13.832351684570312,21.202720642089844,153.2835567341815,False,0,nan,nan,,True
stencil,cuda,2048,16_64_0_2_1,20.39206314086914,3,20.371295928955078,0.036164955110696874,0.08983872883312571,13.832351684570312,6.559711456298828,47.42296614404363,False,0,nan,nan,,True
stencil,cuda,2048,16_64_0_2_2,24.963327407836914,3,24.962697982788086,0.0034197303583479856,0.008495081147085415,13.832351684570312,11.130975723266602,80.47059514603697,False,0,nan,nan,,True
stencil,cuda,2048,16_64_0_2_4,32.44230270385742,3,31.373568216959637,3.169632010911161,7.873802410577872,13.832351684570312,18.60995101928711,134.53931365876204,False,0,nan,nan,,True
stencil,cuda,2048,16_64_0_4_1,14.834527969360352,3,15.805194854736328,1.6823528504981433,4.179196160341313,13.832351684570312,1.002176284790039,7.24516197710578,True,0,nan,nan,,True
stencil,cuda,2048,16_64_0_4_2,19.88915252685547,3,19.885046005249023,0.017469961309789634,0.043397789711928425,13.832351684570312,6.056800842285156,43.787209726899775,False,0,nan,nan,,True
stencil,cuda,2048,16_64_0_4_4,42.54828643798828,3,40.51160558064779,3.5417241015254204,8.79813040510532,13.832351684570312,28.71593475341797,207.5998023203095,False,0,nan,nan,,True
stencil,cuda,2048,16_64_1_1_2,31.420448303222656,3,31.41701316833496,0.006368932977036569,0.015821306591671913,13.832351684570312,17.588096618652344,127.15189014657199,False,0,nan,nan,,True
stencil,cuda,2048,16_64_1_1_4,28.128768920898438,3,28.096629460652668,0.21580222640455315,0.5360824488845886,13.832351684570312,14.296417236328125,103.35492880993958,False,0,nan,nan,,True
stencil,cuda,2048,16_64_1_2_1,23.45859146118164,3,23.459349314371746,0.0031252647017090724,0.00776358790461984,13.832351684570312,9.626239776611328,69.59221393531506,False,0,nan,nan,,True
stencil,cuda,2048,16_64_1_2_2,18.381216049194336,3,18.385087966918945,0.00874771946958203,0.021730539825931316,13.832351684570312,4.548864364624023,32.8856905055283,False,0,nan,nan,,True
stencil,cuda,2048,16_64_1_2_4,33.430240631103516,3,30.820011138916016,4.535663263318445,11.267212160070287,13.832351684570312,19.597888946533203,141.68154044546324,False,0,nan,nan,,True
stencil,cuda,2048,16_64_1_4_1,14.324864387512207,3,14.32308260599772,0.01176554046571642,0.02922722276964862,13.832351684570312,0.49251270294189453,3.560585460614638,True,0,nan,nan,,True
stencil,cuda,2048,16_64_1_4_2,17.640735626220703,3,17.684384028116863,0.07735378378953928,0.19215745145579533,13.832351684570312,3.8083839416503906,27.532440097648472,False,0,nan,nan,,True
stencil,cuda,2048,16_64_1_4_4,42.59174346923828,3,41.29803721110026,2.254081752537645,5.599449486777651,13.832351684570312,28.75939178466797,207.91397182843787,False,0,nan,nan,,True
stencil,cuda,2048,16_64_2_1_2,26.514623641967773,3,25.850101470947266,2.4062330303954402,5.977414213990517,13.832351684570312,12.682271957397461,91.68558063445032,False,0,nan,nan,,True
stencil,cuda,2048,16_64_2_1_4,32.88185501098633,3,35.18449020385742,3.9960141197390486,9.926649371407557,13.832351684570312,19.049503326416016,137.7170257149066,False,0,nan,nan,,True
stencil,cuda,2048,16_64_2_2_1,29.253631591796875,3,28.76529057820638,0.9982088104553549,2.479688150222856,13.832351684570312,15.421279907226562,111.48704326559789,False,0,nan,nan,,True
stencil,cuda,2048,16_64_2_2_2,23.10665512084961,3,23.107433954874676,0.0059425993660563795,0.014762235190861617,13.832351684570312,9.274303436279297,67.04791526248266,False,0,nan,nan,,True
stencil,cuda,2048,16_64_2_2_4,32.81884765625,3,30.07036844889323,4.769543897130733,11.848203862564265,13.832351684570312,18.986495971679688,137.26151853743505,False,0,nan,nan,,True
stencil,cuda,2048,16_64_2_4_1,13.832351684570312,3,14.8002560933431,1.687278959415174,4.191433293274146,13.832351684570312,0.0,0.0,True,0,nan,nan,,True
stencil,cuda,2048,16_64_2_4_2,24.925151824951172,3,24.92367998758952,0.006840352760553067,0.016992378253956275,13.832351684570312,11.09280014038086,80.19460749219265,False,0,nan,nan,,True
stencil,cuda,2048,16_64_2_4_4,35.1181755065918,3,36.539232889811196,2.4696601705071792,6.134975964688607,13.832351684570312,21.285823822021484,153.88434524669697,False,0,nan,nan,,True
stencil,cuda,2048,16_64_8_1_2,27.00636863708496,3,26.594219207763672,0.7262310875750113,1.804058032068184,13.832351684570312,13.174016952514648,95.24061600609807,False,0,nan,nan,,True
stencil,cuda,2048,16_64_8_1_4,36.940608978271484,3,34.6190611521403,4.045503611521641,10.049588084278525,13.832351684570312,23.108257293701172,167.05949805684835,False,0,nan,nan,,True
stencil,cuda,2048,16_64_8_2_1,24.43516731262207,3,23.887807846069336,0.9522150433436964,2.365433298836738,13.832351684570312,10.602815628051758,76.65229940530624,False,0,nan,nan,,True
stencil,cuda,2048,16_64_8_2_2,21.363040924072266,3,21.554976145426433,3.363374269961643,8.355084862638915,13.832351684570312,7.530689239501953,54.44258077895947,False,0,nan,nan,,True
stencil,cuda,2048,16_64_8_2_4,33.874046325683594,3,31.03503926595052,4.923348036092639,12.230274524378087,13.832351684570312,20.04169464111328,144.89000206284052,False,0,nan,nan,,True
stencil,cuda,2048,16_64_8_4_1,17.827999114990234,3,16.58039442698161,2.171427050692495,5.394123824873176,13.832351684570312,3.995647430419922,28.886248134342765,False,0,nan,nan,,True
stencil,cuda,2048,16_64_8_4_2,19.92310333251953,3,19.92092768351237,0.00828145744417506,0.020572280745074778,13.832351684570312,6.090751647949219,44.03265465512506,False,0,nan,nan,,True
stencil,cuda,2048,16_64_8_4_4,37.351295471191406,3,33.439221700032554,6.798066753424891,16.88733398896963,13.832351684570312,23.518943786621094,170.02852676783777,False,0,nan,nan,,True
stencil,cuda,2048,16_128_0_1_4,30.689311981201172,3,28.513002395629883,3.786478715252472,9.406134571182038,13.832351684570312,16.85696029663086,121.86619225011776,False,0,nan,nan,,True
stencil,cuda,2048,16_128_0_2_2,24.72774314880371,3,24.724138259887695,0.015642162649067988,0.038857286129399426,13.832351684570312,10.895391464233398,78.7674555468899,False,0,nan,nan,,True
stencil,cuda,2048,16_128_0_2_4,41.833377838134766,3,41.048875172932945,1.4012708734752855,3.4809498211341463,13.832351684570312,28.001026153564453,202.4314215839306,False,0,nan,nan,,True
stencil,cuda,2048,16_128_0_4_1,14.266528129577637,3,15.283946990966797,1.7714297198887006,4.400475370836311,13.832351684570312,0.4341764450073242,3.138847644335407,True,0,nan,nan,,True
stencil,cuda,2048,16_128_0_4_2,19.401792526245117,3,19.404767990112305,0.005462090035020285,0.01356858384080084,13.832351684570312,5.569440841674805,40.26387536030764,False,0,nan,nan,,True
stencil,cuda,2048,16_128_0_4_4,33.195552825927734,3,31.013397216796875,4.256775664937521,10.574416959601344,13.832351684570312,19.363201141357422,139.9848816955446,False,0,nan,nan,,True
stencil,cuda,2048,16_128_1_1_4,31.47769546508789,3,29.613333384195965,3.254616053665947,8.084914476079422,13.832351684570312,17.645343780517578,127.56575442049073,False,0,nan,nan,,True
stencil,cuda,2048,16_128_1_2_2,25.144031524658203,3,25.1486078898112,0.010696686166591309,0.0265720414968591,13.832351684570312,11.31167984008789,81.7769826710365,False,0,nan,nan,,True
stencil,cuda,2048,16_128_1_2_4,37.02492904663086,3,38.61465708414713,2.7629170239813425,6.863466373623988,13.832351684570312,23.192577362060547,167.6690839774654,False,0,nan,nan,,True
stencil,cuda,2048,16_128_1_4_1,16.158496856689453,3,16.15331204732259,0.01606407522137016,0.03990537506130565,13.832351684570312,2.3261451721191406,16.816700624478084,False,0,nan,nan,,True
stencil,cuda,2048,16_128_1_4_2,23.732799530029297,3,23.735946655273438,0.005702223138484039,0.014165107538946842,13.832351684570312,9.900447845458984,71.57458161292067,False,0,nan,nan,,True
stencil,cuda,2048,16_128_1_4_4,32.63801574707031,3,33.20467185974121,2.6298402888285706,6.532885437278473,13.832351684570312,18.8056640625,135.95420714669444,False,0,nan,nan,,True
stencil,cuda,2048,16_128_2_1_4,36.948062896728516,3,34.9378547668457,3.4847199496784933,8.656524241777781,13.832351684570312,23.115711212158203,167.1133856287306,False,0,nan,nan,,True
stencil,cuda,2048,16_128_2_2_2,24.779136657714844,3,23.142080307006836,2.8514411284497436,7.0833724399301445,13.832351684570312,10.946784973144531,79.13900125425116,False,0,nan,nan,,True
stencil,cuda,2048,16_128_2_2_4,41.90198516845703,3,41.89666239420573,0.010606115481657135,0.026347051442840552,13.832351684570312,28.06963348388672,202.9274133855184,False,0,nan,nan,,True
stencil,cuda,2048,16_128_2_4_1,15.037919998168945,3,15.596714655558268,0.9738249003273673,2.4191151595147407,13.832351684570312,1.2055683135986328,8.715570143747994,True,0,nan,nan,,True
stencil,cuda,2048,16_128_2_4_2,21.8852481842041,3,21.882495880126953,0.01446941035055931,0.0359440079181681,13.832351684570312,8.052896499633789,58.217840923005305,False,0,nan,nan,,True
stencil,cuda,2048,16_128_2_4_4,35.863521575927734,3,35.86818186442057,0.011921092121279175,0.029613634503348862,13.832351684570312,22.031169891357422,159.27277149794213,False,0,nan,nan,,True
stencil,cuda,2048,16_128_8_1_4,30.798784255981445,3,29.351690928141277,2.7619527161916135,6.86107090027782,13.832351684570312,16.966432571411133,122.65761425323518,False,0,nan,nan,,True
stencil,cuda,2048,16_128_8_2_2,20.40928077697754,3,19.04368019104004,2.3936392335182144,5.946129488234064,13.832351684570312,6.576929092407227,47.54743981635204,False,0,nan,nan,,True
stencil,cuda,2048,16_128_8_2_4,42.01094436645508,3,42.009942372639976,0.0017919592005459302,0.004451473427941721,13.832351684570312,28.178592681884766,203.71512613663063,False,0,nan,nan,,True
stencil,cuda,2048,16_128_8_4_1,14.97862434387207,3,14.983349482218424,0.01134029208729912,0.02817084723597496,13.832351684570312,1.1462726593017578,8.286896439890262,True,0,nan,nan,,True
stencil,cuda,2048,16_128_8_4_2,16.76166343688965,3,16.75501887003581,0.07894630114103823,0.1961134838652221,13.832351684570312,2.929311752319336,21.177250399054845,False,0,nan,nan,,True
stencil,cuda,2048,16_128_8_4_4,33.72137451171875,3,35.05626551310221,2.3193906496594674,5.761685781028781,13.832351684570312,19.889022827148438,143.78627207211778,False,0,nan,nan,,True
stencil,cuda,2048,32_32_0_1_2,36.090721130371094,3,35.58282725016276,0.8912790572219284,2.214059917710834,13.832351684570312,22.25836944580078,160.91529447324208,False,0,nan,nan,,True
stencil,cuda,2048,32_32_0_1_4,30.033632278442383,3,30.036788940429688,0.008151984627546774,0.020250652438647876,13.832351684570312,16.20128059387207,117.12600260116467,False,0,nan,nan,,True
stencil,cuda,2048,32_32_0_2_1,31.109600067138672,3,31.109824498494465,0.0018821253317921705,0.0046754585148889305,13.832351684570312,17.27724838256836,124.90463499305584,False,0,nan,nan,,True
stencil,cuda,2048,32_32_0_2_2,26.95052719116211,3,26.952863693237305,0.011207696285650165,0.027841461004683765,13.832351684570312,13.118175506591797,94.83691425533112,False,0,nan,nan,,True
stencil,cuda,2048,32_32_0_2_4,42.743614196777344,3,41.56996281941732,2.0485592520925238,5.088903292815026,13.832351684570312,28.91126251220703,209.01191042197775,False,0,nan,nan,,True
stencil,cuda,2048,32_32_0_4_1,16.10915184020996,3,16.686442693074543,1.0058047854697685,2.4985575982134405,13.832351684570312,2.2768001556396484,16.45996434705582,False,0,nan,nan,,True
stencil,cuda,2048,32_32_0_4_2,22.42207908630371,3,22.418751398722332,0.011131248927254115,0.027651555238730197,13.832351684570312,8.589727401733398,62.098821643719866,False,0,nan,nan,,True
stencil,cuda,2048,32_32_0_4_4,30.873023986816406,3,29.210229237874348,2.882732904033362,7.161105519724078,13.832351684570312,17.040672302246094,123.19432509263477,False,0,nan,nan,,True
stencil,cuda,2048,32_32_1_1_2,21.2860164642334,3,21.280341466267902,0.010444833436992072,0.025946404633462095,13.832351684570312,7.453664779663086,53.885737939829035,False,0,nan,nan,,True
stencil,cuda,2048,32_32_1_1_4,23.59699249267578,3,23.59386698404948,0.020895584506961506,0.0519075094821666,13.832351684570312,9.764640808105469,70.5927743219377,False,0,nan,nan,,True
stencil,cuda,2048,32_32_1_2_1,20.253664016723633,3,20.438208262125652,0.32361079463390263,0.8038937788696074,13.832351684570312,6.42131233215332,46.422419546461896,False,0,nan,nan,,True
stencil,cuda,2048,32_32_1_2_2,27.246463775634766,3,27.249258677164715,0.015928236038186636,0.03956793182362972,13.832351684570312,13.414112091064453,96.9763666870009,False,0,nan,nan,,True
stencil,cuda,2048,32_32_1_2_4,37.402400970458984,3,37.40349833170573,0.004281977431851933,0.010637021619196219,13.832351684570312,23.570049285888672,170.3979903300214,False,0,nan,nan,,True
stencil,cuda,2048,32_32_1_4_1,15.196512222290039,3,15.194645245869955,0.01149023039047575,0.028543314629326133,13.832351684570312,1.3641605377197266,9.862101317460125,True,0,nan,nan,,True
stencil,cuda,2048,32_32_1_4_2,27.1144962310791,3,27.117023468017578,0.006146828924869495,0.015269569539757555,13.832351684570312,13.282144546508789,96.02231673537285,False,0,nan,nan,,True
stencil,cuda,2048,32_32_1_4_4,35.131553649902344,3,34.93737665812174,0.3693942040030009,0.9176260726544783,13.832351684570312,21.29920196533203,153.98106157965046,False,0,nan,nan,,True
stencil,cuda,2048,32_32_2_1_2,24.140928268432617,3,23.862815856933594,0.5117002118980865,1.27113379347092,13.832351684570312,10.308576583862305,74.52511922004773,False,0,nan,nan,,True
stencil,cuda,2048,32_32_2_1_4,25.85558319091797,3,25.290612538655598,1.004413011535837,2.4951002400979725,13.832351684570312,12.023231506347656,86.92109469541111,False,0,nan,nan,,True
stencil,cuda,2048,32_32_2_2_1,21.15727996826172,3,21.663050333658855,1.6406993248941817,4.0757230665624355,13.832351684570312,7.324928283691406,52.95504662350513,False,0,nan,nan,,True
stencil,cuda,2048,32_32_2_2_2,23.93987274169922,3,23.94493865966797,0.012942763570850582,0.03215160708021969,13.832351684570312,10.107521057128906,73.07160262852213,False,0,nan,nan,,True
stencil,cuda,2048,32_32_2_2_4,29.701568603515625,3,29.726794560750324,0.3318403852265691,0.8243372152128607,13.832351684570312,15.869216918945312,114.72537194558954,False,0,nan,nan,,True
stencil,cuda,2048,32_32_2_4_1,21.36204719543457,3,19.64523696899414,2.979508066110759,7.401508349398309,13.832351684570312,7.529695510864258,54.43539668864456,False,0,nan,nan,,True
stencil,cuda,2048,32_32_2_4_2,27.214847564697266,3,27.219444910685223,0.009238057639880847,0.022948607366267026,13.832351684570312,13.382495880126953,96.74779954485133,False,0,nan,nan,,True
stencil,cuda,2048,32_32_2_4_4,34.61750411987305,3,32.425483067830406,4.668947468090827,11.598308479521911,13.832351684570312,20.785152435302734,150.26477716358326,False,0,nan,nan,,True
stencil,cuda,2048,32_32_8_1_2,22.59337615966797,3,22.583402633666992,0.0793679071270577,0.1971608111945784,13.832351684570312,8.761024475097656,63.337201618943716,False,0,nan,nan,,True
stencil,cuda,2048,32_32_8_1_4,23.678592681884766,3,23.681835174560547,0.007164991633325963,0.01779882592050086,13.832351684570312,9.846240997314453,71.1826970702149,False,0,nan,nan,,True
stencil,cuda,2048,32_32_8_2_1,20.21308708190918,3,20.214773178100586,0.010279939767706907,0.02553678605116616,13.832351684570312,6.380735397338867,46.12907149010995,False,0,nan,nan,,True
stencil,cuda,2048,32_32_8_2_2,16.11587142944336,3,16.116586685180664,0.00775240930863372,0.01925805232026434,13.832351684570312,2.283519744873047,16.50854313818715,False,0,nan,nan,,True
stencil,cuda,2048,32_32_8_2_4,39.796478271484375,3,40.606249491373696,1.4167212999925587,3.5193308083078563,13.832351684570312,25.964126586914062,187.70580143560463,False,0,nan,nan,,True
stencil,cuda,2048,32_32_8_4_1,17.520832061767578,3,18.14683787027995,1.08521553537319,2.6958248367644586,13.832351684570312,3.6884803771972656,26.66560582978587,False,0,nan,nan,,True
stencil,cuda,2048,32_32_8_4_2,27.120256423950195,3,27.129109700520832,0.016059898631667423,0.039894999837319034,13.832351684570312,13.287904739379883,96.0639596389257,False,0,nan,nan,,True
stencil,cuda,2048,32_32_8_4_4,32.85919952392578,3,33.34186617533366,2.0172544812815842,5.011137931086836,13.832351684570312,19.02684783935547,137.55323948695943,False,0,nan,nan,,True
stencil,cuda,2048,32_64_0_1_4,31.77168083190918,3,31.776981989542644,0.020972593711863816,0.052098810952212915,13.832351684570312,17.939329147338867,129.69110066330802,False,0,nan,nan,,True
stencil,cuda,2048,32_64_0_2_2,16.209951400756836,3,16.216074625651043,0.012594826919872189,0.031287284524236014,13.832351684570312,2.3775997161865234,17.188687581148507,False,0,nan,nan,,True
stencil,cuda,2048,32_64_0_2_4,32.172672271728516,3,30.742635091145832,3.4248156232232274,8.507713645335098,13.832351684570312,18.340320587158203,132.59003967934413,False,0,nan,nan,,True
stencil,cuda,2048,32_64_0_4_1,14.613663673400879,3,14.641706466674805,0.04973978237993359,0.12356046918271701,13.832351684570312,0.7813119888305664,5.648439301193469,True,0,nan,nan,,True
stencil,cuda,2048,32_64_0_4_2,17.29302406311035,3,17.288768132527668,0.008418121671287972,0.020911773505488895,13.832351684570312,3.460672378540039,25.018684150435128,False,0,nan,nan,,True
stencil,cuda,2048,32_64_0_4_4,41.840576171875,3,41.84369023640951,0.018121340369300076,0.045015904998287226,13.832351684570312,28.008224487304688,202.4834614243307,False,0,nan,nan,,True
stencil,cuda,2048,32_64_1_1_4,31.42073631286621,3,29.645376205444336,3.081833450653965,7.655698696008294,13.832351684570312,17.5883846282959,127.15397229174962,False,0,nan,nan,,True
stencil,cuda,2048,32_64_1_2_2,21.09391975402832,3,21.090538660685223,0.008865074387406106,0.022022065602953944,13.832351684570312,7.261568069458008,52.496988473464924,False,0,nan,nan,,True
stencil,cuda,2048,32_64_1_2_4,29.017375946044922,3,27.78326416015625,2.2361969243746143,5.555021110670239,13.832351684570312,15.18502426147461,109.77904992404996,False,0,nan,nan,,True
stencil,cuda,2048,32_64_1_4_1,14.404928207397461,3,14.404383977254232,0.006273832244714144,0.015585063276096989,13.832351684570312,0.5725765228271484,4.139401136437596,True,0,nan,nan,,True
stencil,cuda,2048,32_64_1_4_2,24.309375762939453,3,24.312010447184246,0.009789204133291584,0.024317731155228728,13.832351684570312,10.47702407836914,75.74289836814974,False,0,nan,nan,,True
stencil,cuda,2048,32_64_1_4_4,41.84489440917969,3,41.84048970540365,0.008790139732749233,0.021835917601407573,13.832351684570312,28.012542724609375,202.51467981295443,False,0,nan,nan,,True
stencil,cuda,2048,32_64_2_1_4,32.853153228759766,3,31.920917510986328,1.626554053566898,4.040584264615823,13.832351684570312,19.020801544189453,137.50952822726987,False,0,nan,nan,,True
stencil,cuda,2048,32_64_2_2_2,23.47123146057129,3,23.47107187906901,0.010864183194818602,0.026988127181279964,13.832351684570312,9.638879776000977,69.68359390943579,False,0,nan,nan,,True
stencil,cuda,2048,32_64_2_2_4,30.947359085083008,3,30.946122487386067,0.009182649518279486,0.02281096596186316,13.832351684570312,17.115007400512695,123.73172538407995,False,0,nan,nan,,True
stencil,cuda,2048,32_64_2_4_1,19.93449592590332,3,19.939210891723633,0.011681281356001818,0.02901791153765032,13.832351684570312,6.102144241333008,44.11501659648964,False,0,nan,nan,,True
stencil,cuda,2048,32_64_2_4_2,19.905855178833008,3,19.888874689737957,0.03472365611635211,0.0862583436474118,13.832351684570312,6.073503494262695,43.907960358162065,False,0,nan,nan,,True
stencil,cuda,2048,32_64_2_4_4,29.654239654541016,3,28.990378697713215,1.8439642365202853,4.580661099002182,13.832351684570312,15.821887969970703,114.38321068441077,False,0,nan,nan,,True
stencil,cuda,2048,32_64_8_1_4,32.74643325805664,3,31.2827631632487,2.555601179652714,6.348465266490264,13.832351684570312,18.914081573486328,136.7380038101878,False,0,nan,nan,,True
stencil,cuda,2048,32_64_8_2_2,18.965696334838867,3,19.605056126912434,1.107848011418199,2.752047024017454,13.832351684570312,5.133344650268555,37.11114904629478,False,0,nan,nan,,True
stencil,cuda,2048,32_64_8_2_4,41.64940643310547,3,39.713087717692055,3.3888943867869123,8.418480347252052,13.832351684570312,27.817054748535156,201.1014134318496,False,0,nan,nan,,True
stencil,cuda,2048,32_64_8_4_1,16.44812774658203,3,17.187434514363606,1.3088295388162257,3.2513128155858873,13.832351684570312,2.6157760620117188,18.910566486894343,False,0,nan,nan,,True
stencil,cuda,2048,32_64_8_4_2,22.306432723999023,3,21.95514678955078,0.6184754289305527,1.536378136778307,13.832351684570312,8.474081039428711,61.2627645151718,False,0,nan,nan,,True
stencil,cuda,2048,32_64_8_4_4,32.83270263671875,3,30.9093755086263,3.3803051830121564,8.397143582241537,13.832351684570312,19.000350952148438,137.3616821306164,False,0,nan,nan,,True
stencil,cuda,2048,32_128_0_2_4,31.967327117919922,3,30.41885821024577,2.684189334717356,6.667895951766784,13.832351684570312,18.13497543334961,131.1055115348085,False,0,nan,nan,,True
stencil,cuda,2048,32_128_0_4_2,20.94419288635254,3,20.939029693603516,0.015108778882935532,0.037532287401131015,13.832351684570312,7.111841201782227,51.41454876190959,False,0,nan,nan,,True
stencil,cuda,2048,32_128_0_4_4,29.845279693603516,3,29.841450373331707,0.01237269497732976,0.03073547818878808,13.832351684570312,16.012928009033203,115.7643210221099,False,0,nan,nan,,True
stencil,cuda,2048,32_128_1_2_4,44.59427261352539,3,43.890646616617836,1.2516442836648212,3.1092567667099758,13.832351684570312,30.761920928955078,222.391113459538,False,0,nan,nan,,True
stencil,cuda,2048,32_128_1_4_2,15.519231796264648,3,16.774165471394856,2.2694399574552,5.637601382797665,13.832351684570312,1.686880111694336,12.195179461609655,False,0,nan,nan,,True
stencil,cuda,2048,32_128_1_4_4,36.18524932861328,3,33.286399841308594,5.046413877240623,12.535987021398284,13.832351684570312,22.35289764404297,161.59867934081765,False,0,nan,nan,,True
stencil,cuda,2048,32_128_2_2_4,32.991233825683594,3,31.706401189168293,2.231245375507887,5.54272078139898,13.832351684570312,19.15888214111328,138.5077720550194,False,0,nan,nan,,True
stencil,cuda,2048,32_128_2_4_2,23.820064544677734,3,23.812832514444988,0.017181970323891484,0.04268238044322459,13.832351684570312,9.987712860107422,72.2054578127051,False,0,nan,nan,,True
stencil,cuda,2048,32_128_2_4_4,34.075679779052734,3,34.70786158243815,1.2471545207358194,3.098103577301366,13.832351684570312,20.243328094482422,146.3476967337623,False,0,nan,nan,,True
stencil,cuda,2048,32_128_8_2_4,33.2825927734375,3,32.96606953938802,3.4809864298969013,8.647249664490879,13.832351684570312,19.450241088867188,140.61413078850148,False,0,nan,nan,,True
stencil,cuda,2048,32_128_8_4_2,17.79644775390625,3,17.79058074951172,0.016057171446709224,0.039888225134316,13.832351684570312,3.9640960693359375,28.65814981958419,False,0,nan,nan,,True
stencil,cuda,2048,32_128_8_4_4,41.15327835083008,3,40.263754526774086,1.562757546762691,3.8821049561875256,13.832351684570312,27.320926666259766,197.51469084418716,False,0,nan,nan,,True
stencil,cuda,2048,64_32_0_1_4,32.35500717163086,3,31.3223139444987,1.7936117103507505,4.455578489864093,13.832351684570312,18.522655487060547,133.908216834323,False,0,nan,nan,,True
stencil,cuda,2048,64_32_0_2_2,22.752288818359375,3,22.490912119547527,0.4554078642798942,1.1312958498713428,13.832351684570312,8.919937133789062,64.48604935152899,False,0,nan,nan,,True
stencil,cuda,2048,64_32_0_2_4,32.725921630859375,3,30.10967508951823,4.55976695120426,11.327089040138961,13.832351684570312,18.893569946289062,136.58971646422515,False,0,nan,nan,,True
stencil,cuda,2048,64_32_0_4_1,20.200096130371094,3,18.513877550760906,2.9210044370559265,7.2561772781907505,13.832351684570312,6.367744445800781,46.035154332461495,False,0,nan,nan,,True
stencil,cuda,2048,64_32_0_4_2,22.20502471923828,3,22.10927963256836,0.20208269925572553,0.5020012541072276,13.832351684570312,8.372673034667969,60.52964257702834,False,0,nan,nan,,True
stencil,cuda,2048,64_32_0_4_4,30.372095108032227,3,30.40887387593587,0.7933756731791661,1.9708544293052466,13.832351684570312,16.539743423461914,119.572895488998,False,0,nan,nan,,True
stencil,cuda,2048,64_32_1_1_4,27.786239624023438,3,27.47165870666504,0.878205711186335,2.181583925805459,13.832351684570312,13.953887939453125,100.87863768688287,False,0,nan,nan,,True
stencil,cuda,2048,64_32_1_2_2,20.328800201416016,3,20.329023996988933,2.6932964394686056,6.6905192541239416,13.832351684570312,6.496448516845703,46.96561123508991,False,0,nan,nan,,True
stencil,cuda,2048,64_32_1_2_4,35.42316818237305,3,32.16154670715332,5.652508841669545,14.041610379419483,13.832351684570312,21.590816497802734,156.08926804461473,False,0,nan,nan,,True
stencil,cuda,2048,64_32_1_4_1,18.3721923828125,3,17.965919812520344,2.137350327109816,5.309472550729602,13.832351684570312,4.5398406982421875,32.82045455297584,False,0,nan,nan,,True
stencil,cuda,2048,64_32_1_4_2,21.596223831176758,3,21.590816497802734,0.01253922107822236,0.031149151956000765,13.832351684570312,7.763872146606445,56.12835997559891,False,0,nan,nan,,True
stencil,cuda,2048,64_32_1_4_4,43.96192169189453,3,42.021568298339844,3.399270932031338,8.44425711461109,13.832351684570312,30.12957000732422,217.81957756997386,False,0,nan,nan,,True
stencil,cuda,2048,64_32_2_1_4,32.85830307006836,3,31.79637336730957,1.8621444487666956,4.625823249850555,13.832351684570312,19.025951385498047,137.54675863773102,False,0,nan,nan,,True
stencil,cuda,2048,64_32_2_2_2,22.144256591796875,3,21.968075434366863,0.31883067615478283,0.7920193062891379,13.832351684570312,8.311904907226562,60.09032373358691,False,0,nan,nan,,True
stencil,cuda,2048,64_32_2_2_4,33.68310546875,3,32.74968592325846,1.6394783449880241,4.0726899843323,13.832351684570312,19.850753784179688,143.5096087552688,False,0,nan,nan,,True
stencil,cuda,2048,64_32_2_4_1,18.466943740844727,3,18.469216028849285,0.004329698341325267,0.010755566930054528,13.832351684570312,4.634592056274414,33.50545273833806,False,0,nan,nan,,True
stencil,cuda,2048,64_32_2_4_2,26.83203125,3,26.83196767171224,0.010175853920024689,0.025278222471683875,13.832351684570312,12.999679565429688,93.98025629966124,False,0,nan,nan,,True
stencil,cuda,2048,64_32_2_4_4,34.35136032104492,3,32.25291760762533,4.0329049890142885,10.018291370992294,13.832351684570312,20.51900863647461,148.3407095509516,False,0,nan,nan,,True
stencil,cuda,2048,64_32_8_1_4,26.4486083984375,3,25.83556302388509,1.097684828438304,2.7268002779059906,13.832351684570312,12.616256713867188,91.20832813946126,False,0,nan,nan,,True
stencil,cuda,2048,64_32_8_2_2,16.455007553100586,3,16.44878896077474,0.014256158387064264,0.03541426067355147,13.832351684570312,2.6226558685302734,18.960303557462243,False,0,nan,nan,,True
stencil,cuda,2048,64_32_8_2_4,33.62294387817383,3,32.012532552083336,3.6665469428615007,9.108207532552264,13.832351684570312,19.790592193603516,143.07467482683722,False,0,nan,nan,,True
stencil,cuda,2048,64_32_8_4_1,21.68067169189453,3,19.899498621622723,3.099699049469708,7.700079303768933,13.832351684570312,7.848320007324219,56.73886976195703,False,0,nan,nan,,True
stencil,cuda,2048,64_32_8_4_2,26.85228729248047,3,26.864948908487957,0.0325435690684878,0.08084270719697884,13.832351684570312,13.019935607910156,94.1266959141417,False,0,nan,nan,,True
stencil,cuda,2048,64_32_8_4_4,36.27462387084961,3,32.94084231058756,5.779572258260791,14.357253404353727,13.832351684570312,22.442272186279297,162.24480621985026,False,0,nan,nan,,True
stencil,cuda,2048,64_64_0_2_4,25.176128387451172,3,25.10691197713216,0.12888370565261942,0.3201648736378324,13.832351684570312,11.34377670288086,82.00902465149578,False,0,nan,nan,,True
stencil,cuda,2048,64_64_0_4_2,14.264960289001465,3,15.794911702473959,2.6531141255649278,6.590700852811663,13.832351684570312,0.43260860443115234,3.127513052706127,True,0,nan,nan,,True
stencil,cuda,2048,64_64_0_4_4,42.524383544921875,3,39.49690628051758,5.246932761415796,13.034103543489751,13.832351684570312,28.692031860351562,207.42699805960618,False,0,nan,nan,,True
stencil,cuda,2048,64_64_1_2_4,42.95616149902344,3,41.350869496663414,2.7889584673464167,6.928156905154779,13.832351684570312,29.123809814453125,210.54850598499533,False,0,nan,nan,,True
stencil,cuda,2048,64_64_1_4_2,17.083423614501953,3,18.0853328704834,1.7500661970474503,4.3474054380911795,13.832351684570312,3.2510719299316406,23.503392655625873,False,0,nan,nan,,True
stencil,cuda,2048,64_64_1_4_4,34.18912124633789,3,35.134656270345054,1.9066788478010332,4.73645282996052,13.832351684570312,20.356769561767578,147.16781373101662,False,0,nan,nan,,True
stencil,cuda,2048,64_64_2_2_4,32.23984146118164,3,30.398667017618816,3.682615308016145,9.148123564398594,13.832351684570312,18.407489776611328,133.07563454408466,False,0,nan,nan,,True
stencil,cuda,2048,64_64_2_4_2,15.323455810546875,3,16.784639994303387,2.5327021094256037,6.291580822575785,13.832351684570312,1.4911041259765625,10.779830935327192,False,0,nan,nan,,True
stencil,cuda,2048,64_64_2_4_4,32.01804733276367,3,29.54003143310547,4.293324702447467,10.66520980200685,13.832351684570312,18.18569564819336,131.47218971072797,False,0,nan,nan,,True
stencil,cuda,2048,64_64_8_2_4,24.97884750366211,3,24.802773157755535,0.31374002864199124,0.7793734368255407,13.832351684570312,11.146495819091797,80.58279657193411,False,0,nan,nan,,True
stencil,cuda,2048,64_64_8_4_2,17.38083267211914,3,17.38146146138509,0.020086995281030973,0.04989886249274278,13.832351684570312,3.548480987548828,25.653490226879363,False,0,nan,nan,,True
stencil,cuda,2048,64_64_8_4_4,42.491294860839844,3,42.4889170328776,0.021871450366277655,0.05433169466487442,13.832351684570312,28.65894317626953,207.1877857778729,False,0,nan,nan,,True
stencil,cuda,2048,64_128_0_4_4,33.334590911865234,3,32.444031397501625,1.5434921281960137,3.834247003393976,13.832351684570312,19.502239227294922,140.99004762183168,False,0,nan,nan,,True
stencil,cuda,2048,64_128_1_4_4,32.007904052734375,3,31.800875345865887,3.1706578650587507,7.876350773552627,13.832351684570312,18.175552368164062,131.39885959116046,False,0,nan,nan,,True
stencil,cuda,2048,64_128_2_4_4,32.466976165771484,3,31.20800018310547,2.214060786539182,5.5000318958814205,13.832351684570312,18.634624481201172,134.71768869199363,False,0,nan,nan,,True
stencil,cuda,2048,64_128_8_4_4,33.39158248901367,3,30.76105499267578,4.58133775566418,11.380673888969973,13.832351684570312,19.55923080444336,141.4020641642683,False,0,nan,nan,,True
stencil,sycl,4096,16_32_0_1_1,92.13056182861328,3,92.09190368652344,0.09170619722986705,0.22781082293710142,76.32857513427734,15.801986694335938,20.70258309753203,False,0,nan,nan,,True
stencil,sycl,4096,16_32_0_1_2,115.49056243896484,3,115.00492858886719,8.76695634070163,21.778326862935707,76.32857513427734,39.1619873046875,51.307111701998465,False,0,nan,nan,,True
stencil,sycl,4096,16_32_0_1_4,108.0284194946289,3,118.29538472493489,27.92425346354529,69.367691100408,76.32857513427734,31.699844360351562,41.53076918386744,False,0,nan,nan,,True
stencil,sycl,4096,16_32_0_2_1,112.24537658691406,3,109.4857177734375,8.93746737979743,22.20189976541807,76.32857513427734,35.91680145263672,47.05551150332864,False,0,nan,nan,,True
stencil,sycl,4096,16_32_0_2_2,82.97119903564453,3,89.98419189453125,16.446226243655385,40.85469082733604,76.32857513427734,6.6426239013671875,8.702669858151385,True,0,nan,nan,,True
stencil,sycl,4096,16_32_0_2_4,94.07762908935547,3,112.06700897216797,31.593324937229408,78.48216991518112,76.32857513427734,17.749053955078125,23.253485243048182,False,0,nan,nan,,True
stencil,sycl,4096,16_32_0_4_1,81.14559936523438,3,86.12234497070312,10.07426615281072,25.025864468096895,76.32857513427734,4.817024230957031,6.310905480002627,True,0,nan,nan,,True
stencil,sycl,4096,16_32_0_4_2,94.12799835205078,3,90.22395833333333,12.963106479484805,32.2021416667242,76.32857513427734,17.799423217773438,23.319475290165794,False,0,nan,nan,,True
stencil,sycl,4096,16_32_0_4_4,94.9968032836914,3,95.0405756632487,0.8425813884575929,2.0930882022605175,76.32857513427734,18.668228149414062,24.45771864150862,False,0,nan,nan,,True
stencil,sycl,4096,16_32_1_1_1,92.49139404296875,3,110.27191416422527,31.50094612741567,78.25268822995906,76.32857513427734,16.162818908691406,21.175318522922446,False,0,nan,nan,,True
stencil,sycl,4096,16_32_1_1_2,101.30028533935547,3,103.05403645833333,16.5612787916222,41.14049720056981,76.32857513427734,24.971710205078125,32.71607017574723,False,0,nan,nan,,True
stencil,sycl,4096,16_32_1_1_4,97.17107391357422,3,97.17461395263672,0.4964541682760593,1.233260521554925,76.32857513427734,20.842498779296875,27.306285676931243,False,0,nan,nan,,True
stencil,sycl,4096,16_32_1_2_1,95.51737213134766,3,101.45657602945964,10.541419425186714,26.18633752915929,76.32857513427734,19.188796997070312,25.139729076971964,False,0,nan,nan,,True
stencil,sycl,4096,16_32_1_2_2,83.15257263183594,3,90.13322448730469,17.262167048240055,42.881600150535604,76.32857513427734,6.823997497558594,8.940292001460538,True,0,nan,nan,,True
stencil,sycl,4096,16_32_1_2_4,111.43795013427734,3,119.307373046875,25.957938096295884,64.48309294349008,76.32857513427734,35.109375,45.99768165229802,False,0,nan,nan,,True
stencil,sycl,4096,16_32_1_4_1,84.0967025756836,3,87.66847737630208,10.903735032984654,27.086379394034747,76.32857513427734,7.76812744140625,10.177220559588003,False,0,nan,nan,,True
stencil,sycl,4096,16_32_1_4_2,85.09369659423828,3,88.46990966796875,10.339655739920524,25.685128749734034,76.32857513427734,8.765121459960938,11.483407681253478,False,0,nan,nan,,True
stencil,sycl,4096,16_32_1_4_4,145.03500366210938,3,146.02681477864584,16.984196502893493,42.19108303609295,76.32857513427734,68.70642852783203,90.01403263058897,False,0,nan,nan,,True
stencil,sycl,4096,16_32_2_1_1,92.26265716552734,3,91.98655954996745,0.9802028608561836,2.434958891788227,76.32857513427734,15.93408203125,20.87564454494105,False,0,nan,nan,,True
stencil,sycl,4096,16_32_2_1_2,114.6270751953125,3,113.29017639160156,10.932550273891106,27.157960420642752,76.32857513427734,38.298500061035156,50.17583518840798,False,0,nan,nan,,True
stencil,sycl,4096,16_32_2_1_4,133.79833984375,3,138.21041361490884,24.717219723455003,61.40097764389273,76.32857513427734,57.469764709472656,75.29259469126963,False,0,nan,nan,,True
stencil,sycl,4096,16_32_2_2_1,95.51200103759766,3,100.7927474975586,10.892831302600236,27.059293026188385,76.32857513427734,19.183425903320312,25.132692270978204,False,0,nan,nan,,True
stencil,sycl,4096,16_32_2_2_2,83.71520233154297,3,91.22404479980469,17.419289455975324,43.27191384894695,76.32857513427734,7.386627197265625,9.677407424769896,True,0,nan,nan,,True
stencil,sycl,4096,16_32_2_2_4,97.53580474853516,3,115.44490814208984,34.40674739069183,85.47109873082564,76.32857513427734,21.207229614257812,27.78412878394497,False,0,nan,nan,,True
stencil,sycl,4096,16_32_2_4_1,91.86988830566406,3,89.66952514648438,8.180927621167129,20.322550820589342,76.32857513427734,15.541313171386719,20.361068111184334,False,0,nan,nan,,True
stencil,sycl,4096,16_32_2_4_2,77.99935913085938,3,79.52390543619792,5.524720418831108,13.724166339125361,76.32857513427734,1.6707839965820312,2.18893644174909,True,0,nan,nan,,True
stencil,sycl,4096,16_32_2_4_4,110.70073699951172,3,120.1227544148763,30.406285053420785,75.53339937449694,76.32857513427734,34.372161865234375,45.031840047802305,False,0,nan,nan,,True
stencil,sycl,4096,16_32_8_1_1,91.93190002441406,3,106.82657877604167,26.11656807201404,64.8771516483807,76.32857513427734,15.603324890136719,20.442311234930465,False,0,nan,nan,,True
stencil,sycl,4096,16_32_8_1_2,124.91059112548828,3,110.5228780110677,25.638897204815542,63.690551433383135,76.32857513427734,48.58201599121094,63.64852993226375,False,0,nan,nan,,True
stencil,sycl,4096,16_32_8_1_4,96.17881774902344,3,96.2302729288737,0.3291753331382697,0.8177168588166239,76.32857513427734,19.850242614746094,26.006305737825603,False,0,nan,nan,,True
stencil,sycl,4096,16_32_8_2_1,115.57234954833984,3,104.03489939371745,20.52521521003444,50.98746114440617,76.32857513427734,39.2437744140625,51.41426306599435,False,0,nan,nan,,True
stencil,sycl,4096,16_32_8_2_2,82.87039947509766,3,90.88004302978516,17.060733681389177,42.381211927542694,76.32857513427734,6.5418243408203125,8.570609800211685,True,0,nan,nan,,True
stencil,sycl,4096,16_32_8_2_4,93.56633758544922,3,98.0296122233073,7.932886200149967,19.7063817725721,76.32857513427734,17.237762451171875,22.583629290664966,False,0,nan,nan,,True
stencil,sycl,4096,16_32_8_4_1,96.08857727050781,3,90.76070658365886,10.07370468453331,25.02446970357505,76.32857513427734,19.76000213623047,25.888079400759995,False,0,nan,nan,,True
stencil,sycl,4096,16_32_8_4_2,79.02899169921875,3,84.59353637695312,13.916554675079144,34.57063828557105,76.32857513427734,2.7004165649414062,3.537884154382326,True,0,nan,nan,,True
stencil,sycl,4096,16_32_8_4_4,95.24813079833984,3,116.12625376383464,36.304508585407,90.18539888245554,76.32857513427734,18.9195556640625,24.786989185608654,False,0,nan,nan,,True
stencil,sycl,4096,16_64_0_1_2,125.87596893310547,3,111.45843251546223,25.626920390759075,63.66079937791922,76.32857513427734,49.547393798828125,64.91329585501141,False,0,nan,nan,,True
stencil,sycl,4096,16_64_0_1_4,94.37529754638672,3,97.07195790608723,4.751795091425647,11.804113384974272,76.32857513427734,18.046722412109375,23.64346822977051,False,0,nan,nan,,True
stencil,sycl,4096,16_64_0_2_1,114.66905212402344,3,103.70777384440105,19.56553181863101,48.603475440509996,76.32857513427734,38.340476989746094,50.23083022616034,False,0,nan,nan,,True
stencil,sycl,4096,16_64_0_2_2,83.18016052246094,3,89.45352681477864,14.971748167519312,37.19188423330273,76.32857513427734,6.851585388183594,8.976435595883029,True,0,nan,nan,,True
stencil,sycl,4096,16_64_0_2_4,117.72825622558594,3,122.2405522664388,33.20743282581713,82.49183619200589,76.32857513427734,41.399681091308594,54.23877102183319,False,0,nan,nan,,True
stencil,sycl,4096,16_64_0_4_1,83.35052490234375,3,86.21008809407552,8.741178927650672,21.714292219065257,76.32857513427734,7.021949768066406,9.199634285997586,True,0,nan,nan,,True
stencil,sycl,4096,16_64_0_4_2,76.32857513427734,3,83.20750935872395,13.0685030072725,32.463961156085915,76.32857513427734,0.0,0.0,True,0,nan,nan,,True
stencil,sycl,4096,16_64_0_4_4,96.09343719482422,3,98.24588521321614,3.8885312427245777,9.6596471032518,76.32857513427734,19.764862060546875,25.89444651072878,False,0,nan,nan,,True
stencil,sycl,4096,16_64_1_1_2,85.6938247680664,3,98.38434092203777,26.000274239793338,64.58826175412088,76.32857513427734,9.365249633789062,12.269650805499383,False,0,nan,nan,,True
stencil,sycl,4096,16_64_1_1_4,135.25465393066406,3,129.73316446940103,32.47467939290737,80.67157575592279,76.32857513427734,58.92607879638672,77.20054867095826,False,0,nan,nan,,True
stencil,sycl,4096,16_64_1_2_1,82.08998107910156,3,82.82444508870442,7.139812471260017,17.736277414462535,76.32857513427734,5.761405944824219,7.54816388841105,True,0,nan,nan,,True
stencil,sycl,4096,16_64_1_2_2,85.80582427978516,3,90.74914042154948,15.112542029976588,37.541635576611505,76.32857513427734,9.477249145507812,12.416384203210162,False,0,nan,nan,,True
stencil,sycl,4096,16_64_1_2_4,90.99635314941406,3,91.13868967692058,0.24897615160660494,0.6184910475247705,76.32857513427734,14.667778015136719,19.21662757274473,False,0,nan,nan,,True
stencil,sycl,4096,16_64_1_4_1,96.69459533691406,3,91.61094665527344,9.966025891620966,24.756980753349055,76.32857513427734,20.36602020263672,26.682039022487693,False,0,nan,nan,,True
stencil,sycl,4096,16_64_1_4_2,80.17017364501953,3,84.41245778401692,12.320497697272634,30.605812956948768,76.32857513427734,3.8415985107421875,5.032975532405841,True,0,nan,nan,,True
stencil,sycl,4096,16_64_1_4_4,97.54483032226562,3,112.48219807942708,27.069074935995282,67.24330986986823,76.32857513427734,21.21625518798828,27.79595341674414,False,0,nan,nan,,True
stencil,sycl,4096,16_64_2_1_2,84.63571166992188,3,96.82579294840495,24.378908509229785,60.56056599833825,76.32857513427734,8.307136535644531,10.883390029265716,False,0,nan,nan,,True
stencil,sycl,4096,16_64_2_1_4,96.36831665039062,3,114.07191212972005,31.329029561532057,77.82562380537824,76.32857513427734,20.03974151611328,26.254573049292926,False,0,nan,nan,,True
stencil,sycl,4096,16_64_2_2_1,97.80147552490234,3,101.96695709228516,9.755992913629912,24.235229912016706,76.32857513427734,21.472900390625,28.13219079859652,False,0,nan,nan,,True
stencil,sycl,4096,16_64_2_2_2,105.53683471679688,3,101.38982391357422,9.27305459647345,23.035544625933966,76.32857513427734,29.20825958251953,38.26648084434475,False,0,nan,nan,,True
stencil,sycl,4096,16_64_2_2_4,113.7043228149414,3,123.09026336669922,26.280947669256054,65.28549320492687,76.32857513427734,37.37574768066406,48.96691391777272,False,0,nan,nan,,True
stencil,sycl,4096,16_64_2_4_1,89.19602966308594,3,88.47195688883464,8.740825481659758,21.71341421055017,76.32857513427734,12.867454528808594,16.85797816371149,False,0,nan,nan,,True
stencil,sycl,4096,16_64_2_4_2,80.3109130859375,3,84.0410664876302,11.427293479161824,28.386970674472735,76.32857513427734,3.9823379516601562,5.217361839461069,True,0,nan,nan,,True
stencil,sycl,4096,16_64_2_4_4,128.14419555664062,3,133.1333974202474,28.088775849330336,69.77638736335868,76.32857513427734,51.81562042236328,67.88495701800953,False,0,nan,nan,,True
stencil,sycl,4096,16_64_8_1_2,85.46495819091797,3,98.15116882324219,24.59733289503483,61.10316225227572,76.32857513427734,9.136383056640625,11.969806904645981,False,0,nan,nan,,True
stencil,sycl,4096,16_64_8_1_4,125.098876953125,3,127.65034484863281,33.85101057211332,84.09057194200372,76.32857513427734,48.770301818847656,63.89520796510464,False,0,nan,nan,,True
stencil,sycl,4096,16_64_8_2_1,84.85478210449219,3,93.5584004720052,18.60767993417176,46.22403945208315,76.32857513427734,8.526206970214844,11.170399755550955,False,0,nan,nan,,True
stencil,sycl,4096,16_64_8_2_2,83.77356719970703,3,89.96569569905598,14.92318454802251,37.07124551469313,76.32857513427734,7.4449920654296875,9.753872717173675,True,0,nan,nan,,True
stencil,sycl,4096,16_64_8_2_4,91.83628845214844,3,95.99961598714192,7.392406146931891,18.363754889940893,76.32857513427734,15.507713317871094,20.3170480918711,False,0,nan,nan,,True
stencil,sycl,4096,16_64_8_4_1,83.3223648071289,3,86.30071512858073,8.421306339152304,20.919684659031105,76.32857513427734,6.9937896728515625,9.162741031845645,True,0,nan,nan,,True
stencil,sycl,4096,16_64_8_4_2,80.02239990234375,3,84.65779113769531,11.435122600239703,28.40641928939192,76.32857513427734,3.6938247680664062,4.839373408409923,True,0,nan,nan,,True
stencil,sycl,4096,16_64_8_4_4,114.81561279296875,3,124.43357849121094,34.23283144610618,85.03906757421112,76.32857513427734,38.487037658691406,50.42284307152983,False,0,nan,nan,,True
stencil,sycl,4096,16_128_0_1_4,99.1563491821289,3,120.50372314453125,37.516985032067915,93.19735734817763,76.32857513427734,22.827774047851562,29.907245101448453,False,0,nan,nan,,True
stencil,sycl,4096,16_128_0_2_2,109.83628845214844,3,100.44983418782552,17.5639312020588,43.63122386508188,76.32857513427734,33.507713317871094,43.89930410586635,False,0,nan,nan,,True
stencil,sycl,4096,16_128_0_2_4,93.23571014404297,3,96.2196044921875,6.040207138798149,15.004706340086102,76.32857513427734,16.907135009765625,22.15046590352639,False,0,nan,nan,,True
stencil,sycl,4096,16_128_0_4_1,83.86163330078125,3,87.26145935058594,9.404285801363429,23.361541010955563,76.32857513427734,7.533058166503906,9.869250347267375,True,0,nan,nan,,True
stencil,sycl,4096,16_128_0_4_2,95.76435089111328,3,90.25536092122395,9.662544301582274,24.003090690721322,76.32857513427734,19.435775756835938,25.463302207128184,False,0,nan,nan,,True
stencil,sycl,4096,16_128_0_4_4,96.8111343383789,3,96.82568359375,0.458734018383678,1.1395584747155425,76.32857513427734,20.482559204101562,26.834719720718766,False,0,nan,nan,,True
stencil,sycl,4096,16_128_1_1_4,100.62451171875,3,114.29657491048177,23.717850523638635,58.918406926697905,76.32857513427734,24.295936584472656,31.83072203526819,False,0,nan,nan,,True
stencil,sycl,4096,16_128_1_2_2,83.10950469970703,3,91.22201538085938,16.91978790071975,42.03108319847402,76.32857513427734,6.7809295654296875,8.88386761249069,True,0,nan,nan,,True
stencil,sycl,4096,16_128_1_2_4,123.13164520263672,3,125.61109161376953,33.40898070822491,82.99250888741227,76.32857513427734,46.803070068359375,61.317887810722716,False,0,nan,nan,,True
stencil,sycl,4096,16_128_1_4_1,97.66515350341797,3,91.71136220296223,10.653499201363731,26.464759127881706,76.32857513427734,21.336578369140625,27.953591864652633,False,0,nan,nan,,True
stencil,sycl,4096,16_128_1_4_2,80.91033935546875,3,84.50564320882161,10.351929633844309,25.715618792499754,76.32857513427734,4.581764221191406,6.0026853811055165,True,0,nan,nan,,True
stencil,sycl,4096,16_128_1_4_4,126.7720947265625,3,129.07276662190756,33.784370331213516,83.92502840646645,76.32857513427734,50.443519592285156,66.08733295956965,False,0,nan,nan,,True
stencil,sycl,4096,16_128_2_1_4,122.77145385742188,3,130.57117716471353,37.0093534579116,91.9363306111564,76.32857513427734,46.44287872314453,60.84599200422928,False,0,nan,nan,,True
stencil,sycl,4096,16_128_2_2_2,83.5499496459961,3,91.10830942789714,16.244330645506963,40.35315435814535,76.32857513427734,7.22137451171875,9.460905694905083,True,0,nan,nan,,True
stencil,sycl,4096,16_128_2_2_4,116.06732940673828,3,122.54783884684245,33.563307295001685,83.37587738154542,76.32857513427734,39.73875427246094,52.06274871835674,False,0,nan,nan,,True
stencil,sycl,4096,16_128_2_4_1,82.68838500976562,3,86.36808522542317,9.530632135613434,23.675402704603517,76.32857513427734,6.359809875488281,8.332148038005549,True,0,nan,nan,,True
stencil,sycl,4096,16_128_2_4_2,96.22438049316406,3,89.8574930826823,11.622719145704329,28.8724349425689,76.32857513427734,19.89580535888672,26.065998643215845,False,0,nan,nan,,True
stencil,sycl,4096,16_128_2_4_4,97.0113296508789,3,97.15174357096355,0.32997482000997846,0.8197028943046547,76.32857513427734,20.682754516601562,27.097000671395254,False,0,nan,nan,,True
stencil,sycl,4096,16_128_8_1_4,117.0804443359375,3,129.23733266194662,38.06939256378497,94.56961372995389,76.32857513427734,40.751869201660156,53.390056253466554,False,0,nan,nan,,True
stencil,sycl,4096,16_128_8_2_2,81.2806396484375,3,82.79483795166016,7.275565900551426,18.073507627660575,76.32857513427734,4.952064514160156,6.487825176152544,True,0,nan,nan,,True
stencil,sycl,4096,16_128_8_2_4,100.6292495727539,3,117.36626942952473,36.77618954683671,91.35711934664323,76.32857513427734,24.300674438476562,31.83692921782803,False,0,nan,nan,,True
stencil,sycl,4096,16_128_8_4_1,79.34246063232422,3,85.08070373535156,11.367060018486482,28.237342463301744,76.32857513427734,3.013885498046875,3.948567745100499,True,0,nan,nan,,True
stencil,sycl,4096,16_128_8_4_2,95.70854187011719,3,89.43385314941406,11.822950287256862,29.369836672360208,76.32857513427734,19.379966735839844,25.39018539484928,False,0,nan,nan,,True
stencil,sycl,4096,16_128_8_4_4,96.78323364257812,3,103.51407114664714,11.817134272260905,29.355388890176826,76.32857513427734,20.45465850830078,26.79816631231084,False,0,nan,nan,,True
stencil,sycl,4096,32_32_0_1_2,117.45670318603516,3,109.34363555908203,21.26367150825788,52.82188828327983,76.32857513427734,41.12812805175781,53.88300250516291,False,0,nan,nan,,True
stencil,sycl,4096,32_32_0_1_4,95.65773010253906,3,116.31010182698567,36.12904515301385,89.74952355301996,76.32857513427734,19.32915496826172,25.323615610874224,False,0,nan,nan,,True
stencil,sycl,4096,32_32_0_2_1,83.55174255371094,3,92.64652760823567,21.535233005874712,53.49648444056085,76.32857513427734,7.223167419433594,9.463254628724021,True,0,nan,nan,,True
stencil,sycl,4096,32_32_0_2_2,109.08223724365234,3,99.13715108235677,17.66976222402888,43.89412269782757,76.32857513427734,32.753662109375,42.911402514398716,False,0,nan,nan,,True
stencil,sycl,4096,32_32_0_2_4,92.75353240966797,3,92.81164805094402,0.5063147563103045,1.2577555801505156,76.32857513427734,16.424957275390625,21.51875263817753,False,0,nan,nan,,True
stencil,sycl,4096,32_32_0_4_1,80.87321472167969,3,84.86754099527995,9.769851735832955,24.269657134891304,76.32857513427734,4.544639587402344,5.954047457858878,True,0,nan,nan,,True
stencil,sycl,4096,32_32_0_4_2,85.7109146118164,3,88.24064127604167,13.360776038585115,33.19000761528817,76.32857513427734,9.382339477539062,12.292040642752255,False,0,nan,nan,,True
stencil,sycl,4096,32_32_0_4_4,97.92959594726562,3,116.07402801513672,32.10976946045359,79.76508923133335,76.32857513427734,21.60102081298828,28.300044609751634,False,0,nan,nan,,True
stencil,sycl,4096,32_32_1_1_2,126.84294128417969,3,125.22999318440755,5.861327628451844,14.560345002580917,76.32857513427734,50.514366149902344,66.18015082953848,False,0,nan,nan,,True
stencil,sycl,4096,32_32_1_1_4,113.1154556274414,3,120.52044932047527,28.496689487111446,70.78970101409547,76.32857513427734,36.78688049316406,48.19542409700237,False,0,nan,nan,,True
stencil,sycl,4096,32_32_1_2_1,83.048828125,3,94.02666473388672,20.305015415021572,50.440454529501785,76.32857513427734,6.720252990722656,8.80437369477994,True,0,nan,nan,,True
stencil,sycl,4096,32_32_1_2_2,110.24781036376953,3,100.14647674560547,18.208169984470928,45.231601719824134,76.32857513427734,33.91923522949219,44.438449387822864,False,0,nan,nan,,True
stencil,sycl,4096,32_32_1_2_4,91.95616149902344,3,92.33171081542969,0.7473746018192241,1.856581433160514,76.32857513427734,15.627586364746094,20.474096807459095,False,0,nan,nan,,True
stencil,sycl,4096,32_32_1_4_1,91.72608184814453,3,88.65617116292317,9.003529383226942,22.366006879449074,76.32857513427734,15.397506713867188,20.17266362797926,False,0,nan,nan,,True
stencil,sycl,4096,32_32_1_4_2,101.7159652709961,3,94.46702829996745,13.033467948658886,32.376929245751526,76.32857513427734,25.38739013671875,33.26066298507108,False,0,nan,nan,,True
stencil,sycl,4096,32_32_1_4_4,96.69696044921875,3,108.91617838541667,21.310466775151315,52.938134170499794,76.32857513427734,20.368385314941406,26.68513761603608,False,0,nan,nan,,True
stencil,sycl,4096,32_32_2_1_2,82.71974182128906,3,86.15394083658855,7.185157252873408,17.84892009649805,76.32857513427734,6.391166687011719,8.373229391179343,True,0,nan,nan,,True
stencil,sycl,4096,32_32_2_1_4,124.53568267822266,3,128.42188771565756,34.0894246184007,84.68282526538985,76.32857513427734,48.20710754394531,63.157352877528886,False,0,nan,nan,,True
stencil,sycl,4096,32_32_2_2_1,85.82259368896484,3,83.48616536458333,5.221436496783122,12.970767311007748,76.32857513427734,9.4940185546875,12.438354231014543,False,0,nan,nan,,True
stencil,sycl,4096,32_32_2_2_2,84.43251037597656,3,92.1467514038086,16.043075206102085,39.85320813143102,76.32857513427734,8.103935241699219,10.617170866143857,False,0,nan,nan,,True
stencil,sycl,4096,32_32_2_2_4,93.14163208007812,3,93.45352681477864,0.6635439861088626,1.648334639277735,76.32857513427734,16.81305694580078,22.027211848541945,False,0,nan,nan,,True
stencil,sycl,4096,32_32_2_4_1,82.3895034790039,3,81.94432067871094,4.944972592284359,12.283992899913144,76.32857513427734,6.0609283447265625,7.940575772656791,True,0,nan,nan,,True
stencil,sycl,4096,32_32_2_4_2,76.4610595703125,3,82.38737233479817,11.73055266853492,29.14030826321995,76.32857513427734,0.13248443603515625,0.17357121602504624,True,0,nan,nan,,True
stencil,sycl,4096,32_32_2_4_4,97.68934631347656,3,112.7839584350586,26.32241783618875,65.3885108105157,76.32857513427734,21.36077117919922,27.98528747801373,False,0,nan,nan,,True
stencil,sycl,4096,32_32_8_1_2,82.02591705322266,3,89.84993998209636,14.18179289621682,35.22952655328855,76.32857513427734,5.6973419189453125,7.4642319851019625,True,0,nan,nan,,True
stencil,sycl,4096,32_32_8_1_4,95.64569854736328,3,95.7667007446289,0.321915746903037,0.7996830468782008,76.32857513427734,19.317123413085938,25.30785276562968,False,0,nan,nan,,True
stencil,sycl,4096,32_32_8_2_1,84.2350082397461,3,92.844970703125,21.52043865594223,53.45973323797318,76.32857513427734,7.90643310546875,10.358418313927308,False,0,nan,nan,,True
stencil,sycl,4096,32_32_8_2_2,81.88076782226562,3,90.1125971476237,17.536077422978774,43.56203124205528,76.32857513427734,5.552192687988281,7.274068300398449,True,0,nan,nan,,True
stencil,sycl,4096,32_32_8_2_4,101.62438201904297,3,116.8860600789388,32.815750969495525,81.51884452172108,76.32857513427734,25.295806884765625,33.14067744650703,False,0,nan,nan,,True
stencil,sycl,4096,32_32_8_4_1,79.97440338134766,3,85.31125386555989,10.2344124813065,25.42369000210668,76.32857513427734,3.6458282470703125,4.7764919503037575,True,0,nan,nan,,True
stencil,sycl,4096,32_32_8_4_2,96.6526107788086,3,93.36749013264973,11.458950048728989,28.465609952758214,76.32857513427734,20.32403564453125,26.62703398927227,False,0,nan,nan,,True
stencil,sycl,4096,32_32_8_4_4,112.56543731689453,3,111.91086832682292,13.401852456508365,33.29204709411367,76.32857513427734,36.23686218261719,47.47483117413006,False,0,nan,nan,,True
stencil,sycl,4096,32_64_0_1_4,122.15872192382812,3,121.49744923909505,12.376549091425451,30.745052338958246,76.32857513427734,45.83014678955078,60.043236375009386,False,0,nan,nan,,True
stencil,sycl,4096,32_64_0_2_2,82.833984375,3,89.9949442545573,17.67773414660827,43.91392605134195,76.32857513427734,6.505409240722656,8.522901455029562,True,0,nan,nan,,True
stencil,sycl,4096,32_64_0_2_4,94.79052734375,3,107.25128682454427,22.07058821318339,54.82638050020176,76.32857513427734,18.461952209472656,24.187471306773855,False,0,nan,nan,,True
stencil,sycl,4096,32_64_0_4_1,83.67718505859375,3,87.26139577229817,9.175781091860976,22.793903844775002,76.32857513427734,7.348609924316406,9.627600032345319,True,0,nan,nan,,True
stencil,sycl,4096,32_64_0_4_2,81.81817626953125,3,86.04857635498047,12.456543258119087,30.943768865159484,76.32857513427734,5.489601135253906,7.192065521459809,True,0,nan,nan,,True
stencil,sycl,4096,32_64_0_4_4,101.55615997314453,3,118.16968536376953,33.809164713078104,83.98662106549506,76.32857513427734,25.227584838867188,33.05129801583062,False,0,nan,nan,,True
stencil,sycl,4096,32_64_1_1_4,97.54854583740234,3,116.48678588867188,32.867030744442715,81.6462305445159,76.32857513427734,21.219970703125,27.800821207254028,False,0,nan,nan,,True
stencil,sycl,4096,32_64_1_2_2,90.07097625732422,3,94.89932759602864,12.2848065569582,30.51715124931941,76.32857513427734,13.742401123046875,18.004267862817066,False,0,nan,nan,,True
stencil,sycl,4096,32_64_1_2_4,120.5722885131836,3,126.27059173583984,26.47594389341702,65.76989067900803,76.32857513427734,44.24371337890625,57.964809772844106,False,0,nan,nan,,True
stencil,sycl,4096,32_64_1_4_1,97.36883544921875,3,91.84010569254558,9.84249364908526,24.450109651052813,76.32857513427734,21.040260314941406,27.565378074891807,False,0,nan,nan,,True
stencil,sycl,4096,32_64_1_4_2,80.7923812866211,3,86.09371693929036,13.450128502110344,33.41197143956623,76.32857513427734,4.46380615234375,5.8481455267454105,True,0,nan,nan,,True
stencil,sycl,4096,32_64_1_4_4,95.97395324707031,3,96.07308959960938,0.5205038074550457,1.2930031371926844,76.32857513427734,19.64537811279297,25.73790756375681,False,0,nan,nan,,True
stencil,sycl,4096,32_64_2_1_4,101.76537322998047,3,117.29300944010417,31.515524137205137,78.28890201383888,76.32857513427734,25.436798095703125,33.32539360384322,False,0,nan,nan,,True
stencil,sycl,4096,32_64_2_2_2,104.08972930908203,3,101.35438791910808,8.291912129368768,20.59825162282968,76.32857513427734,27.761154174804688,36.37059138856873,False,0,nan,nan,,True
stencil,sycl,4096,32_64_2_2_4,116.27526092529297,3,124.21926625569661,27.678213017786977,68.75649275049149,76.32857513427734,39.946685791015625,52.33516506857537,False,0,nan,nan,,True
stencil,sycl,4096,32_64_2_4_1,96.55366516113281,3,91.44281768798828,9.289611156448512,23.076673400944372,76.32857513427734,20.22509002685547,26.497402828855982,False,0,nan,nan,,True
stencil,sycl,4096,32_64_2_4_2,81.2608642578125,3,85.85697937011719,11.919886839342219,29.610640417039505,76.32857513427734,4.932289123535156,6.461916935902794,True,0,nan,nan,,True
stencil,sycl,4096,32_64_2_4_4,107.27916717529297,3,119.13043467203777,31.057593896338005,77.15134023316402,76.32857513427734,30.950592041015625,40.54915473866412,False,0,nan,nan,,True
stencil,sycl,4096,32_64_8_1_4,97.58150482177734,3,115.60174814860027,31.946610085821142,79.3597788757883,76.32857513427734,21.2529296875,27.84400160767028,False,0,nan,nan,,True
stencil,sycl,4096,32_64_8_2_2,91.54962921142578,3,93.91426086425781,13.531786230422968,33.61482048192097,76.32857513427734,15.221054077148438,19.94148855834337,False,0,nan,nan,,True
stencil,sycl,4096,32_64_8_2_4,95.19667053222656,3,114.80940755208333,34.54917987926175,85.82492064705626,76.32857513427734,18.86809539794922,24.719569787273556,False,0,nan,nan,,True
stencil,sycl,4096,32_64_8_4_1,97.7100830078125,3,98.02112070719402,0.6187650609816212,1.5370976226788855,76.32857513427734,21.381507873535156,28.012455146608954,False,0,nan,nan,,True
stencil,sycl,4096,32_64_8_4_2,100.63033294677734,3,94.69866434733073,10.385780840959875,25.799709852682767,76.32857513427734,24.3017578125,31.83834857358245,False,0,nan,nan,,True
stencil,sycl,4096,32_64_8_4_4,95.56883239746094,3,97.23662821451823,3.1442112701125757,7.810653789700254,76.32857513427734,19.240257263183594,25.207148475307058,False,0,nan,nan,,True
stencil,sycl,4096,32_128_0_2_4,96.46636962890625,3,109.47206624348958,23.302647674291777,57.886985870621956,76.32857513427734,20.137794494628906,26.383034740531272,False,0,nan,nan,,True
stencil,sycl,4096,32_128_0_4_2,83.36211395263672,3,88.59180704752605,11.468666889939922,28.489747924449077,76.32857513427734,7.033538818359375,9.214817394384688,True,0,nan,nan,,True
stencil,sycl,4096,32_128_0_4_4,124.04338836669922,3,131.76614125569662,19.185985043776785,47.66062898373309,76.32857513427734,47.714813232421875,62.51238562816338,False,0,nan,nan,,True
stencil,sycl,4096,32_128_1_2_4,97.28953552246094,3,117.85343933105469,36.63909899664322,91.01656754098718,76.32857513427734,20.960960388183594,27.461485231853263,False,0,nan,nan,,True
stencil,sycl,4096,32_128_1_4_2,95.23712158203125,3,92.08829752604167,10.295917871358522,25.57647786100894,76.32857513427734,18.908546447753906,24.77256573241406,False,0,nan,nan,,True
stencil,sycl,4096,32_128_1_4_4,132.27142333984375,3,130.22896830240884,8.187587375340906,20.3390945670832,76.32857513427734,55.942848205566406,73.29214269643009,False,0,nan,nan,,True
stencil,sycl,4096,32_128_2_2_4,103.03174591064453,3,117.06820424397786,31.53254281561506,78.3311787546806,76.32857513427734,26.703170776367188,34.98450053520707,False,0,nan,nan,,True
stencil,sycl,4096,32_128_2_4_2,85.0917739868164,3,88.79581960042317,11.003493297594275,27.334192661207197,76.32857513427734,8.763198852539062,11.48088882456253,False,0,nan,nan,,True
stencil,sycl,4096,32_128_2_4_4,107.42982482910156,3,118.76539611816406,29.347400749726248,72.90298494334144,76.32857513427734,31.10124969482422,40.74653514769646,False,0,nan,nan,,True
stencil,sycl,4096,32_128_8_2_4,96.36844635009766,3,115.09764353434245,32.66965289132808,81.15591677613557,76.32857513427734,20.039871215820312,26.254742972164934,False,0,nan,nan,,True
stencil,sycl,4096,32_128_8_4_2,81.51718139648438,3,87.06542714436848,12.463053794557416,30.959941934249457,76.32857513427734,5.188606262207031,6.797724512843621,True,0,nan,nan,,True
stencil,sycl,4096,32_128_8_4_4,136.83328247070312,3,139.96983591715494,22.234514147461695,55.23359509547137,76.32857513427734,60.50470733642578,79.26874991441385,False,0,nan,nan,,True
stencil,sycl,4096,64_32_0_1_4,98.72262573242188,3,98.46005503336589,0.5829488991845297,1.4481253444696875,76.32857513427734,22.39405059814453,29.33901302198932,False,0,nan,nan,,True
stencil,sycl,4096,64_32_0_2_2,96.24441528320312,3,98.44661204020183,11.235432244337987,27.910360945629762,76.32857513427734,19.91584014892578,26.092246729209613,False,0,nan,nan,,True
stencil,sycl,4096,64_32_0_2_4,135.9033660888672,3,139.63377126057944,22.300181082085405,55.39672080418313,76.32857513427734,59.574790954589844,78.05044290396589,False,0,nan,nan,,True
stencil,sycl,4096,64_32_0_4_1,81.39398193359375,3,87.19492085774739,11.029072833072812,27.3977357499377,76.32857513427734,5.065406799316406,6.636317775361763,True,0,nan,nan,,True
stencil,sycl,4096,64_32_0_4_2,81.50994873046875,3,87.82566324869792,14.797737077804225,36.759616723084065,76.32857513427734,5.181373596191406,6.788248813863388,True,0,nan,nan,,True
stencil,sycl,4096,64_32_0_4_4,127.8622055053711,3,132.81377919514975,28.77422212701877,71.47913031112233,76.32857513427734,51.53363037109375,67.51551470787409,False,0,nan,nan,,True
stencil,sycl,4096,64_32_1_1_4,106.35794830322266,3,120.65072631835938,31.38410038308104,77.96242731000348,76.32857513427734,30.029373168945312,39.342242556103784,False,0,nan,nan,,True
stencil,sycl,4096,64_32_1_2_2,112.25081634521484,3,103.7536849975586,17.577415586026042,43.6647209318142,76.32857513427734,35.9222412109375,47.062638268489934,False,0,nan,nan,,True
stencil,sycl,4096,64_32_1_2_4,98.95110321044922,3,117.45849355061848,34.527045346236434,85.76993541883677,76.32857513427734,22.622528076171875,29.638347154226697,False,0,nan,nan,,True
stencil,sycl,4096,64_32_1_4_1,80.92179107666016,3,86.62743377685547,11.196259766079521,27.8130511151264,76.32857513427734,4.5932159423828125,6.017688571157551,True,0,nan,nan,,True
stencil,sycl,4096,64_32_1_4_2,78.029052734375,3,79.97924041748047,6.087886802399186,15.123149190519541,76.32857513427734,1.7004776000976562,2.2278387839759533,True,0,nan,nan,,True
stencil,sycl,4096,64_32_1_4_4,105.78707122802734,3,120.35362243652344,32.869260831259275,81.65177038727731,76.32857513427734,29.45849609375,38.5943220372273,False,0,nan,nan,,True
stencil,sycl,4096,64_32_2_1_4,99.28543853759766,3,118.63071695963542,34.30392819528436,85.21568169002528,76.32857513427734,22.956863403320312,30.076368336412102,False,0,nan,nan,,True
stencil,sycl,4096,64_32_2_2_2,101.0531234741211,3,100.60678609212239,11.158823149348526,27.720053403705734,76.32857513427734,24.72454833984375,32.39225715447758,False,0,nan,nan,,True
stencil,sycl,4096,64_32_2_2_4,96.3802261352539,3,114.76287841796875,31.86757439032574,79.16344332403617,76.32857513427734,20.051651000976562,26.27017596712852,False,0,nan,nan,,True
stencil,sycl,4096,64_32_2_4_1,80.96723175048828,3,86.9467290242513,11.038819221239367,27.421947120335304,76.32857513427734,4.6386566162109375,6.077221549138846,True,0,nan,nan,,True
stencil,sycl,4096,64_32_2_4_2,105.5792007446289,3,96.71558634440105,15.958724627330295,39.64366967769864,76.32857513427734,29.250625610351562,38.32198565071314,False,0,nan,nan,,True
stencil,sycl,4096,64_32_2_4_4,96.72723388671875,3,96.83735656738281,0.32851674013651616,0.8160808231042864,76.32857513427734,20.398658752441406,26.724799613455453,False,0,nan,nan,,True
stencil,sycl,4096,64_32_8_1_4,99.26764678955078,3,117.90694427490234,32.29235734317217,80.21866267649756,76.32857513427734,22.939071655273438,30.053058916557774,False,0,nan,nan,,True
stencil,sycl,4096,64_32_8_2_2,111.47974395751953,3,102.91534932454427,17.399137740874302,43.22185421350868,76.32857513427734,35.15116882324219,46.05243679893696,False,0,nan,nan,,True
stencil,sycl,4096,64_32_8_2_4,96.95744323730469,3,96.79195912679036,0.3397673726522528,0.8440289436173316,76.32857513427734,20.628868103027344,27.026402715807293,False,0,nan,nan,,True
stencil,sycl,4096,64_32_8_4_1,99.59123229980469,3,93.06493886311848,12.037472975105768,29.902740571265113,76.32857513427734,23.262657165527344,30.476996491292603,False,0,nan,nan,,True
stencil,sycl,4096,64_32_8_4_2,81.20230102539062,3,88.4490229288737,15.277677935807798,37.95185590784577,76.32857513427734,4.873725891113281,6.385191761459474,True,0,nan,nan,,True
stencil,sycl,4096,64_32_8_4_4,96.65535736083984,3,96.89066569010417,0.4813564878440572,1.1957558042342953,76.32857513427734,20.3267822265625,26.630632355973624,False,0,nan,nan,,True
stencil,sycl,4096,64_64_0_2_4,96.02374267578125,3,114.94656117757161,32.83965208475552,81.57821818349059,76.32857513427734,19.695167541503906,25.803137955681915,False,0,nan,nan,,True
stencil,sycl,4096,64_64_0_4_2,102.2126693725586,3,95.26515197753906,12.616184822216214,31.340340494891052,76.32857513427734,25.88409423828125,33.91140761208487,False,0,nan,nan,,True
stencil,sycl,4096,64_64_0_4_4,97.42591857910156,3,115.74378712972005,31.877190755887536,79.18733170037791,76.32857513427734,21.09734344482422,27.64016412950162,False,0,nan,nan,,True
stencil,sycl,4096,64_64_1_2_4,95.60038757324219,3,96.6995849609375,2.4055487000415936,5.975714243151259,76.32857513427734,19.271812438964844,25.248489710520396,False,0,nan,nan,,True
stencil,sycl,4096,64_64_1_4_2,102.24230194091797,3,94.86111958821614,13.061579528581944,32.44676228157441,76.32857513427734,25.913726806640625,33.95022999060726,False,0,nan,nan,,True
stencil,sycl,4096,64_64_1_4_4,97.27442932128906,3,114.6840108235677,31.102165261222716,77.26206164153695,76.32857513427734,20.94585418701172,27.441694214995813,False,0,nan,nan,,True
stencil,sycl,4096,64_64_2_2_4,95.86982727050781,3,111.43127695719402,27.653354903922857,68.6947417723994,76.32857513427734,19.54125213623047,25.60148948392325,False,0,nan,nan,,True
stencil,sycl,4096,64_64_2_4_2,79.57318115234375,3,86.44236755371094,13.20551011560488,32.80430568066802,76.32857513427734,3.2446060180664062,4.250840543477316,True,0,nan,nan,,True
stencil,sycl,4096,64_64_2_4_4,96.80012512207031,3,96.80418141682942,0.15722384960142213,0.3905656939766118,76.32857513427734,20.47154998779297,26.82029626752417,False,0,nan,nan,,True
stencil,sycl,4096,64_64_8_2_4,96.43507385253906,3,96.17774963378906,0.4778656594165675,1.1870841056924206,76.32857513427734,20.10649871826172,26.342033351061954,False,0,nan,nan,,True
stencil,sycl,4096,64_64_8_4_2,87.96185302734375,3,91.63677724202473,9.875790019861027,24.532822421360294,76.32857513427734,11.633277893066406,15.241052086457957,False,0,nan,nan,,True
stencil,sycl,4096,64_64_8_4_4,106.50656127929688,3,108.19488016764323,12.277391703152398,30.498731731353537,76.32857513427734,30.17798614501953,39.536944181036226,False,0,nan,nan,,True
stencil,sycl,4096,64_128_0_4_4,100.5304946899414,3,100.59140268961589,0.43701763604152083,1.0856119903772736,76.32857513427734,24.201919555664062,31.707547943988224,False,0,nan,nan,,True
stencil,sycl,4096,64_128_1_4_4,100.49823760986328,3,100.8530756632487,0.7616089276445139,1.8919414587440144,76.32857513427734,24.169662475585938,31.66528712617343,False,0,nan,nan,,True
stencil,sycl,4096,64_128_2_4_4,100.43885040283203,3,100.55590311686198,0.342359129468015,0.8504672244629745,76.32857513427734,24.110275268554688,31.587482441719704,False,0,nan,nan,,True
stencil,sycl,4096,64_128_8_4_4,99.8314208984375,3,100.01890055338542,0.3465613054195929,0.8609060082155651,76.32857513427734,23.502845764160156,30.791673659326033,False,0,nan,nan,,True
stencil,cuda,4096,16_32_0_1_1,91.31820678710938,3,104.04490661621094,22.334043180375147,55.48083891954264,62.22700881958008,29.091197967529297,46.75011465178379,False,0,nan,nan,,True
stencil,cuda,4096,16_32_0_1_2,83.67721557617188,3,83.70740254720052,0.08149361163592964,0.20244135392904639,62.22700881958008,21.450206756591797,34.470894814796836,False,0,nan,nan,,True
stencil,cuda,4096,16_32_0_1_4,103.78083038330078,3,103.78564198811848,0.07552397775543931,0.18761196128134827,62.22700881958008,41.5538215637207,66.77779046748196,False,0,nan,nan,,True
stencil,cuda,4096,16_32_0_2_1,77.58672332763672,3,77.68716939290364,0.21524155622485,0.534689666947358,62.22700881958008,15.35971450805664,24.683356631507603,False,0,nan,nan,,True
stencil,cuda,4096,16_32_0_2_2,75.58582305908203,3,75.59304555257161,0.06037583646772179,0.14998189224607472,62.22700881958008,13.358814239501953,21.46787141614708,False,0,nan,nan,,True
stencil,cuda,4096,16_32_0_2_4,106.66000366210938,3,106.68794759114583,0.06770514421869245,0.16818890203106207,62.22700881958008,44.4329948425293,71.40467730235525,False,0,nan,nan,,True
stencil,cuda,4096,16_32_0_4_1,67.77388763427734,3,67.78834025065105,0.042048109552985415,0.10445329464708664,62.22700881958008,5.546878814697266,8.913940939664625,True,0,nan,nan,,True
stencil,cuda,4096,16_32_0_4_2,78.08019256591797,3,78.82335917154948,1.3006115697100722,3.2308982486155458,62.22700881958008,15.85318374633789,25.476371188437387,False,0,nan,nan,,True
stencil,cuda,4096,16_32_0_4_4,99.59686279296875,3,104.37650044759114,8.282817475802535,20.57565925093077,62.22700881958008,37.36985397338867,60.05407407856962,False,0,nan,nan,,True
stencil,cuda,4096,16_32_1_1_1,91.37078094482422,3,106.22869364420573,25.962903600293377,64.49542793922795,62.22700881958008,29.14377212524414,46.83460233440289,False,0,nan,nan,,True
stencil,cuda,4096,16_32_1_1_2,83.20240020751953,3,83.22297668457031,0.051637877765078305,0.1282755995093936,62.22700881958008,20.975391387939453,33.707857385135036,False,0,nan,nan,,True
stencil,cuda,4096,16_32_1_1_4,103.47689819335938,3,104.3126932779948,1.476919889686472,3.668872395158843,62.22700881958008,41.2498893737793,66.28936559264567,False,0,nan,nan,,True
stencil,cuda,4096,16_32_1_2_1,77.88428497314453,3,77.87788645426433,0.022608832894762718,0.05616345441184478,62.22700881958008,15.657276153564453,25.161543918912912,False,0,nan,nan,,True
stencil,cuda,4096,16_32_1_2_2,75.56070709228516,3,75.55604298909505,0.012100040134606058,0.030058166011698972,62.22700881958008,13.333698272705078,21.427509574443107,False,0,nan,nan,,True
stencil,cuda,4096,16_32_1_2_4,105.78924560546875,3,105.78694152832031,0.11364972038563416,0.28232155633634193,62.22700881958008,43.56223678588867,70.00535235783593,False,0,nan,nan,,True
stencil,cuda,4096,16_32_1_4_1,68.19353485107422,3,68.1954574584961,0.013447289965489119,0.033404920123700776,62.22700881958008,5.966526031494141,9.588322088232433,True,0,nan,nan,,True
stencil,cuda,4096,16_32_1_4_2,77.9612808227539,3,77.98071543375652,0.05310687999766421,0.13192480335396795,62.22700881958008,15.734272003173828,25.285277730114757,False,0,nan,nan,,True
stencil,cuda,4096,16_32_1_4_4,100.58617401123047,3,100.59549713134766,0.10109199002580478,0.251126424775876,62.22700881958008,38.35916519165039,61.64391623397534,False,0,nan,nan,,True
stencil,cuda,4096,16_32_2_1_1,91.73379516601562,3,95.85605367024739,7.546074232700154,18.745487576885594,62.22700881958008,29.506786346435547,47.41797316979676,False,0,nan,nan,,True
stencil,cuda,4096,16_32_2_1_2,84.19789123535156,3,84.23197937011719,0.10018928015407483,0.2488839691407776,62.22700881958008,21.970882415771484,35.307630613378,False,0,nan,nan,,True
stencil,cuda,4096,16_32_2_1_4,105.29401397705078,3,105.27920786539714,0.06970154062753238,0.17314822563780297,62.22700881958008,43.0670051574707,69.20950560605996,False,0,nan,nan,,True
stencil,cuda,4096,16_32_2_2_1,77.97241973876953,3,77.98390706380208,0.030575301256844774,0.07595325889931814,62.22700881958008,15.745410919189453,25.303178182389303,False,0,nan,nan,,True
stencil,cuda,4096,16_32_2_2_2,75.61939239501953,3,75.62460835774739,0.010535214116396437,0.026170922687583698,62.22700881958008,13.392383575439453,21.521817984645704,False,0,nan,nan,,True
stencil,cuda,4096,16_32_2_2_4,107.61052703857422,3,107.58632405598958,0.09125734880590053,0.22669582164027702,62.22700881958008,45.38351821899414,72.93218664997757,False,0,nan,nan,,True
stencil,cuda,4096,16_32_2_4_1,67.86479949951172,3,67.88247426350911,0.03439374492994889,0.0854387988277523,62.22700881958008,5.637790679931641,9.0600380556259,True,0,nan,nan,,True
stencil,cuda,4096,16_32_2_4_2,79.52352142333984,3,80.52395884195964,3.078804996284894,7.6481755983018616,62.22700881958008,17.296512603759766,27.795828422203254,False,0,nan,nan,,True
stencil,cuda,4096,16_32_2_4_4,100.47650909423828,3,102.83199818929036,4.110820602387801,10.211844484505193,62.22700881958008,38.2495002746582,61.467682603157336,False,0,nan,nan,,True
stencil,cuda,4096,16_32_8_1_1,91.42249298095703,3,94.99527231852214,6.230960276814935,15.478563403862438,62.22700881958008,29.195484161376953,46.917704571058266,False,0,nan,nan,,True
stencil,cuda,4096,16_32_8_1_2,84.24995422363281,3,84.21422068277995,0.07363308716043131,0.18291472864555658,62.22700881958008,22.022945404052734,35.39129683688587,False,0,nan,nan,,True
stencil,cuda,4096,16_32_8_1_4,104.42700958251953,3,104.87060292561848,1.0014003529449012,2.487616381279693,62.22700881958008,42.20000076293945,67.81621286874548,False,0,nan,nan,,True
stencil,cuda,4096,16_32_8_2_1,79.65475463867188,3,80.05153147379558,2.4047691732245,5.973777791187615,62.22700881958008,17.427745819091797,28.00672272328163,False,0,nan,nan,,True
stencil,cuda,4096,16_32_8_2_2,75.99068450927734,3,76.45437876383464,1.112431593943085,2.763433274222308,62.22700881958008,13.763675689697266,22.118491553407992,False,0,nan,nan,,True
stencil,cuda,4096,16_32_8_2_4,107.12601470947266,3,107.0880839029948,0.13602592217443782,0.33790712304494264,62.22700881958008,44.89900588989258,72.15356601836992,False,0,nan,nan,,True
stencil,cuda,4096,16_32_8_4_1,76.06221008300781,3,77.44164276123047,5.140327619732343,12.769281690770683,62.22700881958008,13.835201263427734,22.233434526061313,False,0,nan,nan,,True
stencil,cuda,4096,16_32_8_4_2,78.12963104248047,3,78.45448557535808,0.6588771878468342,1.636741669722042,62.22700881958008,15.90262222290039,25.55581977113536,False,0,nan,nan,,True
stencil,cuda,4096,16_32_8_4_4,100.16835021972656,3,100.22029876708984,0.09931686961788909,0.24671678122773244,62.22700881958008,37.941341400146484,60.97246536492371,False,0,nan,nan,,True
stencil,cuda,4096,16_64_0_1_2,79.78262329101562,3,79.8147201538086,0.09909778618083215,0.24617254779973052,62.22700881958008,17.555614471435547,28.21221010692639,False,0,nan,nan,,True
stencil,cuda,4096,16_64_0_1_4,100.26227569580078,3,100.26976013183594,0.032053338298404496,0.07962490645357434,62.22700881958008,38.0352668762207,61.12340541146611,False,0,nan,nan,,True
stencil,cuda,4096,16_64_0_2_1,73.98326110839844,3,74.07527160644531,0.32738078641600216,0.813258957628392,62.22700881958008,11.75625228881836,18.892523538941482,False,0,nan,nan,,True
stencil,cuda,4096,16_64_0_2_2,71.35865783691406,3,71.29491424560547,0.18350704994935024,0.45585678314557754,62.22700881958008,9.131649017333984,14.674735602044011,False,0,nan,nan,,True
stencil,cuda,4096,16_64_0_2_4,100.7182388305664,3,100.74059549967448,0.06873551848025616,0.17074849359140387,62.22700881958008,38.49123001098633,61.85614693868243,False,0,nan,nan,,True
stencil,cuda,4096,16_64_0_4_1,70.72541046142578,3,70.72521718343098,0.008416886682362172,0.020908705622929347,62.22700881958008,8.498401641845703,13.657094890236204,False,0,nan,nan,,True
stencil,cuda,4096,16_64_0_4_2,75.48432159423828,3,75.4905293782552,0.012771848754528777,0.031727031139496376,62.22700881958008,13.257312774658203,21.304756609941236,False,0,nan,nan,,True
stencil,cuda,4096,16_64_0_4_4,103.82137298583984,3,110.64062754313152,11.81143411548551,29.341228915768355,62.22700881958008,41.594364166259766,66.8429432095278,False,0,nan,nan,,True
stencil,cuda,4096,16_64_1_1_2,81.38265228271484,3,81.42510986328125,0.08546610222640984,0.2123095676142981,62.22700881958008,19.155643463134766,30.78348747032709,False,0,nan,nan,,True
stencil,cuda,4096,16_64_1_1_4,99.99600219726562,3,100.00567626953125,0.034458377254246726,0.08559935442193023,62.22700881958008,37.76899337768555,60.69549877801827,False,0,nan,nan,,True
stencil,cuda,4096,16_64_1_2_1,76.9090576171875,3,76.90565236409505,0.008661854031299654,0.02151723825255658,62.22700881958008,14.682048797607422,23.594334801109117,False,0,nan,nan,,True
stencil,cuda,4096,16_64_1_2_2,92.43901062011719,3,89.22603861490886,11.792933111991267,29.29526987528365,62.22700881958008,30.21200180053711,48.55126796811537,False,0,nan,nan,,True
stencil,cuda,4096,16_64_1_2_4,100.00275421142578,3,99.92605845133464,0.14213746732233937,0.35308904282372566,62.22700881958008,37.7757453918457,60.706349394636746,False,0,nan,nan,,True
stencil,cuda,4096,16_64_1_4_1,65.15773010253906,3,65.05987294514973,0.23173157154532828,0.5756531358717893,62.22700881958008,2.9307212829589844,4.709725468978056,True,0,nan,nan,,True
stencil,cuda,4096,16_64_1_4_2,76.27574157714844,3,76.10974884033203,1.572916613462037,3.907341476891247,62.22700881958008,14.04873275756836,22.576583744047564,False,0,nan,nan,,True
stencil,cuda,4096,16_64_1_4_4,103.75430297851562,3,103.7537612915039,0.06939474360594292,0.17238609958663176,62.22700881958008,41.52729415893555,66.7351604177843,False,0,nan,nan,,True
stencil,cuda,4096,16_64_2_1_2,86.55625915527344,3,85.683349609375,5.121113680031307,12.72155161856864,62.22700881958008,24.32925033569336,39.09757321974638,False,0,nan,nan,,True
stencil,cuda,4096,16_64_2_1_4,101.10908508300781,3,101.07313028971355,0.11259870017252356,0.27971067738916133,62.22700881958008,38.882076263427734,62.48424438359517,False,0,nan,nan,,True
stencil,cuda,4096,16_64_2_2_1,87.9229736328125,3,91.58793385823567,15.908195199542089,39.51814762057835,62.22700881958008,25.695964813232422,41.293909671497886,False,0,nan,nan,,True
stencil,cuda,4096,16_64_2_2_2,69.55974578857422,3,69.55888112386067,0.011049877147687022,0.027449416532434157,62.22700881958008,7.332736968994141,11.783849341456461,False,0,nan,nan,,True
stencil,cuda,4096,16_64_2_2_4,101.40243530273438,3,107.91726938883464,11.498550057275828,28.563981827373837,62.22700881958008,39.1754264831543,62.955663828770646,False,0,nan,nan,,True
stencil,cuda,4096,16_64_2_4_1,73.1319351196289,3,73.43908437093098,3.1496039847223125,7.824050035430844,62.22700881958008,10.904926300048828,17.524426301232612,False,0,nan,nan,,True
stencil,cuda,4096,16_64_2_4_2,78.34255981445312,3,80.60464986165364,6.743668591342607,16.752201463092792,62.22700881958008,16.115550994873047,25.898000403005387,False,0,nan,nan,,True
stencil,cuda,4096,16_64_2_4_4,103.59843444824219,3,103.67313130696614,0.1354090358153693,0.3363746923765376,62.22700881958008,41.37142562866211,66.48467669177818,False,0,nan,nan,,True
stencil,cuda,4096,16_64_8_1_2,85.35485076904297,3,85.1122563680013,4.364145024339109,10.841137234373988,62.22700881958008,23.12784194946289,37.16688683609935,False,0,nan,nan,,True
stencil,cuda,4096,16_64_8_1_4,100.35702514648438,3,100.33824157714844,0.08231188922461682,0.20447406814575686,62.22700881958008,38.1300163269043,61.27566960105348,False,0,nan,nan,,True
stencil,cuda,4096,16_64_8_2_1,80.4755859375,3,79.26687113444011,2.2988864042894446,5.710750411854761,62.22700881958008,18.248577117919922,29.325814407743,False,0,nan,nan,,True
stencil,cuda,4096,16_64_8_2_2,69.60163116455078,3,69.59394073486328,0.02225265255740116,0.055278653403632916,62.22700881958008,7.374622344970703,11.851159946242245,False,0,nan,nan,,True
stencil,cuda,4096,16_64_8_2_4,100.84217834472656,3,105.12487538655598,7.722618192914627,19.184047086230677,62.22700881958008,38.615169525146484,62.055320121696106,False,0,nan,nan,,True
stencil,cuda,4096,16_64_8_4_1,66.95833587646484,3,66.9579086303711,0.016613312728286044,0.04126975666493138,62.22700881958008,4.731327056884766,7.603333579158037,True,0,nan,nan,,True
stencil,cuda,4096,16_64_8_4_2,82.52365112304688,3,85.92317962646484,12.338005316628799,30.64930429443385,62.22700881958008,20.296642303466797,32.61709455184409,False,0,nan,nan,,True
stencil,cuda,4096,16_64_8_4_4,103.78185272216797,3,108.18033854166667,7.7794361920163,19.32519082050358,62.22700881958008,41.55484390258789,66.77943338570442,False,0,nan,nan,,True
stencil,cuda,4096,16_128_0_1_4,102.11968231201172,3,107.97663116455078,10.151101304102559,25.21673356500662,62.22700881958008,39.89267349243164,64.10829356766251,False,0,nan,nan,,True
stencil,cuda,4096,16_128_0_2_2,68.80300903320312,3,68.71475219726562,0.4233388537755037,1.051632011499862,62.22700881958008,6.576000213623047,10.567758821076213,False,0,nan,nan,,True
stencil,cuda,4096,16_128_0_2_4,98.65177917480469,3,98.64484405517578,0.04415352359132055,0.1096834330584926,62.22700881958008,36.42477035522461,58.53530652716084,False,0,nan,nan,,True
stencil,cuda,4096,16_128_0_4_1,63.16896057128906,3,62.80834197998047,0.8943473300384726,2.2216819299242587,62.22700881958008,0.9419517517089844,1.5137345817795342,True,0,nan,nan,,True
stencil,cuda,4096,16_128_0_4_2,79.84416198730469,3,79.86937713623047,0.047808563974804305,0.1187630567129645,62.22700881958008,17.61715316772461,28.31110397545137,False,0,nan,nan,,True
stencil,cuda,4096,16_128_0_4_4,100.35689544677734,3,100.36871592203777,0.10472667487696441,0.260155482484862,62.22700881958008,38.129886627197266,61.275461171129734,False,0,nan,nan,,True
stencil,cuda,4096,16_128_1_1_4,102.61795043945312,3,102.6191889444987,0.03556534084253212,0.08834920441709926,62.22700881958008,40.39094161987305,64.90902003177085,False,0,nan,nan,,True
stencil,cuda,4096,16_128_1_2_2,67.83660888671875,3,67.8300272623698,0.02617888224856114,0.06503194864431805,62.22700881958008,5.609600067138672,9.014735198670806,True,0,nan,nan,,True
stencil,cuda,4096,16_128_1_2_4,98.89654541015625,3,98.96947224934895,0.18902461780607388,0.46956318153544885,62.22700881958008,36.66953659057617,58.92865057501831,False,0,nan,nan,,True
stencil,cuda,4096,16_128_1_4_1,62.640926361083984,3,62.637524922688804,0.16100145282861855,0.3999497806132055,62.22700881958008,0.41391754150390625,0.6651734501717922,True,0,nan,nan,,True
stencil,cuda,4096,16_128_1_4_2,73.11711883544922,3,73.08233642578125,1.081493337339559,2.686578384258624,62.22700881958008,10.89011001586914,17.50061624759072,False,0,nan,nan,,True
stencil,cuda,4096,16_128_1_4_4,100.53353881835938,3,100.51517740885417,0.16726908716784303,0.4155194474385411,62.22700881958008,38.3065299987793,61.55933046668625,False,0,nan,nan,,True
stencil,cuda,4096,16_128_2_1_4,102.08201599121094,3,102.07877095540364,0.020450059902443033,0.050800765010578175,62.22700881958008,39.85500717163086,64.0477630656903,False,0,nan,nan,,True
stencil,cuda,4096,16_128_2_2_2,67.78598022460938,3,67.82022349039714,0.06638331417468864,0.16490529417026778,62.22700881958008,5.558971405029297,8.93337396490788,True,0,nan,nan,,True
stencil,cuda,4096,16_128_2_2_4,98.89580535888672,3,98.95109303792317,0.14452931149359785,0.35903071313011026,62.22700881958008,36.66879653930664,58.92746129839459,False,0,nan,nan,,True
stencil,cuda,4096,16_128_2_4_1,62.22700881958008,3,62.22944005330404,0.0859442213743927,0.2134972814205014,62.22700881958008,0.0,0.0,True,0,nan,nan,,True
stencil,cuda,4096,16_128_2_4_2,71.51382446289062,3,71.44216664632161,0.4151299141806865,1.0312398750791374,62.22700881958008,9.286815643310547,14.924091354345155,False,0,nan,nan,,True
stencil,cuda,4096,16_128_2_4_4,100.45327758789062,3,107.58741251627605,12.472814437760151,30.984188716120016,62.22700881958008,38.22626876831055,61.43034912563954,False,0,nan,nan,,True
stencil,cuda,4096,16_128_8_1_4,102.2245101928711,3,104.77393086751302,4.425204315178897,10.992816921399964,62.22700881958008,39.997501373291016,64.27675398838322,False,0,nan,nan,,True
stencil,cuda,4096,16_128_8_2_2,73.09091186523438,3,74.27017466227214,2.617031112737683,6.501065679895049,62.22700881958008,10.863903045654297,17.458501142410544,False,0,nan,nan,,True
stencil,cuda,4096,16_128_8_2_4,98.666015625,3,98.70350901285808,0.12955829862681717,0.3218406554851043,62.22700881958008,36.43900680541992,58.558184776437756,False,0,nan,nan,,True
stencil,cuda,4096,16_128_8_4_1,62.543521881103516,3,62.50200653076172,0.10326109763763239,0.2565147867951936,62.22700881958008,0.3165130615234375,0.5086425774395328,True,0,nan,nan,,True
stencil,cuda,4096,16_128_8_4_2,69.63142395019531,3,69.64143880208333,0.04662074254755595,0.11581234471074708,62.22700881958008,7.404415130615234,11.899037525784774,False,0,nan,nan,,True
stencil,cuda,4096,16_128_8_4_4,100.33606719970703,3,101.61644744873047,2.253755834558043,5.598639861633586,62.22700881958008,38.10905838012695,61.24198977749309,False,0,nan,nan,,True
stencil,cuda,4096,32_32_0_1_2,86.53778839111328,3,86.54752858479817,0.11657754996198973,0.2895946882004523,62.22700881958008,24.310779571533203,39.06789034648839,False,0,nan,nan,,True
stencil,cuda,4096,32_32_0_1_4,106.40287780761719,3,106.42769114176433,0.1018151874103095,0.2529229466717453,62.22700881958008,44.17586898803711,70.99147110882329,False,0,nan,nan,,True
stencil,cuda,4096,32_32_0_2_1,79.41219329833984,3,79.39801534016927,0.02458337763246725,0.0610684954582581,62.22700881958008,17.185184478759766,27.616921984127817,False,0,nan,nan,,True
stencil,cuda,4096,32_32_0_2_2,76.046142578125,3,76.5711441040039,0.9101619572227736,2.26096764170957,62.22700881958008,13.819133758544922,22.20761373668447,False,0,nan,nan,,True
stencil,cuda,4096,32_32_0_2_4,108.19420623779297,3,108.20084381103516,0.014676573673199567,0.03645863014043016,62.22700881958008,45.96719741821289,73.87017034916364,False,0,nan,nan,,True
stencil,cuda,4096,32_32_0_4_1,67.6767349243164,3,67.76324208577473,0.3779971848365666,0.9389970617763339,62.22700881958008,5.449726104736328,8.757814666196106,True,0,nan,nan,,True
stencil,cuda,4096,32_32_0_4_2,85.54361724853516,3,85.4923833211263,5.578530336700014,13.857837585368046,62.22700881958008,23.316608428955078,37.47023819923412,False,0,nan,nan,,True
stencil,cuda,4096,32_32_0_4_4,112.95225524902344,3,117.32376352945964,7.719717555091848,19.176841502427074,62.22700881958008,50.72524642944336,81.51644662290497,False,0,nan,nan,,True
stencil,cuda,4096,32_32_1_1_2,86.0450210571289,3,86.01686096191406,0.05501340661628408,0.13666087802567972,62.22700881958008,23.818012237548828,38.276003763263574,False,0,nan,nan,,True
stencil,cuda,4096,32_32_1_1_4,106.02706909179688,3,107.59400431315105,2.760670367094294,6.857885368525572,62.22700881958008,43.8000602722168,70.38753927448118,False,0,nan,nan,,True
stencil,cuda,4096,32_32_1_2_1,79.68598175048828,3,79.69835662841797,0.036855619799926555,0.09155443503379956,62.22700881958008,17.458972930908203,28.0569052925691,False,0,nan,nan,,True
stencil,cuda,4096,32_32_1_2_2,81.74732971191406,3,87.47163899739583,13.903435735453277,34.53804903290866,62.22700881958008,19.520320892333984,31.369531112978397,False,0,nan,nan,,True
stencil,cuda,4096,32_32_1_2_4,107.42864227294922,3,107.43506113688152,0.044128991312793284,0.10962249150026082,62.22700881958008,45.20163345336914,72.63989433338502,False,0,nan,nan,,True
stencil,cuda,4096,32_32_1_4_1,72.2135009765625,3,72.4359130859375,1.4917053525333444,3.705601521001981,62.22700881958008,9.986492156982422,16.048484968861487,False,0,nan,nan,,True
stencil,cuda,4096,32_32_1_4_2,80.9448013305664,3,80.94600423177083,0.019021924833899934,0.04725308082937829,62.22700881958008,18.717792510986328,30.079852568932527,False,0,nan,nan,,True
stencil,cuda,4096,32_32_1_4_4,112.74777221679688,3,115.74693298339844,5.199489819232413,12.916248741657085,62.22700881958008,50.5207633972168,81.18783845724585,False,0,nan,nan,,True
stencil,cuda,4096,32_32_2_1_2,87.81501007080078,3,88.1406733194987,1.2921635567061835,3.209912220923485,62.22700881958008,25.588001251220703,41.12041015085606,False,0,nan,nan,,True
stencil,cuda,4096,32_32_2_1_4,107.4300765991211,3,107.40580240885417,0.10873708052715737,0.27011788239980206,62.22700881958008,45.203067779541016,72.64219932312996,False,0,nan,nan,,True
stencil,cuda,4096,32_32_2_2_1,79.81769561767578,3,79.91461435953777,0.20787633869752878,0.5163934523327214,62.22700881958008,17.590686798095703,28.268572010423703,False,0,nan,nan,,True
stencil,cuda,4096,32_32_2_2_2,81.03858947753906,3,89.22027842203777,17.73249127320129,44.049950294497066,62.22700881958008,18.811580657958984,30.230571924967435,False,0,nan,nan,,True
stencil,cuda,4096,32_32_2_2_4,109.26156616210938,3,109.21963500976562,0.07507815810134845,0.1865044838660026,62.22700881958008,47.0345573425293,75.58543827632867,False,0,nan,nan,,True
stencil,cuda,4096,32_32_2_4_1,71.49372863769531,3,71.32562001546223,0.9816089941511026,2.4384519205338506,62.22700881958008,9.266719818115234,14.891796976748477,False,0,nan,nan,,True
stencil,cuda,4096,32_32_2_4_2,78.76185607910156,3,79.03500874837239,0.5086023236789688,1.2634382125191195,62.22700881958008,16.534847259521484,26.57181756472071,False,0,nan,nan,,True
stencil,cuda,4096,32_32_2_4_4,112.891357421875,3,112.87743886311848,0.03761664005221525,0.09344491414188383,62.22700881958008,50.66434860229492,81.41858264341496,False,0,nan,nan,,True
stencil,cuda,4096,32_32_8_1_2,87.1220474243164,3,91.12749735514323,7.141072196762113,17.739406746088704,62.22700881958008,24.895038604736328,40.00680585003945,False,0,nan,nan,,True
stencil,cuda,4096,32_32_8_1_4,106.47503662109375,3,106.51877085367839,0.11360478863426031,0.282209939678296,62.22700881958008,44.24802780151367,71.10743170992782,False,0,nan,nan,,True
stencil,cuda,4096,32_32_8_2_1,79.76777648925781,3,79.97509256998698,0.4086289254329864,1.0150905237675119,62.22700881958008,17.540767669677734,28.1883510109495,False,0,nan,nan,,True
stencil,cuda,4096,32_32_8_2_2,75.96867370605469,3,75.96105702718098,0.062304656377274364,0.15477334652251784,62.22700881958008,13.74166488647461,22.083119769290143,False,0,nan,nan,,True
stencil,cuda,4096,32_32_8_2_4,108.29840087890625,3,108.31782531738281,0.17280256104143973,0.4292653585647628,62.22700881958008,46.07139205932617,74.03761314143313,False,0,nan,nan,,True
stencil,cuda,4096,32_32_8_4_1,67.51392364501953,3,67.50658162434895,0.023810092771523992,0.05914754937327871,62.22700881958008,5.286914825439453,8.496173808977776,True,0,nan,nan,,True
stencil,cuda,4096,32_32_8_4_2,78.98851013183594,3,79.49908192952473,0.96055571602287,2.386152678380185,62.22700881958008,16.76150131225586,26.936054986756425,False,0,nan,nan,,True
stencil,cuda,4096,32_32_8_4_4,113.60694122314453,3,119.88183339436848,10.91255191811255,27.108281750880856,62.22700881958008,51.37993240356445,82.5685395750494,False,0,nan,nan,,True
stencil,cuda,4096,32_64_0_1_4,102.455810546875,3,102.44415028889973,0.027654952781120692,0.06869871111940995,62.22700881958008,40.22880172729492,64.64845810592249,False,0,nan,nan,,True
stencil,cuda,4096,32_64_0_2_2,70.11666870117188,3,70.12046813964844,0.019829047371368265,0.04925808436269108,62.22700881958008,7.889659881591797,12.678835173432393,False,0,nan,nan,,True
stencil,cuda,4096,32_64_0_2_4,102.03702545166016,3,102.01906331380208,0.08385671722385113,0.20831163363676808,62.22700881958008,39.81001663208008,63.9754624033184,False,0,nan,nan,,True
stencil,cuda,4096,32_64_0_4_1,63.76959991455078,3,63.747796376546226,0.05773480232991334,0.1434211997464132,62.22700881958008,1.5425910949707031,2.4789735586411767,True,0,nan,nan,,True
stencil,cuda,4096,32_64_0_4_2,72.64157104492188,3,72.99859364827473,0.6546537177200203,1.6262499883057018,62.22700881958008,10.414562225341797,16.736401801888952,False,0,nan,nan,,True
stencil,cuda,4096,32_64_0_4_4,104.55862426757812,3,109.48001098632812,8.538671579701369,21.211236079124085,62.22700881958008,42.33161544799805,68.02772019901134,False,0,nan,nan,,True
stencil,cuda,4096,32_64_1_1_4,102.44287872314453,3,102.4135233561198,0.11587926330039357,0.28786004797078135,62.22700881958008,40.21586990356445,64.62767641646677,False,0,nan,nan,,True
stencil,cuda,4096,32_64_1_2_2,70.34236907958984,3,70.30847930908203,0.07152980456237036,0.17768988502531613,62.22700881958008,8.115360260009766,13.041540022499397,False,0,nan,nan,,True
stencil,cuda,4096,32_64_1_2_4,101.32860565185547,3,101.34893798828125,0.05127857049094459,0.1273830307596313,62.22700881958008,39.10159683227539,62.83701815982492,False,0,nan,nan,,True
stencil,cuda,4096,32_64_1_4_1,63.851680755615234,3,63.83918889363607,0.06514406015106414,0.1618268165157879,62.22700881958008,1.6246719360351562,2.6108790489121887,True,0,nan,nan,,True
stencil,cuda,4096,32_64_1_4_2,90.9002914428711,3,86.17760213216145,8.19393597226972,20.354865356130574,62.22700881958008,28.673282623291016,46.078516655727164,False,0,nan,nan,,True
stencil,cuda,4096,32_64_1_4_4,104.55999755859375,3,114.56937408447266,17.426280780524554,43.28928126191457,62.22700881958008,42.33298873901367,68.02992710408628,False,0,nan,nan,,True
stencil,cuda,4096,32_64_2_1_4,102.8315200805664,3,105.09530639648438,3.982505378543713,9.893091797966363,62.22700881958008,40.60451126098633,65.25223055267585,False,0,nan,nan,,True
stencil,cuda,4096,32_64_2_2_2,73.24451446533203,3,73.42730712890625,1.0241304193035103,2.5440809963109956,62.22700881958008,11.017505645751953,17.705343475042998,False,0,nan,nan,,True
stencil,cuda,4096,32_64_2_2_4,102.47206115722656,3,102.50121561686198,0.12596187356519195,0.31290664036214366,62.22700881958008,40.245052337646484,64.67457314930932,False,0,nan,nan,,True
stencil,cuda,4096,32_64_2_4_1,64.80345916748047,3,64.6882553100586,0.22344644977078362,0.555071752425448,62.22700881958008,2.5764503479003906,4.140405262561321,True,0,nan,nan,,True
stencil,cuda,4096,32_64_2_4_2,69.74591827392578,3,69.74921417236328,0.03061279035392231,0.07604638697914368,62.22700881958008,7.518909454345703,12.083032106116333,False,0,nan,nan,,True
stencil,cuda,4096,32_64_2_4_4,104.3832015991211,3,104.39261881510417,0.020495178573400625,0.050912846002617584,62.22700881958008,42.156192779541016,67.74581259685478,False,0,nan,nan,,True
stencil,cuda,4096,32_64_8_1_4,102.45152282714844,3,102.473876953125,0.09072777657436444,0.22538029128884318,62.22700881958008,40.22451400756836,64.64156765785516,False,0,nan,nan,,True
stencil,cuda,4096,32_64_8_2_2,70.10991668701172,3,70.09483591715495,0.04238376444232425,0.1052871076158226,62.22700881958008,7.882907867431641,12.66798455681392,False,0,nan,nan,,True
stencil,cuda,4096,32_64_8_2_4,102.102783203125,3,110.38421122233073,14.366503080406344,35.688372087572425,62.22700881958008,39.87577438354492,64.08113637465695,False,0,nan,nan,,True
stencil,cuda,4096,32_64_8_4_1,63.7542724609375,3,63.77967961629232,0.14719032916029276,0.3656410474674985,62.22700881958008,1.5272636413574219,2.4543420458880547,True,0,nan,nan,,True
stencil,cuda,4096,32_64_8_4_2,74.36653137207031,3,74.3662846883138,0.009428537547609452,0.02342178568838449,62.22700881958008,12.139522552490234,19.50844622419078,False,0,nan,nan,,True
stencil,cuda,4096,32_64_8_4_4,104.38582611083984,3,104.3925552368164,0.03885352443276355,0.09651750527665115,62.22700881958008,42.158817291259766,67.75003023766467,False,0,nan,nan,,True
stencil,cuda,4096,32_128_0_2_4,100.1995849609375,3,100.1864013671875,0.026951842346631623,0.06695208797358987,62.22700881958008,37.97257614135742,61.02266019479493,False,0,nan,nan,,True
stencil,cuda,4096,32_128_0_4_2,67.276611328125,3,67.39994812011719,0.24996806838118,0.6209551053913742,62.22700881958008,5.049602508544922,8.114808351443749,True,0,nan,nan,,True
stencil,cuda,4096,32_128_0_4_4,100.67501068115234,3,100.67736562093098,0.029908177626662105,0.0742960319311976,62.22700881958008,38.448001861572266,61.7866784711567,False,0,nan,nan,,True
stencil,cuda,4096,32_128_1_2_4,100.62751770019531,3,100.60343170166016,0.10252804725382142,0.2546937886921796,62.22700881958008,38.400508880615234,61.7103563373149,False,0,nan,nan,,True
stencil,cuda,4096,32_128_1_4_2,76.58000183105469,3,76.34081268310547,1.2414371680718541,3.0839008859376094,62.22700881958008,14.35299301147461,23.065535823985098,False,0,nan,nan,,True
stencil,cuda,4096,32_128_1_4_4,100.67174530029297,3,100.67478434244792,0.022254715426718596,0.055283777855095195,62.22700881958008,38.44473648071289,61.78143094131183,False,0,nan,nan,,True
stencil,cuda,4096,32_128_2_2_4,100.37686157226562,3,100.33279927571614,0.09154590114948088,0.22741262539877027,62.22700881958008,38.14985275268555,61.30754711880267,False,0,nan,nan,,True
stencil,cuda,4096,32_128_2_4_2,67.65414428710938,3,67.65068817138672,0.009447387168698636,0.0234686107429809,62.22700881958008,5.427135467529297,8.72151107771328,True,0,nan,nan,,True
stencil,cuda,4096,32_128_2_4_4,100.71260833740234,3,100.6895039876302,0.06427833685049317,0.15967624061691765,62.22700881958008,38.485599517822266,61.84709862787516,False,0,nan,nan,,True
stencil,cuda,4096,32_128_8_2_4,100.1253433227539,3,100.1051508585612,0.054090370351501625,0.13436792883103976,62.22700881958008,37.89833450317383,60.90335245432672,False,0,nan,nan,,True
stencil,cuda,4096,32_128_8_4_2,67.6247329711914,3,67.61235046386719,0.045520192184591385,0.11307842605046403,62.22700881958008,5.397724151611328,8.674246527358235,True,0,nan,nan,,True
stencil,cuda,4096,32_128_8_4_4,100.62899017333984,3,100.63380177815755,0.03450849055628107,0.08572384276537548,62.22700881958008,38.401981353759766,61.712722629978586,False,0,nan,nan,,True
stencil,cuda,4096,64_32_0_1_4,108.96672058105469,3,108.947509765625,0.08013055374579925,0.1990553304209044,62.22700881958008,46.73971176147461,75.11161575673825,False,0,nan,nan,,True
stencil,cuda,4096,64_32_0_2_2,77.22793579101562,3,77.23377990722656,0.037906532137708046,0.09416504600379483,62.22700881958008,15.000926971435547,24.10677815951105,False,0,nan,nan,,True
stencil,cuda,4096,64_32_0_2_4,109.65049743652344,3,109.65726979573567,0.0332401752035625,0.08257317276734,62.22700881958008,47.42348861694336,76.21045831472023,False,0,nan,nan,,True
stencil,cuda,4096,64_32_0_4_1,68.06950378417969,3,68.08768971761067,0.0782575289113882,0.19440247879475692,62.22700881958008,5.842494964599609,9.389001778213764,True,0,nan,nan,,True
stencil,cuda,4096,64_32_0_4_2,77.82780456542969,3,77.81884765625,0.07595104062220627,0.18867284425397202,62.22700881958008,15.60079574584961,25.070778817413977,False,0,nan,nan,,True
stencil,cuda,4096,64_32_0_4_4,112.65289306640625,3,112.63101704915364,0.09175230823004785,0.22792536901157234,62.22700881958008,50.42588424682617,81.03536583773473,False,0,nan,nan,,True
stencil,cuda,4096,64_32_1_1_4,109.17664337158203,3,109.2245864868164,0.1290538071549188,0.3205874291945179,62.22700881958008,46.94963455200195,75.44896571861089,False,0,nan,nan,,True
stencil,cuda,4096,64_32_1_2_2,77.29840087890625,3,77.3250020345052,0.052463012852145365,0.13032534869644508,62.22700881958008,15.071392059326172,24.220016911023166,False,0,nan,nan,,True
stencil,cuda,4096,64_32_1_2_4,108.95513916015625,3,108.92047119140625,0.10800149879316544,0.2682905960743369,62.22700881958008,46.72813034057617,75.09300419060622,False,0,nan,nan,,True
stencil,cuda,4096,64_32_1_4_1,68.20051574707031,3,68.20315806070964,0.027040206323165335,0.06717159626005298,62.22700881958008,5.973506927490234,9.599540522363396,True,0,nan,nan,,True
stencil,cuda,4096,64_32_1_4_2,84.34143829345703,3,90.91620127360027,16.141995250565024,40.09893914432639,62.22700881958008,22.114429473876953,35.53831349662837,False,0,nan,nan,,True
stencil,cuda,4096,64_32_1_4_4,112.57247924804688,3,116.57015482584636,6.970843309791651,17.31653474834134,62.22700881958008,50.3454704284668,80.90613928501303,False,0,nan,nan,,True
stencil,cuda,4096,64_32_2_1_4,109.38726043701172,3,109.34084065755208,0.0915954777227463,0.22753578043403877,62.22700881958008,47.16025161743164,75.78743139360476,False,0,nan,nan,,True
stencil,cuda,4096,64_32_2_2_2,77.2850570678711,3,77.3029556274414,0.04037152563596752,0.10028842931195925,62.22700881958008,15.058048248291016,24.19857315004496,False,0,nan,nan,,True
stencil,cuda,4096,64_32_2_2_4,110.28864288330078,3,110.28432973225911,0.05628405669037764,0.1398173477931266,62.22700881958008,48.0616340637207,77.23597032129534,False,0,nan,nan,,True
stencil,cuda,4096,64_32_2_4_1,68.1368637084961,3,68.1450678507487,0.025412252656948405,0.0631275351648668,62.22700881958008,5.909854888916016,9.497250472139754,True,0,nan,nan,,True
stencil,cuda,4096,64_32_2_4_2,78.6126708984375,3,79.78773244222005,2.5660582448081746,6.374442056396859,62.22700881958008,16.385662078857422,26.332074110079322,False,0,nan,nan,,True
stencil,cuda,4096,64_32_2_4_4,112.5348129272461,3,114.59457906087239,3.6696814509202653,9.115994082228738,62.22700881958008,50.307804107666016,80.84560878304082,False,0,nan,nan,,True
stencil,cuda,4096,64_32_8_1_4,109.09548950195312,3,109.09031422932942,0.025028435841367318,0.06217408133889535,62.22700881958008,46.86848068237305,75.31854988926547,False,0,nan,nan,,True
stencil,cuda,4096,64_32_8_2_2,77.18943786621094,3,77.19540405273438,0.035624487839486886,0.08849613370276188,62.22700881958008,14.96242904663086,24.04491125391013,False,0,nan,nan,,True
stencil,cuda,4096,64_32_8_2_4,109.73689270019531,3,109.7246602376302,0.021299668628101297,0.05291131008620198,62.22700881958008,47.509883880615234,76.34929716510169,False,0,nan,nan,,True
stencil,cuda,4096,64_32_8_4_1,69.84639739990234,3,69.77115631103516,0.13355204089889047,0.3317616612740437,62.22700881958008,7.619388580322266,12.244503994099716,False,0,nan,nan,,True
stencil,cuda,4096,64_32_8_4_2,80.29657745361328,3,81.98572794596355,5.009114762289936,12.44333088333552,62.22700881958008,18.069568634033203,29.038144331224085,False,0,nan,nan,,True
stencil,cuda,4096,64_32_8_4_4,112.87206268310547,3,112.87411244710286,0.0167341292175055,0.041569881461995806,62.22700881958008,50.64505386352539,81.387575627112,False,0,nan,nan,,True
stencil,cuda,4096,64_64_0_2_4,104.50943756103516,3,104.53788757324219,0.07240208302688374,0.17985674485413483,62.22700881958008,42.28242874145508,67.94867621557711,False,0,nan,nan,,True
stencil,cuda,4096,64_64_0_4_2,70.92652893066406,3,70.92876942952473,0.04330597185480067,0.10757799782717825,62.22700881958008,8.699520111083984,13.980296138461714,False,0,nan,nan,,True
stencil,cuda,4096,64_64_0_4_4,104.17919921875,3,108.32732899983723,7.210806533660611,17.912636442180016,62.22700881958008,41.95219039916992,67.41797684797189,False,0,nan,nan,,True
stencil,cuda,4096,64_64_1_2_4,104.50569915771484,3,104.4992446899414,0.06952286593380894,0.1727043730929978,62.22700881958008,42.278690338134766,67.94266852953976,False,0,nan,nan,,True
stencil,cuda,4096,64_64_1_4_2,70.82125091552734,3,70.82920583089192,0.03602705629066839,0.08949616917389847,62.22700881958008,8.594242095947266,13.811112343299778,False,0,nan,nan,,True
stencil,cuda,4096,64_64_1_4_4,104.03372955322266,3,104.0636469523112,0.07293347519051147,0.18117679616750593,62.22700881958008,41.80672073364258,67.1842042976166,False,0,nan,nan,,True
stencil,cuda,4096,64_64_2_2_4,104.75225830078125,3,104.76047007242839,0.038612968210483156,0.09591993049309622,62.22700881958008,42.52524948120117,68.33889381457841,False,0,nan,nan,,True
stencil,cuda,4096,64_64_2_4_2,70.87321472167969,3,70.88179016113281,0.030549021734479355,0.07588797694675975,62.22700881958008,8.64620590209961,13.8946191792189,False,0,nan,nan,,True
stencil,cuda,4096,64_64_2_4_4,104.10342407226562,3,104.79894510904948,1.219561020084607,3.0295575217353274,62.22700881958008,41.87641525268555,67.29620473016999,False,0,nan,nan,,True
stencil,cuda,4096,64_64_8_2_4,104.57734680175781,3,104.57701619466145,0.042672164154109016,0.10600353221590808,62.22700881958008,42.350337982177734,68.05780767153307,False,0,nan,nan,,True
stencil,cuda,4096,64_64_8_4_2,70.90191650390625,3,70.91526285807292,0.09979271067243772,0.24789883593612672,62.22700881958008,8.674907684326172,13.940743495285224,False,0,nan,nan,,True
stencil,cuda,4096,64_64_8_4_4,104.13420867919922,3,104.10880025227864,0.0591006064245725,0.1468140452047777,62.22700881958008,41.90719985961914,67.34567618559998,False,0,nan,nan,,True
stencil,cuda,4096,64_128_0_4_4,101.6451187133789,3,101.64403025309245,0.006787273064247194,0.016860520978639215,62.22700881958008,39.41810989379883,63.34566073726446,False,0,nan,nan,,True
stencil,cuda,4096,64_128_1_4_4,101.63065338134766,3,105.49521891276042,6.72804388151759,16.713387532181798,62.22700881958008,39.40364456176758,63.32241467047505,False,0,nan,nan,,True
stencil,cuda,4096,64_128_2_4_4,101.51058959960938,3,106.28002166748047,8.277693361047941,20.562930244229705,62.22700881958008,39.2835807800293,63.12946986400622,False,0,nan,nan,,True
stencil,cuda,4096,64_128_8_4_4,101.58406066894531,3,113.56947072347005,20.780095989045893,51.62062009954097,62.22700881958008,39.357051849365234,63.24753928551571,False,0,nan,nan,,True
