
================================================================================
STATISTICAL ANALYSIS: SYCL MATMUL BAYESIAN vs RANDOM SEARCH
Problem size: 4096x4096x4096
Independent runs: 10
Trials per run: 15
Benchmark repeats per config: 10
Warmup runs per config: 5
Independent validation repeats per config: 20
Grid-search repeats per config: 3
================================================================================
Exhaustive grid search SYCL MATMUL: 93 valid configurations
[  1/93] 32_32_8_1_2: 51.6547 ms (median)
[  2/93] 32_32_8_1_4: 41.5201 ms (median)
[  3/93] 32_32_8_2_1: 49.7644 ms (median)
[  4/93] 32_32_8_2_2: 32.0276 ms (median)
[  5/93] 32_32_8_2_4: 28.5051 ms (median)
[  6/93] 32_32_8_4_1: 33.3916 ms (median)
[  7/93] 32_32_8_4_2: 24.5146 ms (median)
[  8/93] 32_32_8_4_4: 25.3839 ms (median)
[  9/93] 32_32_16_1_2: 43.2179 ms (median)
[ 10/93] 32_32_16_1_4: 48.3277 ms (median)
[ 11/93] 32_32_16_2_1: 37.3965 ms (median)
[ 12/93] 32_32_16_2_2: 48.2509 ms (median)
[ 13/93] 32_32_16_2_4: 48.0532 ms (median)
[ 14/93] 32_32_16_4_1: 29.0294 ms (median)
[ 15/93] 32_32_16_4_2: 22.6683 ms (median)
[ 16/93] 32_32_16_4_4: 23.8408 ms (median)
[ 17/93] 32_32_32_1_2: 60.7119 ms (median)
[ 18/93] 32_32_32_1_4: 60.2634 ms (median)
[ 19/93] 32_32_32_2_1: 48.7209 ms (median)
[ 20/93] 32_32_32_2_2: 46.5480 ms (median)
[ 21/93] 32_32_32_2_4: 46.6842 ms (median)
[ 22/93] 32_32_32_4_1: 28.1139 ms (median)
[ 23/93] 32_32_32_4_2: 21.9515 ms (median)
[ 24/93] 32_32_32_4_4: 23.4076 ms (median)
[ 25/93] 32_64_8_1_4: 43.8262 ms (median)
[ 26/93] 32_64_8_2_2: 35.7171 ms (median)
[ 27/93] 32_64_8_2_4: 25.4894 ms (median)
[ 28/93] 32_64_8_4_1: 35.1642 ms (median)
[ 29/93] 32_64_8_4_2: 22.9222 ms (median)
[ 30/93] 32_64_8_4_4: 24.6036 ms (median)
[ 31/93] 32_64_16_1_4: 65.7603 ms (median)
[ 32/93] 32_64_16_2_2: 46.3299 ms (median)
[ 33/93] 32_64_16_2_4: 46.3473 ms (median)
[ 34/93] 32_64_16_4_1: 28.2092 ms (median)
[ 35/93] 32_64_16_4_2: 22.3703 ms (median)
[ 36/93] 32_64_16_4_4: 23.6964 ms (median)
[ 37/93] 32_64_32_1_4: 71.8950 ms (median)
[ 38/93] 32_64_32_2_2: 45.6059 ms (median)
[ 39/93] 32_64_32_2_4: 45.4697 ms (median)
[ 40/93] 32_64_32_4_1: 27.8057 ms (median)
[ 41/93] 32_64_32_4_2: 21.9515 ms (median)
[ 42/93] 32_64_32_4_4: 23.4353 ms (median)
[ 43/93] 32_128_8_2_4: 26.0751 ms (median)
[ 44/93] 32_128_8_4_2: 31.7542 ms (median)
[ 45/93] 32_128_8_4_4: 36.1595 ms (median)
[ 46/93] 32_128_16_2_4: 64.5069 ms (median)
[ 47/93] 32_128_16_4_2: 24.5299 ms (median)
[ 48/93] 32_128_16_4_4: 35.4478 ms (median)
[ 49/93] 32_128_32_2_4: 65.4080 ms (median)
[ 50/93] 32_128_32_4_2: 22.5280 ms (median)
[ 51/93] 32_128_32_4_4: 36.0346 ms (median)
[ 52/93] 64_32_8_1_4: 44.2286 ms (median)
[ 53/93] 64_32_8_2_2: 41.5283 ms (median)
[ 54/93] 64_32_8_2_4: 26.7397 ms (median)
[ 55/93] 64_32_8_4_1: 35.8953 ms (median)
[ 56/93] 64_32_8_4_2: 24.5443 ms (median)
[ 57/93] 64_32_8_4_4: 23.8356 ms (median)
[ 58/93] 64_32_16_1_4: 47.3467 ms (median)
[ 59/93] 64_32_16_2_2: 47.2248 ms (median)
[ 60/93] 64_32_16_2_4: 47.2965 ms (median)
[ 61/93] 64_32_16_4_1: 29.4984 ms (median)
[ 62/93] 64_32_16_4_2: 22.7041 ms (median)
[ 63/93] 64_32_16_4_4: 22.6560 ms (median)
[ 64/93] 64_32_32_1_4: 59.1124 ms (median)
[ 65/93] 64_32_32_2_2: 46.2961 ms (median)
[ 66/93] 64_32_32_2_4: 47.1357 ms (median)
[ 67/93] 64_32_32_4_1: 28.9362 ms (median)
[ 68/93] 64_32_32_4_2: 23.3871 ms (median)
[ 69/93] 64_32_32_4_4: 23.4301 ms (median)
[ 70/93] 64_64_8_2_4: 29.5567 ms (median)
[ 71/93] 64_64_8_4_2: 25.1679 ms (median)
[ 72/93] 64_64_8_4_4: 25.1884 ms (median)
[ 73/93] 64_64_16_2_4: 46.0933 ms (median)
[ 74/93] 64_64_16_4_2: 24.2534 ms (median)
[ 75/93] 64_64_16_4_4: 23.9319 ms (median)
[ 76/93] 64_64_32_2_4: 45.9489 ms (median)
[ 77/93] 64_64_32_4_2: 21.9730 ms (median)
[ 78/93] 64_64_32_4_4: 23.7691 ms (median)
[ 79/93] 64_128_8_4_4: 37.3289 ms (median)
[ 80/93] 64_128_16_4_4: 36.0233 ms (median)
[ 81/93] 64_128_32_4_4: 35.3556 ms (median)
[ 82/93] 128_32_8_2_4: 32.2253 ms (median)
[ 83/93] 128_32_8_4_2: 32.0952 ms (median)
[ 84/93] 128_32_8_4_4: 25.3809 ms (median)
[ 85/93] 128_32_16_2_4: 47.2259 ms (median)
[ 86/93] 128_32_16_4_2: 25.5959 ms (median)
[ 87/93] 128_32_16_4_4: 23.9749 ms (median)
[ 88/93] 128_32_32_2_4: 46.6883 ms (median)
[ 89/93] 128_32_32_4_2: 23.0400 ms (median)
[ 90/93] 128_32_32_4_4: 25.1597 ms (median)
[ 91/93] 128_64_8_4_4: 26.5411 ms (median)
[ 92/93] 128_64_16_4_4: 24.2913 ms (median)
[ 93/93] 128_64_32_4_4: 23.1086 ms (median)
Grid optimum: 32_32_32_4_2 at 21.9515 ms (93 configs)

================================================================================
EXPERIMENT 1: SYCL MATMUL Bayesian Search
================================================================================

================================================================================
Bayesian Optimization Auto-tuning SYCL MATMUL kernel (Optuna)
================================================================================
Problem size: 4096x4096x4096
Trials to evaluate: 15

Benchmark repeats per config: 10, warmup runs: 5

Valid configurations in search space: 93/243

[  1/15] BM= 32, BN= 32, BK=32, TM=2, TN=2:  47.3800 ms (median), mean=47.3788 ± 0.2114 ms (2900.78 GFLOP/s)
[  2/15] BM= 64, BN= 32, BK= 8, TM=2, TN=2:  41.7761 ms (median), mean=41.7523 ± 0.1573 ms (3289.89 GFLOP/s)
[  3/15] BM= 64, BN= 32, BK= 8, TM=4, TN=4:  24.3323 ms (median), mean=24.3710 ± 0.1489 ms (5648.42 GFLOP/s)
[  4/15] BM= 32, BN= 64, BK= 8, TM=1, TN=4:  44.6060 ms (median), mean=44.6294 ± 0.2739 ms (3081.18 GFLOP/s)
[  5/15] BM= 32, BN= 32, BK= 8, TM=4, TN=4:  25.5263 ms (median), mean=25.5719 ± 0.1720 ms (5384.22 GFLOP/s)
[  6/15] BM= 64, BN= 32, BK= 8, TM=4, TN=4:  24.2806 ms (median), mean=24.3838 ± 0.1982 ms (5660.45 GFLOP/s)
[  7/15] BM=128, BN= 64, BK= 8, TM=4, TN=4:  25.3123 ms (median), mean=25.3288 ± 0.3160 ms (5429.74 GFLOP/s)
[  8/15] BM= 64, BN= 32, BK=32, TM=4, TN=2:  22.3319 ms (median), mean=22.2977 ± 0.1976 ms (6154.38 GFLOP/s)
[  9/15] BM= 64, BN= 32, BK=32, TM=4, TN=2:  22.6831 ms (median), mean=22.5849 ± 0.2523 ms (6059.08 GFLOP/s)
[ 10/15] BM= 64, BN= 32, BK=32, TM=4, TN=2:  22.3278 ms (median), mean=22.3164 ± 0.2216 ms (6155.51 GFLOP/s)
[ 11/15] BM= 64, BN= 32, BK=16, TM=4, TN=4:  23.4276 ms (median), mean=23.4290 ± 0.2811 ms (5866.54 GFLOP/s)
[ 12/15] BM= 64, BN= 32, BK=32, TM=4, TN=2:  22.5347 ms (median), mean=22.4359 ± 0.2406 ms (6099.00 GFLOP/s)
[ 13/15] BM= 32, BN= 32, BK=32, TM=1, TN=4:  60.3791 ms (median), mean=60.4015 ± 0.1982 ms (2276.27 GFLOP/s)
[ 14/15] BM= 64, BN= 32, BK=16, TM=1, TN=4:  48.3113 ms (median), mean=48.2924 ± 0.1712 ms (2844.86 GFLOP/s)
[ 15/15] BM= 64, BN= 32, BK=32, TM=4, TN=1:  28.3535 ms (median), mean=28.3843 ± 0.1001 ms (4847.33 GFLOP/s)

Best trial: Trial #10
Best value: 22.3278 ms
✓ Bayesian run completed: 15 configs evaluated

================================================================================
EXPERIMENT 1: SYCL MATMUL Random Search
================================================================================

================================================================================
Random Search Auto-tuning SYCL MATMUL kernel
================================================================================
Problem size: 4096x4096x4096
Samples to evaluate: 15

Benchmark repeats per config: 10, warmup runs: 5

Valid configurations in search space: 93
[  1/15] BM= 32, BN= 32, BK=32, TM=2, TN=2:  47.2305 ms (median), mean=47.3581 ± 0.2643 ms (2909.96 GFLOP/s)
[  2/15] BM= 32, BN=128, BK=32, TM=4, TN=4:  36.6285 ms (median), mean=36.6419 ± 0.2471 ms (3752.24 GFLOP/s)
[  3/15] BM= 64, BN= 32, BK= 8, TM=4, TN=1:  36.2650 ms (median), mean=36.3068 ± 0.1145 ms (3789.86 GFLOP/s)
[  4/15] BM= 32, BN= 32, BK= 8, TM=4, TN=1:  33.7352 ms (median), mean=33.7102 ± 0.1129 ms (4074.06 GFLOP/s)
[  5/15] BM= 32, BN= 64, BK=16, TM=4, TN=2:  22.2602 ms (median), mean=22.3888 ± 0.2837 ms (6174.19 GFLOP/s)
[  6/15] BM= 64, BN= 32, BK=32, TM=4, TN=1:  28.2650 ms (median), mean=28.3166 ± 0.2407 ms (4862.52 GFLOP/s)
[  7/15] BM= 64, BN= 32, BK=32, TM=1, TN=4:  59.8405 ms (median), mean=59.8982 ± 0.2840 ms (2296.75 GFLOP/s)
[  8/15] BM= 64, BN= 32, BK= 8, TM=2, TN=2:  41.7910 ms (median), mean=41.8432 ± 0.2420 ms (3288.72 GFLOP/s)
[  9/15] BM= 32, BN= 64, BK=32, TM=4, TN=1:  28.0740 ms (median), mean=28.1580 ± 0.1982 ms (4895.60 GFLOP/s)
[ 10/15] BM= 64, BN= 32, BK=16, TM=4, TN=4:  23.3605 ms (median), mean=23.4363 ± 0.2651 ms (5883.39 GFLOP/s)
[ 11/15] BM= 32, BN=128, BK=16, TM=4, TN=2:  24.5908 ms (median), mean=24.5857 ± 0.1680 ms (5589.03 GFLOP/s)
[ 12/15] BM= 64, BN= 64, BK=32, TM=2, TN=4:  45.4405 ms (median), mean=45.4831 ± 0.2526 ms (3024.59 GFLOP/s)
[ 13/15] BM= 32, BN= 64, BK= 8, TM=4, TN=2:  23.2151 ms (median), mean=23.3057 ± 0.3150 ms (5920.24 GFLOP/s)
[ 14/15] BM= 64, BN= 32, BK=32, TM=2, TN=4:  46.4486 ms (median), mean=46.4947 ± 0.2244 ms (2958.94 GFLOP/s)
[ 15/15] BM= 32, BN= 32, BK=32, TM=1, TN=4:  60.5066 ms (median), mean=60.6590 ± 0.2490 ms (2271.47 GFLOP/s)
✓ Random run completed: 15 configs evaluated
BAYESIAN holdout: geometric-mean speedup=2.108x, 95% CI=[2.095, 2.120], 20/20 paired seeds faster
RANDOM holdout: geometric-mean speedup=2.103x, 95% CI=[2.086, 2.120], 20/20 paired seeds faster

✓ SYCL Bayesian Run 1: best = 22.3278 ms
✓ SYCL Random Run 1:   best = 22.2602 ms

================================================================================
EXPERIMENT 2: SYCL MATMUL Bayesian Search
================================================================================

================================================================================
Bayesian Optimization Auto-tuning SYCL MATMUL kernel (Optuna)
================================================================================
Problem size: 4096x4096x4096
Trials to evaluate: 15

Benchmark repeats per config: 10, warmup runs: 5

Valid configurations in search space: 93/243

[  1/15] BM= 32, BN= 32, BK=32, TM=2, TN=2:  47.3559 ms (median), mean=47.3162 ± 0.0900 ms (2902.26 GFLOP/s)
[  2/15] BM= 32, BN= 32, BK=32, TM=4, TN=1:  28.5783 ms (median), mean=28.4911 ± 0.1845 ms (4809.21 GFLOP/s)
[  3/15] BM= 32, BN=128, BK= 8, TM=2, TN=4:  26.5108 ms (median), mean=26.4895 ± 0.0933 ms (5184.25 GFLOP/s)
[  4/15] BM= 32, BN= 32, BK=32, TM=2, TN=2:  47.1936 ms (median), mean=47.1969 ± 0.1492 ms (2912.24 GFLOP/s)
[  5/15] BM= 32, BN= 32, BK=32, TM=2, TN=4:  47.5597 ms (median), mean=47.6027 ± 0.1867 ms (2889.82 GFLOP/s)
[  6/15] BM= 32, BN=128, BK= 8, TM=2, TN=4:  26.5057 ms (median), mean=26.6164 ± 0.2271 ms (5185.25 GFLOP/s)
[  7/15] BM= 64, BN= 32, BK=32, TM=1, TN=4:  59.7309 ms (median), mean=59.7979 ± 0.1582 ms (2300.97 GFLOP/s)
[  8/15] BM= 32, BN=128, BK= 8, TM=2, TN=4:  26.5789 ms (median), mean=26.6300 ± 0.2331 ms (5170.97 GFLOP/s)
[  9/15] BM= 32, BN= 32, BK=32, TM=2, TN=1:  49.1535 ms (median), mean=49.1617 ± 0.1183 ms (2796.12 GFLOP/s)
[ 10/15] BM= 32, BN= 32, BK=32, TM=1, TN=4:  60.5107 ms (median), mean=60.5267 ± 0.2493 ms (2271.32 GFLOP/s)
[ 11/15] BM= 32, BN= 64, BK=32, TM=2, TN=4:  45.8573 ms (median), mean=45.9288 ± 0.1608 ms (2997.10 GFLOP/s)
[ 12/15] BM= 32, BN=128, BK= 8, TM=2, TN=4:  26.4120 ms (median), mean=26.5031 ± 0.1818 ms (5203.65 GFLOP/s)
[ 13/15] BM= 64, BN= 64, BK=16, TM=2, TN=4:  45.9228 ms (median), mean=46.0358 ± 0.2670 ms (2992.82 GFLOP/s)
[ 14/15] BM= 32, BN=128, BK= 8, TM=2, TN=4:  26.7151 ms (median), mean=26.6899 ± 0.1793 ms (5144.61 GFLOP/s)
[ 15/15] BM=128, BN= 64, BK=32, TM=4, TN=4:  22.8209 ms (median), mean=22.7567 ± 0.2373 ms (6022.51 GFLOP/s)

Best trial: Trial #15
Best value: 22.8209 ms
✓ Bayesian run completed: 15 configs evaluated

================================================================================
EXPERIMENT 2: SYCL MATMUL Random Search
================================================================================

================================================================================
Random Search Auto-tuning SYCL MATMUL kernel
================================================================================
Problem size: 4096x4096x4096
Samples to evaluate: 15

Benchmark repeats per config: 10, warmup runs: 5

Valid configurations in search space: 93
[  1/15] BM= 32, BN= 32, BK=32, TM=2, TN=2:  47.4696 ms (median), mean=47.4076 ± 0.2319 ms (2895.31 GFLOP/s)
[  2/15] BM= 64, BN= 32, BK= 8, TM=4, TN=2:  24.6436 ms (median), mean=24.6395 ± 0.1818 ms (5577.07 GFLOP/s)
[  3/15] BM=128, BN= 32, BK=16, TM=4, TN=4:  23.7015 ms (median), mean=23.6783 ± 0.2521 ms (5798.74 GFLOP/s)
[  4/15] BM= 32, BN= 32, BK=16, TM=2, TN=4:  48.4122 ms (median), mean=48.4577 ± 0.2232 ms (2838.93 GFLOP/s)
[  5/15] BM= 64, BN= 32, BK= 8, TM=1, TN=4:  44.3878 ms (median), mean=44.4105 ± 0.1625 ms (3096.32 GFLOP/s)
[  6/15] BM= 32, BN=128, BK=16, TM=4, TN=2:  24.7214 ms (median), mean=24.6734 ± 0.1684 ms (5559.51 GFLOP/s)
[  7/15] BM= 32, BN= 32, BK=16, TM=1, TN=2:  43.5000 ms (median), mean=43.5266 ± 0.1033 ms (3159.51 GFLOP/s)
[  8/15] BM= 64, BN= 32, BK=16, TM=4, TN=1:  29.8266 ms (median), mean=29.8463 ± 0.1138 ms (4607.94 GFLOP/s)
[  9/15] BM= 32, BN= 32, BK=32, TM=4, TN=2:  22.9105 ms (median), mean=22.8873 ± 0.1646 ms (5998.96 GFLOP/s)
[ 10/15] BM= 64, BN= 64, BK= 8, TM=2, TN=4:  29.0509 ms (median), mean=29.0746 ± 0.1746 ms (4730.97 GFLOP/s)
[ 11/15] BM= 64, BN= 32, BK= 8, TM=4, TN=4:  24.1705 ms (median), mean=24.2738 ± 0.1933 ms (5686.23 GFLOP/s)
[ 12/15] BM= 32, BN= 32, BK=32, TM=1, TN=2:  61.0806 ms (median), mean=61.0590 ± 0.1153 ms (2250.13 GFLOP/s)
[ 13/15] BM= 32, BN= 64, BK= 8, TM=4, TN=4:  24.9569 ms (median), mean=24.9807 ± 0.1905 ms (5507.05 GFLOP/s)
[ 14/15] BM= 32, BN= 64, BK=16, TM=2, TN=2:  46.9176 ms (median), mean=47.0930 ± 0.2722 ms (2929.37 GFLOP/s)
[ 15/15] BM= 32, BN=128, BK=16, TM=4, TN=4:  35.9910 ms (median), mean=35.9792 ± 0.2072 ms (3818.70 GFLOP/s)
✓ Random run completed: 15 configs evaluated
BAYESIAN holdout: geometric-mean speedup=2.059x, 95% CI=[2.047, 2.072], 20/20 paired seeds faster
RANDOM holdout: geometric-mean speedup=2.092x, 95% CI=[2.079, 2.105], 20/20 paired seeds faster

✓ SYCL Bayesian Run 2: best = 22.8209 ms
✓ SYCL Random Run 2:   best = 22.9105 ms

================================================================================
EXPERIMENT 3: SYCL MATMUL Bayesian Search
================================================================================

================================================================================
Bayesian Optimization Auto-tuning SYCL MATMUL kernel (Optuna)
================================================================================
Problem size: 4096x4096x4096
Trials to evaluate: 15

Benchmark repeats per config: 10, warmup runs: 5

Valid configurations in search space: 93/243

[  1/15] BM= 32, BN= 32, BK=32, TM=2, TN=2:  47.4097 ms (median), mean=47.4496 ± 0.1781 ms (2898.96 GFLOP/s)
[  2/15] BM= 32, BN= 64, BK=16, TM=4, TN=2:  22.3319 ms (median), mean=22.4126 ± 0.1888 ms (6154.38 GFLOP/s)
[  3/15] BM= 32, BN= 64, BK=16, TM=1, TN=4:  66.3583 ms (median), mean=66.3470 ± 0.2741 ms (2071.17 GFLOP/s)
[  4/15] BM= 32, BN= 32, BK=16, TM=1, TN=4:  48.7020 ms (median), mean=48.6954 ± 0.2459 ms (2822.04 GFLOP/s)
[  5/15] BM= 32, BN=128, BK=16, TM=4, TN=2:  24.7788 ms (median), mean=24.7795 ± 0.2173 ms (5546.65 GFLOP/s)
[  6/15] BM= 64, BN= 32, BK= 8, TM=2, TN=4:  27.1852 ms (median), mean=27.1564 ± 0.1625 ms (5055.66 GFLOP/s)
[  7/15] BM= 32, BN= 64, BK=16, TM=4, TN=2:  22.3575 ms (median), mean=22.2375 ± 0.3530 ms (6147.33 GFLOP/s)
[  8/15] BM= 32, BN= 64, BK= 8, TM=2, TN=2:  36.2056 ms (median), mean=36.1769 ± 0.1904 ms (3796.07 GFLOP/s)
[  9/15] BM=128, BN= 32, BK= 8, TM=4, TN=2:  31.7466 ms (median), mean=31.7087 ± 0.2768 ms (4329.25 GFLOP/s)
[ 10/15] BM=128, BN= 32, BK=16, TM=4, TN=4:  23.3682 ms (median), mean=23.4359 ± 0.2087 ms (5881.45 GFLOP/s)
[ 11/15] BM= 64, BN= 32, BK=16, TM=4, TN=2:  22.8608 ms (median), mean=22.8429 ± 0.1930 ms (6011.99 GFLOP/s)
[ 12/15] BM= 32, BN= 64, BK=16, TM=4, TN=2:  22.3995 ms (median), mean=22.4625 ± 0.2238 ms (6135.81 GFLOP/s)
[ 13/15] BM= 64, BN= 32, BK=32, TM=4, TN=1:  28.4959 ms (median), mean=28.5326 ± 0.3134 ms (4823.12 GFLOP/s)
[ 14/15] BM= 32, BN= 32, BK=16, TM=2, TN=2:  48.4541 ms (median), mean=48.4938 ± 0.2557 ms (2836.47 GFLOP/s)
[ 15/15] BM= 64, BN= 32, BK=16, TM=2, TN=2:  47.5827 ms (median), mean=47.5800 ± 0.2877 ms (2888.42 GFLOP/s)

Best trial: Trial #2
Best value: 22.3319 ms
✓ Bayesian run completed: 15 configs evaluated

================================================================================
EXPERIMENT 3: SYCL MATMUL Random Search
================================================================================

================================================================================
Random Search Auto-tuning SYCL MATMUL kernel
================================================================================
Problem size: 4096x4096x4096
Samples to evaluate: 15

Benchmark repeats per config: 10, warmup runs: 5

Valid configurations in search space: 93
[  1/15] BM= 32, BN= 32, BK=32, TM=2, TN=2:  47.1859 ms (median), mean=48.5496 ± 3.1261 ms (2912.71 GFLOP/s)
[  2/15] BM= 64, BN= 32, BK=16, TM=2, TN=2:  47.4481 ms (median), mean=47.5630 ± 0.1924 ms (2896.62 GFLOP/s)
[  3/15] BM= 32, BN= 32, BK= 8, TM=4, TN=2:  24.9692 ms (median), mean=25.0220 ± 0.1632 ms (5504.34 GFLOP/s)
[  4/15] BM= 64, BN= 32, BK=16, TM=4, TN=2:  22.7267 ms (median), mean=22.7659 ± 0.2426 ms (6047.48 GFLOP/s)
[  5/15] BM= 32, BN= 64, BK=16, TM=4, TN=1:  28.6423 ms (median), mean=28.5938 ± 0.1898 ms (4798.46 GFLOP/s)
[  6/15] BM=128, BN= 64, BK=16, TM=4, TN=4:  23.5218 ms (median), mean=23.7650 ± 0.5682 ms (5843.05 GFLOP/s)
[  7/15] BM= 32, BN= 64, BK= 8, TM=1, TN=4:  44.3279 ms (median), mean=44.3616 ± 0.1461 ms (3100.50 GFLOP/s)
[  8/15] BM= 64, BN= 64, BK=16, TM=4, TN=4:  23.6431 ms (median), mean=23.5917 ± 0.1787 ms (5813.06 GFLOP/s)
[  9/15] BM=128, BN= 32, BK= 8, TM=4, TN=2:  31.7056 ms (median), mean=31.7499 ± 0.2820 ms (4334.85 GFLOP/s)
[ 10/15] BM= 32, BN= 32, BK=32, TM=1, TN=4:  60.5768 ms (median), mean=60.6692 ± 0.3359 ms (2268.84 GFLOP/s)
[ 11/15] BM= 64, BN= 32, BK= 8, TM=2, TN=2:  41.6916 ms (median), mean=41.7038 ± 0.1677 ms (3296.56 GFLOP/s)
[ 12/15] BM= 32, BN= 64, BK= 8, TM=2, TN=2:  36.0484 ms (median), mean=36.0617 ± 0.1613 ms (3812.62 GFLOP/s)
[ 13/15] BM=128, BN= 32, BK=16, TM=2, TN=4:  47.1747 ms (median), mean=47.1504 ± 0.2179 ms (2913.41 GFLOP/s)
[ 14/15] BM= 32, BN= 32, BK=32, TM=2, TN=1:  49.3184 ms (median), mean=49.2787 ± 0.1490 ms (2786.77 GFLOP/s)
[ 15/15] BM= 64, BN= 64, BK= 8, TM=2, TN=4:  29.0140 ms (median), mean=29.1289 ± 0.2141 ms (4736.98 GFLOP/s)
✓ Random run completed: 15 configs evaluated
BAYESIAN holdout: geometric-mean speedup=2.121x, 95% CI=[2.105, 2.136], 20/20 paired seeds faster
RANDOM holdout: geometric-mean speedup=2.071x, 95% CI=[2.057, 2.086], 20/20 paired seeds faster

✓ SYCL Bayesian Run 3: best = 22.3319 ms
✓ SYCL Random Run 3:   best = 22.7267 ms

================================================================================
EXPERIMENT 4: SYCL MATMUL Bayesian Search
================================================================================

================================================================================
Bayesian Optimization Auto-tuning SYCL MATMUL kernel (Optuna)
================================================================================
Problem size: 4096x4096x4096
Trials to evaluate: 15

Benchmark repeats per config: 10, warmup runs: 5

Valid configurations in search space: 93/243

[  1/15] BM= 32, BN= 32, BK=32, TM=2, TN=2:  47.2243 ms (median), mean=47.2525 ± 0.1678 ms (2910.34 GFLOP/s)
[  2/15] BM= 32, BN= 64, BK= 8, TM=2, TN=2:  35.9153 ms (median), mean=35.9247 ± 0.1541 ms (3826.76 GFLOP/s)
[  3/15] BM=128, BN= 64, BK=32, TM=4, TN=4:  22.7564 ms (median), mean=22.7222 ± 0.1327 ms (6039.59 GFLOP/s)
[  4/15] BM= 64, BN= 32, BK= 8, TM=4, TN=1:  36.1661 ms (median), mean=36.1858 ± 0.1447 ms (3800.21 GFLOP/s)
[  5/15] BM= 64, BN= 32, BK=32, TM=4, TN=1:  28.4262 ms (median), mean=28.4754 ± 0.1850 ms (4834.93 GFLOP/s)
[  6/15] BM=128, BN= 64, BK=32, TM=4, TN=4:  22.9176 ms (median), mean=22.9357 ± 0.1931 ms (5997.08 GFLOP/s)
[  7/15] BM= 64, BN= 32, BK=16, TM=4, TN=1:  29.7846 ms (median), mean=29.8184 ± 0.1762 ms (4614.43 GFLOP/s)
[  8/15] BM= 32, BN= 32, BK=32, TM=4, TN=2:  22.6063 ms (median), mean=22.6130 ± 0.1719 ms (6079.67 GFLOP/s)
[  9/15] BM= 64, BN= 64, BK= 8, TM=2, TN=4:  29.0560 ms (median), mean=29.0327 ± 0.1336 ms (4730.14 GFLOP/s)
[ 10/15] BM= 64, BN= 32, BK= 8, TM=1, TN=4:  44.4820 ms (median), mean=44.5330 ± 0.1345 ms (3089.76 GFLOP/s)
[ 11/15] BM= 32, BN= 32, BK=32, TM=4, TN=2:  22.8045 ms (median), mean=22.7621 ± 0.1610 ms (6026.84 GFLOP/s)
[ 12/15] BM= 32, BN= 32, BK= 8, TM=4, TN=2:  25.1197 ms (median), mean=25.1141 ± 0.1690 ms (5471.35 GFLOP/s)
[ 13/15] BM= 64, BN= 64, BK= 8, TM=4, TN=4:  24.8376 ms (median), mean=24.8374 ± 0.2388 ms (5533.50 GFLOP/s)
[ 14/15] BM= 32, BN= 32, BK=32, TM=4, TN=2:  22.8598 ms (median), mean=22.7449 ± 0.2674 ms (6012.26 GFLOP/s)
[ 15/15] BM= 64, BN=128, BK=16, TM=4, TN=4:  35.5005 ms (median), mean=35.5980 ± 0.2707 ms (3871.46 GFLOP/s)

Best trial: Trial #8
Best value: 22.6063 ms
✓ Bayesian run completed: 15 configs evaluated

================================================================================
EXPERIMENT 4: SYCL MATMUL Random Search
================================================================================

================================================================================
Random Search Auto-tuning SYCL MATMUL kernel
================================================================================
Problem size: 4096x4096x4096
Samples to evaluate: 15

Benchmark repeats per config: 10, warmup runs: 5

Valid configurations in search space: 93
[  1/15] BM= 32, BN= 32, BK=32, TM=2, TN=2:  47.3513 ms (median), mean=47.3252 ± 0.1356 ms (2902.54 GFLOP/s)
[  2/15] BM=128, BN= 32, BK= 8, TM=4, TN=2:  31.8316 ms (median), mean=31.7767 ± 0.1511 ms (4317.70 GFLOP/s)
[  3/15] BM= 32, BN= 32, BK=32, TM=1, TN=2:  61.2582 ms (median), mean=61.3065 ± 0.2316 ms (2243.60 GFLOP/s)
[  4/15] BM= 32, BN= 64, BK=32, TM=4, TN=2:  22.0308 ms (median), mean=22.0827 ± 0.1776 ms (6238.48 GFLOP/s)
[  5/15] BM= 32, BN= 32, BK=16, TM=2, TN=1:  38.1640 ms (median), mean=38.2219 ± 0.1970 ms (3601.28 GFLOP/s)
[  6/15] BM= 32, BN= 64, BK=32, TM=1, TN=4:  71.9416 ms (median), mean=71.8343 ± 0.1848 ms (1910.42 GFLOP/s)
[  7/15] BM=128, BN= 64, BK=32, TM=4, TN=4:  22.9586 ms (median), mean=23.0353 ± 0.2201 ms (5986.38 GFLOP/s)
[  8/15] BM=128, BN= 32, BK= 8, TM=4, TN=4:  24.9769 ms (median), mean=25.0386 ± 0.1846 ms (5502.64 GFLOP/s)
[  9/15] BM= 32, BN= 32, BK=32, TM=2, TN=1:  49.0639 ms (median), mean=49.0082 ± 0.2590 ms (2801.22 GFLOP/s)
[ 10/15] BM= 64, BN=128, BK= 8, TM=4, TN=4:  36.5548 ms (median), mean=36.5369 ± 0.1214 ms (3759.81 GFLOP/s)
[ 11/15] BM=128, BN= 32, BK=32, TM=2, TN=4:  46.6412 ms (median), mean=46.6707 ± 0.1879 ms (2946.73 GFLOP/s)
[ 12/15] BM= 64, BN= 32, BK=16, TM=1, TN=4:  48.0993 ms (median), mean=48.1099 ± 0.2851 ms (2857.40 GFLOP/s)
[ 13/15] BM= 32, BN= 64, BK=32, TM=4, TN=1:  28.2025 ms (median), mean=28.2285 ± 0.1863 ms (4873.29 GFLOP/s)
[ 14/15] BM= 32, BN= 64, BK= 8, TM=4, TN=4:  25.0025 ms (median), mean=25.0286 ± 0.1589 ms (5497.01 GFLOP/s)
[ 15/15] BM= 32, BN= 64, BK= 8, TM=1, TN=4:  44.3761 ms (median), mean=44.3566 ± 0.1491 ms (3097.14 GFLOP/s)
✓ Random run completed: 15 configs evaluated
BAYESIAN holdout: geometric-mean speedup=2.095x, 95% CI=[2.083, 2.108], 20/20 paired seeds faster
RANDOM holdout: geometric-mean speedup=2.153x, 95% CI=[2.137, 2.170], 20/20 paired seeds faster

✓ SYCL Bayesian Run 4: best = 22.6063 ms
✓ SYCL Random Run 4:   best = 22.0308 ms

================================================================================
EXPERIMENT 5: SYCL MATMUL Bayesian Search
================================================================================

================================================================================
Bayesian Optimization Auto-tuning SYCL MATMUL kernel (Optuna)
================================================================================
Problem size: 4096x4096x4096
Trials to evaluate: 15

Benchmark repeats per config: 10, warmup runs: 5

Valid configurations in search space: 93/243

[  1/15] BM= 32, BN= 32, BK=32, TM=2, TN=2:  47.3421 ms (median), mean=47.4033 ± 0.1891 ms (2903.10 GFLOP/s)
[  2/15] BM=128, BN= 32, BK=32, TM=4, TN=4:  24.4659 ms (median), mean=24.4297 ± 0.2219 ms (5617.57 GFLOP/s)
[  3/15] BM= 64, BN= 32, BK= 8, TM=2, TN=2:  41.7664 ms (median), mean=41.8404 ± 0.1920 ms (3290.66 GFLOP/s)
[  4/15] BM=128, BN= 32, BK=32, TM=4, TN=4:  24.4961 ms (median), mean=24.3968 ± 0.2292 ms (5610.64 GFLOP/s)
[  5/15] BM= 32, BN= 64, BK=32, TM=2, TN=2:  46.2556 ms (median), mean=46.2289 ± 0.1543 ms (2971.29 GFLOP/s)
[  6/15] BM= 64, BN= 32, BK=16, TM=4, TN=1:  29.7646 ms (median), mean=29.9310 ± 0.3699 ms (4617.53 GFLOP/s)
[  7/15] BM= 32, BN= 32, BK=16, TM=2, TN=1:  38.0836 ms (median), mean=38.0524 ± 0.1297 ms (3608.88 GFLOP/s)
[  8/15] BM= 32, BN= 64, BK=16, TM=2, TN=4:  46.8429 ms (median), mean=46.7980 ± 0.1712 ms (2934.04 GFLOP/s)
[  9/15] BM=128, BN= 32, BK= 8, TM=2, TN=4:  31.8177 ms (median), mean=31.8980 ± 0.2110 ms (4319.57 GFLOP/s)
[ 10/15] BM= 32, BN= 32, BK= 8, TM=2, TN=4:  28.0612 ms (median), mean=28.0318 ± 0.1429 ms (4897.83 GFLOP/s)
[ 11/15] BM= 32, BN= 32, BK=16, TM=2, TN=2:  48.4721 ms (median), mean=48.5385 ± 0.2685 ms (2835.43 GFLOP/s)
[ 12/15] BM=128, BN= 32, BK=32, TM=4, TN=4:  23.6493 ms (median), mean=23.6108 ± 0.1456 ms (5811.55 GFLOP/s)
[ 13/15] BM=128, BN= 32, BK=32, TM=4, TN=4:  23.6979 ms (median), mean=23.6796 ± 0.1977 ms (5799.62 GFLOP/s)
[ 14/15] BM= 64, BN= 64, BK= 8, TM=4, TN=4:  23.9713 ms (median), mean=24.0520 ± 0.1576 ms (5733.47 GFLOP/s)
[ 15/15] BM= 64, BN= 32, BK= 8, TM=1, TN=4:  43.4975 ms (median), mean=43.5140 ± 0.0990 ms (3159.70 GFLOP/s)

Best trial: Trial #12
Best value: 23.6493 ms
✓ Bayesian run completed: 15 configs evaluated

================================================================================
EXPERIMENT 5: SYCL MATMUL Random Search
================================================================================

================================================================================
Random Search Auto-tuning SYCL MATMUL kernel
================================================================================
Problem size: 4096x4096x4096
Samples to evaluate: 15

Benchmark repeats per config: 10, warmup runs: 5

Valid configurations in search space: 93
[  1/15] BM= 32, BN= 32, BK=32, TM=2, TN=2:  46.5505 ms (median), mean=46.5518 ± 0.1226 ms (2952.47 GFLOP/s)
[  2/15] BM= 64, BN= 32, BK= 8, TM=2, TN=4:  26.2687 ms (median), mean=26.3005 ± 0.1141 ms (5232.05 GFLOP/s)
[  3/15] BM= 64, BN= 32, BK= 8, TM=4, TN=1:  35.4847 ms (median), mean=35.5625 ± 0.1724 ms (3873.19 GFLOP/s)
[  4/15] BM= 64, BN= 32, BK=16, TM=4, TN=1:  28.8067 ms (median), mean=28.9290 ± 0.1607 ms (4771.08 GFLOP/s)
[  5/15] BM=128, BN= 64, BK=16, TM=4, TN=4:  22.6842 ms (median), mean=22.7705 ± 0.1825 ms (6058.81 GFLOP/s)
[  6/15] BM= 32, BN= 64, BK=16, TM=2, TN=4:  45.8153 ms (median), mean=45.7570 ± 0.1274 ms (2999.85 GFLOP/s)
[  7/15] BM= 64, BN= 32, BK=32, TM=2, TN=4:  45.6141 ms (median), mean=45.5816 ± 0.0892 ms (3013.08 GFLOP/s)
[  8/15] BM=128, BN= 32, BK=16, TM=4, TN=2:  24.0415 ms (median), mean=24.1215 ± 0.1723 ms (5716.74 GFLOP/s)
[  9/15] BM= 64, BN= 32, BK=16, TM=2, TN=4:  46.8644 ms (median), mean=46.8733 ± 0.1173 ms (2932.70 GFLOP/s)
[ 10/15] BM= 32, BN= 64, BK=32, TM=4, TN=4:  23.3800 ms (median), mean=23.3469 ± 0.1014 ms (5878.49 GFLOP/s)
[ 11/15] BM= 32, BN=128, BK=32, TM=4, TN=4:  35.6388 ms (median), mean=35.6419 ± 0.0721 ms (3856.44 GFLOP/s)
[ 12/15] BM=128, BN= 32, BK=16, TM=4, TN=4:  22.6662 ms (median), mean=22.6615 ± 0.1557 ms (6063.60 GFLOP/s)
[ 13/15] BM= 32, BN= 32, BK=16, TM=4, TN=2:  22.4143 ms (median), mean=22.3947 ± 0.1418 ms (6131.74 GFLOP/s)
[ 14/15] BM= 32, BN=128, BK=16, TM=4, TN=4:  35.0735 ms (median), mean=35.1962 ± 0.2505 ms (3918.59 GFLOP/s)
[ 15/15] BM= 32, BN=128, BK=16, TM=2, TN=4:  64.4905 ms (median), mean=64.3397 ± 0.1948 ms (2131.15 GFLOP/s)
✓ Random run completed: 15 configs evaluated
BAYESIAN holdout: geometric-mean speedup=1.978x, 95% CI=[1.967, 1.990], 20/20 paired seeds faster
RANDOM holdout: geometric-mean speedup=2.077x, 95% CI=[2.070, 2.084], 20/20 paired seeds faster

✓ SYCL Bayesian Run 5: best = 23.6493 ms
✓ SYCL Random Run 5:   best = 22.4143 ms

================================================================================
EXPERIMENT 6: SYCL MATMUL Bayesian Search
================================================================================

================================================================================
Bayesian Optimization Auto-tuning SYCL MATMUL kernel (Optuna)
================================================================================
Problem size: 4096x4096x4096
Trials to evaluate: 15

Benchmark repeats per config: 10, warmup runs: 5

Valid configurations in search space: 93/243

[  1/15] BM= 32, BN= 32, BK=32, TM=2, TN=2:  46.3657 ms (median), mean=46.4221 ± 0.1354 ms (2964.24 GFLOP/s)
[  2/15] BM= 32, BN= 32, BK= 8, TM=4, TN=2:  24.3348 ms (median), mean=24.3514 ± 0.1240 ms (5647.82 GFLOP/s)
[  3/15] BM=128, BN= 32, BK=16, TM=4, TN=2:  24.1818 ms (median), mean=24.1459 ± 0.1531 ms (5683.58 GFLOP/s)
[  4/15] BM= 32, BN= 64, BK= 8, TM=4, TN=1:  35.1652 ms (median), mean=35.1695 ± 0.1148 ms (3908.38 GFLOP/s)
[  5/15] BM= 64, BN= 64, BK= 8, TM=4, TN=2:  23.9647 ms (median), mean=24.0372 ± 0.1747 ms (5735.07 GFLOP/s)
[  6/15] BM= 32, BN= 32, BK=16, TM=1, TN=4:  47.7476 ms (median), mean=47.7893 ± 0.1624 ms (2878.45 GFLOP/s)
[  7/15] BM=128, BN= 32, BK=32, TM=4, TN=2:  21.5578 ms (median), mean=21.5652 ± 0.1203 ms (6375.38 GFLOP/s)
[  8/15] BM= 64, BN= 32, BK= 8, TM=4, TN=1:  35.6408 ms (median), mean=35.6948 ± 0.1820 ms (3856.22 GFLOP/s)
[  9/15] BM= 64, BN= 32, BK=16, TM=1, TN=4:  47.3871 ms (median), mean=47.4402 ± 0.1011 ms (2900.34 GFLOP/s)
[ 10/15] BM= 64, BN= 32, BK=32, TM=4, TN=2:  21.6346 ms (median), mean=21.6006 ± 0.1219 ms (6352.75 GFLOP/s)
[ 11/15] BM= 32, BN= 64, BK=32, TM=4, TN=4:  23.3605 ms (median), mean=23.4098 ± 0.1297 ms (5883.39 GFLOP/s)
[ 12/15] BM=128, BN= 32, BK=32, TM=4, TN=2:  21.6161 ms (median), mean=21.5784 ± 0.1526 ms (6358.17 GFLOP/s)
[ 13/15] BM=128, BN= 32, BK=32, TM=4, TN=2:  21.7467 ms (median), mean=21.7315 ± 0.1728 ms (6319.99 GFLOP/s)
[ 14/15] BM=128, BN= 32, BK=32, TM=4, TN=2:  21.5613 ms (median), mean=21.5582 ± 0.1437 ms (6374.32 GFLOP/s)
[ 15/15] BM= 64, BN= 64, BK=32, TM=4, TN=4:  22.2387 ms (median), mean=22.2468 ± 0.1437 ms (6180.16 GFLOP/s)

Best trial: Trial #7
Best value: 21.5578 ms
✓ Bayesian run completed: 15 configs evaluated

================================================================================
EXPERIMENT 6: SYCL MATMUL Random Search
================================================================================

================================================================================
Random Search Auto-tuning SYCL MATMUL kernel
================================================================================
Problem size: 4096x4096x4096
Samples to evaluate: 15

Benchmark repeats per config: 10, warmup runs: 5

Valid configurations in search space: 93
[  1/15] BM= 32, BN= 32, BK=32, TM=2, TN=2:  46.5864 ms (median), mean=46.6105 ± 0.1929 ms (2950.20 GFLOP/s)
[  2/15] BM= 32, BN= 64, BK=16, TM=1, TN=4:  65.6374 ms (median), mean=65.6443 ± 0.1524 ms (2093.91 GFLOP/s)
[  3/15] BM= 32, BN=128, BK=16, TM=4, TN=4:  35.0188 ms (median), mean=35.0345 ± 0.0828 ms (3924.72 GFLOP/s)
[  4/15] BM= 64, BN= 32, BK= 8, TM=1, TN=4:  44.4360 ms (median), mean=44.4399 ± 0.2226 ms (3092.97 GFLOP/s)
[  5/15] BM= 64, BN= 32, BK=16, TM=2, TN=4:  47.6129 ms (median), mean=47.6680 ± 0.2117 ms (2886.59 GFLOP/s)
[  6/15] BM= 32, BN= 32, BK=16, TM=4, TN=2:  23.2105 ms (median), mean=23.1471 ± 0.1660 ms (5921.41 GFLOP/s)
[  7/15] BM= 64, BN= 32, BK=32, TM=2, TN=4:  46.4778 ms (median), mean=46.5158 ± 0.1202 ms (2957.09 GFLOP/s)
[  8/15] BM= 64, BN= 32, BK= 8, TM=2, TN=2:  42.1079 ms (median), mean=42.0290 ± 0.2415 ms (3263.97 GFLOP/s)
[  9/15] BM= 32, BN= 32, BK= 8, TM=4, TN=1:  33.7915 ms (median), mean=33.8621 ± 0.2215 ms (4067.27 GFLOP/s)
[ 10/15] BM= 32, BN=128, BK= 8, TM=4, TN=4:  36.5430 ms (median), mean=36.5621 ± 0.1876 ms (3761.02 GFLOP/s)
[ 11/15] BM= 64, BN= 32, BK=32, TM=4, TN=2:  22.3657 ms (median), mean=22.4930 ± 0.3111 ms (6145.08 GFLOP/s)
[ 12/15] BM= 32, BN= 64, BK=16, TM=4, TN=1:  28.4826 ms (median), mean=28.5806 ± 0.2369 ms (4825.37 GFLOP/s)
[ 13/15] BM= 64, BN= 64, BK=32, TM=4, TN=2:  21.6755 ms (median), mean=21.7151 ± 0.2847 ms (6340.75 GFLOP/s)
[ 14/15] BM= 32, BN= 32, BK=16, TM=1, TN=2:  43.5436 ms (median), mean=43.4969 ± 0.1661 ms (3156.36 GFLOP/s)
[ 15/15] BM= 64, BN= 32, BK=32, TM=1, TN=4:  59.7903 ms (median), mean=59.7949 ± 0.1887 ms (2298.68 GFLOP/s)
✓ Random run completed: 15 configs evaluated
BAYESIAN holdout: geometric-mean speedup=2.125x, 95% CI=[2.112, 2.137], 20/20 paired seeds faster
RANDOM holdout: geometric-mean speedup=2.191x, 95% CI=[2.176, 2.205], 20/20 paired seeds faster

✓ SYCL Bayesian Run 6: best = 21.5578 ms
✓ SYCL Random Run 6:   best = 21.6755 ms

================================================================================
EXPERIMENT 7: SYCL MATMUL Bayesian Search
================================================================================

================================================================================
Bayesian Optimization Auto-tuning SYCL MATMUL kernel (Optuna)
================================================================================
Problem size: 4096x4096x4096
Trials to evaluate: 15

Benchmark repeats per config: 10, warmup runs: 5

Valid configurations in search space: 93/243

[  1/15] BM= 32, BN= 32, BK=32, TM=2, TN=2:  47.3539 ms (median), mean=47.4818 ± 0.2865 ms (2902.38 GFLOP/s)
[  2/15] BM= 32, BN= 32, BK=32, TM=1, TN=4:  60.3832 ms (median), mean=60.4427 ± 0.2166 ms (2276.11 GFLOP/s)
[  3/15] BM= 32, BN= 64, BK= 8, TM=2, TN=2:  36.2061 ms (median), mean=36.2554 ± 0.2391 ms (3796.02 GFLOP/s)
[  4/15] BM= 32, BN= 64, BK=32, TM=2, TN=2:  46.1716 ms (median), mean=46.1790 ± 0.1185 ms (2976.70 GFLOP/s)
[  5/15] BM= 64, BN= 32, BK=16, TM=2, TN=2:  47.6201 ms (median), mean=47.5861 ± 0.1658 ms (2886.15 GFLOP/s)
[  6/15] BM= 32, BN=128, BK=16, TM=4, TN=2:  24.7680 ms (median), mean=24.6018 ± 0.2848 ms (5549.05 GFLOP/s)
[  7/15] BM= 32, BN= 64, BK=32, TM=1, TN=4:  72.2166 ms (median), mean=72.1524 ± 0.2429 ms (1903.15 GFLOP/s)
[  8/15] BM= 64, BN= 32, BK=32, TM=2, TN=4:  46.8004 ms (median), mean=46.8247 ± 0.2503 ms (2936.71 GFLOP/s)
[  9/15] BM= 32, BN= 32, BK=32, TM=1, TN=2:  61.2731 ms (median), mean=61.3098 ± 0.1695 ms (2243.06 GFLOP/s)
[ 10/15] BM= 32, BN=128, BK=16, TM=4, TN=2:  24.7158 ms (median), mean=24.8746 ± 0.4029 ms (5560.78 GFLOP/s)
[ 11/15] BM= 32, BN= 32, BK=16, TM=2, TN=4:  48.4157 ms (median), mean=48.3743 ± 0.1525 ms (2838.72 GFLOP/s)
[ 12/15] BM= 32, BN=128, BK=16, TM=4, TN=2:  24.5770 ms (median), mean=24.6201 ± 0.2291 ms (5592.17 GFLOP/s)
[ 13/15] BM= 64, BN= 64, BK= 8, TM=4, TN=2:  24.7255 ms (median), mean=24.7799 ± 0.1885 ms (5558.59 GFLOP/s)
[ 14/15] BM= 64, BN= 32, BK=32, TM=4, TN=1:  28.3607 ms (median), mean=28.4947 ± 0.2472 ms (4846.11 GFLOP/s)
[ 15/15] BM= 64, BN= 32, BK=16, TM=4, TN=2:  22.6468 ms (median), mean=22.7447 ± 0.1963 ms (6068.81 GFLOP/s)

Best trial: Trial #15
Best value: 22.6468 ms
✓ Bayesian run completed: 15 configs evaluated

================================================================================
EXPERIMENT 7: SYCL MATMUL Random Search
================================================================================

================================================================================
Random Search Auto-tuning SYCL MATMUL kernel
================================================================================
Problem size: 4096x4096x4096
Samples to evaluate: 15

Benchmark repeats per config: 10, warmup runs: 5

Valid configurations in search space: 93
[  1/15] BM= 32, BN= 32, BK=32, TM=2, TN=2:  47.5254 ms (median), mean=47.5964 ± 0.2434 ms (2891.91 GFLOP/s)
[  2/15] BM= 32, BN= 32, BK=32, TM=4, TN=4:  23.6017 ms (median), mean=23.7751 ± 0.2594 ms (5823.27 GFLOP/s)
[  3/15] BM= 32, BN= 64, BK=32, TM=1, TN=4:  72.0440 ms (median), mean=72.0083 ± 0.1796 ms (1907.71 GFLOP/s)
[  4/15] BM= 32, BN= 32, BK=32, TM=4, TN=2:  22.6094 ms (median), mean=22.6330 ± 0.2340 ms (6078.84 GFLOP/s)
[  5/15] BM= 32, BN=128, BK= 8, TM=2, TN=4:  26.3363 ms (median), mean=26.4399 ± 0.3034 ms (5218.62 GFLOP/s)
[  6/15] BM= 32, BN= 32, BK=32, TM=1, TN=4:  60.3643 ms (median), mean=60.4798 ± 0.2739 ms (2276.83 GFLOP/s)
[  7/15] BM= 32, BN= 32, BK= 8, TM=4, TN=2:  25.1428 ms (median), mean=25.2518 ± 0.2659 ms (5466.34 GFLOP/s)
[  8/15] BM= 32, BN=128, BK=32, TM=4, TN=2:  22.7686 ms (median), mean=22.8622 ± 0.1572 ms (6036.33 GFLOP/s)
[  9/15] BM= 32, BN=128, BK=16, TM=4, TN=4:  35.9788 ms (median), mean=36.0515 ± 0.2485 ms (3820.00 GFLOP/s)
[ 10/15] BM= 64, BN= 64, BK= 8, TM=4, TN=2:  24.4710 ms (median), mean=24.5134 ± 0.1510 ms (5616.39 GFLOP/s)
[ 11/15] BM=128, BN= 32, BK=16, TM=4, TN=4:  23.6483 ms (median), mean=23.6780 ± 0.2180 ms (5811.80 GFLOP/s)
[ 12/15] BM=128, BN= 32, BK= 8, TM=4, TN=4:  24.8929 ms (median), mean=24.9961 ± 0.2540 ms (5521.20 GFLOP/s)
[ 13/15] BM= 32, BN= 64, BK=16, TM=4, TN=4:  23.9990 ms (median), mean=23.9580 ± 0.1818 ms (5726.87 GFLOP/s)
[ 14/15] BM= 64, BN= 32, BK= 8, TM=2, TN=4:  27.0618 ms (median), mean=27.0765 ± 0.2922 ms (5078.71 GFLOP/s)
[ 15/15] BM= 64, BN= 32, BK= 8, TM=4, TN=4:  24.2944 ms (median), mean=24.3333 ± 0.2281 ms (5657.23 GFLOP/s)
✓ Random run completed: 15 configs evaluated
BAYESIAN holdout: geometric-mean speedup=2.076x, 95% CI=[2.063, 2.089], 20/20 paired seeds faster
RANDOM holdout: geometric-mean speedup=2.083x, 95% CI=[2.070, 2.098], 20/20 paired seeds faster

✓ SYCL Bayesian Run 7: best = 22.6468 ms
✓ SYCL Random Run 7:   best = 22.6094 ms

================================================================================
EXPERIMENT 8: SYCL MATMUL Bayesian Search
================================================================================

================================================================================
Bayesian Optimization Auto-tuning SYCL MATMUL kernel (Optuna)
================================================================================
Problem size: 4096x4096x4096
Trials to evaluate: 15

Benchmark repeats per config: 10, warmup runs: 5

Valid configurations in search space: 93/243

[  1/15] BM= 32, BN= 32, BK=32, TM=2, TN=2:  47.4476 ms (median), mean=47.4217 ± 0.2059 ms (2896.65 GFLOP/s)
[  2/15] BM= 32, BN= 32, BK= 8, TM=1, TN=4:  40.8929 ms (median), mean=40.8628 ± 0.2095 ms (3360.95 GFLOP/s)
[  3/15] BM=128, BN= 32, BK=32, TM=2, TN=4:  46.7282 ms (median), mean=46.7412 ± 0.2603 ms (2941.24 GFLOP/s)
[  4/15] BM= 64, BN= 64, BK= 8, TM=4, TN=4:  24.8008 ms (median), mean=25.0027 ± 0.4002 ms (5541.72 GFLOP/s)
[  5/15] BM= 32, BN= 32, BK=16, TM=2, TN=2:  48.4966 ms (median), mean=48.4366 ± 0.1281 ms (2833.99 GFLOP/s)
[  6/15] BM= 32, BN= 64, BK=16, TM=4, TN=2:  22.3314 ms (median), mean=22.3749 ± 0.1484 ms (6154.52 GFLOP/s)
[  7/15] BM= 32, BN= 64, BK=16, TM=4, TN=2:  22.3616 ms (median), mean=22.4414 ± 0.2011 ms (6146.20 GFLOP/s)
[  8/15] BM= 32, BN= 64, BK=16, TM=4, TN=1:  28.3402 ms (median), mean=28.3063 ± 0.1915 ms (4849.61 GFLOP/s)
[  9/15] BM= 32, BN= 32, BK=16, TM=4, TN=2:  23.4839 ms (median), mean=23.4698 ± 0.2770 ms (5852.47 GFLOP/s)
[ 10/15] BM= 32, BN= 64, BK=16, TM=4, TN=2:  22.4891 ms (median), mean=22.4418 ± 0.2185 ms (6111.36 GFLOP/s)
[ 11/15] BM= 32, BN=128, BK=16, TM=2, TN=4:  64.9062 ms (median), mean=64.9268 ± 0.1291 ms (2117.50 GFLOP/s)
[ 12/15] BM= 32, BN= 64, BK=16, TM=4, TN=2:  22.4476 ms (median), mean=22.4558 ± 0.2052 ms (6122.65 GFLOP/s)
[ 13/15] BM= 64, BN=128, BK= 8, TM=4, TN=4:  36.6572 ms (median), mean=36.7167 ± 0.1860 ms (3749.31 GFLOP/s)
[ 14/15] BM= 64, BN= 64, BK=16, TM=4, TN=2:  24.0369 ms (median), mean=24.1794 ± 0.3087 ms (5717.84 GFLOP/s)
[ 15/15] BM= 32, BN=128, BK=32, TM=4, TN=2:  22.8905 ms (median), mean=22.8846 ± 0.1984 ms (6004.19 GFLOP/s)

Best trial: Trial #6
Best value: 22.3314 ms
✓ Bayesian run completed: 15 configs evaluated

================================================================================
EXPERIMENT 8: SYCL MATMUL Random Search
================================================================================

================================================================================
Random Search Auto-tuning SYCL MATMUL kernel
================================================================================
Problem size: 4096x4096x4096
Samples to evaluate: 15

Benchmark repeats per config: 10, warmup runs: 5

Valid configurations in search space: 93
[  1/15] BM= 32, BN= 32, BK=32, TM=2, TN=2:  47.2776 ms (median), mean=47.3072 ± 0.1098 ms (2907.06 GFLOP/s)
[  2/15] BM= 32, BN=128, BK= 8, TM=2, TN=4:  26.5329 ms (median), mean=26.6838 ± 0.2449 ms (5179.95 GFLOP/s)
[  3/15] BM= 32, BN= 32, BK= 8, TM=4, TN=1:  33.8755 ms (median), mean=33.9896 ± 0.2515 ms (4057.18 GFLOP/s)
[  4/15] BM= 32, BN=128, BK= 8, TM=4, TN=4:  36.6525 ms (median), mean=36.5794 ± 0.1685 ms (3749.78 GFLOP/s)
[  5/15] BM= 64, BN= 64, BK=16, TM=4, TN=4:  23.7952 ms (median), mean=23.8450 ± 0.1888 ms (5775.91 GFLOP/s)
[  6/15] BM= 32, BN= 64, BK= 8, TM=4, TN=4:  24.9999 ms (median), mean=25.0307 ± 0.1821 ms (5497.57 GFLOP/s)
[  7/15] BM= 64, BN= 32, BK= 8, TM=2, TN=4:  27.0930 ms (median), mean=27.2001 ± 0.2485 ms (5072.86 GFLOP/s)
[  8/15] BM= 64, BN= 32, BK=32, TM=4, TN=4:  22.5398 ms (median), mean=22.5355 ± 0.2104 ms (6097.62 GFLOP/s)
[  9/15] BM= 32, BN= 32, BK= 8, TM=4, TN=4:  25.6850 ms (median), mean=25.7210 ± 0.2274 ms (5350.94 GFLOP/s)
[ 10/15] BM= 64, BN= 64, BK=16, TM=2, TN=4:  45.8778 ms (median), mean=45.9156 ± 0.1635 ms (2995.76 GFLOP/s)
[ 11/15] BM= 32, BN= 32, BK=32, TM=1, TN=2:  61.1087 ms (median), mean=61.0719 ± 0.1409 ms (2249.09 GFLOP/s)
[ 12/15] BM= 32, BN= 64, BK=32, TM=1, TN=4:  72.0599 ms (median), mean=72.0976 ± 0.1624 ms (1907.29 GFLOP/s)
[ 13/15] BM= 64, BN= 32, BK=16, TM=4, TN=1:  29.9715 ms (median), mean=29.9786 ± 0.1649 ms (4585.66 GFLOP/s)
[ 14/15] BM= 32, BN= 32, BK= 8, TM=2, TN=4:  27.9142 ms (median), mean=27.9081 ± 0.1148 ms (4923.61 GFLOP/s)
[ 15/15] BM= 32, BN= 32, BK=16, TM=1, TN=4:  48.5381 ms (median), mean=48.6090 ± 0.2206 ms (2831.57 GFLOP/s)
✓ Random run completed: 15 configs evaluated
BAYESIAN holdout: geometric-mean speedup=2.113x, 95% CI=[2.097, 2.129], 20/20 paired seeds faster
RANDOM holdout: geometric-mean speedup=2.097x, 95% CI=[2.085, 2.110], 20/20 paired seeds faster

✓ SYCL Bayesian Run 8: best = 22.3314 ms
✓ SYCL Random Run 8:   best = 22.5398 ms

================================================================================
EXPERIMENT 9: SYCL MATMUL Bayesian Search
================================================================================

================================================================================
Bayesian Optimization Auto-tuning SYCL MATMUL kernel (Optuna)
================================================================================
Problem size: 4096x4096x4096
Trials to evaluate: 15

Benchmark repeats per config: 10, warmup runs: 5

Valid configurations in search space: 93/243

[  1/15] BM= 32, BN= 32, BK=32, TM=2, TN=2:  47.5300 ms (median), mean=47.4398 ± 0.2440 ms (2891.63 GFLOP/s)
[  2/15] BM= 64, BN= 32, BK=16, TM=2, TN=4:  47.5981 ms (median), mean=47.7070 ± 0.2755 ms (2887.49 GFLOP/s)
[  3/15] BM= 64, BN= 32, BK=32, TM=2, TN=4:  46.7026 ms (median), mean=46.6905 ± 0.1409 ms (2942.85 GFLOP/s)
[  4/15] BM= 32, BN= 32, BK=32, TM=2, TN=2:  47.3165 ms (median), mean=47.3638 ± 0.1643 ms (2904.67 GFLOP/s)
[  5/15] BM=128, BN= 64, BK= 8, TM=4, TN=4:  25.3512 ms (median), mean=25.3912 ± 0.1895 ms (5421.41 GFLOP/s)
[  6/15] BM= 32, BN= 64, BK= 8, TM=2, TN=4:  25.7725 ms (median), mean=25.7052 ± 0.2528 ms (5332.77 GFLOP/s)
[  7/15] BM=128, BN= 64, BK= 8, TM=4, TN=4:  25.4193 ms (median), mean=25.4859 ± 0.3003 ms (5406.88 GFLOP/s)
[  8/15] BM= 64, BN= 32, BK=16, TM=2, TN=2:  47.4148 ms (median), mean=47.4631 ± 0.2836 ms (2898.65 GFLOP/s)
[  9/15] BM=128, BN= 32, BK=16, TM=2, TN=4:  47.0308 ms (median), mean=46.9517 ± 0.1846 ms (2922.32 GFLOP/s)
[ 10/15] BM= 64, BN= 64, BK= 8, TM=4, TN=2:  24.7757 ms (median), mean=24.7059 ± 0.1725 ms (5547.33 GFLOP/s)
[ 11/15] BM= 32, BN= 64, BK=16, TM=2, TN=2:  46.9320 ms (median), mean=46.9297 ± 0.2351 ms (2928.47 GFLOP/s)
[ 12/15] BM= 32, BN= 64, BK=32, TM=2, TN=4:  45.9812 ms (median), mean=45.9563 ± 0.0984 ms (2989.03 GFLOP/s)
[ 13/15] BM= 32, BN= 64, BK=16, TM=1, TN=4:  66.3793 ms (median), mean=66.4113 ± 0.1782 ms (2070.51 GFLOP/s)
[ 14/15] BM= 64, BN= 64, BK= 8, TM=4, TN=2:  24.6364 ms (median), mean=24.6771 ± 0.2075 ms (5578.69 GFLOP/s)
[ 15/15] BM= 64, BN= 64, BK= 8, TM=4, TN=2:  24.6031 ms (median), mean=24.6276 ± 0.3240 ms (5586.24 GFLOP/s)

Best trial: Trial #15
Best value: 24.6031 ms
✓ Bayesian run completed: 15 configs evaluated

================================================================================
EXPERIMENT 9: SYCL MATMUL Random Search
================================================================================

================================================================================
Random Search Auto-tuning SYCL MATMUL kernel
================================================================================
Problem size: 4096x4096x4096
Samples to evaluate: 15

Benchmark repeats per config: 10, warmup runs: 5

Valid configurations in search space: 93
[  1/15] BM= 32, BN= 32, BK=32, TM=2, TN=2:  47.3569 ms (median), mean=47.2772 ± 0.1940 ms (2902.19 GFLOP/s)
[  2/15] BM= 64, BN= 64, BK=16, TM=4, TN=4:  23.7051 ms (median), mean=23.7994 ± 0.2511 ms (5797.87 GFLOP/s)
[  3/15] BM= 32, BN=128, BK=16, TM=4, TN=2:  24.4193 ms (median), mean=24.4536 ± 0.1617 ms (5628.29 GFLOP/s)
[  4/15] BM= 32, BN= 32, BK= 8, TM=4, TN=2:  25.0030 ms (median), mean=24.9845 ± 0.1092 ms (5496.90 GFLOP/s)
[  5/15] BM= 64, BN=128, BK=32, TM=4, TN=4:  34.9763 ms (median), mean=35.0263 ± 0.2392 ms (3929.49 GFLOP/s)
[  6/15] BM= 32, BN= 64, BK=32, TM=4, TN=4:  24.2012 ms (median), mean=24.2935 ± 0.2327 ms (5679.01 GFLOP/s)
[  7/15] BM= 32, BN= 32, BK=16, TM=1, TN=4:  48.5023 ms (median), mean=48.6589 ± 0.2923 ms (2833.66 GFLOP/s)
[  8/15] BM= 32, BN=128, BK=16, TM=2, TN=4:  65.0015 ms (median), mean=64.9591 ± 0.2827 ms (2114.40 GFLOP/s)
[  9/15] BM= 64, BN= 64, BK=16, TM=2, TN=4:  45.8609 ms (median), mean=45.9048 ± 0.1698 ms (2996.87 GFLOP/s)
[ 10/15] BM= 64, BN= 32, BK= 8, TM=4, TN=2:  24.7347 ms (median), mean=24.7836 ± 0.1722 ms (5556.52 GFLOP/s)
[ 11/15] BM= 32, BN= 32, BK=16, TM=4, TN=2:  23.1583 ms (median), mean=23.3423 ± 0.3981 ms (5934.77 GFLOP/s)
[ 12/15] BM=128, BN= 32, BK= 8, TM=2, TN=4:  31.7194 ms (median), mean=31.7036 ± 0.2070 ms (4332.96 GFLOP/s)
[ 13/15] BM=128, BN= 64, BK=32, TM=4, TN=4:  23.0083 ms (median), mean=23.0951 ± 0.3217 ms (5973.46 GFLOP/s)
[ 14/15] BM= 32, BN= 64, BK= 8, TM=4, TN=4:  24.9472 ms (median), mean=25.0243 ± 0.2101 ms (5509.19 GFLOP/s)
[ 15/15] BM= 32, BN= 32, BK=32, TM=4, TN=2:  22.7057 ms (median), mean=22.7736 ± 0.1883 ms (6053.07 GFLOP/s)
✓ Random run completed: 15 configs evaluated
BAYESIAN holdout: geometric-mean speedup=1.916x, 95% CI=[1.905, 1.927], 20/20 paired seeds faster
RANDOM holdout: geometric-mean speedup=2.068x, 95% CI=[2.053, 2.083], 20/20 paired seeds faster

✓ SYCL Bayesian Run 9: best = 24.6031 ms
✓ SYCL Random Run 9:   best = 22.7057 ms

================================================================================
EXPERIMENT 10: SYCL MATMUL Bayesian Search
================================================================================

================================================================================
Bayesian Optimization Auto-tuning SYCL MATMUL kernel (Optuna)
================================================================================
Problem size: 4096x4096x4096
Trials to evaluate: 15

Benchmark repeats per config: 10, warmup runs: 5

Valid configurations in search space: 93/243

[  1/15] BM= 32, BN= 32, BK=32, TM=2, TN=2:  47.2694 ms (median), mean=47.2713 ± 0.0952 ms (2907.57 GFLOP/s)
[  2/15] BM= 32, BN= 32, BK= 8, TM=1, TN=4:  40.8458 ms (median), mean=40.8935 ± 0.1738 ms (3364.82 GFLOP/s)
[  3/15] BM= 64, BN= 64, BK=32, TM=2, TN=4:  45.3975 ms (median), mean=45.3911 ± 0.1972 ms (3027.46 GFLOP/s)
[  4/15] BM= 32, BN= 64, BK=32, TM=2, TN=4:  45.8460 ms (median), mean=45.8120 ± 0.1424 ms (2997.84 GFLOP/s)
[  5/15] BM= 32, BN= 32, BK=32, TM=4, TN=1:  28.7749 ms (median), mean=28.7219 ± 0.2105 ms (4776.35 GFLOP/s)
[  6/15] BM= 32, BN= 32, BK=16, TM=4, TN=2:  23.2392 ms (median), mean=23.3945 ± 0.3005 ms (5914.11 GFLOP/s)
[  7/15] BM= 32, BN= 64, BK= 8, TM=1, TN=4:  44.5158 ms (median), mean=44.5576 ± 0.1674 ms (3087.42 GFLOP/s)
[  8/15] BM= 32, BN= 32, BK=32, TM=4, TN=4:  23.7624 ms (median), mean=23.8085 ± 0.2484 ms (5783.88 GFLOP/s)
[  9/15] BM= 32, BN= 32, BK=16, TM=4, TN=2:  23.2960 ms (median), mean=23.2878 ± 0.1820 ms (5899.68 GFLOP/s)
[ 10/15] BM= 32, BN= 32, BK=16, TM=4, TN=4:  24.6856 ms (median), mean=24.6459 ± 0.1801 ms (5567.58 GFLOP/s)
[ 11/15] BM= 32, BN=128, BK=16, TM=2, TN=4:  65.0184 ms (median), mean=65.0730 ± 0.3279 ms (2113.85 GFLOP/s)
[ 12/15] BM= 32, BN= 32, BK=16, TM=4, TN=2:  23.1752 ms (median), mean=23.1855 ± 0.1795 ms (5930.44 GFLOP/s)
[ 13/15] BM= 32, BN= 32, BK=16, TM=4, TN=2:  23.4132 ms (median), mean=23.4113 ± 0.1564 ms (5870.14 GFLOP/s)
[ 14/15] BM= 32, BN= 32, BK=16, TM=4, TN=2:  23.0380 ms (median), mean=23.0656 ± 0.1247 ms (5965.76 GFLOP/s)
[ 15/15] BM= 32, BN= 64, BK= 8, TM=2, TN=2:  36.0940 ms (median), mean=36.1143 ± 0.1675 ms (3807.81 GFLOP/s)

Best trial: Trial #14
Best value: 23.0380 ms
✓ Bayesian run completed: 15 configs evaluated

================================================================================
EXPERIMENT 10: SYCL MATMUL Random Search
================================================================================

================================================================================
Random Search Auto-tuning SYCL MATMUL kernel
================================================================================
Problem size: 4096x4096x4096
Samples to evaluate: 15

Benchmark repeats per config: 10, warmup runs: 5

Valid configurations in search space: 93
[  1/15] BM= 32, BN= 32, BK=32, TM=2, TN=2:  47.3856 ms (median), mean=47.5099 ± 0.1997 ms (2900.44 GFLOP/s)
[  2/15] BM= 32, BN=128, BK=16, TM=2, TN=4:  64.8320 ms (median), mean=64.9338 ± 0.2371 ms (2119.92 GFLOP/s)
[  3/15] BM= 32, BN=128, BK= 8, TM=4, TN=2:  31.9913 ms (median), mean=32.0869 ± 0.2500 ms (4296.14 GFLOP/s)
[  4/15] BM= 64, BN= 64, BK=32, TM=4, TN=4:  23.1009 ms (median), mean=23.0922 ± 0.2861 ms (5949.50 GFLOP/s)
[  5/15] BM= 32, BN= 32, BK= 8, TM=2, TN=4:  27.9255 ms (median), mean=27.9258 ± 0.1468 ms (4921.63 GFLOP/s)
[  6/15] BM= 64, BN= 64, BK= 8, TM=4, TN=2:  24.5765 ms (median), mean=24.7032 ± 0.2702 ms (5592.29 GFLOP/s)
[  7/15] BM= 32, BN= 32, BK=32, TM=2, TN=1:  49.3005 ms (median), mean=49.3040 ± 0.1451 ms (2787.78 GFLOP/s)
[  8/15] BM= 64, BN= 32, BK= 8, TM=4, TN=4:  24.3528 ms (median), mean=24.3742 ± 0.1639 ms (5643.67 GFLOP/s)
[  9/15] BM= 64, BN= 32, BK=16, TM=4, TN=1:  29.8460 ms (median), mean=29.8644 ± 0.1647 ms (4604.93 GFLOP/s)
[ 10/15] BM= 32, BN= 32, BK=32, TM=4, TN=4:  23.9811 ms (median), mean=23.9243 ± 0.1748 ms (5731.15 GFLOP/s)
[ 11/15] BM= 64, BN= 32, BK=16, TM=2, TN=4:  47.5556 ms (median), mean=47.6359 ± 0.1783 ms (2890.07 GFLOP/s)
[ 12/15] BM= 32, BN=128, BK=16, TM=4, TN=4:  35.5190 ms (median), mean=35.5848 ± 0.1750 ms (3869.45 GFLOP/s)
[ 13/15] BM= 64, BN= 32, BK=32, TM=2, TN=2:  46.9181 ms (median), mean=46.9698 ± 0.1902 ms (2929.33 GFLOP/s)
[ 14/15] BM= 64, BN= 32, BK= 8, TM=4, TN=2:  24.6615 ms (median), mean=24.8148 ± 0.2659 ms (5573.02 GFLOP/s)
[ 15/15] BM= 32, BN= 32, BK=16, TM=1, TN=4:  48.7158 ms (median), mean=48.7175 ± 0.1517 ms (2821.24 GFLOP/s)
✓ Random run completed: 15 configs evaluated
BAYESIAN holdout: geometric-mean speedup=2.061x, 95% CI=[2.051, 2.070], 20/20 paired seeds faster
RANDOM holdout: geometric-mean speedup=2.040x, 95% CI=[2.028, 2.053], 20/20 paired seeds faster

✓ SYCL Bayesian Run 10: best = 23.0380 ms
✓ SYCL Random Run 10:   best = 23.1009 ms

BAYESIAN independent validation: median campaign speedup=2.086x; 95% CI above 1.0 in 10/10 campaigns
BAYESIAN grid regret: median=4.194%, mean=5.655% across 10 campaigns

RANDOM independent validation: median campaign speedup=2.088x; 95% CI above 1.0 in 10/10 campaigns
RANDOM grid regret: median=1.003%, mean=2.372% across 10 campaigns

Saved SYCL convergence data to: /home/latorresn/Bayesian_Auto-Tuning_for_Performance_Portability/results_20260930_213706/matmul/size_4096/convergence_sycl.json
Legacy convergence data also saved to: /home/latorresn/Bayesian_Auto-Tuning_for_Performance_Portability/results_20260930_213706/matmul/size_4096/convergence.json

================================================================================
Running SYCL statistical analysis...
================================================================================

================================================================================
STATISTICAL COMPARISON: SYCL MATMUL: BAYESIAN vs RANDOM SEARCH
================================================================================

Sample Sizes:
  Bayesian: 10 runs
  Random:   10 runs

Descriptive Statistics (Best Time Found):

  BAYESIAN:
    Mean:   22.7913 ms
    Median: 22.6266 ms
    Std:    0.7934 ms
    Range:  [21.5578, 24.6031] ms
    IQR:    [22.3315, 22.9837] ms

  RANDOM:
    Mean:   22.4974 ms
    Median: 22.5746 ms
    Std:    0.4002 ms
    Range:  [21.6755, 23.1009] ms
    IQR:    [22.2988, 22.7214] ms

Effect Size (Cohen's d): 0.444
  → Small effect size

Welch's t-test:
  t-statistic: 0.9924
  p-value:     0.3387
  Mean diff:   0.2939 ms (95% CI: ±0.5508)
  Result:      Not significant

Mann-Whitney U test (non-parametric):
  U-statistic: 57.0000
  p-value:     0.6232
  Result:      Not significant

WINNER: Random
================================================================================

SYCL statistical results saved to: /home/latorresn/Bayesian_Auto-Tuning_for_Performance_Portability/results_20260930_213706/matmul/size_4096/statistical_results_sycl.json
Legacy statistical results also saved to: /home/latorresn/Bayesian_Auto-Tuning_for_Performance_Portability/results_20260930_213706/matmul/size_4096/statistical_results.json

================================================================================
STATISTICAL ANALYSIS: CUDA MATMUL BAYESIAN vs RANDOM SEARCH
Problem size: 4096x4096x4096
Independent runs: 10
Trials per run: 15
Benchmark repeats per config: 10
Warmup runs per config: 5
Independent validation repeats per config: 20
Grid-search repeats per config: 3
================================================================================
Exhaustive grid search CUDA MATMUL: 93 valid configurations
[  1/93] 32_32_8_1_2: 43.3075 ms (median)
[  2/93] 32_32_8_1_4: 36.9871 ms (median)
[  3/93] 32_32_8_2_1: 37.9807 ms (median)
[  4/93] 32_32_8_2_2: 27.1844 ms (median)
[  5/93] 32_32_8_2_4: 30.2617 ms (median)
[  6/93] 32_32_8_4_1: 23.5287 ms (median)
[  7/93] 32_32_8_4_2: 27.7403 ms (median)
[  8/93] 32_32_8_4_4: 29.2199 ms (median)
[  9/93] 32_32_16_1_2: 31.6003 ms (median)
[ 10/93] 32_32_16_1_4: 42.3268 ms (median)
[ 11/93] 32_32_16_2_1: 33.6026 ms (median)
[ 12/93] 32_32_16_2_2: 25.1180 ms (median)
[ 13/93] 32_32_16_2_4: 34.4187 ms (median)
[ 14/93] 32_32_16_4_1: 31.5098 ms (median)
[ 15/93] 32_32_16_4_2: 27.5004 ms (median)
[ 16/93] 32_32_16_4_4: 41.5724 ms (median)
[ 17/93] 32_32_32_1_2: 34.0285 ms (median)
[ 18/93] 32_32_32_1_4: 50.5869 ms (median)
[ 19/93] 32_32_32_2_1: 27.5717 ms (median)
[ 20/93] 32_32_32_2_2: 27.2830 ms (median)
[ 21/93] 32_32_32_2_4: 29.5502 ms (median)
[ 22/93] 32_32_32_4_1: 39.8789 ms (median)
[ 23/93] 32_32_32_4_2: 42.0283 ms (median)
[ 24/93] 32_32_32_4_4: 50.0156 ms (median)
[ 25/93] 32_64_8_1_4: 30.3210 ms (median)
[ 26/93] 32_64_8_2_2: 28.2994 ms (median)
[ 27/93] 32_64_8_2_4: 26.8296 ms (median)
[ 28/93] 32_64_8_4_1: 32.2658 ms (median)
[ 29/93] 32_64_8_4_2: 23.9472 ms (median)
[ 30/93] 32_64_8_4_4: 19.4811 ms (median)
[ 31/93] 32_64_16_1_4: 35.1444 ms (median)
[ 32/93] 32_64_16_2_2: 25.2790 ms (median)
[ 33/93] 32_64_16_2_4: 30.4107 ms (median)
[ 34/93] 32_64_16_4_1: 36.1430 ms (median)
[ 35/93] 32_64_16_4_2: 27.1276 ms (median)
[ 36/93] 32_64_16_4_4: 30.5270 ms (median)
[ 37/93] 32_64_32_1_4: 48.2564 ms (median)
[ 38/93] 32_64_32_2_2: 37.3785 ms (median)
[ 39/93] 32_64_32_2_4: 25.6934 ms (median)
[ 40/93] 32_64_32_4_1: 36.8437 ms (median)
[ 41/93] 32_64_32_4_2: 22.3931 ms (median)
[ 42/93] 32_64_32_4_4: 37.1022 ms (median)
[ 43/93] 32_128_8_2_4: 33.3228 ms (median)
[ 44/93] 32_128_8_4_2: 30.2715 ms (median)
[ 45/93] 32_128_8_4_4: 29.0307 ms (median)
[ 46/93] 32_128_16_2_4: 25.7675 ms (median)
[ 47/93] 32_128_16_4_2: 23.0746 ms (median)
[ 48/93] 32_128_16_4_4: 23.4702 ms (median)
[ 49/93] 32_128_32_2_4: 29.5931 ms (median)
[ 50/93] 32_128_32_4_2: 50.5457 ms (median)
[ 51/93] 32_128_32_4_4: 28.8000 ms (median)
[ 52/93] 64_32_8_1_4: 38.1702 ms (median)
[ 53/93] 64_32_8_2_2: 25.5796 ms (median)
[ 54/93] 64_32_8_2_4: 27.9430 ms (median)
[ 55/93] 64_32_8_4_1: 25.9822 ms (median)
[ 56/93] 64_32_8_4_2: 21.1086 ms (median)
[ 57/93] 64_32_8_4_4: 25.5780 ms (median)
[ 58/93] 64_32_16_1_4: 37.8078 ms (median)
[ 59/93] 64_32_16_2_2: 31.5432 ms (median)
[ 60/93] 64_32_16_2_4: 28.7999 ms (median)
[ 61/93] 64_32_16_4_1: 36.1056 ms (median)
[ 62/93] 64_32_16_4_2: 23.0044 ms (median)
[ 63/93] 64_32_16_4_4: 30.2394 ms (median)
[ 64/93] 64_32_32_1_4: 56.0263 ms (median)
[ 65/93] 64_32_32_2_2: 39.3801 ms (median)
[ 66/93] 64_32_32_2_4: 31.5481 ms (median)
[ 67/93] 64_32_32_4_1: 33.4591 ms (median)
[ 68/93] 64_32_32_4_2: 41.4608 ms (median)
[ 69/93] 64_32_32_4_4: 39.0957 ms (median)
[ 70/93] 64_64_8_2_4: 16.8519 ms (median)
[ 71/93] 64_64_8_4_2: 19.1589 ms (median)
[ 72/93] 64_64_8_4_4: 18.0041 ms (median)
[ 73/93] 64_64_16_2_4: 20.8856 ms (median)
[ 74/93] 64_64_16_4_2: 24.4494 ms (median)
[ 75/93] 64_64_16_4_4: 25.2525 ms (median)
[ 76/93] 64_64_32_2_4: 22.6667 ms (median)
[ 77/93] 64_64_32_4_2: 21.2860 ms (median)
[ 78/93] 64_64_32_4_4: 34.6661 ms (median)
[ 79/93] 64_128_8_4_4: 20.2608 ms (median)
[ 80/93] 64_128_16_4_4: 32.0199 ms (median)
[ 81/93] 64_128_32_4_4: 34.9355 ms (median)
[ 82/93] 128_32_8_2_4: 28.6593 ms (median)
[ 83/93] 128_32_8_4_2: 32.3039 ms (median)
[ 84/93] 128_32_8_4_4: 29.2981 ms (median)
[ 85/93] 128_32_16_2_4: 35.6764 ms (median)
[ 86/93] 128_32_16_4_2: 23.3183 ms (median)
[ 87/93] 128_32_16_4_4: 31.6115 ms (median)
[ 88/93] 128_32_32_2_4: 31.9766 ms (median)
[ 89/93] 128_32_32_4_2: 45.3466 ms (median)
[ 90/93] 128_32_32_4_4: 43.4016 ms (median)
[ 91/93] 128_64_8_4_4: 19.8302 ms (median)
[ 92/93] 128_64_16_4_4: 36.6103 ms (median)
[ 93/93] 128_64_32_4_4: 35.2287 ms (median)
Grid optimum: 64_64_8_2_4 at 16.8519 ms (93 configs)

================================================================================
EXPERIMENT 1: CUDA MATMUL Bayesian Search
================================================================================

================================================================================
Bayesian Optimization Auto-tuning CUDA MATMUL kernel (Optuna)
================================================================================
Problem size: 4096x4096x4096
Trials to evaluate: 15

Benchmark repeats per config: 10, warmup runs: 5

Valid configurations in search space: 93/243

[  1/15] BM= 32, BN= 32, BK=32, TM=2, TN=2:  32.7719 ms (median), mean=32.7873 ± 0.0385 ms (4193.81 GFLOP/s)
[  2/15] BM= 64, BN= 32, BK= 8, TM=2, TN=2:  29.2543 ms (median), mean=29.2561 ± 0.0033 ms (4698.08 GFLOP/s)
[  3/15] BM= 64, BN= 32, BK= 8, TM=4, TN=4:  25.6388 ms (median), mean=25.6668 ± 0.1144 ms (5360.58 GFLOP/s)
[  4/15] BM= 32, BN= 64, BK= 8, TM=1, TN=4:  37.1781 ms (median), mean=37.1760 ± 0.0046 ms (3696.77 GFLOP/s)
[  5/15] BM= 32, BN= 32, BK= 8, TM=4, TN=4:  29.2517 ms (median), mean=29.2497 ± 0.0296 ms (4698.50 GFLOP/s)
[  6/15] BM= 64, BN= 32, BK= 8, TM=4, TN=4:  25.5948 ms (median), mean=25.5831 ± 0.0996 ms (5369.79 GFLOP/s)
[  7/15] BM=128, BN= 64, BK= 8, TM=4, TN=4:  19.8331 ms (median), mean=19.8322 ± 0.0046 ms (6929.79 GFLOP/s)
[  8/15] BM= 64, BN= 32, BK=32, TM=4, TN=2:  41.4531 ms (median), mean=40.5730 ± 1.9640 ms (3315.53 GFLOP/s)
[  9/15] BM= 32, BN= 32, BK=16, TM=4, TN=4:  49.0996 ms (median), mean=49.5980 ± 0.8133 ms (2799.19 GFLOP/s)
[ 10/15] BM=128, BN= 64, BK= 8, TM=4, TN=4:  19.8244 ms (median), mean=19.8258 ± 0.0087 ms (6932.82 GFLOP/s)
[ 11/15] BM= 64, BN= 32, BK=16, TM=4, TN=4:  33.5896 ms (median), mean=33.2926 ± 0.7568 ms (4091.71 GFLOP/s)
[ 12/15] BM= 32, BN= 32, BK=16, TM=1, TN=2:  39.6259 ms (median), mean=39.6254 ± 0.0023 ms (3468.41 GFLOP/s)
[ 13/15] BM=128, BN= 64, BK= 8, TM=4, TN=4:  19.8271 ms (median), mean=19.8252 ± 0.0078 ms (6931.88 GFLOP/s)
[ 14/15] BM=128, BN= 64, BK= 8, TM=4, TN=4:  19.8453 ms (median), mean=19.8411 ± 0.0102 ms (6925.51 GFLOP/s)
[ 15/15] BM= 64, BN= 32, BK=32, TM=4, TN=1:  42.5512 ms (median), mean=42.0157 ± 1.1926 ms (3229.97 GFLOP/s)

Best trial: Trial #10
Best value: 19.8244 ms
✓ Bayesian run completed: 15 configs evaluated

================================================================================
EXPERIMENT 1: CUDA MATMUL Random Search
================================================================================

================================================================================
Random Search Auto-tuning CUDA MATMUL kernel
================================================================================
Problem size: 4096x4096x4096
Samples to evaluate: 15

Benchmark repeats per config: 10, warmup runs: 5

Valid configurations in search space: 93
[  1/15] BM= 32, BN= 32, BK=32, TM=2, TN=2:  32.7747 ms (median), mean=32.5822 ± 0.4410 ms (4193.45 GFLOP/s)
[  2/15] BM= 32, BN=128, BK=32, TM=4, TN=4:  28.8115 ms (median), mean=28.8085 ± 0.0110 ms (4770.29 GFLOP/s)
[  3/15] BM= 64, BN= 32, BK= 8, TM=4, TN=1:  32.8491 ms (median), mean=32.2795 ± 1.2763 ms (4183.95 GFLOP/s)
[  4/15] BM= 32, BN= 32, BK= 8, TM=4, TN=1:  28.6551 ms (median), mean=28.6554 ± 0.0024 ms (4796.32 GFLOP/s)
[  5/15] BM= 32, BN= 64, BK=16, TM=4, TN=2:  27.3820 ms (median), mean=27.3853 ± 0.0639 ms (5019.31 GFLOP/s)
[  6/15] BM= 64, BN= 32, BK=32, TM=4, TN=1:  42.5402 ms (median), mean=42.5425 ± 0.0032 ms (3230.80 GFLOP/s)
[  7/15] BM= 64, BN= 32, BK=32, TM=1, TN=4:  56.0298 ms (median), mean=56.0312 ± 0.0047 ms (2452.96 GFLOP/s)
[  8/15] BM= 64, BN= 32, BK= 8, TM=2, TN=2:  29.2520 ms (median), mean=28.7359 ± 1.1535 ms (4698.45 GFLOP/s)
[  9/15] BM= 32, BN= 64, BK=32, TM=4, TN=1:  36.8120 ms (median), mean=36.6331 ± 0.4518 ms (3733.53 GFLOP/s)
[ 10/15] BM= 64, BN= 32, BK=16, TM=4, TN=4:  33.6158 ms (median), mean=33.6195 ± 0.0832 ms (4088.53 GFLOP/s)
[ 11/15] BM= 32, BN=128, BK=16, TM=4, TN=2:  27.3401 ms (median), mean=27.3415 ± 0.0180 ms (5027.00 GFLOP/s)
[ 12/15] BM= 64, BN= 64, BK=32, TM=2, TN=4:  28.6408 ms (median), mean=28.6496 ± 0.0295 ms (4798.70 GFLOP/s)
[ 13/15] BM= 32, BN= 64, BK= 8, TM=4, TN=2:  23.9805 ms (median), mean=23.9800 ± 0.0393 ms (5731.28 GFLOP/s)
[ 14/15] BM= 64, BN= 32, BK=32, TM=2, TN=4:  31.5228 ms (median), mean=31.5310 ± 0.0573 ms (4359.98 GFLOP/s)
[ 15/15] BM= 32, BN= 32, BK=32, TM=1, TN=4:  53.7820 ms (median), mean=53.7135 ± 0.1870 ms (2555.48 GFLOP/s)
✓ Random run completed: 15 configs evaluated
BAYESIAN holdout: geometric-mean speedup=1.654x, 95% CI=[1.652, 1.655], 20/20 paired seeds faster
RANDOM holdout: geometric-mean speedup=1.370x, 95% CI=[1.368, 1.372], 20/20 paired seeds faster

✓ CUDA Bayesian Run 1: best = 19.8244 ms
✓ CUDA Random Run 1:   best = 23.9805 ms

================================================================================
EXPERIMENT 2: CUDA MATMUL Bayesian Search
================================================================================

================================================================================
Bayesian Optimization Auto-tuning CUDA MATMUL kernel (Optuna)
================================================================================
Problem size: 4096x4096x4096
Trials to evaluate: 15

Benchmark repeats per config: 10, warmup runs: 5

Valid configurations in search space: 93/243

[  1/15] BM= 32, BN= 32, BK=32, TM=2, TN=2:  32.8129 ms (median), mean=32.1427 ± 1.4956 ms (4188.57 GFLOP/s)
[  2/15] BM= 32, BN= 32, BK=32, TM=4, TN=1:  39.8821 ms (median), mean=39.8821 ± 0.0040 ms (3446.13 GFLOP/s)
[  3/15] BM= 32, BN=128, BK= 8, TM=2, TN=4:  33.3152 ms (median), mean=33.3256 ± 0.0259 ms (4125.41 GFLOP/s)
[  4/15] BM= 32, BN= 32, BK=32, TM=2, TN=2:  32.8175 ms (median), mean=32.8091 ± 0.0302 ms (4187.97 GFLOP/s)
[  5/15] BM= 32, BN= 32, BK=32, TM=2, TN=4:  36.5269 ms (median), mean=36.5106 ± 0.0919 ms (3762.68 GFLOP/s)
[  6/15] BM= 32, BN= 64, BK=16, TM=4, TN=1:  36.1307 ms (median), mean=35.7241 ± 0.8957 ms (3803.93 GFLOP/s)
[  7/15] BM= 64, BN= 32, BK=32, TM=1, TN=4:  56.0255 ms (median), mean=54.6717 ± 3.0205 ms (2453.15 GFLOP/s)
[  8/15] BM= 32, BN=128, BK=32, TM=4, TN=2:  50.5748 ms (median), mean=50.5819 ± 0.0124 ms (2717.54 GFLOP/s)
[  9/15] BM= 32, BN= 64, BK=32, TM=4, TN=4:  37.0377 ms (median), mean=36.3564 ± 1.5586 ms (3710.79 GFLOP/s)
[ 10/15] BM= 32, BN= 32, BK=32, TM=1, TN=4:  53.9079 ms (median), mean=53.8787 ± 0.0938 ms (2549.51 GFLOP/s)
[ 11/15] BM= 32, BN= 64, BK=32, TM=1, TN=4:  48.2308 ms (median), mean=48.2303 ± 0.0442 ms (2849.61 GFLOP/s)
[ 12/15] BM= 32, BN= 32, BK=32, TM=2, TN=2:  32.7734 ms (median), mean=32.3930 ± 0.8656 ms (4193.61 GFLOP/s)
[ 13/15] BM= 32, BN= 32, BK=32, TM=2, TN=2:  32.7686 ms (median), mean=32.1897 ± 1.3238 ms (4194.22 GFLOP/s)
[ 14/15] BM= 32, BN= 32, BK= 8, TM=1, TN=4:  36.9969 ms (median), mean=36.9974 ± 0.0015 ms (3714.88 GFLOP/s)
[ 15/15] BM=128, BN= 64, BK=32, TM=4, TN=4:  35.2250 ms (median), mean=35.2250 ± 0.0052 ms (3901.75 GFLOP/s)

Best trial: Trial #13
Best value: 32.7686 ms
✓ Bayesian run completed: 15 configs evaluated

================================================================================
EXPERIMENT 2: CUDA MATMUL Random Search
================================================================================

================================================================================
Random Search Auto-tuning CUDA MATMUL kernel
================================================================================
Problem size: 4096x4096x4096
Samples to evaluate: 15

Benchmark repeats per config: 10, warmup runs: 5

Valid configurations in search space: 93
[  1/15] BM= 32, BN= 32, BK=32, TM=2, TN=2:  32.7977 ms (median), mean=32.7684 ± 0.0638 ms (4190.51 GFLOP/s)
[  2/15] BM= 64, BN= 32, BK= 8, TM=4, TN=2:  25.3352 ms (median), mean=24.7212 ± 0.9907 ms (5424.81 GFLOP/s)
[  3/15] BM=128, BN= 32, BK=16, TM=4, TN=4:  31.4886 ms (median), mean=31.0218 ± 1.1350 ms (4364.72 GFLOP/s)
[  4/15] BM= 32, BN= 32, BK=16, TM=2, TN=4:  34.3905 ms (median), mean=34.4127 ± 0.0816 ms (3996.42 GFLOP/s)
[  5/15] BM= 64, BN= 32, BK= 8, TM=1, TN=4:  38.1683 ms (median), mean=37.6694 ± 1.1135 ms (3600.87 GFLOP/s)
[  6/15] BM= 32, BN=128, BK=16, TM=4, TN=2:  27.3201 ms (median), mean=26.8981 ± 0.9464 ms (5030.69 GFLOP/s)
[  7/15] BM= 32, BN= 32, BK=16, TM=1, TN=2:  39.6203 ms (median), mean=39.3373 ± 0.6369 ms (3468.90 GFLOP/s)
[  8/15] BM= 64, BN= 32, BK=16, TM=4, TN=1:  36.0997 ms (median), mean=36.1035 ± 0.0090 ms (3807.20 GFLOP/s)
[  9/15] BM= 32, BN= 32, BK=32, TM=4, TN=2:  42.0213 ms (median), mean=42.0097 ± 0.0420 ms (3270.70 GFLOP/s)
[ 10/15] BM= 64, BN= 64, BK= 8, TM=2, TN=4:  21.6584 ms (median), mean=21.6583 ± 0.0026 ms (6345.77 GFLOP/s)
[ 11/15] BM= 64, BN= 32, BK= 8, TM=4, TN=4:  25.6683 ms (median), mean=25.7015 ± 0.0794 ms (5354.42 GFLOP/s)
[ 12/15] BM= 32, BN= 32, BK=32, TM=1, TN=2:  39.1211 ms (median), mean=38.3580 ± 1.7003 ms (3513.17 GFLOP/s)
[ 13/15] BM= 32, BN= 64, BK= 8, TM=4, TN=4:  23.2837 ms (median), mean=23.2637 ± 0.0546 ms (5902.79 GFLOP/s)
[ 14/15] BM= 32, BN= 64, BK=16, TM=2, TN=2:  30.5907 ms (median), mean=30.5915 ± 0.0040 ms (4492.83 GFLOP/s)
[ 15/15] BM= 32, BN=128, BK=16, TM=4, TN=4:  29.2703 ms (median), mean=28.7396 ± 1.1792 ms (4695.51 GFLOP/s)
✓ Random run completed: 15 configs evaluated
BAYESIAN holdout: geometric-mean speedup=1.000x, 95% CI=[1.000, 1.000], 0/20 paired seeds faster
RANDOM holdout: geometric-mean speedup=1.515x, 95% CI=[1.514, 1.516], 20/20 paired seeds faster

✓ CUDA Bayesian Run 2: best = 32.7686 ms
✓ CUDA Random Run 2:   best = 21.6584 ms

================================================================================
EXPERIMENT 3: CUDA MATMUL Bayesian Search
================================================================================

================================================================================
Bayesian Optimization Auto-tuning CUDA MATMUL kernel (Optuna)
================================================================================
Problem size: 4096x4096x4096
Trials to evaluate: 15

Benchmark repeats per config: 10, warmup runs: 5

Valid configurations in search space: 93/243

[  1/15] BM= 32, BN= 32, BK=32, TM=2, TN=2:  32.7801 ms (median), mean=32.7269 ± 0.1198 ms (4192.76 GFLOP/s)
[  2/15] BM= 32, BN= 64, BK=16, TM=4, TN=2:  27.4031 ms (median), mean=26.8563 ± 1.2284 ms (5015.45 GFLOP/s)
[  3/15] BM= 32, BN= 64, BK=16, TM=1, TN=4:  40.1298 ms (median), mean=39.4229 ± 1.5761 ms (3424.86 GFLOP/s)
[  4/15] BM= 32, BN= 32, BK=16, TM=1, TN=4:  42.3533 ms (median), mean=41.6222 ± 1.6250 ms (3245.06 GFLOP/s)
[  5/15] BM= 32, BN=128, BK=16, TM=4, TN=2:  27.3314 ms (median), mean=27.1383 ± 0.3473 ms (5028.61 GFLOP/s)
[  6/15] BM= 64, BN= 32, BK= 8, TM=2, TN=4:  27.9231 ms (median), mean=27.4578 ± 1.0720 ms (4922.06 GFLOP/s)
[  7/15] BM=128, BN= 32, BK= 8, TM=4, TN=4:  29.3070 ms (median), mean=29.3082 ± 0.0189 ms (4689.62 GFLOP/s)
[  8/15] BM= 32, BN= 64, BK= 8, TM=2, TN=2:  28.2926 ms (median), mean=28.1056 ± 0.4156 ms (4857.76 GFLOP/s)
[  9/15] BM=128, BN= 32, BK= 8, TM=4, TN=2:  32.2977 ms (median), mean=32.2971 ± 0.0183 ms (4255.38 GFLOP/s)
[ 10/15] BM= 32, BN=128, BK=16, TM=4, TN=2:  27.3429 ms (median), mean=26.9071 ± 0.9667 ms (5026.50 GFLOP/s)
[ 11/15] BM= 64, BN= 32, BK=16, TM=4, TN=2:  27.3668 ms (median), mean=27.3633 ± 0.0142 ms (5022.10 GFLOP/s)
[ 12/15] BM= 32, BN= 32, BK=16, TM=4, TN=4:  49.1383 ms (median), mean=50.1426 ± 0.9856 ms (2796.98 GFLOP/s)
[ 13/15] BM= 64, BN= 32, BK=32, TM=4, TN=1:  42.5481 ms (median), mean=42.5485 ± 0.0052 ms (3230.20 GFLOP/s)
[ 14/15] BM= 32, BN=128, BK=16, TM=4, TN=2:  27.3180 ms (median), mean=27.2963 ± 0.0621 ms (5031.09 GFLOP/s)
[ 15/15] BM= 64, BN= 32, BK=16, TM=2, TN=2:  31.5427 ms (median), mean=31.5443 ± 0.0050 ms (4357.24 GFLOP/s)

Best trial: Trial #14
Best value: 27.3180 ms
✓ Bayesian run completed: 15 configs evaluated

================================================================================
EXPERIMENT 3: CUDA MATMUL Random Search
================================================================================

================================================================================
Random Search Auto-tuning CUDA MATMUL kernel
================================================================================
Problem size: 4096x4096x4096
Samples to evaluate: 15

Benchmark repeats per config: 10, warmup runs: 5

Valid configurations in search space: 93
[  1/15] BM= 32, BN= 32, BK=32, TM=2, TN=2:  32.8178 ms (median), mean=32.8195 ± 0.0515 ms (4187.94 GFLOP/s)
[  2/15] BM= 64, BN= 32, BK=16, TM=2, TN=2:  31.5437 ms (median), mean=31.5023 ± 0.0989 ms (4357.10 GFLOP/s)
[  3/15] BM= 32, BN= 32, BK= 8, TM=4, TN=2:  28.0794 ms (median), mean=28.0914 ± 0.0396 ms (4894.66 GFLOP/s)
[  4/15] BM= 64, BN= 32, BK=16, TM=4, TN=2:  27.3716 ms (median), mean=27.3618 ± 0.0208 ms (5021.22 GFLOP/s)
[  5/15] BM= 32, BN= 64, BK=16, TM=4, TN=1:  36.1213 ms (median), mean=36.1185 ± 0.0115 ms (3804.93 GFLOP/s)
[  6/15] BM=128, BN= 64, BK=16, TM=4, TN=4:  36.6198 ms (median), mean=35.8395 ± 1.7430 ms (3753.13 GFLOP/s)
[  7/15] BM= 32, BN= 64, BK= 8, TM=1, TN=4:  37.1752 ms (median), mean=37.1744 ± 0.0029 ms (3697.06 GFLOP/s)
[  8/15] BM= 64, BN= 64, BK=16, TM=4, TN=4:  25.2380 ms (median), mean=24.4628 ± 1.1603 ms (5445.71 GFLOP/s)
[  9/15] BM=128, BN= 32, BK= 8, TM=4, TN=2:  32.3234 ms (median), mean=32.3232 ± 0.0237 ms (4251.99 GFLOP/s)
[ 10/15] BM= 32, BN= 32, BK=32, TM=1, TN=4:  53.8496 ms (median), mean=53.1992 ± 1.4126 ms (2552.28 GFLOP/s)
[ 11/15] BM= 64, BN= 32, BK= 8, TM=2, TN=2:  29.2585 ms (median), mean=28.7395 ± 1.1560 ms (4697.40 GFLOP/s)
[ 12/15] BM= 32, BN= 64, BK= 8, TM=2, TN=2:  28.2964 ms (median), mean=28.2538 ± 0.0950 ms (4857.12 GFLOP/s)
[ 13/15] BM=128, BN= 32, BK=16, TM=2, TN=4:  35.6696 ms (median), mean=34.9453 ± 1.6120 ms (3853.11 GFLOP/s)
[ 14/15] BM= 32, BN= 32, BK=32, TM=2, TN=1:  33.7494 ms (median), mean=33.7470 ± 0.0042 ms (4072.34 GFLOP/s)
[ 15/15] BM= 64, BN= 64, BK= 8, TM=2, TN=4:  21.6546 ms (median), mean=21.2515 ± 0.8970 ms (6346.86 GFLOP/s)
✓ Random run completed: 15 configs evaluated
BAYESIAN holdout: geometric-mean speedup=1.189x, 95% CI=[1.166, 1.213], 19/20 paired seeds faster
RANDOM holdout: geometric-mean speedup=1.514x, 95% CI=[1.513, 1.516], 20/20 paired seeds faster

✓ CUDA Bayesian Run 3: best = 27.3180 ms
✓ CUDA Random Run 3:   best = 21.6546 ms

================================================================================
EXPERIMENT 4: CUDA MATMUL Bayesian Search
================================================================================

================================================================================
Bayesian Optimization Auto-tuning CUDA MATMUL kernel (Optuna)
================================================================================
Problem size: 4096x4096x4096
Trials to evaluate: 15

Benchmark repeats per config: 10, warmup runs: 5

Valid configurations in search space: 93/243

[  1/15] BM= 32, BN= 32, BK=32, TM=2, TN=2:  32.7483 ms (median), mean=32.7676 ± 0.0664 ms (4196.82 GFLOP/s)
[  2/15] BM= 32, BN= 64, BK= 8, TM=2, TN=2:  28.2985 ms (median), mean=28.2976 ± 0.0051 ms (4856.75 GFLOP/s)
[  3/15] BM=128, BN= 64, BK=32, TM=4, TN=4:  35.2160 ms (median), mean=35.2196 ± 0.0099 ms (3902.74 GFLOP/s)
[  4/15] BM= 64, BN= 32, BK= 8, TM=4, TN=1:  32.8525 ms (median), mean=32.8376 ± 0.0251 ms (4183.51 GFLOP/s)
[  5/15] BM= 64, BN= 32, BK=32, TM=4, TN=1:  42.5444 ms (median), mean=42.2594 ± 0.6396 ms (3230.48 GFLOP/s)
[  6/15] BM=128, BN= 32, BK= 8, TM=4, TN=4:  29.3089 ms (median), mean=29.3150 ± 0.0192 ms (4689.33 GFLOP/s)
[  7/15] BM= 32, BN= 64, BK= 8, TM=2, TN=2:  28.3005 ms (median), mean=28.2998 ± 0.0035 ms (4856.42 GFLOP/s)
[  8/15] BM= 32, BN= 32, BK=32, TM=4, TN=2:  41.9510 ms (median), mean=41.2486 ± 1.5964 ms (3276.18 GFLOP/s)
[  9/15] BM= 64, BN= 64, BK= 8, TM=2, TN=4:  21.6537 ms (median), mean=21.6539 ± 0.0030 ms (6347.15 GFLOP/s)
[ 10/15] BM= 64, BN= 32, BK= 8, TM=2, TN=4:  27.8989 ms (median), mean=27.8997 ± 0.0073 ms (4926.32 GFLOP/s)
[ 11/15] BM= 64, BN=128, BK=32, TM=4, TN=4:  34.9681 ms (median), mean=34.9633 ± 0.0118 ms (3930.41 GFLOP/s)
[ 12/15] BM= 64, BN= 64, BK= 8, TM=2, TN=4:  21.6503 ms (median), mean=21.6517 ± 0.0043 ms (6348.13 GFLOP/s)
[ 13/15] BM= 64, BN= 64, BK= 8, TM=2, TN=4:  21.6505 ms (median), mean=21.2493 ± 0.8974 ms (6348.08 GFLOP/s)
[ 14/15] BM= 64, BN= 64, BK= 8, TM=2, TN=4:  21.6553 ms (median), mean=21.6569 ± 0.0053 ms (6346.65 GFLOP/s)
[ 15/15] BM= 64, BN= 64, BK=32, TM=4, TN=2:  24.0021 ms (median), mean=23.6176 ± 0.8623 ms (5726.12 GFLOP/s)

Best trial: Trial #12
Best value: 21.6503 ms
✓ Bayesian run completed: 15 configs evaluated

================================================================================
EXPERIMENT 4: CUDA MATMUL Random Search
================================================================================

================================================================================
Random Search Auto-tuning CUDA MATMUL kernel
================================================================================
Problem size: 4096x4096x4096
Samples to evaluate: 15

Benchmark repeats per config: 10, warmup runs: 5

Valid configurations in search space: 93
[  1/15] BM= 32, BN= 32, BK=32, TM=2, TN=2:  32.7711 ms (median), mean=32.7629 ± 0.0365 ms (4193.91 GFLOP/s)
[  2/15] BM=128, BN= 32, BK= 8, TM=4, TN=2:  32.3225 ms (median), mean=32.3164 ± 0.0156 ms (4252.12 GFLOP/s)
[  3/15] BM= 32, BN= 32, BK=32, TM=1, TN=2:  39.1247 ms (median), mean=39.1235 ± 0.0037 ms (3512.84 GFLOP/s)
[  4/15] BM= 32, BN= 64, BK=32, TM=4, TN=2:  26.8157 ms (median), mean=26.8065 ± 0.0171 ms (5125.31 GFLOP/s)
[  5/15] BM= 32, BN= 32, BK=16, TM=2, TN=1:  33.6023 ms (median), mean=33.6028 ± 0.0035 ms (4090.17 GFLOP/s)
[  6/15] BM= 32, BN= 64, BK=32, TM=1, TN=4:  48.2609 ms (median), mean=47.3569 ± 2.0367 ms (2847.83 GFLOP/s)
[  7/15] BM=128, BN= 64, BK=32, TM=4, TN=4:  35.2185 ms (median), mean=35.2197 ± 0.0062 ms (3902.46 GFLOP/s)
[  8/15] BM=128, BN= 32, BK= 8, TM=4, TN=4:  29.3060 ms (median), mean=29.3030 ± 0.0241 ms (4689.78 GFLOP/s)
[  9/15] BM= 32, BN= 32, BK=32, TM=2, TN=1:  33.7482 ms (median), mean=33.7464 ± 0.0048 ms (4072.48 GFLOP/s)
[ 10/15] BM= 64, BN=128, BK= 8, TM=4, TN=4:  20.2506 ms (median), mean=19.5855 ± 0.9914 ms (6786.91 GFLOP/s)
[ 11/15] BM=128, BN= 32, BK=32, TM=2, TN=4:  31.9546 ms (median), mean=31.3392 ± 1.3574 ms (4301.06 GFLOP/s)
[ 12/15] BM= 64, BN= 32, BK=16, TM=1, TN=4:  43.3653 ms (median), mean=43.3663 ± 0.0044 ms (3169.33 GFLOP/s)
[ 13/15] BM= 32, BN= 64, BK=32, TM=4, TN=1:  36.8684 ms (median), mean=36.4822 ± 0.8894 ms (3727.83 GFLOP/s)
[ 14/15] BM= 32, BN= 64, BK= 8, TM=4, TN=4:  23.3049 ms (median), mean=23.2919 ± 0.0308 ms (5897.44 GFLOP/s)
[ 15/15] BM= 32, BN= 64, BK= 8, TM=1, TN=4:  37.1734 ms (median), mean=37.1738 ± 0.0058 ms (3697.24 GFLOP/s)
✓ Random run completed: 15 configs evaluated
BAYESIAN holdout: geometric-mean speedup=1.497x, 95% CI=[1.464, 1.532], 20/20 paired seeds faster
RANDOM holdout: geometric-mean speedup=1.618x, 95% CI=[1.616, 1.620], 20/20 paired seeds faster

✓ CUDA Bayesian Run 4: best = 21.6503 ms
✓ CUDA Random Run 4:   best = 20.2506 ms

================================================================================
EXPERIMENT 5: CUDA MATMUL Bayesian Search
================================================================================

================================================================================
Bayesian Optimization Auto-tuning CUDA MATMUL kernel (Optuna)
================================================================================
Problem size: 4096x4096x4096
Trials to evaluate: 15

Benchmark repeats per config: 10, warmup runs: 5

Valid configurations in search space: 93/243

[  1/15] BM= 32, BN= 32, BK=32, TM=2, TN=2:  32.7561 ms (median), mean=32.7583 ± 0.0575 ms (4195.82 GFLOP/s)
[  2/15] BM=128, BN= 32, BK=32, TM=4, TN=4:  43.4151 ms (median), mean=43.4164 ± 0.0152 ms (3165.69 GFLOP/s)
[  3/15] BM= 64, BN= 32, BK= 8, TM=2, TN=2:  29.2578 ms (median), mean=28.7380 ± 1.1556 ms (4697.51 GFLOP/s)
[  4/15] BM=128, BN= 32, BK=32, TM=4, TN=4:  43.4055 ms (median), mean=42.7576 ± 1.4632 ms (3166.39 GFLOP/s)
[  5/15] BM= 32, BN= 64, BK=32, TM=2, TN=2:  37.3914 ms (median), mean=36.7790 ± 1.4430 ms (3675.68 GFLOP/s)
[  6/15] BM= 64, BN= 32, BK=16, TM=4, TN=1:  36.1058 ms (median), mean=36.1045 ± 0.0053 ms (3806.56 GFLOP/s)
[  7/15] BM= 64, BN= 32, BK= 8, TM=2, TN=2:  29.2574 ms (median), mean=29.2555 ± 0.0042 ms (4697.57 GFLOP/s)
[  8/15] BM= 64, BN= 32, BK= 8, TM=2, TN=2:  29.2545 ms (median), mean=28.7375 ± 1.1544 ms (4698.04 GFLOP/s)
[  9/15] BM=128, BN= 32, BK= 8, TM=2, TN=4:  35.0773 ms (median), mean=35.0775 ± 0.0998 ms (3918.17 GFLOP/s)
[ 10/15] BM= 32, BN= 32, BK= 8, TM=2, TN=4:  30.2704 ms (median), mean=30.0768 ± 0.4315 ms (4540.37 GFLOP/s)
[ 11/15] BM= 32, BN= 32, BK=16, TM=2, TN=2:  31.3205 ms (median), mean=31.3197 ± 0.0081 ms (4388.15 GFLOP/s)
[ 12/15] BM= 64, BN= 32, BK= 8, TM=2, TN=2:  29.2545 ms (median), mean=29.2558 ± 0.0030 ms (4698.05 GFLOP/s)
[ 13/15] BM= 64, BN= 64, BK=16, TM=4, TN=2:  24.4417 ms (median), mean=24.4445 ± 0.0048 ms (5623.14 GFLOP/s)
[ 14/15] BM= 64, BN= 64, BK=16, TM=4, TN=2:  24.4441 ms (median), mean=24.4461 ± 0.0138 ms (5622.58 GFLOP/s)
[ 15/15] BM= 64, BN= 32, BK= 8, TM=1, TN=4:  38.1719 ms (median), mean=38.1710 ± 0.0051 ms (3600.53 GFLOP/s)

Best trial: Trial #13
Best value: 24.4417 ms
✓ Bayesian run completed: 15 configs evaluated

================================================================================
EXPERIMENT 5: CUDA MATMUL Random Search
================================================================================

================================================================================
Random Search Auto-tuning CUDA MATMUL kernel
================================================================================
Problem size: 4096x4096x4096
Samples to evaluate: 15

Benchmark repeats per config: 10, warmup runs: 5

Valid configurations in search space: 93
[  1/15] BM= 32, BN= 32, BK=32, TM=2, TN=2:  32.8334 ms (median), mean=32.8163 ± 0.0360 ms (4185.95 GFLOP/s)
[  2/15] BM= 64, BN= 32, BK= 8, TM=2, TN=4:  27.9312 ms (median), mean=27.3633 ± 1.2640 ms (4920.62 GFLOP/s)
[  3/15] BM= 64, BN= 32, BK= 8, TM=4, TN=1:  32.8500 ms (median), mean=32.8490 ± 0.0171 ms (4183.83 GFLOP/s)
[  4/15] BM= 64, BN= 32, BK=16, TM=4, TN=1:  36.0952 ms (median), mean=36.0979 ± 0.0080 ms (3807.67 GFLOP/s)
[  5/15] BM=128, BN= 64, BK=16, TM=4, TN=4:  36.6172 ms (median), mean=36.0293 ± 1.3141 ms (3753.40 GFLOP/s)
[  6/15] BM= 32, BN= 64, BK=16, TM=2, TN=4:  30.4565 ms (median), mean=30.4639 ± 0.0442 ms (4512.63 GFLOP/s)
[  7/15] BM= 64, BN= 32, BK=32, TM=2, TN=4:  31.4155 ms (median), mean=30.9462 ± 0.9999 ms (4374.88 GFLOP/s)
[  8/15] BM=128, BN= 32, BK=16, TM=4, TN=2:  27.7618 ms (median), mean=27.2355 ± 1.1835 ms (4950.64 GFLOP/s)
[  9/15] BM= 64, BN= 32, BK=16, TM=2, TN=4:  34.3493 ms (median), mean=34.3592 ± 0.1634 ms (4001.22 GFLOP/s)
[ 10/15] BM= 32, BN= 64, BK=32, TM=4, TN=4:  37.0861 ms (median), mean=37.0854 ± 0.0191 ms (3705.94 GFLOP/s)
[ 11/15] BM= 32, BN=128, BK=32, TM=4, TN=4:  28.8058 ms (median), mean=28.8074 ± 0.0159 ms (4771.22 GFLOP/s)
[ 12/15] BM=128, BN= 32, BK=16, TM=4, TN=4:  31.5577 ms (median), mean=31.0805 ± 1.0155 ms (4355.17 GFLOP/s)
[ 13/15] BM= 32, BN= 32, BK=16, TM=4, TN=2:  27.7544 ms (median), mean=27.7391 ± 0.0561 ms (4951.97 GFLOP/s)
[ 14/15] BM= 32, BN=128, BK=16, TM=4, TN=4:  29.2760 ms (median), mean=29.2512 ± 0.0599 ms (4694.59 GFLOP/s)
[ 15/15] BM= 32, BN=128, BK=16, TM=2, TN=4:  30.8504 ms (median), mean=30.3143 ± 1.4028 ms (4455.01 GFLOP/s)
✓ Random run completed: 15 configs evaluated
BAYESIAN holdout: geometric-mean speedup=1.350x, 95% CI=[1.334, 1.366], 20/20 paired seeds faster
RANDOM holdout: geometric-mean speedup=1.188x, 95% CI=[1.174, 1.201], 20/20 paired seeds faster

✓ CUDA Bayesian Run 5: best = 24.4417 ms
✓ CUDA Random Run 5:   best = 27.7544 ms

================================================================================
EXPERIMENT 6: CUDA MATMUL Bayesian Search
================================================================================

================================================================================
Bayesian Optimization Auto-tuning CUDA MATMUL kernel (Optuna)
================================================================================
Problem size: 4096x4096x4096
Trials to evaluate: 15

Benchmark repeats per config: 10, warmup runs: 5

Valid configurations in search space: 93/243

[  1/15] BM= 32, BN= 32, BK=32, TM=2, TN=2:  32.7535 ms (median), mean=32.1060 ± 1.4740 ms (4196.16 GFLOP/s)
[  2/15] BM= 32, BN= 32, BK= 8, TM=4, TN=2:  28.0882 ms (median), mean=28.0848 ± 0.0347 ms (4893.13 GFLOP/s)
[  3/15] BM=128, BN= 32, BK=16, TM=4, TN=2:  27.7540 ms (median), mean=27.2242 ± 1.1786 ms (4952.05 GFLOP/s)
[  4/15] BM= 32, BN= 64, BK= 8, TM=4, TN=1:  32.2785 ms (median), mean=32.2326 ± 0.1061 ms (4257.91 GFLOP/s)
[  5/15] BM= 64, BN= 64, BK= 8, TM=4, TN=2:  19.1591 ms (median), mean=18.5142 ± 0.9776 ms (7173.56 GFLOP/s)
[  6/15] BM= 32, BN= 32, BK=16, TM=1, TN=4:  42.4328 ms (median), mean=42.4238 ± 0.0403 ms (3238.98 GFLOP/s)
[  7/15] BM=128, BN= 32, BK=32, TM=4, TN=2:  45.3472 ms (median), mean=45.3481 ± 0.0054 ms (3030.82 GFLOP/s)
[  8/15] BM= 64, BN= 64, BK= 8, TM=4, TN=2:  19.1629 ms (median), mean=19.1613 ± 0.0046 ms (7172.14 GFLOP/s)
[  9/15] BM= 64, BN= 32, BK=16, TM=1, TN=4:  43.3662 ms (median), mean=43.2952 ± 0.1591 ms (3169.26 GFLOP/s)
[ 10/15] BM= 64, BN= 32, BK=32, TM=4, TN=2:  41.4498 ms (median), mean=41.4515 ± 0.0069 ms (3315.79 GFLOP/s)
[ 11/15] BM= 32, BN= 64, BK=32, TM=4, TN=4:  37.0823 ms (median), mean=37.0812 ± 0.0126 ms (3706.33 GFLOP/s)
[ 12/15] BM= 64, BN= 64, BK= 8, TM=4, TN=2:  19.1631 ms (median), mean=19.1626 ± 0.0050 ms (7172.07 GFLOP/s)
[ 13/15] BM= 32, BN= 32, BK=32, TM=4, TN=4:  50.0450 ms (median), mean=50.9423 ± 1.0363 ms (2746.31 GFLOP/s)
[ 14/15] BM= 64, BN= 64, BK= 8, TM=4, TN=2:  19.1604 ms (median), mean=19.1607 ± 0.0056 ms (7173.09 GFLOP/s)
[ 15/15] BM= 64, BN= 64, BK=16, TM=4, TN=4:  25.2540 ms (median), mean=25.2491 ± 0.0203 ms (5442.26 GFLOP/s)

Best trial: Trial #5
Best value: 19.1591 ms
✓ Bayesian run completed: 15 configs evaluated

================================================================================
EXPERIMENT 6: CUDA MATMUL Random Search
================================================================================

================================================================================
Random Search Auto-tuning CUDA MATMUL kernel
================================================================================
Problem size: 4096x4096x4096
Samples to evaluate: 15

Benchmark repeats per config: 10, warmup runs: 5

Valid configurations in search space: 93
[  1/15] BM= 32, BN= 32, BK=32, TM=2, TN=2:  32.7655 ms (median), mean=32.7581 ± 0.0436 ms (4194.63 GFLOP/s)
[  2/15] BM= 32, BN= 64, BK=16, TM=1, TN=4:  40.1269 ms (median), mean=40.1276 ± 0.0072 ms (3425.11 GFLOP/s)
[  3/15] BM= 32, BN=128, BK=16, TM=4, TN=4:  29.2545 ms (median), mean=28.6516 ± 1.3829 ms (4698.05 GFLOP/s)
[  4/15] BM= 64, BN= 32, BK= 8, TM=1, TN=4:  38.1696 ms (median), mean=37.6686 ± 1.1150 ms (3600.74 GFLOP/s)
[  5/15] BM= 64, BN= 32, BK=16, TM=2, TN=4:  34.5347 ms (median), mean=34.6002 ± 0.1725 ms (3979.74 GFLOP/s)
[  6/15] BM= 32, BN= 32, BK=16, TM=4, TN=2:  27.7621 ms (median), mean=27.3277 ± 0.9669 ms (4950.60 GFLOP/s)
[  7/15] BM= 64, BN= 32, BK=32, TM=2, TN=4:  31.6740 ms (median), mean=31.6488 ± 0.1971 ms (4339.18 GFLOP/s)
[  8/15] BM= 64, BN= 32, BK= 8, TM=2, TN=2:  29.2580 ms (median), mean=29.2569 ± 0.0034 ms (4697.49 GFLOP/s)
[  9/15] BM= 32, BN= 32, BK= 8, TM=4, TN=1:  28.6561 ms (median), mean=28.1441 ± 1.1424 ms (4796.14 GFLOP/s)
[ 10/15] BM= 32, BN=128, BK= 8, TM=4, TN=4:  28.9721 ms (median), mean=28.9803 ± 0.0357 ms (4743.84 GFLOP/s)
[ 11/15] BM= 64, BN= 32, BK=32, TM=4, TN=2:  41.4508 ms (median), mean=41.4520 ± 0.0068 ms (3315.71 GFLOP/s)
[ 12/15] BM= 32, BN= 64, BK=16, TM=4, TN=1:  36.1243 ms (median), mean=36.1238 ± 0.0140 ms (3804.61 GFLOP/s)
[ 13/15] BM= 64, BN= 64, BK=32, TM=4, TN=2:  24.0008 ms (median), mean=24.0004 ± 0.0155 ms (5726.44 GFLOP/s)
[ 14/15] BM= 32, BN= 32, BK=16, TM=1, TN=2:  39.6292 ms (median), mean=39.6307 ± 0.0039 ms (3468.12 GFLOP/s)
[ 15/15] BM= 64, BN= 32, BK=32, TM=1, TN=4:  56.0250 ms (median), mean=56.0267 ± 0.0076 ms (2453.17 GFLOP/s)
✓ Random run completed: 15 configs evaluated
BAYESIAN holdout: geometric-mean speedup=1.711x, 95% CI=[1.709, 1.713], 20/20 paired seeds faster
RANDOM holdout: geometric-mean speedup=1.382x, 95% CI=[1.349, 1.417], 20/20 paired seeds faster

✓ CUDA Bayesian Run 6: best = 19.1591 ms
✓ CUDA Random Run 6:   best = 24.0008 ms

================================================================================
EXPERIMENT 7: CUDA MATMUL Bayesian Search
================================================================================

================================================================================
Bayesian Optimization Auto-tuning CUDA MATMUL kernel (Optuna)
================================================================================
Problem size: 4096x4096x4096
Trials to evaluate: 15

Benchmark repeats per config: 10, warmup runs: 5

Valid configurations in search space: 93/243

[  1/15] BM= 32, BN= 32, BK=32, TM=2, TN=2:  32.8067 ms (median), mean=32.2512 ± 1.2131 ms (4189.36 GFLOP/s)
[  2/15] BM= 32, BN= 32, BK=32, TM=1, TN=4:  53.8639 ms (median), mean=53.8713 ± 0.1020 ms (2551.60 GFLOP/s)
[  3/15] BM= 32, BN= 64, BK= 8, TM=2, TN=2:  28.2926 ms (median), mean=28.2948 ± 0.0049 ms (4857.77 GFLOP/s)
[  4/15] BM= 32, BN= 64, BK=32, TM=2, TN=2:  37.4039 ms (median), mean=36.8457 ± 1.4716 ms (3674.45 GFLOP/s)
[  5/15] BM= 64, BN= 32, BK=16, TM=2, TN=2:  31.5458 ms (median), mean=31.1582 ± 0.8617 ms (4356.81 GFLOP/s)
[  6/15] BM= 32, BN=128, BK=16, TM=4, TN=2:  27.3196 ms (median), mean=27.3256 ± 0.0126 ms (5030.78 GFLOP/s)
[  7/15] BM= 32, BN= 64, BK=32, TM=1, TN=4:  48.2225 ms (median), mean=47.3181 ± 2.0618 ms (2850.10 GFLOP/s)
[  8/15] BM= 64, BN= 32, BK=32, TM=2, TN=4:  31.4781 ms (median), mean=31.5165 ± 0.1677 ms (4366.18 GFLOP/s)
[  9/15] BM= 32, BN= 32, BK=32, TM=1, TN=2:  39.1206 ms (median), mean=39.1216 ± 0.0036 ms (3513.21 GFLOP/s)
[ 10/15] BM= 32, BN=128, BK=16, TM=4, TN=2:  27.3420 ms (median), mean=27.3353 ± 0.0113 ms (5026.66 GFLOP/s)
[ 11/15] BM= 32, BN= 32, BK=16, TM=2, TN=4:  34.4322 ms (median), mean=33.7677 ± 1.5533 ms (3991.58 GFLOP/s)
[ 12/15] BM= 32, BN=128, BK=16, TM=4, TN=2:  27.3121 ms (median), mean=27.3140 ± 0.0127 ms (5032.17 GFLOP/s)
[ 13/15] BM= 64, BN= 64, BK= 8, TM=4, TN=2:  19.1637 ms (median), mean=19.1615 ± 0.0044 ms (7171.84 GFLOP/s)
[ 14/15] BM= 64, BN= 32, BK=32, TM=4, TN=1:  42.5394 ms (median), mean=42.4748 ± 0.1512 ms (3230.87 GFLOP/s)
[ 15/15] BM= 64, BN= 64, BK= 8, TM=4, TN=2:  19.1584 ms (median), mean=18.7409 ± 0.9342 ms (7173.84 GFLOP/s)

Best trial: Trial #15
Best value: 19.1584 ms
✓ Bayesian run completed: 15 configs evaluated

================================================================================
EXPERIMENT 7: CUDA MATMUL Random Search
================================================================================

================================================================================
Random Search Auto-tuning CUDA MATMUL kernel
================================================================================
Problem size: 4096x4096x4096
Samples to evaluate: 15

Benchmark repeats per config: 10, warmup runs: 5

Valid configurations in search space: 93
[  1/15] BM= 32, BN= 32, BK=32, TM=2, TN=2:  32.7915 ms (median), mean=32.7849 ± 0.0459 ms (4191.30 GFLOP/s)
[  2/15] BM= 32, BN= 32, BK=32, TM=4, TN=4:  50.0593 ms (median), mean=50.6380 ± 0.8969 ms (2745.52 GFLOP/s)
[  3/15] BM= 32, BN= 64, BK=32, TM=1, TN=4:  48.2739 ms (median), mean=48.2676 ± 0.0237 ms (2847.06 GFLOP/s)
[  4/15] BM= 32, BN= 32, BK=32, TM=4, TN=2:  41.9759 ms (median), mean=41.1372 ± 1.9127 ms (3274.24 GFLOP/s)
[  5/15] BM= 32, BN=128, BK= 8, TM=2, TN=4:  33.3003 ms (median), mean=33.3139 ± 0.0486 ms (4127.26 GFLOP/s)
[  6/15] BM= 32, BN= 32, BK=32, TM=1, TN=4:  53.9046 ms (median), mean=53.9379 ± 0.1295 ms (2549.67 GFLOP/s)
[  7/15] BM= 32, BN= 32, BK= 8, TM=4, TN=2:  28.1349 ms (median), mean=27.6740 ± 1.0362 ms (4884.99 GFLOP/s)
[  8/15] BM= 32, BN=128, BK=32, TM=4, TN=2:  50.5924 ms (median), mean=50.5994 ± 0.0183 ms (2716.59 GFLOP/s)
[  9/15] BM= 32, BN=128, BK=16, TM=4, TN=4:  29.2810 ms (median), mean=29.2827 ± 0.0125 ms (4693.79 GFLOP/s)
[ 10/15] BM= 64, BN= 64, BK= 8, TM=4, TN=2:  19.1562 ms (median), mean=18.4588 ± 1.0392 ms (7174.64 GFLOP/s)
[ 11/15] BM=128, BN= 32, BK=16, TM=4, TN=4:  31.5969 ms (median), mean=31.5796 ± 0.0633 ms (4349.76 GFLOP/s)
[ 12/15] BM=128, BN= 32, BK= 8, TM=4, TN=4:  29.3076 ms (median), mean=28.8116 ± 1.1383 ms (4689.53 GFLOP/s)
[ 13/15] BM= 32, BN= 64, BK=16, TM=4, TN=4:  32.1199 ms (median), mean=32.1205 ± 0.0421 ms (4278.93 GFLOP/s)
[ 14/15] BM= 64, BN= 32, BK= 8, TM=2, TN=4:  27.8889 ms (median), mean=27.8987 ± 0.0272 ms (4928.08 GFLOP/s)
[ 15/15] BM= 64, BN= 32, BK= 8, TM=4, TN=4:  25.5898 ms (median), mean=25.6076 ± 0.0755 ms (5370.84 GFLOP/s)
✓ Random run completed: 15 configs evaluated
BAYESIAN holdout: geometric-mean speedup=1.729x, 95% CI=[1.694, 1.766], 20/20 paired seeds faster
RANDOM holdout: geometric-mean speedup=1.722x, 95% CI=[1.697, 1.748], 20/20 paired seeds faster

✓ CUDA Bayesian Run 7: best = 19.1584 ms
✓ CUDA Random Run 7:   best = 19.1562 ms

================================================================================
EXPERIMENT 8: CUDA MATMUL Bayesian Search
================================================================================

================================================================================
Bayesian Optimization Auto-tuning CUDA MATMUL kernel (Optuna)
================================================================================
Problem size: 4096x4096x4096
Trials to evaluate: 15

Benchmark repeats per config: 10, warmup runs: 5

Valid configurations in search space: 93/243

[  1/15] BM= 32, BN= 32, BK=32, TM=2, TN=2:  32.7884 ms (median), mean=32.2339 ± 1.2226 ms (4191.70 GFLOP/s)
[  2/15] BM= 32, BN= 32, BK= 8, TM=1, TN=4:  36.9899 ms (median), mean=36.2902 ± 1.5595 ms (3715.58 GFLOP/s)
[  3/15] BM=128, BN= 32, BK=32, TM=2, TN=4:  31.9362 ms (median), mean=31.9366 ± 0.0204 ms (4303.54 GFLOP/s)
[  4/15] BM= 64, BN= 64, BK= 8, TM=4, TN=4:  20.4922 ms (median), mean=20.4910 ± 0.0097 ms (6706.89 GFLOP/s)
[  5/15] BM= 32, BN= 32, BK=16, TM=2, TN=2:  31.3441 ms (median), mean=30.6544 ± 1.5391 ms (4384.84 GFLOP/s)
[  6/15] BM= 32, BN= 64, BK=16, TM=4, TN=2:  27.3676 ms (median), mean=26.8287 ± 1.2056 ms (5021.95 GFLOP/s)
[  7/15] BM=128, BN= 64, BK=16, TM=4, TN=4:  36.6199 ms (median), mean=36.0294 ± 1.3133 ms (3753.12 GFLOP/s)
[  8/15] BM= 64, BN= 64, BK= 8, TM=4, TN=4:  20.4996 ms (median), mean=20.4974 ± 0.0067 ms (6704.49 GFLOP/s)
[  9/15] BM= 32, BN= 32, BK=16, TM=4, TN=2:  27.7712 ms (median), mean=27.4652 ± 0.6307 ms (4948.98 GFLOP/s)
[ 10/15] BM=128, BN= 32, BK= 8, TM=2, TN=4:  35.0707 ms (median), mean=35.0597 ± 0.0729 ms (3918.91 GFLOP/s)
[ 11/15] BM= 32, BN=128, BK=16, TM=2, TN=4:  30.8550 ms (median), mean=30.9532 ± 0.1556 ms (4454.35 GFLOP/s)
[ 12/15] BM= 32, BN=128, BK=32, TM=2, TN=4:  29.6268 ms (median), mean=29.1437 ± 1.0881 ms (4639.01 GFLOP/s)
[ 13/15] BM= 64, BN=128, BK= 8, TM=4, TN=4:  20.2554 ms (median), mean=20.2559 ± 0.0103 ms (6785.29 GFLOP/s)
[ 14/15] BM= 64, BN= 64, BK=32, TM=4, TN=2:  23.9894 ms (median), mean=23.9908 ± 0.0079 ms (5729.15 GFLOP/s)
[ 15/15] BM= 64, BN=128, BK= 8, TM=4, TN=4:  20.2545 ms (median), mean=20.2505 ± 0.0083 ms (6785.59 GFLOP/s)

Best trial: Trial #15
Best value: 20.2545 ms
✓ Bayesian run completed: 15 configs evaluated

================================================================================
EXPERIMENT 8: CUDA MATMUL Random Search
================================================================================

================================================================================
Random Search Auto-tuning CUDA MATMUL kernel
================================================================================
Problem size: 4096x4096x4096
Samples to evaluate: 15

Benchmark repeats per config: 10, warmup runs: 5

Valid configurations in search space: 93
[  1/15] BM= 32, BN= 32, BK=32, TM=2, TN=2:  32.8084 ms (median), mean=32.8008 ± 0.0319 ms (4189.14 GFLOP/s)
[  2/15] BM= 32, BN=128, BK= 8, TM=2, TN=4:  33.3478 ms (median), mean=33.3398 ± 0.0299 ms (4121.38 GFLOP/s)
[  3/15] BM= 32, BN= 32, BK= 8, TM=4, TN=1:  28.6559 ms (median), mean=28.6067 ± 0.1072 ms (4796.18 GFLOP/s)
[  4/15] BM= 32, BN=128, BK= 8, TM=4, TN=4:  28.9724 ms (median), mean=28.9769 ± 0.0270 ms (4743.79 GFLOP/s)
[  5/15] BM= 64, BN= 64, BK=16, TM=4, TN=4:  25.2768 ms (median), mean=24.8103 ± 1.0426 ms (5437.35 GFLOP/s)
[  6/15] BM= 32, BN= 64, BK= 8, TM=4, TN=4:  23.2852 ms (median), mean=23.2740 ± 0.0483 ms (5902.41 GFLOP/s)
[  7/15] BM= 64, BN= 32, BK= 8, TM=2, TN=4:  27.8947 ms (median), mean=27.9068 ± 0.0243 ms (4927.06 GFLOP/s)
[  8/15] BM= 64, BN= 32, BK=32, TM=4, TN=4:  39.0805 ms (median), mean=38.4879 ± 1.2873 ms (3516.81 GFLOP/s)
[  9/15] BM= 32, BN= 32, BK= 8, TM=4, TN=4:  29.2439 ms (median), mean=29.2086 ± 0.0857 ms (4699.75 GFLOP/s)
[ 10/15] BM= 64, BN= 64, BK=16, TM=2, TN=4:  26.5042 ms (median), mean=26.5215 ± 0.1740 ms (5185.55 GFLOP/s)
[ 11/15] BM= 32, BN= 32, BK=32, TM=1, TN=2:  39.1232 ms (median), mean=38.6144 ± 1.1332 ms (3512.98 GFLOP/s)
[ 12/15] BM= 32, BN= 64, BK=32, TM=1, TN=4:  48.2798 ms (median), mean=47.4144 ± 1.9408 ms (2846.72 GFLOP/s)
[ 13/15] BM= 64, BN= 32, BK=16, TM=4, TN=1:  36.1085 ms (median), mean=36.1075 ± 0.0065 ms (3806.28 GFLOP/s)
[ 14/15] BM= 32, BN= 32, BK= 8, TM=2, TN=4:  30.2656 ms (median), mean=30.2618 ± 0.0157 ms (4541.09 GFLOP/s)
[ 15/15] BM= 32, BN= 32, BK=16, TM=1, TN=4:  42.3389 ms (median), mean=41.6169 ± 1.6482 ms (3246.16 GFLOP/s)
✓ Random run completed: 15 configs evaluated
BAYESIAN holdout: geometric-mean speedup=1.618x, 95% CI=[1.615, 1.621], 20/20 paired seeds faster
RANDOM holdout: geometric-mean speedup=1.408x, 95% CI=[1.407, 1.410], 20/20 paired seeds faster

✓ CUDA Bayesian Run 8: best = 20.2545 ms
✓ CUDA Random Run 8:   best = 23.2852 ms

================================================================================
EXPERIMENT 9: CUDA MATMUL Bayesian Search
================================================================================

================================================================================
Bayesian Optimization Auto-tuning CUDA MATMUL kernel (Optuna)
================================================================================
Problem size: 4096x4096x4096
Trials to evaluate: 15

Benchmark repeats per config: 10, warmup runs: 5

Valid configurations in search space: 93/243

[  1/15] BM= 32, BN= 32, BK=32, TM=2, TN=2:  32.7316 ms (median), mean=32.7196 ± 0.0269 ms (4198.97 GFLOP/s)
[  2/15] BM= 64, BN= 32, BK=16, TM=2, TN=4:  34.3547 ms (median), mean=33.9067 ± 1.3181 ms (4000.59 GFLOP/s)
[  3/15] BM= 64, BN= 32, BK=32, TM=2, TN=4:  31.6390 ms (median), mean=31.1534 ± 1.0535 ms (4343.97 GFLOP/s)
[  4/15] BM= 32, BN= 32, BK=32, TM=2, TN=2:  32.7889 ms (median), mean=32.7688 ± 0.0597 ms (4191.64 GFLOP/s)
[  5/15] BM=128, BN= 64, BK= 8, TM=4, TN=4:  19.8250 ms (median), mean=19.7135 ± 0.2707 ms (6932.62 GFLOP/s)
[  6/15] BM= 32, BN= 64, BK= 8, TM=2, TN=4:  26.8136 ms (median), mean=26.4805 ± 0.7335 ms (5125.72 GFLOP/s)
[  7/15] BM=128, BN= 64, BK= 8, TM=4, TN=4:  19.8280 ms (median), mean=19.4940 ± 0.7380 ms (6931.57 GFLOP/s)
[  8/15] BM= 64, BN= 32, BK=16, TM=2, TN=2:  31.5443 ms (median), mean=31.5460 ± 0.0044 ms (4357.01 GFLOP/s)
[  9/15] BM=128, BN= 32, BK=16, TM=2, TN=4:  35.6744 ms (median), mean=35.6770 ± 0.0086 ms (3852.60 GFLOP/s)
[ 10/15] BM= 64, BN= 64, BK= 8, TM=4, TN=2:  19.1580 ms (median), mean=19.1592 ± 0.0055 ms (7173.96 GFLOP/s)
[ 11/15] BM= 32, BN= 64, BK=16, TM=2, TN=2:  30.5947 ms (median), mean=29.9587 ± 1.4201 ms (4492.25 GFLOP/s)
[ 12/15] BM= 32, BN= 64, BK=32, TM=2, TN=4:  31.5752 ms (median), mean=31.5610 ± 0.1160 ms (4352.75 GFLOP/s)
[ 13/15] BM= 32, BN= 64, BK=16, TM=1, TN=4:  40.1304 ms (median), mean=39.4266 ± 1.5755 ms (3424.81 GFLOP/s)
[ 14/15] BM= 64, BN= 64, BK= 8, TM=4, TN=2:  19.1600 ms (median), mean=19.0268 ± 0.2971 ms (7173.21 GFLOP/s)
[ 15/15] BM= 64, BN= 64, BK= 8, TM=4, TN=2:  19.1654 ms (median), mean=19.1654 ± 0.0028 ms (7171.19 GFLOP/s)

Best trial: Trial #10
Best value: 19.1580 ms
✓ Bayesian run completed: 15 configs evaluated

================================================================================
EXPERIMENT 9: CUDA MATMUL Random Search
================================================================================

================================================================================
Random Search Auto-tuning CUDA MATMUL kernel
================================================================================
Problem size: 4096x4096x4096
Samples to evaluate: 15

Benchmark repeats per config: 10, warmup runs: 5

Valid configurations in search space: 93
[  1/15] BM= 32, BN= 32, BK=32, TM=2, TN=2:  32.7973 ms (median), mean=32.7823 ± 0.0351 ms (4190.56 GFLOP/s)
[  2/15] BM= 64, BN= 64, BK=16, TM=4, TN=4:  25.2529 ms (median), mean=24.9755 ± 0.6128 ms (5442.49 GFLOP/s)
[  3/15] BM= 32, BN=128, BK=16, TM=4, TN=2:  27.3252 ms (median), mean=27.3284 ± 0.0120 ms (5029.75 GFLOP/s)
[  4/15] BM= 32, BN= 32, BK= 8, TM=4, TN=2:  28.0436 ms (median), mean=27.9079 ± 0.3797 ms (4900.91 GFLOP/s)
[  5/15] BM= 64, BN=128, BK=32, TM=4, TN=4:  34.9510 ms (median), mean=34.5707 ± 0.8770 ms (3932.34 GFLOP/s)
[  6/15] BM= 32, BN= 64, BK=32, TM=4, TN=4:  37.0676 ms (median), mean=37.0353 ± 0.0670 ms (3707.79 GFLOP/s)
[  7/15] BM= 32, BN= 32, BK=16, TM=1, TN=4:  42.3860 ms (median), mean=42.3937 ± 0.0500 ms (3242.55 GFLOP/s)
[  8/15] BM= 32, BN=128, BK=16, TM=2, TN=4:  31.1436 ms (median), mean=31.1226 ± 0.1986 ms (4413.07 GFLOP/s)
[  9/15] BM= 64, BN= 64, BK=16, TM=2, TN=4:  26.4584 ms (median), mean=25.9355 ± 1.2550 ms (5194.53 GFLOP/s)
[ 10/15] BM= 64, BN= 32, BK= 8, TM=4, TN=2:  25.3257 ms (median), mean=24.8244 ± 1.1287 ms (5426.85 GFLOP/s)
[ 11/15] BM= 32, BN= 32, BK=16, TM=4, TN=2:  27.7535 ms (median), mean=27.3207 ± 0.9826 ms (4952.12 GFLOP/s)
[ 12/15] BM=128, BN= 32, BK= 8, TM=2, TN=4:  35.0701 ms (median), mean=35.0449 ± 0.0834 ms (3918.98 GFLOP/s)
[ 13/15] BM=128, BN= 64, BK=32, TM=4, TN=4:  35.2200 ms (median), mean=35.2211 ± 0.0056 ms (3902.30 GFLOP/s)
[ 14/15] BM= 32, BN= 64, BK= 8, TM=4, TN=4:  23.2896 ms (median), mean=23.2847 ± 0.0190 ms (5901.31 GFLOP/s)
[ 15/15] BM= 32, BN= 32, BK=32, TM=4, TN=2:  42.0246 ms (median), mean=42.0255 ± 0.0299 ms (3270.44 GFLOP/s)
✓ Random run completed: 15 configs evaluated
BAYESIAN holdout: geometric-mean speedup=1.723x, 95% CI=[1.705, 1.741], 20/20 paired seeds faster
RANDOM holdout: geometric-mean speedup=1.407x, 95% CI=[1.405, 1.408], 20/20 paired seeds faster

✓ CUDA Bayesian Run 9: best = 19.1580 ms
✓ CUDA Random Run 9:   best = 23.2896 ms

================================================================================
EXPERIMENT 10: CUDA MATMUL Bayesian Search
================================================================================

================================================================================
Bayesian Optimization Auto-tuning CUDA MATMUL kernel (Optuna)
================================================================================
Problem size: 4096x4096x4096
Trials to evaluate: 15

Benchmark repeats per config: 10, warmup runs: 5

Valid configurations in search space: 93/243

[  1/15] BM= 32, BN= 32, BK=32, TM=2, TN=2:  32.7845 ms (median), mean=32.7711 ± 0.0467 ms (4192.20 GFLOP/s)
[  2/15] BM= 32, BN= 32, BK= 8, TM=1, TN=4:  36.9931 ms (median), mean=36.1582 ± 1.8615 ms (3715.26 GFLOP/s)
[  3/15] BM= 64, BN= 64, BK=32, TM=2, TN=4:  28.5883 ms (median), mean=28.1404 ± 0.9939 ms (4807.53 GFLOP/s)
[  4/15] BM= 32, BN= 64, BK=32, TM=2, TN=4:  31.4827 ms (median), mean=31.4602 ± 0.1255 ms (4365.54 GFLOP/s)
[  5/15] BM= 32, BN= 32, BK=32, TM=4, TN=1:  39.8757 ms (median), mean=39.1580 ± 1.6062 ms (3446.69 GFLOP/s)
[  6/15] BM= 64, BN= 64, BK=32, TM=2, TN=4:  28.6170 ms (median), mean=28.1388 ± 1.0755 ms (4802.70 GFLOP/s)
[  7/15] BM= 32, BN= 64, BK= 8, TM=2, TN=4:  26.8371 ms (median), mean=26.6715 ± 0.3804 ms (5121.23 GFLOP/s)
[  8/15] BM= 32, BN= 32, BK=32, TM=4, TN=4:  50.1865 ms (median), mean=51.2593 ± 1.0507 ms (2738.57 GFLOP/s)
[  9/15] BM=128, BN= 64, BK=16, TM=4, TN=4:  36.6228 ms (median), mean=36.6238 ± 0.0055 ms (3752.82 GFLOP/s)
[ 10/15] BM= 32, BN= 32, BK=32, TM=1, TN=4:  53.8311 ms (median), mean=53.8284 ± 0.1055 ms (2553.15 GFLOP/s)
[ 11/15] BM= 32, BN=128, BK=16, TM=2, TN=4:  31.0817 ms (median), mean=31.1039 ± 0.1590 ms (4421.85 GFLOP/s)
[ 12/15] BM= 32, BN= 32, BK= 8, TM=4, TN=1:  28.6552 ms (median), mean=28.1440 ± 1.1425 ms (4796.31 GFLOP/s)
[ 13/15] BM= 64, BN= 32, BK= 8, TM=4, TN=4:  25.7256 ms (median), mean=25.7218 ± 0.0690 ms (5342.50 GFLOP/s)
[ 14/15] BM= 64, BN= 32, BK= 8, TM=4, TN=4:  25.6473 ms (median), mean=25.6369 ± 0.0831 ms (5358.82 GFLOP/s)
[ 15/15] BM= 32, BN= 64, BK= 8, TM=2, TN=2:  28.2956 ms (median), mean=28.2973 ± 0.0068 ms (4857.26 GFLOP/s)

Best trial: Trial #14
Best value: 25.6473 ms
✓ Bayesian run completed: 15 configs evaluated

================================================================================
EXPERIMENT 10: CUDA MATMUL Random Search
================================================================================

================================================================================
Random Search Auto-tuning CUDA MATMUL kernel
================================================================================
Problem size: 4096x4096x4096
Samples to evaluate: 15

Benchmark repeats per config: 10, warmup runs: 5

Valid configurations in search space: 93
[  1/15] BM= 32, BN= 32, BK=32, TM=2, TN=2:  32.7962 ms (median), mean=32.7901 ± 0.0439 ms (4190.69 GFLOP/s)
[  2/15] BM= 32, BN=128, BK=16, TM=2, TN=4:  31.1050 ms (median), mean=31.0910 ± 0.1476 ms (4418.55 GFLOP/s)
[  3/15] BM= 32, BN=128, BK= 8, TM=4, TN=2:  30.3325 ms (median), mean=29.8112 ± 1.1796 ms (4531.07 GFLOP/s)
[  4/15] BM= 64, BN= 64, BK=32, TM=4, TN=4:  34.6664 ms (median), mean=34.6664 ± 0.0050 ms (3964.61 GFLOP/s)
[  5/15] BM= 32, BN= 32, BK= 8, TM=2, TN=4:  30.2697 ms (median), mean=30.2793 ± 0.0377 ms (4540.48 GFLOP/s)
[  6/15] BM= 64, BN= 64, BK= 8, TM=4, TN=2:  19.1616 ms (median), mean=19.1639 ± 0.0064 ms (7172.63 GFLOP/s)
[  7/15] BM= 32, BN= 32, BK=32, TM=2, TN=1:  33.7480 ms (median), mean=33.7464 ± 0.0070 ms (4072.50 GFLOP/s)
[  8/15] BM= 64, BN= 32, BK= 8, TM=4, TN=4:  25.7045 ms (median), mean=25.6887 ± 0.0994 ms (5346.89 GFLOP/s)
[  9/15] BM= 64, BN= 32, BK=16, TM=4, TN=1:  36.1026 ms (median), mean=36.1052 ± 0.0106 ms (3806.90 GFLOP/s)
[ 10/15] BM= 32, BN= 32, BK=32, TM=4, TN=4:  50.0896 ms (median), mean=50.9403 ± 1.0060 ms (2743.86 GFLOP/s)
[ 11/15] BM= 64, BN= 32, BK=16, TM=2, TN=4:  34.4776 ms (median), mean=34.4798 ± 0.2180 ms (3986.32 GFLOP/s)
[ 12/15] BM= 32, BN=128, BK=16, TM=4, TN=4:  29.2918 ms (median), mean=29.2904 ± 0.0170 ms (4692.06 GFLOP/s)
[ 13/15] BM= 64, BN= 32, BK=32, TM=2, TN=2:  39.3754 ms (median), mean=38.7065 ± 1.4910 ms (3490.48 GFLOP/s)
[ 14/15] BM= 64, BN= 32, BK= 8, TM=4, TN=2:  25.3245 ms (median), mean=24.8215 ± 1.1315 ms (5427.12 GFLOP/s)
[ 15/15] BM= 32, BN= 32, BK=16, TM=1, TN=4:  42.3973 ms (median), mean=41.6638 ± 1.6456 ms (3241.69 GFLOP/s)
✓ Random run completed: 15 configs evaluated
BAYESIAN holdout: geometric-mean speedup=1.265x, 95% CI=[1.241, 1.289], 20/20 paired seeds faster
RANDOM holdout: geometric-mean speedup=1.694x, 95% CI=[1.661, 1.727], 20/20 paired seeds faster

✓ CUDA Bayesian Run 10: best = 25.6473 ms
✓ CUDA Random Run 10:   best = 19.1616 ms

BAYESIAN independent validation: median campaign speedup=1.558x; 95% CI above 1.0 in 9/10 campaigns
BAYESIAN grid regret: median=18.951%, mean=27.466% across 10 campaigns

RANDOM independent validation: median campaign speedup=1.461x; 95% CI above 1.0 in 10/10 campaigns
RANDOM grid regret: median=15.602%, mean=21.042% across 10 campaigns

Saved CUDA convergence data to: /home/latorresn/Bayesian_Auto-Tuning_for_Performance_Portability/results_20260930_213706/matmul/size_4096/convergence_cuda.json

================================================================================
Running CUDA statistical analysis...
================================================================================

================================================================================
STATISTICAL COMPARISON: CUDA MATMUL: BAYESIAN vs RANDOM SEARCH
================================================================================

Sample Sizes:
  Bayesian: 10 runs
  Random:   10 runs

Descriptive Statistics (Best Time Found):

  BAYESIAN:
    Mean:   22.9380 ms
    Median: 20.9524 ms
    Std:    4.3224 ms
    Range:  [19.1580, 32.7686] ms
    IQR:    [19.3254, 25.3459] ms

  RANDOM:
    Mean:   22.4192 ms
    Median: 22.4718 ms
    Std:    2.4907 ms
    Range:  [19.1562, 27.7544] ms
    IQR:    [20.6016, 23.8078] ms

Effect Size (Cohen's d): 0.140
  → Negligible effect size

Welch's t-test:
  t-statistic: 0.3120
  p-value:     0.7595
  Mean diff:   0.5188 ms (95% CI: ±3.0920)
  Result:      Not significant

Mann-Whitney U test (non-parametric):
  U-statistic: 48.0000
  p-value:     0.9097
  Result:      Not significant

WINNER: Random
================================================================================

CUDA statistical results saved to: /home/latorresn/Bayesian_Auto-Tuning_for_Performance_Portability/results_20260930_213706/matmul/size_4096/statistical_results_cuda.json

================================================================================
Analysis complete! Results saved to:
  - SYCL MATMUL convergence data: /home/latorresn/Bayesian_Auto-Tuning_for_Performance_Portability/results_20260930_213706/matmul/size_4096/convergence_sycl.json
  - SYCL MATMUL statistical results: /home/latorresn/Bayesian_Auto-Tuning_for_Performance_Portability/results_20260930_213706/matmul/size_4096/statistical_results_sycl.json
  - CUDA MATMUL convergence data: /home/latorresn/Bayesian_Auto-Tuning_for_Performance_Portability/results_20260930_213706/matmul/size_4096/convergence_cuda.json
  - CUDA MATMUL statistical results: /home/latorresn/Bayesian_Auto-Tuning_for_Performance_Portability/results_20260930_213706/matmul/size_4096/statistical_results_cuda.json
================================================================================

