
================================================================================
STATISTICAL ANALYSIS: SYCL STENCIL BAYESIAN vs RANDOM SEARCH
Problem size: 2048x2048x512
Independent runs: 10
Trials per run: 15
Benchmark repeats per config: 10
Warmup runs per config: 5
Independent validation repeats per config: 20
Grid-search repeats per config: 3
================================================================================
Exhaustive grid search SYCL STENCIL: 200 valid configurations
[  1/200] 16_32_0_1_1: 38.8959 ms (median)
[  2/200] 16_32_0_1_2: 41.0881 ms (median)
[  3/200] 16_32_0_1_4: 44.2282 ms (median)
[  4/200] 16_32_0_2_1: 31.9870 ms (median)
[  5/200] 16_32_0_2_2: 31.0293 ms (median)
[  6/200] 16_32_0_2_4: 44.0826 ms (median)
[  7/200] 16_32_0_4_1: 33.0103 ms (median)
[  8/200] 16_32_0_4_2: 30.4136 ms (median)
[  9/200] 16_32_0_4_4: 40.7380 ms (median)
[ 10/200] 16_32_1_1_1: 44.8713 ms (median)
[ 11/200] 16_32_1_1_2: 38.5037 ms (median)
[ 12/200] 16_32_1_1_4: 51.1844 ms (median)
[ 13/200] 16_32_1_2_1: 39.3078 ms (median)
[ 14/200] 16_32_1_2_2: 31.0491 ms (median)
[ 15/200] 16_32_1_2_4: 50.0761 ms (median)
[ 16/200] 16_32_1_4_1: 33.7013 ms (median)
[ 17/200] 16_32_1_4_2: 35.3604 ms (median)
[ 18/200] 16_32_1_4_4: 50.1431 ms (median)
[ 19/200] 16_32_2_1_1: 44.8986 ms (median)
[ 20/200] 16_32_2_1_2: 34.1528 ms (median)
[ 21/200] 16_32_2_1_4: 50.8793 ms (median)
[ 22/200] 16_32_2_2_1: 33.7441 ms (median)
[ 23/200] 16_32_2_2_2: 32.2491 ms (median)
[ 24/200] 16_32_2_2_4: 50.7918 ms (median)
[ 25/200] 16_32_2_4_1: 29.2478 ms (median)
[ 26/200] 16_32_2_4_2: 32.5112 ms (median)
[ 27/200] 16_32_2_4_4: 50.3242 ms (median)
[ 28/200] 16_32_8_1_1: 45.4090 ms (median)
[ 29/200] 16_32_8_1_2: 34.6164 ms (median)
[ 30/200] 16_32_8_1_4: 50.8817 ms (median)
[ 31/200] 16_32_8_2_1: 32.8687 ms (median)
[ 32/200] 16_32_8_2_2: 31.8177 ms (median)
[ 33/200] 16_32_8_2_4: 50.5243 ms (median)
[ 34/200] 16_32_8_4_1: 33.9546 ms (median)
[ 35/200] 16_32_8_4_2: 28.7336 ms (median)
[ 36/200] 16_32_8_4_4: 49.8096 ms (median)
[ 37/200] 16_64_0_1_2: 40.1393 ms (median)
[ 38/200] 16_64_0_1_4: 40.4181 ms (median)
[ 39/200] 16_64_0_2_1: 38.5200 ms (median)
[ 40/200] 16_64_0_2_2: 30.7814 ms (median)
[ 41/200] 16_64_0_2_4: 49.4676 ms (median)
[ 42/200] 16_64_0_4_1: 28.8651 ms (median)
[ 43/200] 16_64_0_4_2: 33.5312 ms (median)
[ 44/200] 16_64_0_4_4: 42.0196 ms (median)
[ 45/200] 16_64_1_1_2: 40.9246 ms (median)
[ 46/200] 16_64_1_1_4: 40.0755 ms (median)
[ 47/200] 16_64_1_2_1: 38.5726 ms (median)
[ 48/200] 16_64_1_2_2: 36.6145 ms (median)
[ 49/200] 16_64_1_2_4: 41.4272 ms (median)
[ 50/200] 16_64_1_4_1: 33.3414 ms (median)
[ 51/200] 16_64_1_4_2: 34.1651 ms (median)
[ 52/200] 16_64_1_4_4: 46.7529 ms (median)
[ 53/200] 16_64_2_1_2: 40.5968 ms (median)
[ 54/200] 16_64_2_1_4: 42.1123 ms (median)
[ 55/200] 16_64_2_2_1: 38.5044 ms (median)
[ 56/200] 16_64_2_2_2: 29.8487 ms (median)
[ 57/200] 16_64_2_2_4: 41.4546 ms (median)
[ 58/200] 16_64_2_4_1: 33.6925 ms (median)
[ 59/200] 16_64_2_4_2: 31.5244 ms (median)
[ 60/200] 16_64_2_4_4: 50.4417 ms (median)
[ 61/200] 16_64_8_1_2: 40.1512 ms (median)
[ 62/200] 16_64_8_1_4: 44.0949 ms (median)
[ 63/200] 16_64_8_2_1: 38.7661 ms (median)
[ 64/200] 16_64_8_2_2: 34.3821 ms (median)
[ 65/200] 16_64_8_2_4: 49.7169 ms (median)
[ 66/200] 16_64_8_4_1: 28.1890 ms (median)
[ 67/200] 16_64_8_4_2: 33.9251 ms (median)
[ 68/200] 16_64_8_4_4: 40.9491 ms (median)
[ 69/200] 16_128_0_1_4: 50.5053 ms (median)
[ 70/200] 16_128_0_2_2: 30.9445 ms (median)
[ 71/200] 16_128_0_2_4: 50.6433 ms (median)
[ 72/200] 16_128_0_4_1: 33.5338 ms (median)
[ 73/200] 16_128_0_4_2: 27.1994 ms (median)
[ 74/200] 16_128_0_4_4: 40.1774 ms (median)
[ 75/200] 16_128_1_1_4: 40.0758 ms (median)
[ 76/200] 16_128_1_2_2: 37.1843 ms (median)
[ 77/200] 16_128_1_2_4: 41.2739 ms (median)
[ 78/200] 16_128_1_4_1: 33.5301 ms (median)
[ 79/200] 16_128_1_4_2: 33.2409 ms (median)
[ 80/200] 16_128_1_4_4: 40.3048 ms (median)
[ 81/200] 16_128_2_1_4: 50.3158 ms (median)
[ 82/200] 16_128_2_2_2: 30.3017 ms (median)
[ 83/200] 16_128_2_2_4: 47.4261 ms (median)
[ 84/200] 16_128_2_4_1: 33.7184 ms (median)
[ 85/200] 16_128_2_4_2: 30.8228 ms (median)
[ 86/200] 16_128_2_4_4: 41.7646 ms (median)
[ 87/200] 16_128_8_1_4: 42.6149 ms (median)
[ 88/200] 16_128_8_2_2: 36.6902 ms (median)
[ 89/200] 16_128_8_2_4: 45.0639 ms (median)
[ 90/200] 16_128_8_4_1: 28.6950 ms (median)
[ 91/200] 16_128_8_4_2: 26.8039 ms (median)
[ 92/200] 16_128_8_4_4: 50.3018 ms (median)
[ 93/200] 32_32_0_1_2: 42.0520 ms (median)
[ 94/200] 32_32_0_1_4: 42.8479 ms (median)
[ 95/200] 32_32_0_2_1: 38.8620 ms (median)
[ 96/200] 32_32_0_2_2: 38.3194 ms (median)
[ 97/200] 32_32_0_2_4: 40.6576 ms (median)
[ 98/200] 32_32_0_4_1: 34.2475 ms (median)
[ 99/200] 32_32_0_4_2: 31.2462 ms (median)
[100/200] 32_32_0_4_4: 50.7499 ms (median)
[101/200] 32_32_1_1_2: 39.1519 ms (median)
[102/200] 32_32_1_1_4: 50.8251 ms (median)
[103/200] 32_32_1_2_1: 39.1046 ms (median)
[104/200] 32_32_1_2_2: 31.7685 ms (median)
[105/200] 32_32_1_2_4: 50.1095 ms (median)
[106/200] 32_32_1_4_1: 29.4850 ms (median)
[107/200] 32_32_1_4_2: 34.9431 ms (median)
[108/200] 32_32_1_4_4: 40.0256 ms (median)
[109/200] 32_32_2_1_2: 41.1927 ms (median)
[110/200] 32_32_2_1_4: 50.0692 ms (median)
[111/200] 32_32_2_2_1: 38.3382 ms (median)
[112/200] 32_32_2_2_2: 30.6028 ms (median)
[113/200] 32_32_2_2_4: 43.7173 ms (median)
[114/200] 32_32_2_4_1: 33.2485 ms (median)
[115/200] 32_32_2_4_2: 34.3177 ms (median)
[116/200] 32_32_2_4_4: 49.5873 ms (median)
[117/200] 32_32_8_1_2: 34.6401 ms (median)
[118/200] 32_32_8_1_4: 44.2251 ms (median)
[119/200] 32_32_8_2_1: 32.5157 ms (median)
[120/200] 32_32_8_2_2: 37.0525 ms (median)
[121/200] 32_32_8_2_4: 43.6525 ms (median)
[122/200] 32_32_8_4_1: 31.6781 ms (median)
[123/200] 32_32_8_4_2: 30.6289 ms (median)
[124/200] 32_32_8_4_4: 50.1770 ms (median)
[125/200] 32_64_0_1_4: 41.3044 ms (median)
[126/200] 32_64_0_2_2: 36.3372 ms (median)
[127/200] 32_64_0_2_4: 49.8040 ms (median)
[128/200] 32_64_0_4_1: 27.7185 ms (median)
[129/200] 32_64_0_4_2: 28.2612 ms (median)
[130/200] 32_64_0_4_4: 43.5884 ms (median)
[131/200] 32_64_1_1_4: 49.3718 ms (median)
[132/200] 32_64_1_2_2: 31.0448 ms (median)
[133/200] 32_64_1_2_4: 40.7275 ms (median)
[134/200] 32_64_1_4_1: 33.0078 ms (median)
[135/200] 32_64_1_4_2: 27.8810 ms (median)
[136/200] 32_64_1_4_4: 45.2940 ms (median)
[137/200] 32_64_2_1_4: 49.4582 ms (median)
[138/200] 32_64_2_2_2: 30.3422 ms (median)
[139/200] 32_64_2_2_4: 46.2410 ms (median)
[140/200] 32_64_2_4_1: 28.2622 ms (median)
[141/200] 32_64_2_4_2: 27.8814 ms (median)
[142/200] 32_64_2_4_4: 39.4225 ms (median)
[143/200] 32_64_8_1_4: 46.2326 ms (median)
[144/200] 32_64_8_2_2: 36.8269 ms (median)
[145/200] 32_64_8_2_4: 44.3116 ms (median)
[146/200] 32_64_8_4_1: 33.0733 ms (median)
[147/200] 32_64_8_4_2: 30.8660 ms (median)
[148/200] 32_64_8_4_4: 38.8213 ms (median)
[149/200] 32_128_0_2_4: 43.5068 ms (median)
[150/200] 32_128_0_4_2: 33.2648 ms (median)
[151/200] 32_128_0_4_4: 46.3002 ms (median)
[152/200] 32_128_1_2_4: 52.7533 ms (median)
[153/200] 32_128_1_4_2: 28.0170 ms (median)
[154/200] 32_128_1_4_4: 49.1563 ms (median)
[155/200] 32_128_2_2_4: 42.2342 ms (median)
[156/200] 32_128_2_4_2: 33.2713 ms (median)
[157/200] 32_128_2_4_4: 46.0319 ms (median)
[158/200] 32_128_8_2_4: 41.9939 ms (median)
[159/200] 32_128_8_4_2: 33.0899 ms (median)
[160/200] 32_128_8_4_4: 49.7197 ms (median)
[161/200] 64_32_0_1_4: 40.9724 ms (median)
[162/200] 64_32_0_2_2: 35.3414 ms (median)
[163/200] 64_32_0_2_4: 50.0760 ms (median)
[164/200] 64_32_0_4_1: 31.5734 ms (median)
[165/200] 64_32_0_4_2: 28.1207 ms (median)
[166/200] 64_32_0_4_4: 40.6600 ms (median)
[167/200] 64_32_1_1_4: 51.9350 ms (median)
[168/200] 64_32_1_2_2: 35.5635 ms (median)
[169/200] 64_32_1_2_4: 40.3600 ms (median)
[170/200] 64_32_1_4_1: 33.3645 ms (median)
[171/200] 64_32_1_4_2: 34.8205 ms (median)
[172/200] 64_32_1_4_4: 44.1973 ms (median)
[173/200] 64_32_2_1_4: 51.6074 ms (median)
[174/200] 64_32_2_2_2: 37.8108 ms (median)
[175/200] 64_32_2_2_4: 41.6110 ms (median)
[176/200] 64_32_2_4_1: 28.5950 ms (median)
[177/200] 64_32_2_4_2: 30.7405 ms (median)
[178/200] 64_32_2_4_4: 46.2599 ms (median)
[179/200] 64_32_8_1_4: 45.8474 ms (median)
[180/200] 64_32_8_2_2: 30.6331 ms (median)
[181/200] 64_32_8_2_4: 49.8641 ms (median)
[182/200] 64_32_8_4_1: 33.0697 ms (median)
[183/200] 64_32_8_4_2: 34.6981 ms (median)
[184/200] 64_32_8_4_4: 49.4001 ms (median)
[185/200] 64_64_0_2_4: 44.8975 ms (median)
[186/200] 64_64_0_4_2: 34.0174 ms (median)
[187/200] 64_64_0_4_4: 41.6733 ms (median)
[188/200] 64_64_1_2_4: 50.8157 ms (median)
[189/200] 64_64_1_4_2: 28.2808 ms (median)
[190/200] 64_64_1_4_4: 42.1320 ms (median)
[191/200] 64_64_2_2_4: 50.9995 ms (median)
[192/200] 64_64_2_4_2: 28.7097 ms (median)
[193/200] 64_64_2_4_4: 50.3842 ms (median)
[194/200] 64_64_8_2_4: 41.2891 ms (median)
[195/200] 64_64_8_4_2: 30.2375 ms (median)
[196/200] 64_64_8_4_4: 50.2257 ms (median)
[197/200] 64_128_0_4_4: 42.9904 ms (median)
[198/200] 64_128_1_4_4: 52.1647 ms (median)
[199/200] 64_128_2_4_4: 51.9067 ms (median)
[200/200] 64_128_8_4_4: 41.6577 ms (median)
Grid optimum: 16_128_8_4_2 at 26.8039 ms (200 configs)

================================================================================
EXPERIMENT 1: SYCL STENCIL Bayesian Search
================================================================================

================================================================================
Bayesian Optimization Auto-tuning SYCL STENCIL kernel (Optuna)
================================================================================
Problem size: 2048x2048x512
Trials to evaluate: 15

Benchmark repeats per config: 10, warmup runs: 5

Valid configurations in search space: 200/324

[  1/15] BM= 16, BN= 64, BK= 0, TM=2, TN=2:  35.4475 ms (median), mean=35.4714 ± 0.0894 ms (362.78 GFLOP/s)
[  2/15] BM= 32, BN=128, BK= 0, TM=4, TN=2:  32.8542 ms (median), mean=32.9347 ± 0.1052 ms (391.42 GFLOP/s)
[  3/15] BM= 16, BN= 32, BK= 1, TM=1, TN=2:  40.1823 ms (median), mean=40.2199 ± 0.1652 ms (320.04 GFLOP/s)
[  4/15] BM= 64, BN= 64, BK= 8, TM=4, TN=4:  50.0900 ms (median), mean=50.1188 ± 0.1201 ms (256.73 GFLOP/s)
[  5/15] BM= 16, BN= 32, BK= 2, TM=1, TN=2:  40.6015 ms (median), mean=40.6059 ± 0.1081 ms (316.73 GFLOP/s)
[  6/15] BM= 16, BN= 32, BK= 2, TM=2, TN=4:  49.3921 ms (median), mean=49.4303 ± 0.1342 ms (260.36 GFLOP/s)
[  7/15] BM= 32, BN= 32, BK= 8, TM=4, TN=2:  33.9821 ms (median), mean=34.0331 ± 0.1367 ms (378.43 GFLOP/s)
[  8/15] BM= 32, BN= 64, BK= 8, TM=4, TN=1:  32.9451 ms (median), mean=32.9590 ± 0.1490 ms (390.34 GFLOP/s)
[  9/15] BM= 16, BN= 32, BK= 8, TM=4, TN=2:  34.3288 ms (median), mean=34.3747 ± 0.2398 ms (374.61 GFLOP/s)
[ 10/15] BM= 16, BN= 64, BK= 8, TM=2, TN=4:  48.5659 ms (median), mean=48.5891 ± 0.1115 ms (264.79 GFLOP/s)
[ 11/15] BM= 32, BN= 64, BK= 1, TM=4, TN=1:  32.9896 ms (median), mean=33.0418 ± 0.1302 ms (389.81 GFLOP/s)
[ 12/15] BM= 16, BN= 32, BK= 1, TM=4, TN=2:  34.3360 ms (median), mean=34.3718 ± 0.1525 ms (374.53 GFLOP/s)
[ 13/15] BM= 32, BN= 64, BK= 8, TM=4, TN=1:  32.8585 ms (median), mean=32.8692 ± 0.0900 ms (391.37 GFLOP/s)
[ 14/15] BM= 16, BN= 32, BK= 0, TM=4, TN=1:  32.8783 ms (median), mean=33.0339 ± 0.1786 ms (391.13 GFLOP/s)
[ 15/15] BM= 32, BN=128, BK= 0, TM=4, TN=2:  33.2007 ms (median), mean=33.2130 ± 0.1671 ms (387.33 GFLOP/s)

Best trial: Trial #2
Best value: 32.8542 ms
✓ Bayesian run completed: 15 configs evaluated

================================================================================
EXPERIMENT 1: SYCL STENCIL Random Search
================================================================================

================================================================================
Random Search Auto-tuning SYCL STENCIL kernel
================================================================================
Problem size: 2048x2048x512
Samples to evaluate: 15

Benchmark repeats per config: 10, warmup runs: 5

Valid configurations in search space: 200
[  1/15] BM= 16, BN= 64, BK= 0, TM=2, TN=2:  35.5170 ms (median), mean=35.5386 ± 0.1075 ms (362.07 GFLOP/s)
[  2/15] BM= 32, BN= 32, BK= 0, TM=4, TN=4:  49.6388 ms (median), mean=49.6899 ± 0.2242 ms (259.07 GFLOP/s)
[  3/15] BM= 64, BN= 64, BK= 8, TM=4, TN=4:  50.1291 ms (median), mean=50.0891 ± 0.1413 ms (256.53 GFLOP/s)
[  4/15] BM= 32, BN= 32, BK= 2, TM=1, TN=2:  41.0227 ms (median), mean=41.0790 ± 0.1170 ms (313.48 GFLOP/s)
[  5/15] BM= 16, BN= 32, BK= 1, TM=1, TN=2:  40.3094 ms (median), mean=40.3309 ± 0.0904 ms (319.03 GFLOP/s)
[  6/15] BM= 16, BN= 64, BK= 8, TM=4, TN=4:  49.2860 ms (median), mean=49.2555 ± 0.1502 ms (260.92 GFLOP/s)
[  7/15] BM= 32, BN= 64, BK= 1, TM=2, TN=2:  36.3013 ms (median), mean=36.3004 ± 0.1005 ms (354.25 GFLOP/s)
[  8/15] BM= 32, BN= 64, BK= 0, TM=2, TN=2:  36.3090 ms (median), mean=36.3507 ± 0.1929 ms (354.18 GFLOP/s)
[  9/15] BM= 32, BN= 32, BK= 1, TM=2, TN=4:  48.7776 ms (median), mean=48.8347 ± 0.1780 ms (263.64 GFLOP/s)
[ 10/15] BM= 16, BN=128, BK= 1, TM=4, TN=2:  31.9891 ms (median), mean=32.0036 ± 0.1012 ms (402.00 GFLOP/s)
[ 11/15] BM= 32, BN= 32, BK= 8, TM=4, TN=4:  49.6384 ms (median), mean=49.6462 ± 0.1847 ms (259.07 GFLOP/s)
[ 12/15] BM= 32, BN= 32, BK= 0, TM=1, TN=2:  41.1515 ms (median), mean=41.1181 ± 0.1387 ms (312.50 GFLOP/s)
[ 13/15] BM= 32, BN=128, BK= 0, TM=4, TN=4:  49.5288 ms (median), mean=49.4952 ± 0.1304 ms (259.64 GFLOP/s)
[ 14/15] BM= 16, BN= 64, BK= 2, TM=2, TN=4:  48.3679 ms (median), mean=48.4172 ± 0.0998 ms (265.87 GFLOP/s)
[ 15/15] BM= 32, BN= 64, BK= 1, TM=1, TN=4:  49.2396 ms (median), mean=49.3075 ± 0.1201 ms (261.17 GFLOP/s)
✓ Random run completed: 15 configs evaluated
BAYESIAN holdout: geometric-mean speedup=1.069x, 95% CI=[1.067, 1.072], 20/20 paired seeds faster
RANDOM holdout: geometric-mean speedup=1.106x, 95% CI=[1.102, 1.110], 20/20 paired seeds faster

✓ SYCL Bayesian Run 1: best = 32.8542 ms
✓ SYCL Random Run 1:   best = 31.9891 ms

================================================================================
EXPERIMENT 2: SYCL STENCIL Bayesian Search
================================================================================

================================================================================
Bayesian Optimization Auto-tuning SYCL STENCIL kernel (Optuna)
================================================================================
Problem size: 2048x2048x512
Trials to evaluate: 15

Benchmark repeats per config: 10, warmup runs: 5

Valid configurations in search space: 200/324

[  1/15] BM= 16, BN= 64, BK= 0, TM=2, TN=2:  35.4823 ms (median), mean=35.5293 ± 0.1543 ms (362.43 GFLOP/s)
[  2/15] BM= 64, BN= 64, BK= 8, TM=2, TN=4:  50.8658 ms (median), mean=50.8373 ± 0.1649 ms (252.82 GFLOP/s)
[  3/15] BM= 16, BN= 32, BK= 0, TM=2, TN=4:  49.1005 ms (median), mean=49.1753 ± 0.1809 ms (261.91 GFLOP/s)
[  4/15] BM= 32, BN=128, BK= 2, TM=4, TN=4:  49.2041 ms (median), mean=49.2276 ± 0.1231 ms (261.36 GFLOP/s)
[  5/15] BM= 16, BN=128, BK= 2, TM=1, TN=4:  48.9748 ms (median), mean=49.0384 ± 0.1539 ms (262.58 GFLOP/s)
[  6/15] BM= 16, BN=128, BK= 0, TM=4, TN=2:  31.6387 ms (median), mean=31.6854 ± 0.0837 ms (406.46 GFLOP/s)
[  7/15] BM= 16, BN=128, BK= 0, TM=4, TN=2:  31.7245 ms (median), mean=31.7931 ± 0.1177 ms (405.36 GFLOP/s)
[  8/15] BM= 32, BN= 64, BK= 2, TM=1, TN=4:  49.3416 ms (median), mean=49.4059 ± 0.1964 ms (260.63 GFLOP/s)
[  9/15] BM= 16, BN=128, BK= 8, TM=4, TN=1:  32.4444 ms (median), mean=32.5604 ± 0.1944 ms (396.36 GFLOP/s)
[ 10/15] BM= 16, BN= 64, BK= 0, TM=1, TN=4:  49.1887 ms (median), mean=49.1805 ± 0.1140 ms (261.44 GFLOP/s)
[ 11/15] BM= 16, BN= 32, BK= 1, TM=4, TN=4:  49.0404 ms (median), mean=49.0074 ± 0.0910 ms (262.23 GFLOP/s)
[ 12/15] BM= 16, BN=128, BK= 0, TM=4, TN=2:  31.5506 ms (median), mean=31.5859 ± 0.0805 ms (407.59 GFLOP/s)
[ 13/15] BM= 16, BN=128, BK= 0, TM=4, TN=2:  31.8728 ms (median), mean=31.9454 ± 0.1518 ms (403.47 GFLOP/s)
[ 14/15] BM= 16, BN=128, BK= 0, TM=4, TN=2:  31.7559 ms (median), mean=31.7612 ± 0.1146 ms (404.96 GFLOP/s)
[ 15/15] BM= 16, BN= 64, BK= 0, TM=1, TN=2:  39.3710 ms (median), mean=44.4047 ± 7.6620 ms (326.63 GFLOP/s)

Best trial: Trial #12
Best value: 31.5506 ms
✓ Bayesian run completed: 15 configs evaluated

================================================================================
EXPERIMENT 2: SYCL STENCIL Random Search
================================================================================

================================================================================
Random Search Auto-tuning SYCL STENCIL kernel
================================================================================
Problem size: 2048x2048x512
Samples to evaluate: 15

Benchmark repeats per config: 10, warmup runs: 5

Valid configurations in search space: 200
[  1/15] BM= 16, BN= 64, BK= 0, TM=2, TN=2:  35.4161 ms (median), mean=35.4075 ± 0.1601 ms (363.10 GFLOP/s)
[  2/15] BM= 32, BN= 32, BK= 2, TM=2, TN=1:  37.9458 ms (median), mean=38.0599 ± 0.1605 ms (338.90 GFLOP/s)
[  3/15] BM= 64, BN= 32, BK= 2, TM=1, TN=4:  51.0992 ms (median), mean=51.1585 ± 0.1247 ms (251.66 GFLOP/s)
[  4/15] BM= 64, BN= 64, BK= 8, TM=4, TN=4:  50.1961 ms (median), mean=50.3264 ± 0.3555 ms (256.19 GFLOP/s)
[  5/15] BM= 16, BN= 32, BK= 2, TM=4, TN=2:  34.2615 ms (median), mean=34.3867 ± 0.2700 ms (375.34 GFLOP/s)
[  6/15] BM= 32, BN= 32, BK= 1, TM=1, TN=4:  49.8919 ms (median), mean=49.9259 ± 0.1277 ms (257.75 GFLOP/s)
[  7/15] BM= 16, BN=128, BK= 8, TM=4, TN=4:  48.8817 ms (median), mean=48.9274 ± 0.1449 ms (263.08 GFLOP/s)
[  8/15] BM= 16, BN= 32, BK= 1, TM=4, TN=2:  34.3569 ms (median), mean=34.3616 ± 0.0995 ms (374.30 GFLOP/s)
[  9/15] BM= 32, BN= 32, BK= 8, TM=2, TN=4:  49.2294 ms (median), mean=49.2103 ± 0.1206 ms (261.22 GFLOP/s)
[ 10/15] BM= 16, BN= 64, BK= 0, TM=4, TN=4:  48.8741 ms (median), mean=48.9058 ± 0.0936 ms (263.12 GFLOP/s)
[ 11/15] BM= 32, BN= 64, BK= 2, TM=2, TN=2:  36.1727 ms (median), mean=36.2197 ± 0.1825 ms (355.51 GFLOP/s)
[ 12/15] BM= 32, BN= 32, BK= 2, TM=2, TN=4:  49.1009 ms (median), mean=49.1015 ± 0.0906 ms (261.90 GFLOP/s)
[ 13/15] BM= 16, BN= 32, BK= 8, TM=4, TN=1:  32.6953 ms (median), mean=32.7166 ± 0.0714 ms (393.32 GFLOP/s)
[ 14/15] BM= 16, BN= 64, BK= 2, TM=4, TN=1:  32.1612 ms (median), mean=32.1748 ± 0.1322 ms (399.85 GFLOP/s)
[ 15/15] BM= 16, BN= 64, BK= 8, TM=2, TN=1:  37.6307 ms (median), mean=37.6091 ± 0.0958 ms (341.74 GFLOP/s)
✓ Random run completed: 15 configs evaluated
BAYESIAN holdout: geometric-mean speedup=1.110x, 95% CI=[1.105, 1.114], 20/20 paired seeds faster
RANDOM holdout: geometric-mean speedup=1.099x, 95% CI=[1.096, 1.102], 20/20 paired seeds faster

✓ SYCL Bayesian Run 2: best = 31.5506 ms
✓ SYCL Random Run 2:   best = 32.1612 ms

================================================================================
EXPERIMENT 3: SYCL STENCIL Bayesian Search
================================================================================

================================================================================
Bayesian Optimization Auto-tuning SYCL STENCIL kernel (Optuna)
================================================================================
Problem size: 2048x2048x512
Trials to evaluate: 15

Benchmark repeats per config: 10, warmup runs: 5

Valid configurations in search space: 200/324

[  1/15] BM= 16, BN= 64, BK= 0, TM=2, TN=2:  35.5063 ms (median), mean=35.5093 ± 0.1337 ms (362.18 GFLOP/s)
[  2/15] BM= 64, BN= 64, BK= 8, TM=4, TN=4:  49.8325 ms (median), mean=49.8516 ± 0.1273 ms (258.06 GFLOP/s)
[  3/15] BM= 16, BN= 32, BK= 8, TM=2, TN=1:  38.3357 ms (median), mean=38.3939 ± 0.1877 ms (335.45 GFLOP/s)
[  4/15] BM= 64, BN= 32, BK= 0, TM=4, TN=2:  34.4212 ms (median), mean=34.4475 ± 0.1071 ms (373.60 GFLOP/s)
[  5/15] BM= 32, BN= 32, BK= 1, TM=4, TN=4:  49.4959 ms (median), mean=49.5449 ± 0.1334 ms (259.81 GFLOP/s)
[  6/15] BM= 32, BN= 32, BK= 2, TM=4, TN=2:  33.9990 ms (median), mean=34.0686 ± 0.2194 ms (378.24 GFLOP/s)
[  7/15] BM= 32, BN= 32, BK= 2, TM=4, TN=2:  33.7663 ms (median), mean=33.7816 ± 0.0857 ms (380.85 GFLOP/s)
[  8/15] BM= 16, BN= 64, BK= 2, TM=2, TN=2:  35.2952 ms (median), mean=35.2717 ± 0.1492 ms (364.35 GFLOP/s)
[  9/15] BM= 64, BN= 32, BK= 2, TM=4, TN=4:  49.4705 ms (median), mean=49.4621 ± 0.1122 ms (259.95 GFLOP/s)
[ 10/15] BM= 64, BN= 64, BK= 0, TM=4, TN=4:  49.8078 ms (median), mean=49.8992 ± 0.1246 ms (258.19 GFLOP/s)
[ 11/15] BM= 32, BN= 64, BK= 1, TM=2, TN=2:  36.9573 ms (median), mean=36.9811 ± 0.1236 ms (347.96 GFLOP/s)
[ 12/15] BM= 16, BN= 32, BK= 8, TM=4, TN=1:  33.3783 ms (median), mean=33.3722 ± 0.0858 ms (385.27 GFLOP/s)
[ 13/15] BM= 32, BN= 64, BK= 8, TM=1, TN=4:  49.8321 ms (median), mean=49.8710 ± 0.1575 ms (258.06 GFLOP/s)
[ 14/15] BM= 16, BN= 32, BK= 8, TM=4, TN=1:  33.4450 ms (median), mean=33.4007 ± 0.1103 ms (384.50 GFLOP/s)
[ 15/15] BM= 32, BN= 64, BK= 0, TM=2, TN=4:  49.9399 ms (median), mean=49.9627 ± 0.1653 ms (257.50 GFLOP/s)

Best trial: Trial #12
Best value: 33.3783 ms
✓ Bayesian run completed: 15 configs evaluated

================================================================================
EXPERIMENT 3: SYCL STENCIL Random Search
================================================================================

================================================================================
Random Search Auto-tuning SYCL STENCIL kernel
================================================================================
Problem size: 2048x2048x512
Samples to evaluate: 15

Benchmark repeats per config: 10, warmup runs: 5

Valid configurations in search space: 200
[  1/15] BM= 16, BN= 64, BK= 0, TM=2, TN=2:  36.1845 ms (median), mean=36.1118 ± 0.1189 ms (355.39 GFLOP/s)
[  2/15] BM= 32, BN= 32, BK= 2, TM=4, TN=4:  50.4413 ms (median), mean=50.5131 ± 0.3345 ms (254.94 GFLOP/s)
[  3/15] BM= 16, BN= 32, BK= 1, TM=2, TN=1:  39.0680 ms (median), mean=39.0160 ± 0.1267 ms (329.16 GFLOP/s)
[  4/15] BM= 64, BN=128, BK= 1, TM=4, TN=4:  52.4924 ms (median), mean=52.4859 ± 0.1648 ms (244.98 GFLOP/s)
[  5/15] BM= 32, BN= 32, BK= 8, TM=4, TN=2:  34.7545 ms (median), mean=34.7393 ± 0.1013 ms (370.02 GFLOP/s)
[  6/15] BM= 64, BN=128, BK= 0, TM=4, TN=4:  52.3030 ms (median), mean=52.2924 ± 0.1195 ms (245.87 GFLOP/s)
[  7/15] BM= 16, BN= 64, BK= 8, TM=4, TN=2:  33.1440 ms (median), mean=33.1296 ± 0.1063 ms (388.00 GFLOP/s)
[  8/15] BM= 64, BN= 32, BK= 8, TM=4, TN=1:  33.9447 ms (median), mean=33.9643 ± 0.1518 ms (378.84 GFLOP/s)
[  9/15] BM= 16, BN= 64, BK= 1, TM=2, TN=2:  35.9817 ms (median), mean=36.0242 ± 0.1890 ms (357.40 GFLOP/s)
[ 10/15] BM= 32, BN=128, BK= 0, TM=2, TN=4:  53.1088 ms (median), mean=53.1580 ± 0.1150 ms (242.14 GFLOP/s)
[ 11/15] BM= 64, BN= 32, BK= 0, TM=4, TN=2:  35.1778 ms (median), mean=35.1343 ± 0.0895 ms (365.56 GFLOP/s)
[ 12/15] BM= 16, BN= 32, BK= 8, TM=4, TN=4:  49.4686 ms (median), mean=49.4522 ± 0.1056 ms (259.96 GFLOP/s)
[ 13/15] BM= 64, BN= 64, BK= 8, TM=4, TN=2:  34.4945 ms (median), mean=34.5224 ± 0.1625 ms (372.81 GFLOP/s)
[ 14/15] BM= 32, BN= 32, BK= 1, TM=2, TN=2:  37.9076 ms (median), mean=37.9131 ± 0.1304 ms (339.24 GFLOP/s)
[ 15/15] BM= 16, BN= 64, BK= 1, TM=4, TN=1:  33.2233 ms (median), mean=33.2195 ± 0.0614 ms (387.07 GFLOP/s)
✓ Random run completed: 15 configs evaluated
BAYESIAN holdout: geometric-mean speedup=1.077x, 95% CI=[1.072, 1.081], 20/20 paired seeds faster
RANDOM holdout: geometric-mean speedup=1.087x, 95% CI=[1.081, 1.093], 20/20 paired seeds faster

✓ SYCL Bayesian Run 3: best = 33.3783 ms
✓ SYCL Random Run 3:   best = 33.1440 ms

================================================================================
EXPERIMENT 4: SYCL STENCIL Bayesian Search
================================================================================

================================================================================
Bayesian Optimization Auto-tuning SYCL STENCIL kernel (Optuna)
================================================================================
Problem size: 2048x2048x512
Trials to evaluate: 15

Benchmark repeats per config: 10, warmup runs: 5

Valid configurations in search space: 200/324

[  1/15] BM= 16, BN= 64, BK= 0, TM=2, TN=2:  36.2306 ms (median), mean=36.2042 ± 0.1970 ms (354.94 GFLOP/s)
[  2/15] BM= 16, BN= 32, BK= 2, TM=4, TN=2:  34.7135 ms (median), mean=34.7629 ± 0.1134 ms (370.45 GFLOP/s)
[  3/15] BM= 64, BN= 32, BK= 2, TM=2, TN=2:  38.2782 ms (median), mean=38.2959 ± 0.1507 ms (335.96 GFLOP/s)
[  4/15] BM= 32, BN= 32, BK= 1, TM=4, TN=4:  50.0937 ms (median), mean=50.1107 ± 0.1203 ms (256.71 GFLOP/s)
[  5/15] BM= 32, BN= 64, BK= 1, TM=2, TN=2:  37.0289 ms (median), mean=37.0065 ± 0.2227 ms (347.29 GFLOP/s)
[  6/15] BM= 16, BN= 32, BK= 2, TM=4, TN=2:  34.9341 ms (median), mean=34.9144 ± 0.0860 ms (368.11 GFLOP/s)
[  7/15] BM= 32, BN= 64, BK= 0, TM=4, TN=4:  48.9006 ms (median), mean=48.9130 ± 0.1253 ms (262.98 GFLOP/s)
[  8/15] BM= 16, BN= 64, BK= 1, TM=2, TN=4:  48.2613 ms (median), mean=48.3149 ± 0.1326 ms (266.46 GFLOP/s)
[  9/15] BM= 32, BN=128, BK= 0, TM=2, TN=4:  52.5196 ms (median), mean=52.5950 ± 0.2452 ms (244.86 GFLOP/s)
[ 10/15] BM= 32, BN= 32, BK= 2, TM=2, TN=1:  38.1750 ms (median), mean=38.1255 ± 0.0944 ms (336.86 GFLOP/s)
[ 11/15] BM= 64, BN= 32, BK= 2, TM=1, TN=4:  51.4370 ms (median), mean=51.4694 ± 0.1238 ms (250.01 GFLOP/s)
[ 12/15] BM= 16, BN= 32, BK= 1, TM=2, TN=2:  36.9493 ms (median), mean=36.9433 ± 0.0889 ms (348.04 GFLOP/s)
[ 13/15] BM= 32, BN=128, BK= 2, TM=2, TN=4:  52.2884 ms (median), mean=52.2425 ± 0.1496 ms (245.94 GFLOP/s)
[ 14/15] BM= 16, BN= 32, BK= 2, TM=4, TN=2:  34.4664 ms (median), mean=34.4325 ± 0.1692 ms (373.11 GFLOP/s)
[ 15/15] BM= 64, BN= 32, BK= 0, TM=4, TN=2:  34.6484 ms (median), mean=34.5988 ± 0.1132 ms (371.15 GFLOP/s)

Best trial: Trial #14
Best value: 34.4664 ms
✓ Bayesian run completed: 15 configs evaluated

================================================================================
EXPERIMENT 4: SYCL STENCIL Random Search
================================================================================

================================================================================
Random Search Auto-tuning SYCL STENCIL kernel
================================================================================
Problem size: 2048x2048x512
Samples to evaluate: 15

Benchmark repeats per config: 10, warmup runs: 5

Valid configurations in search space: 200
[  1/15] BM= 16, BN= 64, BK= 0, TM=2, TN=2:  35.5502 ms (median), mean=35.5376 ± 0.1337 ms (361.74 GFLOP/s)
[  2/15] BM= 64, BN= 32, BK= 0, TM=4, TN=2:  34.4690 ms (median), mean=34.5506 ± 0.1477 ms (373.08 GFLOP/s)
[  3/15] BM= 16, BN= 32, BK= 8, TM=2, TN=4:  49.2984 ms (median), mean=49.3692 ± 0.1612 ms (260.86 GFLOP/s)
[  4/15] BM= 16, BN=128, BK= 2, TM=1, TN=4:  49.1392 ms (median), mean=49.2098 ± 0.1911 ms (261.70 GFLOP/s)
[  5/15] BM= 16, BN= 32, BK= 2, TM=2, TN=1:  38.4253 ms (median), mean=38.4758 ± 0.3208 ms (334.67 GFLOP/s)
[  6/15] BM= 16, BN=128, BK= 0, TM=4, TN=2:  31.8689 ms (median), mean=31.8766 ± 0.1284 ms (403.52 GFLOP/s)
[  7/15] BM= 64, BN= 64, BK= 0, TM=2, TN=4:  50.8138 ms (median), mean=50.8536 ± 0.1331 ms (253.08 GFLOP/s)
[  8/15] BM= 64, BN= 32, BK= 1, TM=1, TN=4:  51.5654 ms (median), mean=51.5667 ± 0.0809 ms (249.39 GFLOP/s)
[  9/15] BM= 16, BN=128, BK= 1, TM=4, TN=4:  49.2436 ms (median), mean=49.2101 ± 0.1751 ms (261.15 GFLOP/s)
[ 10/15] BM= 16, BN= 64, BK= 0, TM=1, TN=2:  39.3145 ms (median), mean=39.2944 ± 0.1126 ms (327.10 GFLOP/s)
[ 11/15] BM= 32, BN=128, BK= 2, TM=4, TN=2:  33.0824 ms (median), mean=33.1195 ± 0.1274 ms (388.72 GFLOP/s)
[ 12/15] BM= 64, BN= 32, BK= 2, TM=2, TN=2:  37.6365 ms (median), mean=37.6711 ± 0.1410 ms (341.68 GFLOP/s)
[ 13/15] BM= 64, BN= 64, BK= 0, TM=4, TN=4:  49.9836 ms (median), mean=49.9339 ± 0.1067 ms (257.28 GFLOP/s)
[ 14/15] BM= 32, BN= 32, BK= 2, TM=4, TN=2:  33.8292 ms (median), mean=33.8251 ± 0.1064 ms (380.14 GFLOP/s)
[ 15/15] BM= 16, BN=128, BK= 1, TM=4, TN=2:  31.9116 ms (median), mean=31.9240 ± 0.1080 ms (402.98 GFLOP/s)
✓ Random run completed: 15 configs evaluated
BAYESIAN holdout: geometric-mean speedup=1.030x, 95% CI=[1.026, 1.034], 20/20 paired seeds faster
RANDOM holdout: geometric-mean speedup=1.112x, 95% CI=[1.107, 1.116], 20/20 paired seeds faster

✓ SYCL Bayesian Run 4: best = 34.4664 ms
✓ SYCL Random Run 4:   best = 31.8689 ms

================================================================================
EXPERIMENT 5: SYCL STENCIL Bayesian Search
================================================================================

================================================================================
Bayesian Optimization Auto-tuning SYCL STENCIL kernel (Optuna)
================================================================================
Problem size: 2048x2048x512
Trials to evaluate: 15

Benchmark repeats per config: 10, warmup runs: 5

Valid configurations in search space: 200/324

[  1/15] BM= 16, BN= 64, BK= 0, TM=2, TN=2:  35.4484 ms (median), mean=35.4479 ± 0.1298 ms (362.77 GFLOP/s)
[  2/15] BM= 32, BN= 64, BK= 8, TM=4, TN=1:  33.2203 ms (median), mean=33.2264 ± 0.1808 ms (387.11 GFLOP/s)
[  3/15] BM= 32, BN= 32, BK= 8, TM=1, TN=2:  40.8483 ms (median), mean=40.8699 ± 0.1214 ms (314.82 GFLOP/s)
[  4/15] BM= 16, BN=128, BK= 0, TM=1, TN=4:  49.5270 ms (median), mean=49.5391 ± 0.0914 ms (259.65 GFLOP/s)
[  5/15] BM= 16, BN= 64, BK= 8, TM=4, TN=1:  32.5086 ms (median), mean=32.4900 ± 0.1178 ms (395.58 GFLOP/s)
[  6/15] BM= 32, BN= 64, BK= 1, TM=1, TN=4:  49.3241 ms (median), mean=49.3952 ± 0.1296 ms (260.72 GFLOP/s)
[  7/15] BM= 16, BN= 32, BK= 2, TM=2, TN=1:  38.2540 ms (median), mean=38.2576 ± 0.1481 ms (336.17 GFLOP/s)
[  8/15] BM= 32, BN= 64, BK= 0, TM=2, TN=2:  36.7691 ms (median), mean=36.7319 ± 0.1785 ms (349.74 GFLOP/s)
[  9/15] BM= 64, BN= 32, BK= 2, TM=2, TN=4:  50.4582 ms (median), mean=50.4474 ± 0.1273 ms (254.86 GFLOP/s)
[ 10/15] BM= 16, BN= 32, BK= 1, TM=1, TN=1:  45.2863 ms (median), mean=45.2817 ± 0.1380 ms (283.97 GFLOP/s)
[ 11/15] BM= 16, BN= 32, BK= 2, TM=2, TN=4:  49.9878 ms (median), mean=49.9859 ± 0.1541 ms (257.26 GFLOP/s)
[ 12/15] BM= 32, BN= 32, BK= 2, TM=2, TN=2:  37.6884 ms (median), mean=37.6991 ± 0.1547 ms (341.21 GFLOP/s)
[ 13/15] BM= 32, BN=128, BK= 8, TM=4, TN=2:  33.7611 ms (median), mean=33.9450 ± 0.5617 ms (380.90 GFLOP/s)
[ 14/15] BM= 16, BN= 64, BK= 8, TM=4, TN=1:  32.8184 ms (median), mean=32.8055 ± 0.0979 ms (391.85 GFLOP/s)
[ 15/15] BM= 16, BN= 32, BK= 2, TM=1, TN=2:  41.3437 ms (median), mean=41.3306 ± 0.0689 ms (311.04 GFLOP/s)

Best trial: Trial #5
Best value: 32.5086 ms
✓ Bayesian run completed: 15 configs evaluated

================================================================================
EXPERIMENT 5: SYCL STENCIL Random Search
================================================================================

================================================================================
Random Search Auto-tuning SYCL STENCIL kernel
================================================================================
Problem size: 2048x2048x512
Samples to evaluate: 15

Benchmark repeats per config: 10, warmup runs: 5

Valid configurations in search space: 200
[  1/15] BM= 16, BN= 64, BK= 0, TM=2, TN=2:  36.1787 ms (median), mean=36.1905 ± 0.0903 ms (355.45 GFLOP/s)
[  2/15] BM= 32, BN= 32, BK= 1, TM=4, TN=1:  34.0551 ms (median), mean=34.0195 ± 0.1145 ms (377.62 GFLOP/s)
[  3/15] BM= 32, BN= 32, BK= 1, TM=4, TN=4:  50.3916 ms (median), mean=50.4087 ± 0.0888 ms (255.20 GFLOP/s)
[  4/15] BM= 32, BN= 32, BK= 8, TM=2, TN=2:  37.9907 ms (median), mean=37.9802 ± 0.1036 ms (338.50 GFLOP/s)
[  5/15] BM= 64, BN= 32, BK= 8, TM=4, TN=2:  35.1571 ms (median), mean=35.1665 ± 0.1459 ms (365.78 GFLOP/s)
[  6/15] BM= 16, BN= 64, BK= 8, TM=2, TN=4:  49.1530 ms (median), mean=49.1759 ± 0.1628 ms (261.63 GFLOP/s)
[  7/15] BM= 32, BN= 64, BK= 1, TM=1, TN=4:  50.3961 ms (median), mean=50.4216 ± 0.2400 ms (255.17 GFLOP/s)
[  8/15] BM= 64, BN= 64, BK= 0, TM=4, TN=2:  34.7106 ms (median), mean=34.7877 ± 0.2942 ms (370.48 GFLOP/s)
[  9/15] BM= 64, BN= 32, BK= 1, TM=4, TN=1:  34.0987 ms (median), mean=34.1521 ± 0.1418 ms (377.13 GFLOP/s)
[ 10/15] BM= 32, BN= 32, BK= 8, TM=1, TN=4:  50.5776 ms (median), mean=50.5400 ± 0.1882 ms (254.26 GFLOP/s)
[ 11/15] BM= 16, BN=128, BK= 2, TM=2, TN=2:  36.4050 ms (median), mean=36.3715 ± 0.1334 ms (353.24 GFLOP/s)
[ 12/15] BM= 32, BN= 32, BK= 1, TM=1, TN=2:  41.5367 ms (median), mean=41.5604 ± 0.1986 ms (309.60 GFLOP/s)
[ 13/15] BM= 64, BN= 32, BK= 1, TM=4, TN=4:  50.1590 ms (median), mean=50.2629 ± 0.2505 ms (256.38 GFLOP/s)
[ 14/15] BM= 16, BN= 32, BK= 8, TM=1, TN=4:  50.3723 ms (median), mean=50.4167 ± 0.2206 ms (255.29 GFLOP/s)
[ 15/15] BM= 32, BN= 32, BK= 0, TM=2, TN=1:  38.3725 ms (median), mean=38.3949 ± 0.0978 ms (335.13 GFLOP/s)
✓ Random run completed: 15 configs evaluated
BAYESIAN holdout: geometric-mean speedup=1.100x, 95% CI=[1.096, 1.104], 20/20 paired seeds faster
RANDOM holdout: geometric-mean speedup=1.067x, 95% CI=[1.064, 1.070], 20/20 paired seeds faster

✓ SYCL Bayesian Run 5: best = 32.5086 ms
✓ SYCL Random Run 5:   best = 34.0551 ms

================================================================================
EXPERIMENT 6: SYCL STENCIL Bayesian Search
================================================================================

================================================================================
Bayesian Optimization Auto-tuning SYCL STENCIL kernel (Optuna)
================================================================================
Problem size: 2048x2048x512
Trials to evaluate: 15

Benchmark repeats per config: 10, warmup runs: 5

Valid configurations in search space: 200/324

[  1/15] BM= 16, BN= 64, BK= 0, TM=2, TN=2:  36.0352 ms (median), mean=36.0870 ± 0.1722 ms (356.87 GFLOP/s)
[  2/15] BM= 64, BN= 64, BK= 8, TM=2, TN=4:  51.3525 ms (median), mean=51.3033 ± 0.1776 ms (250.42 GFLOP/s)
[  3/15] BM= 16, BN= 32, BK= 1, TM=2, TN=2:  37.5582 ms (median), mean=37.5736 ± 0.0920 ms (342.40 GFLOP/s)
[  4/15] BM= 16, BN= 64, BK= 0, TM=4, TN=1:  33.3054 ms (median), mean=33.3086 ± 0.1644 ms (386.12 GFLOP/s)
[  5/15] BM= 32, BN= 32, BK= 8, TM=2, TN=2:  37.9471 ms (median), mean=37.8308 ± 0.1397 ms (338.89 GFLOP/s)
[  6/15] BM= 16, BN= 32, BK= 2, TM=1, TN=4:  50.6476 ms (median), mean=50.6611 ± 0.1735 ms (253.91 GFLOP/s)
[  7/15] BM= 64, BN= 64, BK= 2, TM=2, TN=4:  51.2370 ms (median), mean=51.2433 ± 0.1187 ms (250.99 GFLOP/s)
[  8/15] BM= 16, BN= 64, BK= 0, TM=4, TN=1:  33.1132 ms (median), mean=33.1184 ± 0.0915 ms (388.36 GFLOP/s)
[  9/15] BM= 32, BN= 32, BK= 8, TM=2, TN=4:  50.0091 ms (median), mean=49.9854 ± 0.1239 ms (257.15 GFLOP/s)
[ 10/15] BM= 32, BN= 64, BK= 8, TM=1, TN=4:  50.0561 ms (median), mean=49.9665 ± 0.1395 ms (256.91 GFLOP/s)
[ 11/15] BM= 16, BN=128, BK= 8, TM=4, TN=2:  32.4890 ms (median), mean=32.5169 ± 0.1101 ms (395.82 GFLOP/s)
[ 12/15] BM= 16, BN= 64, BK= 0, TM=4, TN=1:  33.1138 ms (median), mean=33.1353 ± 0.1624 ms (388.35 GFLOP/s)
[ 13/15] BM= 16, BN= 64, BK= 1, TM=4, TN=2:  33.3505 ms (median), mean=33.3381 ± 0.1535 ms (385.59 GFLOP/s)
[ 14/15] BM= 32, BN= 64, BK= 8, TM=4, TN=1:  33.5906 ms (median), mean=33.6393 ± 0.1959 ms (382.84 GFLOP/s)
[ 15/15] BM= 64, BN= 32, BK= 0, TM=2, TN=2:  38.4559 ms (median), mean=38.4648 ± 0.0914 ms (334.40 GFLOP/s)

Best trial: Trial #11
Best value: 32.4890 ms
✓ Bayesian run completed: 15 configs evaluated

================================================================================
EXPERIMENT 6: SYCL STENCIL Random Search
================================================================================

================================================================================
Random Search Auto-tuning SYCL STENCIL kernel
================================================================================
Problem size: 2048x2048x512
Samples to evaluate: 15

Benchmark repeats per config: 10, warmup runs: 5

Valid configurations in search space: 200
[  1/15] BM= 16, BN= 64, BK= 0, TM=2, TN=2:  36.0815 ms (median), mean=36.1158 ± 0.1102 ms (356.41 GFLOP/s)
[  2/15] BM= 16, BN= 64, BK= 8, TM=1, TN=2:  39.7061 ms (median), mean=39.7058 ± 0.1098 ms (323.87 GFLOP/s)
[  3/15] BM= 32, BN= 32, BK= 0, TM=2, TN=1:  38.6316 ms (median), mean=38.5207 ± 0.1642 ms (332.88 GFLOP/s)
[  4/15] BM= 32, BN= 32, BK= 1, TM=2, TN=1:  38.6801 ms (median), mean=38.7186 ± 0.1124 ms (332.46 GFLOP/s)
[  5/15] BM= 32, BN= 32, BK= 8, TM=1, TN=4:  50.3367 ms (median), mean=50.3899 ± 0.1060 ms (255.47 GFLOP/s)
[  6/15] BM= 16, BN= 32, BK= 8, TM=1, TN=2:  41.3864 ms (median), mean=41.3958 ± 0.1061 ms (310.72 GFLOP/s)
[  7/15] BM= 32, BN= 64, BK= 0, TM=4, TN=4:  49.5204 ms (median), mean=49.5539 ± 0.1591 ms (259.69 GFLOP/s)
[  8/15] BM= 32, BN= 32, BK= 1, TM=2, TN=2:  37.9598 ms (median), mean=37.9752 ± 0.1590 ms (338.77 GFLOP/s)
[  9/15] BM= 16, BN= 32, BK= 1, TM=1, TN=4:  50.2345 ms (median), mean=50.2055 ± 0.1124 ms (255.99 GFLOP/s)
[ 10/15] BM= 32, BN= 64, BK= 1, TM=1, TN=4:  50.0916 ms (median), mean=50.1939 ± 0.2464 ms (256.72 GFLOP/s)
[ 11/15] BM= 16, BN=128, BK= 8, TM=2, TN=4:  50.3551 ms (median), mean=50.3270 ± 0.1237 ms (255.38 GFLOP/s)
[ 12/15] BM= 32, BN= 64, BK= 1, TM=4, TN=2:  33.5220 ms (median), mean=33.5363 ± 0.0983 ms (383.62 GFLOP/s)
[ 13/15] BM= 16, BN= 64, BK= 8, TM=4, TN=2:  33.4214 ms (median), mean=33.4721 ± 0.1251 ms (384.78 GFLOP/s)
[ 14/15] BM= 32, BN=128, BK= 1, TM=4, TN=2:  33.8895 ms (median), mean=33.8909 ± 0.1775 ms (379.46 GFLOP/s)
[ 15/15] BM= 16, BN= 32, BK= 1, TM=4, TN=2:  35.0186 ms (median), mean=35.0451 ± 0.1554 ms (367.23 GFLOP/s)
✓ Random run completed: 15 configs evaluated
BAYESIAN holdout: geometric-mean speedup=1.108x, 95% CI=[1.103, 1.114], 20/20 paired seeds faster
RANDOM holdout: geometric-mean speedup=1.087x, 95% CI=[1.083, 1.090], 20/20 paired seeds faster

✓ SYCL Bayesian Run 6: best = 32.4890 ms
✓ SYCL Random Run 6:   best = 33.4214 ms

================================================================================
EXPERIMENT 7: SYCL STENCIL Bayesian Search
================================================================================

================================================================================
Bayesian Optimization Auto-tuning SYCL STENCIL kernel (Optuna)
================================================================================
Problem size: 2048x2048x512
Trials to evaluate: 15

Benchmark repeats per config: 10, warmup runs: 5

Valid configurations in search space: 200/324

[  1/15] BM= 16, BN= 64, BK= 0, TM=2, TN=2:  36.0597 ms (median), mean=36.1253 ± 0.1276 ms (356.62 GFLOP/s)
[  2/15] BM= 16, BN= 32, BK= 1, TM=4, TN=4:  49.5142 ms (median), mean=49.5791 ± 0.1494 ms (259.72 GFLOP/s)
[  3/15] BM= 32, BN= 64, BK= 2, TM=2, TN=2:  36.8529 ms (median), mean=36.8954 ± 0.1486 ms (348.95 GFLOP/s)
[  4/15] BM= 16, BN= 32, BK= 0, TM=1, TN=1:  45.4322 ms (median), mean=45.4172 ± 0.1314 ms (283.05 GFLOP/s)
[  5/15] BM= 32, BN= 32, BK= 2, TM=1, TN=4:  50.7974 ms (median), mean=50.7631 ± 0.1090 ms (253.16 GFLOP/s)
[  6/15] BM= 32, BN= 32, BK= 1, TM=2, TN=1:  38.7647 ms (median), mean=38.8105 ± 0.1187 ms (331.74 GFLOP/s)
[  7/15] BM= 16, BN=128, BK= 1, TM=4, TN=4:  49.6302 ms (median), mean=49.6703 ± 0.1258 ms (259.11 GFLOP/s)
[  8/15] BM= 32, BN= 64, BK= 2, TM=4, TN=4:  49.4318 ms (median), mean=49.4641 ± 0.0955 ms (260.15 GFLOP/s)
[  9/15] BM= 16, BN= 32, BK= 8, TM=4, TN=2:  34.9502 ms (median), mean=35.0009 ± 0.1582 ms (367.94 GFLOP/s)
[ 10/15] BM= 32, BN= 32, BK= 8, TM=4, TN=2:  34.5727 ms (median), mean=34.5596 ± 0.0758 ms (371.96 GFLOP/s)
[ 11/15] BM= 16, BN= 32, BK= 8, TM=1, TN=1:  45.0888 ms (median), mean=45.1180 ± 0.1893 ms (285.21 GFLOP/s)
[ 12/15] BM= 16, BN= 32, BK= 8, TM=4, TN=2:  34.8175 ms (median), mean=34.8416 ± 0.1328 ms (369.35 GFLOP/s)
[ 13/15] BM= 32, BN= 32, BK= 8, TM=4, TN=2:  34.2630 ms (median), mean=34.2640 ± 0.0660 ms (375.32 GFLOP/s)
[ 14/15] BM= 32, BN= 64, BK= 8, TM=2, TN=2:  37.1166 ms (median), mean=37.1104 ± 0.1892 ms (346.47 GFLOP/s)
[ 15/15] BM= 32, BN= 64, BK= 1, TM=4, TN=2:  33.5460 ms (median), mean=33.5140 ± 0.1464 ms (383.35 GFLOP/s)

Best trial: Trial #15
Best value: 33.5460 ms
✓ Bayesian run completed: 15 configs evaluated

================================================================================
EXPERIMENT 7: SYCL STENCIL Random Search
================================================================================

================================================================================
Random Search Auto-tuning SYCL STENCIL kernel
================================================================================
Problem size: 2048x2048x512
Samples to evaluate: 15

Benchmark repeats per config: 10, warmup runs: 5

Valid configurations in search space: 200
[  1/15] BM= 16, BN= 64, BK= 0, TM=2, TN=2:  36.1108 ms (median), mean=36.1089 ± 0.0932 ms (356.12 GFLOP/s)
[  2/15] BM= 16, BN= 64, BK= 1, TM=1, TN=4:  49.4819 ms (median), mean=49.4874 ± 0.0789 ms (259.89 GFLOP/s)
[  3/15] BM= 16, BN=128, BK= 0, TM=4, TN=1:  33.2483 ms (median), mean=33.2331 ± 0.1602 ms (386.78 GFLOP/s)
[  4/15] BM= 16, BN= 64, BK= 1, TM=1, TN=2:  40.3267 ms (median), mean=40.3624 ± 0.1245 ms (318.89 GFLOP/s)
[  5/15] BM= 64, BN= 64, BK= 0, TM=4, TN=4:  50.6158 ms (median), mean=50.6578 ± 0.1937 ms (254.07 GFLOP/s)
[  6/15] BM= 16, BN= 64, BK= 1, TM=2, TN=1:  38.2722 ms (median), mean=38.2670 ± 0.1506 ms (336.01 GFLOP/s)
[  7/15] BM= 16, BN=128, BK= 2, TM=4, TN=2:  32.4352 ms (median), mean=32.4640 ± 0.1501 ms (396.48 GFLOP/s)
[  8/15] BM= 64, BN= 64, BK= 2, TM=2, TN=4:  51.4112 ms (median), mean=51.4318 ± 0.1589 ms (250.14 GFLOP/s)
[  9/15] BM= 16, BN= 32, BK= 8, TM=4, TN=2:  34.9638 ms (median), mean=34.9204 ± 0.1692 ms (367.80 GFLOP/s)
[ 10/15] BM= 16, BN= 32, BK= 1, TM=2, TN=2:  37.5253 ms (median), mean=37.5970 ± 0.0965 ms (342.70 GFLOP/s)
[ 11/15] BM= 32, BN= 32, BK= 0, TM=4, TN=2:  34.9743 ms (median), mean=35.0195 ± 0.1025 ms (367.69 GFLOP/s)
[ 12/15] BM= 32, BN= 32, BK= 0, TM=2, TN=1:  38.5462 ms (median), mean=38.5146 ± 0.0766 ms (333.62 GFLOP/s)
[ 13/15] BM= 32, BN= 64, BK= 2, TM=4, TN=2:  33.3308 ms (median), mean=33.3584 ± 0.1046 ms (385.82 GFLOP/s)
[ 14/15] BM= 64, BN= 32, BK= 2, TM=1, TN=4:  51.8920 ms (median), mean=51.8732 ± 0.1867 ms (247.82 GFLOP/s)
[ 15/15] BM= 64, BN= 32, BK= 1, TM=1, TN=4:  52.1883 ms (median), mean=52.2458 ± 0.1604 ms (246.41 GFLOP/s)
✓ Random run completed: 15 configs evaluated
BAYESIAN holdout: geometric-mean speedup=1.075x, 95% CI=[1.068, 1.081], 20/20 paired seeds faster
RANDOM holdout: geometric-mean speedup=1.109x, 95% CI=[1.104, 1.114], 20/20 paired seeds faster

✓ SYCL Bayesian Run 7: best = 33.5460 ms
✓ SYCL Random Run 7:   best = 32.4352 ms

================================================================================
EXPERIMENT 8: SYCL STENCIL Bayesian Search
================================================================================

================================================================================
Bayesian Optimization Auto-tuning SYCL STENCIL kernel (Optuna)
================================================================================
Problem size: 2048x2048x512
Trials to evaluate: 15

Benchmark repeats per config: 10, warmup runs: 5

Valid configurations in search space: 200/324

[  1/15] BM= 16, BN= 64, BK= 0, TM=2, TN=2:  36.0539 ms (median), mean=35.9859 ± 0.1457 ms (356.68 GFLOP/s)
[  2/15] BM= 16, BN= 32, BK= 0, TM=1, TN=2:  41.4001 ms (median), mean=41.3760 ± 0.1745 ms (310.62 GFLOP/s)
[  3/15] BM= 16, BN= 64, BK= 2, TM=4, TN=1:  33.0794 ms (median), mean=33.0680 ± 0.1593 ms (388.75 GFLOP/s)
[  4/15] BM= 64, BN= 32, BK= 0, TM=1, TN=4:  52.0309 ms (median), mean=52.0192 ± 0.1782 ms (247.16 GFLOP/s)
[  5/15] BM= 32, BN= 64, BK= 0, TM=1, TN=4:  49.7301 ms (median), mean=49.7778 ± 0.1625 ms (258.59 GFLOP/s)
[  6/15] BM= 16, BN=128, BK= 0, TM=2, TN=4:  50.4265 ms (median), mean=50.3463 ± 0.1484 ms (255.02 GFLOP/s)
[  7/15] BM= 16, BN= 64, BK= 2, TM=4, TN=1:  32.9380 ms (median), mean=33.0219 ± 0.1159 ms (390.42 GFLOP/s)
[  8/15] BM= 16, BN= 64, BK= 2, TM=4, TN=1:  33.0010 ms (median), mean=33.0407 ± 0.1309 ms (389.68 GFLOP/s)
[  9/15] BM= 16, BN= 32, BK= 8, TM=2, TN=2:  37.3684 ms (median), mean=37.6269 ± 0.4830 ms (344.13 GFLOP/s)
[ 10/15] BM= 64, BN= 32, BK= 2, TM=4, TN=2:  35.0267 ms (median), mean=35.0044 ± 0.1522 ms (367.14 GFLOP/s)
[ 11/15] BM= 32, BN= 32, BK= 0, TM=4, TN=2:  34.8392 ms (median), mean=34.9161 ± 0.2134 ms (369.12 GFLOP/s)
[ 12/15] BM= 32, BN= 32, BK= 1, TM=2, TN=4:  49.4329 ms (median), mean=49.4318 ± 0.1411 ms (260.15 GFLOP/s)
[ 13/15] BM= 64, BN= 32, BK= 1, TM=4, TN=2:  34.7635 ms (median), mean=34.7956 ± 0.1698 ms (369.92 GFLOP/s)
[ 14/15] BM= 32, BN=128, BK= 8, TM=4, TN=2:  33.4340 ms (median), mean=33.4049 ± 0.1462 ms (384.63 GFLOP/s)
[ 15/15] BM= 16, BN= 64, BK= 2, TM=4, TN=1:  32.7784 ms (median), mean=32.8036 ± 0.1490 ms (392.32 GFLOP/s)

Best trial: Trial #15
Best value: 32.7784 ms
✓ Bayesian run completed: 15 configs evaluated

================================================================================
EXPERIMENT 8: SYCL STENCIL Random Search
================================================================================

================================================================================
Random Search Auto-tuning SYCL STENCIL kernel
================================================================================
Problem size: 2048x2048x512
Samples to evaluate: 15

Benchmark repeats per config: 10, warmup runs: 5

Valid configurations in search space: 200
[  1/15] BM= 16, BN= 64, BK= 0, TM=2, TN=2:  35.8921 ms (median), mean=36.0403 ± 0.2428 ms (358.29 GFLOP/s)
[  2/15] BM= 16, BN=128, BK= 2, TM=4, TN=1:  32.9698 ms (median), mean=33.0791 ± 0.2045 ms (390.05 GFLOP/s)
[  3/15] BM= 16, BN= 32, BK= 1, TM=1, TN=4:  50.2212 ms (median), mean=50.2514 ± 0.2215 ms (256.06 GFLOP/s)
[  4/15] BM= 16, BN=128, BK= 8, TM=2, TN=2:  36.1614 ms (median), mean=36.1980 ± 0.1069 ms (355.62 GFLOP/s)
[  5/15] BM= 32, BN=128, BK= 0, TM=2, TN=4:  53.0374 ms (median), mean=53.0420 ± 0.1651 ms (242.47 GFLOP/s)
[  6/15] BM= 16, BN= 64, BK= 2, TM=4, TN=2:  33.4072 ms (median), mean=33.4359 ± 0.1027 ms (384.94 GFLOP/s)
[  7/15] BM= 32, BN= 32, BK= 1, TM=4, TN=2:  34.4685 ms (median), mean=34.4277 ± 0.1840 ms (373.09 GFLOP/s)
[  8/15] BM= 32, BN= 64, BK= 2, TM=1, TN=4:  49.7307 ms (median), mean=49.7630 ± 0.1488 ms (258.59 GFLOP/s)
[  9/15] BM= 16, BN= 32, BK= 1, TM=2, TN=4:  49.8296 ms (median), mean=49.8726 ± 0.1262 ms (258.07 GFLOP/s)
[ 10/15] BM= 32, BN= 64, BK= 8, TM=2, TN=2:  36.8039 ms (median), mean=36.8174 ± 0.1062 ms (349.41 GFLOP/s)
[ 11/15] BM= 16, BN= 32, BK= 8, TM=4, TN=1:  33.4898 ms (median), mean=33.5532 ± 0.1775 ms (383.99 GFLOP/s)
[ 12/15] BM= 16, BN=128, BK= 0, TM=4, TN=2:  32.5196 ms (median), mean=32.5199 ± 0.1231 ms (395.45 GFLOP/s)
[ 13/15] BM= 32, BN= 32, BK= 8, TM=2, TN=4:  49.9085 ms (median), mean=49.8375 ± 0.1848 ms (257.67 GFLOP/s)
[ 14/15] BM= 16, BN= 32, BK= 0, TM=4, TN=4:  49.5834 ms (median), mean=49.6207 ± 0.2026 ms (259.36 GFLOP/s)
[ 15/15] BM= 16, BN= 32, BK= 2, TM=1, TN=2:  41.2729 ms (median), mean=41.2886 ± 0.1088 ms (311.58 GFLOP/s)
✓ Random run completed: 15 configs evaluated
BAYESIAN holdout: geometric-mean speedup=1.089x, 95% CI=[1.086, 1.092], 20/20 paired seeds faster
RANDOM holdout: geometric-mean speedup=1.109x, 95% CI=[1.103, 1.114], 20/20 paired seeds faster

✓ SYCL Bayesian Run 8: best = 32.7784 ms
✓ SYCL Random Run 8:   best = 32.5196 ms

================================================================================
EXPERIMENT 9: SYCL STENCIL Bayesian Search
================================================================================

================================================================================
Bayesian Optimization Auto-tuning SYCL STENCIL kernel (Optuna)
================================================================================
Problem size: 2048x2048x512
Trials to evaluate: 15

Benchmark repeats per config: 10, warmup runs: 5

Valid configurations in search space: 200/324

[  1/15] BM= 16, BN= 64, BK= 0, TM=2, TN=2:  36.2530 ms (median), mean=36.3064 ± 0.1339 ms (354.72 GFLOP/s)
[  2/15] BM= 32, BN=128, BK= 8, TM=4, TN=2:  33.8638 ms (median), mean=33.8097 ± 0.1618 ms (379.75 GFLOP/s)
[  3/15] BM= 64, BN= 32, BK= 1, TM=4, TN=1:  34.0302 ms (median), mean=33.9629 ± 0.1480 ms (377.89 GFLOP/s)
[  4/15] BM= 16, BN= 64, BK= 8, TM=1, TN=4:  49.5900 ms (median), mean=49.5124 ± 0.1661 ms (259.32 GFLOP/s)
[  5/15] BM= 32, BN= 32, BK= 0, TM=2, TN=4:  49.6482 ms (median), mean=49.6530 ± 0.1139 ms (259.02 GFLOP/s)
[  6/15] BM= 16, BN= 64, BK= 2, TM=4, TN=1:  33.0075 ms (median), mean=32.9664 ± 0.0792 ms (389.60 GFLOP/s)
[  7/15] BM= 64, BN= 32, BK= 0, TM=2, TN=2:  38.3218 ms (median), mean=38.3033 ± 0.1095 ms (335.57 GFLOP/s)
[  8/15] BM= 32, BN= 32, BK= 8, TM=4, TN=4:  50.2594 ms (median), mean=50.2897 ± 0.1306 ms (255.87 GFLOP/s)
[  9/15] BM= 16, BN= 64, BK= 0, TM=4, TN=2:  33.2851 ms (median), mean=33.3830 ± 0.1733 ms (386.35 GFLOP/s)
[ 10/15] BM= 32, BN= 64, BK= 8, TM=4, TN=4:  49.2639 ms (median), mean=49.2601 ± 0.1406 ms (261.04 GFLOP/s)
[ 11/15] BM= 16, BN= 64, BK= 8, TM=2, TN=4:  49.0762 ms (median), mean=49.0667 ± 0.1815 ms (262.04 GFLOP/s)
[ 12/15] BM= 16, BN= 64, BK= 2, TM=4, TN=1:  33.0400 ms (median), mean=32.9795 ± 0.1486 ms (389.22 GFLOP/s)
[ 13/15] BM= 16, BN= 32, BK= 0, TM=1, TN=2:  41.2262 ms (median), mean=41.2505 ± 0.1208 ms (311.93 GFLOP/s)
[ 14/15] BM= 16, BN= 32, BK= 1, TM=2, TN=2:  37.5590 ms (median), mean=37.5535 ± 0.1460 ms (342.39 GFLOP/s)
[ 15/15] BM= 32, BN= 32, BK= 8, TM=1, TN=4:  50.5354 ms (median), mean=50.5324 ± 0.1396 ms (254.47 GFLOP/s)

Best trial: Trial #6
Best value: 33.0075 ms
✓ Bayesian run completed: 15 configs evaluated

================================================================================
EXPERIMENT 9: SYCL STENCIL Random Search
================================================================================

================================================================================
Random Search Auto-tuning SYCL STENCIL kernel
================================================================================
Problem size: 2048x2048x512
Samples to evaluate: 15

Benchmark repeats per config: 10, warmup runs: 5

Valid configurations in search space: 200
[  1/15] BM= 16, BN= 64, BK= 0, TM=2, TN=2:  36.2084 ms (median), mean=36.2110 ± 0.1066 ms (355.16 GFLOP/s)
[  2/15] BM= 32, BN=128, BK= 0, TM=2, TN=4:  52.8687 ms (median), mean=52.8875 ± 0.1333 ms (243.24 GFLOP/s)
[  3/15] BM= 16, BN=128, BK= 8, TM=4, TN=4:  49.4196 ms (median), mean=49.5026 ± 0.1416 ms (260.22 GFLOP/s)
[  4/15] BM= 16, BN= 32, BK= 1, TM=2, TN=1:  38.8483 ms (median), mean=38.8014 ± 0.1306 ms (331.02 GFLOP/s)
[  5/15] BM= 64, BN=128, BK= 8, TM=4, TN=4:  52.3962 ms (median), mean=52.3754 ± 0.1232 ms (245.43 GFLOP/s)
[  6/15] BM= 32, BN=128, BK= 8, TM=4, TN=4:  49.9339 ms (median), mean=49.9858 ± 0.1073 ms (257.54 GFLOP/s)
[  7/15] BM= 64, BN= 64, BK= 0, TM=4, TN=4:  50.5473 ms (median), mean=50.5169 ± 0.0974 ms (254.41 GFLOP/s)
[  8/15] BM= 16, BN=128, BK= 2, TM=2, TN=4:  50.2431 ms (median), mean=50.2634 ± 0.0873 ms (255.95 GFLOP/s)
[  9/15] BM= 16, BN= 32, BK= 2, TM=1, TN=2:  41.2495 ms (median), mean=41.2094 ± 0.1656 ms (311.75 GFLOP/s)
[ 10/15] BM= 16, BN=128, BK= 8, TM=4, TN=2:  32.7086 ms (median), mean=32.7154 ± 0.1680 ms (393.16 GFLOP/s)
[ 11/15] BM= 32, BN= 64, BK= 8, TM=2, TN=4:  50.1069 ms (median), mean=50.0669 ± 0.1052 ms (256.65 GFLOP/s)
[ 12/15] BM= 32, BN= 32, BK= 2, TM=2, TN=1:  38.5681 ms (median), mean=38.6362 ± 0.1677 ms (333.43 GFLOP/s)
[ 13/15] BM= 16, BN= 32, BK= 8, TM=1, TN=2:  41.4882 ms (median), mean=41.5363 ± 0.1404 ms (309.96 GFLOP/s)
[ 14/15] BM= 64, BN= 32, BK= 0, TM=2, TN=2:  38.3019 ms (median), mean=38.3299 ± 0.1082 ms (335.75 GFLOP/s)
[ 15/15] BM= 64, BN= 64, BK= 0, TM=2, TN=4:  51.5714 ms (median), mean=51.4882 ± 0.1633 ms (249.36 GFLOP/s)
✓ Random run completed: 15 configs evaluated
BAYESIAN holdout: geometric-mean speedup=1.095x, 95% CI=[1.083, 1.106], 20/20 paired seeds faster
RANDOM holdout: geometric-mean speedup=1.106x, 95% CI=[1.102, 1.110], 20/20 paired seeds faster

✓ SYCL Bayesian Run 9: best = 33.0075 ms
✓ SYCL Random Run 9:   best = 32.7086 ms

================================================================================
EXPERIMENT 10: SYCL STENCIL Bayesian Search
================================================================================

================================================================================
Bayesian Optimization Auto-tuning SYCL STENCIL kernel (Optuna)
================================================================================
Problem size: 2048x2048x512
Trials to evaluate: 15

Benchmark repeats per config: 10, warmup runs: 5

Valid configurations in search space: 200/324

[  1/15] BM= 16, BN= 64, BK= 0, TM=2, TN=2:  36.1846 ms (median), mean=36.1308 ± 0.1702 ms (355.39 GFLOP/s)
[  2/15] BM= 64, BN= 32, BK= 1, TM=2, TN=4:  50.6194 ms (median), mean=50.6319 ± 0.1925 ms (254.05 GFLOP/s)
[  3/15] BM= 32, BN= 32, BK= 1, TM=1, TN=2:  41.4154 ms (median), mean=41.3470 ± 0.1806 ms (310.51 GFLOP/s)
[  4/15] BM= 32, BN= 32, BK= 1, TM=4, TN=1:  34.0015 ms (median), mean=34.0100 ± 0.0625 ms (378.21 GFLOP/s)
[  5/15] BM= 16, BN= 32, BK= 2, TM=2, TN=2:  37.4493 ms (median), mean=37.4536 ± 0.1076 ms (343.39 GFLOP/s)
[  6/15] BM= 16, BN= 32, BK= 8, TM=1, TN=4:  50.3232 ms (median), mean=50.2498 ± 0.1744 ms (255.54 GFLOP/s)
[  7/15] BM= 16, BN= 64, BK= 2, TM=2, TN=4:  48.9938 ms (median), mean=48.9864 ± 0.1660 ms (262.48 GFLOP/s)
[  8/15] BM= 16, BN= 64, BK= 1, TM=4, TN=2:  33.2365 ms (median), mean=33.3292 ± 0.2446 ms (386.92 GFLOP/s)
[  9/15] BM= 64, BN=128, BK= 1, TM=4, TN=4:  52.1503 ms (median), mean=52.1433 ± 0.1026 ms (246.59 GFLOP/s)
[ 10/15] BM= 16, BN= 64, BK= 0, TM=1, TN=2:  39.9802 ms (median), mean=39.9738 ± 0.0711 ms (321.65 GFLOP/s)
[ 11/15] BM= 32, BN= 32, BK= 0, TM=4, TN=1:  33.9251 ms (median), mean=33.8804 ± 0.1549 ms (379.06 GFLOP/s)
[ 12/15] BM= 16, BN= 32, BK= 1, TM=1, TN=4:  50.2081 ms (median), mean=50.2032 ± 0.1802 ms (256.13 GFLOP/s)
[ 13/15] BM= 16, BN= 64, BK= 1, TM=4, TN=2:  33.1449 ms (median), mean=33.2181 ± 0.1911 ms (387.99 GFLOP/s)
[ 14/15] BM= 16, BN= 64, BK= 1, TM=4, TN=2:  33.2671 ms (median), mean=33.3383 ± 0.1440 ms (386.56 GFLOP/s)
[ 15/15] BM= 16, BN= 64, BK= 2, TM=2, TN=2:  36.0458 ms (median), mean=36.0383 ± 0.1761 ms (356.76 GFLOP/s)

Best trial: Trial #13
Best value: 33.1449 ms
✓ Bayesian run completed: 15 configs evaluated

================================================================================
EXPERIMENT 10: SYCL STENCIL Random Search
================================================================================

================================================================================
Random Search Auto-tuning SYCL STENCIL kernel
================================================================================
Problem size: 2048x2048x512
Samples to evaluate: 15

Benchmark repeats per config: 10, warmup runs: 5

Valid configurations in search space: 200
[  1/15] BM= 16, BN= 64, BK= 0, TM=2, TN=2:  36.1493 ms (median), mean=36.1680 ± 0.1139 ms (355.74 GFLOP/s)
[  2/15] BM= 16, BN=128, BK= 8, TM=4, TN=1:  33.0896 ms (median), mean=33.0993 ± 0.1509 ms (388.63 GFLOP/s)
[  3/15] BM= 16, BN=128, BK= 8, TM=1, TN=4:  49.9259 ms (median), mean=50.0385 ± 0.1652 ms (257.58 GFLOP/s)
[  4/15] BM= 32, BN=128, BK= 1, TM=4, TN=4:  50.0763 ms (median), mean=50.3645 ± 0.5194 ms (256.80 GFLOP/s)
[  5/15] BM= 16, BN= 32, BK= 0, TM=4, TN=4:  49.7198 ms (median), mean=49.6659 ± 0.1034 ms (258.64 GFLOP/s)
[  6/15] BM= 32, BN= 64, BK= 2, TM=4, TN=1:  33.6179 ms (median), mean=33.6261 ± 0.0764 ms (382.53 GFLOP/s)
[  7/15] BM= 16, BN= 64, BK= 0, TM=1, TN=4:  49.7497 ms (median), mean=49.7039 ± 0.1696 ms (258.49 GFLOP/s)
[  8/15] BM= 32, BN= 32, BK= 2, TM=2, TN=2:  37.6103 ms (median), mean=37.5632 ± 0.1193 ms (341.92 GFLOP/s)
[  9/15] BM= 32, BN= 32, BK= 8, TM=2, TN=2:  37.7779 ms (median), mean=37.7638 ± 0.1421 ms (340.40 GFLOP/s)
[ 10/15] BM= 64, BN= 64, BK= 8, TM=4, TN=4:  50.8735 ms (median), mean=50.9033 ± 0.1200 ms (252.78 GFLOP/s)
[ 11/15] BM= 16, BN= 64, BK= 1, TM=1, TN=4:  49.1879 ms (median), mean=49.2270 ± 0.1793 ms (261.44 GFLOP/s)
[ 12/15] BM= 32, BN= 32, BK= 8, TM=1, TN=4:  50.5345 ms (median), mean=50.5180 ± 0.1439 ms (254.47 GFLOP/s)
[ 13/15] BM= 32, BN= 32, BK= 0, TM=1, TN=4:  50.5439 ms (median), mean=50.5837 ± 0.1814 ms (254.43 GFLOP/s)
[ 14/15] BM= 32, BN= 64, BK= 0, TM=4, TN=2:  33.6327 ms (median), mean=33.6529 ± 0.1512 ms (382.36 GFLOP/s)
[ 15/15] BM= 32, BN= 32, BK= 2, TM=2, TN=1:  38.2422 ms (median), mean=38.2268 ± 0.0533 ms (336.27 GFLOP/s)
✓ Random run completed: 15 configs evaluated
BAYESIAN holdout: geometric-mean speedup=1.085x, 95% CI=[1.082, 1.089], 20/20 paired seeds faster
RANDOM holdout: geometric-mean speedup=1.091x, 95% CI=[1.086, 1.095], 20/20 paired seeds faster

✓ SYCL Bayesian Run 10: best = 33.1449 ms
✓ SYCL Random Run 10:   best = 33.0896 ms

BAYESIAN independent validation: median campaign speedup=1.087x; 95% CI above 1.0 in 10/10 campaigns
BAYESIAN grid regret: median=22.698%, mean=16.160% across 10 campaigns

RANDOM independent validation: median campaign speedup=1.102x; 95% CI above 1.0 in 10/10 campaigns
RANDOM grid regret: median=12.498%, mean=13.785% across 10 campaigns

Saved SYCL convergence data to: /home/latorresn/Bayesian_Auto-Tuning_for_Performance_Portability/results_20260930_213706/stencil/size_2048/convergence_sycl.json
Legacy convergence data also saved to: /home/latorresn/Bayesian_Auto-Tuning_for_Performance_Portability/results_20260930_213706/stencil/size_2048/convergence.json

================================================================================
Running SYCL statistical analysis...
================================================================================

================================================================================
STATISTICAL COMPARISON: SYCL STENCIL: BAYESIAN vs RANDOM SEARCH
================================================================================

Sample Sizes:
  Bayesian: 10 runs
  Random:   10 runs

Descriptive Statistics (Best Time Found):

  BAYESIAN:
    Mean:   32.9724 ms
    Median: 32.9309 ms
    Std:    0.7266 ms
    Range:  [31.5506, 34.4664] ms
    IQR:    [32.5760, 33.3200] ms

  RANDOM:
    Mean:   32.7393 ms
    Median: 32.6141 ms
    Std:    0.6542 ms
    Range:  [31.8689, 34.0551] ms
    IQR:    [32.2297, 33.1304] ms

Effect Size (Cohen's d): 0.320
  → Small effect size

Welch's t-test:
  t-statistic: 0.7154
  p-value:     0.4836
  Mean diff:   0.2331 ms (95% CI: ±0.6060)
  Result:      Not significant

Mann-Whitney U test (non-parametric):
  U-statistic: 61.0000
  p-value:     0.4274
  Result:      Not significant

WINNER: Random
================================================================================

SYCL statistical results saved to: /home/latorresn/Bayesian_Auto-Tuning_for_Performance_Portability/results_20260930_213706/stencil/size_2048/statistical_results_sycl.json
Legacy statistical results also saved to: /home/latorresn/Bayesian_Auto-Tuning_for_Performance_Portability/results_20260930_213706/stencil/size_2048/statistical_results.json

================================================================================
STATISTICAL ANALYSIS: CUDA STENCIL BAYESIAN vs RANDOM SEARCH
Problem size: 2048x2048x512
Independent runs: 10
Trials per run: 15
Benchmark repeats per config: 10
Warmup runs per config: 5
Independent validation repeats per config: 20
Grid-search repeats per config: 3
================================================================================
Exhaustive grid search CUDA STENCIL: 200 valid configurations
[  1/200] 16_32_0_1_1: 30.5156 ms (median)
[  2/200] 16_32_0_1_2: 35.2370 ms (median)
[  3/200] 16_32_0_1_4: 33.0362 ms (median)
[  4/200] 16_32_0_2_1: 30.4745 ms (median)
[  5/200] 16_32_0_2_2: 22.3848 ms (median)
[  6/200] 16_32_0_2_4: 37.7282 ms (median)
[  7/200] 16_32_0_4_1: 17.2020 ms (median)
[  8/200] 16_32_0_4_2: 21.7293 ms (median)
[  9/200] 16_32_0_4_4: 30.0965 ms (median)
[ 10/200] 16_32_1_1_1: 33.8234 ms (median)
[ 11/200] 16_32_1_1_2: 34.9960 ms (median)
[ 12/200] 16_32_1_1_4: 34.0054 ms (median)
[ 13/200] 16_32_1_2_1: 30.6216 ms (median)
[ 14/200] 16_32_1_2_2: 27.0715 ms (median)
[ 15/200] 16_32_1_2_4: 42.5544 ms (median)
[ 16/200] 16_32_1_4_1: 15.4879 ms (median)
[ 17/200] 16_32_1_4_2: 27.2828 ms (median)
[ 18/200] 16_32_1_4_4: 42.9079 ms (median)
[ 19/200] 16_32_2_1_1: 35.4352 ms (median)
[ 20/200] 16_32_2_1_2: 29.2192 ms (median)
[ 21/200] 16_32_2_1_4: 33.3302 ms (median)
[ 22/200] 16_32_2_2_1: 30.8055 ms (median)
[ 23/200] 16_32_2_2_2: 21.3341 ms (median)
[ 24/200] 16_32_2_2_4: 32.1032 ms (median)
[ 25/200] 16_32_2_4_1: 19.6772 ms (median)
[ 26/200] 16_32_2_4_2: 27.2134 ms (median)
[ 27/200] 16_32_2_4_4: 42.8062 ms (median)
[ 28/200] 16_32_8_1_1: 26.6287 ms (median)
[ 29/200] 16_32_8_1_2: 23.3157 ms (median)
[ 30/200] 16_32_8_1_4: 33.0369 ms (median)
[ 31/200] 16_32_8_2_1: 20.8958 ms (median)
[ 32/200] 16_32_8_2_2: 27.0009 ms (median)
[ 33/200] 16_32_8_2_4: 35.4178 ms (median)
[ 34/200] 16_32_8_4_1: 14.9353 ms (median)
[ 35/200] 16_32_8_4_2: 23.9219 ms (median)
[ 36/200] 16_32_8_4_4: 32.4866 ms (median)
[ 37/200] 16_64_0_1_2: 33.3745 ms (median)
[ 38/200] 16_64_0_1_4: 35.0351 ms (median)
[ 39/200] 16_64_0_2_1: 20.3921 ms (median)
[ 40/200] 16_64_0_2_2: 24.9633 ms (median)
[ 41/200] 16_64_0_2_4: 32.4423 ms (median)
[ 42/200] 16_64_0_4_1: 14.8345 ms (median)
[ 43/200] 16_64_0_4_2: 19.8892 ms (median)
[ 44/200] 16_64_0_4_4: 42.5483 ms (median)
[ 45/200] 16_64_1_1_2: 31.4204 ms (median)
[ 46/200] 16_64_1_1_4: 28.1288 ms (median)
[ 47/200] 16_64_1_2_1: 23.4586 ms (median)
[ 48/200] 16_64_1_2_2: 18.3812 ms (median)
[ 49/200] 16_64_1_2_4: 33.4302 ms (median)
[ 50/200] 16_64_1_4_1: 14.3249 ms (median)
[ 51/200] 16_64_1_4_2: 17.6407 ms (median)
[ 52/200] 16_64_1_4_4: 42.5917 ms (median)
[ 53/200] 16_64_2_1_2: 26.5146 ms (median)
[ 54/200] 16_64_2_1_4: 32.8819 ms (median)
[ 55/200] 16_64_2_2_1: 29.2536 ms (median)
[ 56/200] 16_64_2_2_2: 23.1067 ms (median)
[ 57/200] 16_64_2_2_4: 32.8188 ms (median)
[ 58/200] 16_64_2_4_1: 13.8324 ms (median)
[ 59/200] 16_64_2_4_2: 24.9252 ms (median)
[ 60/200] 16_64_2_4_4: 35.1182 ms (median)
[ 61/200] 16_64_8_1_2: 27.0064 ms (median)
[ 62/200] 16_64_8_1_4: 36.9406 ms (median)
[ 63/200] 16_64_8_2_1: 24.4352 ms (median)
[ 64/200] 16_64_8_2_2: 21.3630 ms (median)
[ 65/200] 16_64_8_2_4: 33.8740 ms (median)
[ 66/200] 16_64_8_4_1: 17.8280 ms (median)
[ 67/200] 16_64_8_4_2: 19.9231 ms (median)
[ 68/200] 16_64_8_4_4: 37.3513 ms (median)
[ 69/200] 16_128_0_1_4: 30.6893 ms (median)
[ 70/200] 16_128_0_2_2: 24.7277 ms (median)
[ 71/200] 16_128_0_2_4: 41.8334 ms (median)
[ 72/200] 16_128_0_4_1: 14.2665 ms (median)
[ 73/200] 16_128_0_4_2: 19.4018 ms (median)
[ 74/200] 16_128_0_4_4: 33.1956 ms (median)
[ 75/200] 16_128_1_1_4: 31.4777 ms (median)
[ 76/200] 16_128_1_2_2: 25.1440 ms (median)
[ 77/200] 16_128_1_2_4: 37.0249 ms (median)
[ 78/200] 16_128_1_4_1: 16.1585 ms (median)
[ 79/200] 16_128_1_4_2: 23.7328 ms (median)
[ 80/200] 16_128_1_4_4: 32.6380 ms (median)
[ 81/200] 16_128_2_1_4: 36.9481 ms (median)
[ 82/200] 16_128_2_2_2: 24.7791 ms (median)
[ 83/200] 16_128_2_2_4: 41.9020 ms (median)
[ 84/200] 16_128_2_4_1: 15.0379 ms (median)
[ 85/200] 16_128_2_4_2: 21.8852 ms (median)
[ 86/200] 16_128_2_4_4: 35.8635 ms (median)
[ 87/200] 16_128_8_1_4: 30.7988 ms (median)
[ 88/200] 16_128_8_2_2: 20.4093 ms (median)
[ 89/200] 16_128_8_2_4: 42.0109 ms (median)
[ 90/200] 16_128_8_4_1: 14.9786 ms (median)
[ 91/200] 16_128_8_4_2: 16.7617 ms (median)
[ 92/200] 16_128_8_4_4: 33.7214 ms (median)
[ 93/200] 32_32_0_1_2: 36.0907 ms (median)
[ 94/200] 32_32_0_1_4: 30.0336 ms (median)
[ 95/200] 32_32_0_2_1: 31.1096 ms (median)
[ 96/200] 32_32_0_2_2: 26.9505 ms (median)
[ 97/200] 32_32_0_2_4: 42.7436 ms (median)
[ 98/200] 32_32_0_4_1: 16.1092 ms (median)
[ 99/200] 32_32_0_4_2: 22.4221 ms (median)
[100/200] 32_32_0_4_4: 30.8730 ms (median)
[101/200] 32_32_1_1_2: 21.2860 ms (median)
[102/200] 32_32_1_1_4: 23.5970 ms (median)
[103/200] 32_32_1_2_1: 20.2537 ms (median)
[104/200] 32_32_1_2_2: 27.2465 ms (median)
[105/200] 32_32_1_2_4: 37.4024 ms (median)
[106/200] 32_32_1_4_1: 15.1965 ms (median)
[107/200] 32_32_1_4_2: 27.1145 ms (median)
[108/200] 32_32_1_4_4: 35.1316 ms (median)
[109/200] 32_32_2_1_2: 24.1409 ms (median)
[110/200] 32_32_2_1_4: 25.8556 ms (median)
[111/200] 32_32_2_2_1: 21.1573 ms (median)
[112/200] 32_32_2_2_2: 23.9399 ms (median)
[113/200] 32_32_2_2_4: 29.7016 ms (median)
[114/200] 32_32_2_4_1: 21.3620 ms (median)
[115/200] 32_32_2_4_2: 27.2148 ms (median)
[116/200] 32_32_2_4_4: 34.6175 ms (median)
[117/200] 32_32_8_1_2: 22.5934 ms (median)
[118/200] 32_32_8_1_4: 23.6786 ms (median)
[119/200] 32_32_8_2_1: 20.2131 ms (median)
[120/200] 32_32_8_2_2: 16.1159 ms (median)
[121/200] 32_32_8_2_4: 39.7965 ms (median)
[122/200] 32_32_8_4_1: 17.5208 ms (median)
[123/200] 32_32_8_4_2: 27.1203 ms (median)
[124/200] 32_32_8_4_4: 32.8592 ms (median)
[125/200] 32_64_0_1_4: 31.7717 ms (median)
[126/200] 32_64_0_2_2: 16.2100 ms (median)
[127/200] 32_64_0_2_4: 32.1727 ms (median)
[128/200] 32_64_0_4_1: 14.6137 ms (median)
[129/200] 32_64_0_4_2: 17.2930 ms (median)
[130/200] 32_64_0_4_4: 41.8406 ms (median)
[131/200] 32_64_1_1_4: 31.4207 ms (median)
[132/200] 32_64_1_2_2: 21.0939 ms (median)
[133/200] 32_64_1_2_4: 29.0174 ms (median)
[134/200] 32_64_1_4_1: 14.4049 ms (median)
[135/200] 32_64_1_4_2: 24.3094 ms (median)
[136/200] 32_64_1_4_4: 41.8449 ms (median)
[137/200] 32_64_2_1_4: 32.8532 ms (median)
[138/200] 32_64_2_2_2: 23.4712 ms (median)
[139/200] 32_64_2_2_4: 30.9474 ms (median)
[140/200] 32_64_2_4_1: 19.9345 ms (median)
[141/200] 32_64_2_4_2: 19.9059 ms (median)
[142/200] 32_64_2_4_4: 29.6542 ms (median)
[143/200] 32_64_8_1_4: 32.7464 ms (median)
[144/200] 32_64_8_2_2: 18.9657 ms (median)
[145/200] 32_64_8_2_4: 41.6494 ms (median)
[146/200] 32_64_8_4_1: 16.4481 ms (median)
[147/200] 32_64_8_4_2: 22.3064 ms (median)
[148/200] 32_64_8_4_4: 32.8327 ms (median)
[149/200] 32_128_0_2_4: 31.9673 ms (median)
[150/200] 32_128_0_4_2: 20.9442 ms (median)
[151/200] 32_128_0_4_4: 29.8453 ms (median)
[152/200] 32_128_1_2_4: 44.5943 ms (median)
[153/200] 32_128_1_4_2: 15.5192 ms (median)
[154/200] 32_128_1_4_4: 36.1852 ms (median)
[155/200] 32_128_2_2_4: 32.9912 ms (median)
[156/200] 32_128_2_4_2: 23.8201 ms (median)
[157/200] 32_128_2_4_4: 34.0757 ms (median)
[158/200] 32_128_8_2_4: 33.2826 ms (median)
[159/200] 32_128_8_4_2: 17.7964 ms (median)
[160/200] 32_128_8_4_4: 41.1533 ms (median)
[161/200] 64_32_0_1_4: 32.3550 ms (median)
[162/200] 64_32_0_2_2: 22.7523 ms (median)
[163/200] 64_32_0_2_4: 32.7259 ms (median)
[164/200] 64_32_0_4_1: 20.2001 ms (median)
[165/200] 64_32_0_4_2: 22.2050 ms (median)
[166/200] 64_32_0_4_4: 30.3721 ms (median)
[167/200] 64_32_1_1_4: 27.7862 ms (median)
[168/200] 64_32_1_2_2: 20.3288 ms (median)
[169/200] 64_32_1_2_4: 35.4232 ms (median)
[170/200] 64_32_1_4_1: 18.3722 ms (median)
[171/200] 64_32_1_4_2: 21.5962 ms (median)
[172/200] 64_32_1_4_4: 43.9619 ms (median)
[173/200] 64_32_2_1_4: 32.8583 ms (median)
[174/200] 64_32_2_2_2: 22.1443 ms (median)
[175/200] 64_32_2_2_4: 33.6831 ms (median)
[176/200] 64_32_2_4_1: 18.4669 ms (median)
[177/200] 64_32_2_4_2: 26.8320 ms (median)
[178/200] 64_32_2_4_4: 34.3514 ms (median)
[179/200] 64_32_8_1_4: 26.4486 ms (median)
[180/200] 64_32_8_2_2: 16.4550 ms (median)
[181/200] 64_32_8_2_4: 33.6229 ms (median)
[182/200] 64_32_8_4_1: 21.6807 ms (median)
[183/200] 64_32_8_4_2: 26.8523 ms (median)
[184/200] 64_32_8_4_4: 36.2746 ms (median)
[185/200] 64_64_0_2_4: 25.1761 ms (median)
[186/200] 64_64_0_4_2: 14.2650 ms (median)
[187/200] 64_64_0_4_4: 42.5244 ms (median)
[188/200] 64_64_1_2_4: 42.9562 ms (median)
[189/200] 64_64_1_4_2: 17.0834 ms (median)
[190/200] 64_64_1_4_4: 34.1891 ms (median)
[191/200] 64_64_2_2_4: 32.2398 ms (median)
[192/200] 64_64_2_4_2: 15.3235 ms (median)
[193/200] 64_64_2_4_4: 32.0180 ms (median)
[194/200] 64_64_8_2_4: 24.9788 ms (median)
[195/200] 64_64_8_4_2: 17.3808 ms (median)
[196/200] 64_64_8_4_4: 42.4913 ms (median)
[197/200] 64_128_0_4_4: 33.3346 ms (median)
[198/200] 64_128_1_4_4: 32.0079 ms (median)
[199/200] 64_128_2_4_4: 32.4670 ms (median)
[200/200] 64_128_8_4_4: 33.3916 ms (median)
Grid optimum: 16_64_2_4_1 at 13.8324 ms (200 configs)

================================================================================
EXPERIMENT 1: CUDA STENCIL Bayesian Search
================================================================================

================================================================================
Bayesian Optimization Auto-tuning CUDA STENCIL kernel (Optuna)
================================================================================
Problem size: 2048x2048x512
Trials to evaluate: 15

Benchmark repeats per config: 10, warmup runs: 5

Valid configurations in search space: 200/324

[  1/15] BM= 16, BN= 64, BK= 0, TM=2, TN=2:  19.7032 ms (median), mean=19.6791 ± 0.0651 ms (652.67 GFLOP/s)
[  2/15] BM= 32, BN=128, BK= 0, TM=4, TN=2:  18.4301 ms (median), mean=17.9996 ± 0.3990 ms (697.76 GFLOP/s)
[  3/15] BM= 16, BN= 32, BK= 1, TM=1, TN=2:  24.6666 ms (median), mean=24.7987 ± 1.6923 ms (521.34 GFLOP/s)
[  4/15] BM= 64, BN= 64, BK= 8, TM=4, TN=4:  24.0957 ms (median), mean=24.1435 ± 0.1096 ms (533.69 GFLOP/s)
[  5/15] BM= 16, BN= 32, BK= 2, TM=1, TN=2:  24.6580 ms (median), mean=24.2227 ± 0.5028 ms (521.52 GFLOP/s)
[  6/15] BM= 16, BN= 32, BK= 2, TM=2, TN=4:  24.7774 ms (median), mean=24.7783 ± 0.0089 ms (519.01 GFLOP/s)
[  7/15] BM= 32, BN= 32, BK= 8, TM=4, TN=2:  21.5193 ms (median), mean=21.9050 ± 1.1943 ms (597.59 GFLOP/s)
[  8/15] BM= 32, BN= 64, BK= 8, TM=4, TN=1:  16.5980 ms (median), mean=16.5982 ± 0.0044 ms (774.78 GFLOP/s)
[  9/15] BM= 32, BN= 64, BK= 8, TM=4, TN=1:  17.1578 ms (median), mean=17.1539 ± 0.0064 ms (749.50 GFLOP/s)
[ 10/15] BM= 16, BN= 64, BK= 8, TM=2, TN=4:  24.0121 ms (median), mean=24.8362 ± 1.7434 ms (535.55 GFLOP/s)
[ 11/15] BM= 32, BN= 64, BK= 1, TM=4, TN=1:  16.5055 ms (median), mean=16.5305 ± 0.0907 ms (779.12 GFLOP/s)
[ 12/15] BM= 32, BN= 64, BK= 1, TM=4, TN=1:  17.8982 ms (median), mean=17.9984 ± 0.4995 ms (718.49 GFLOP/s)
[ 13/15] BM= 16, BN= 64, BK= 0, TM=1, TN=4:  22.5462 ms (median), mean=22.8277 ± 0.5160 ms (570.37 GFLOP/s)
[ 14/15] BM= 16, BN= 32, BK= 0, TM=4, TN=1:  17.8259 ms (median), mean=17.9591 ± 0.5014 ms (721.41 GFLOP/s)
[ 15/15] BM= 32, BN= 64, BK= 2, TM=4, TN=2:  17.5948 ms (median), mean=18.0148 ± 0.4883 ms (730.88 GFLOP/s)

Best trial: Trial #11
Best value: 16.5055 ms
✓ Bayesian run completed: 15 configs evaluated

================================================================================
EXPERIMENT 1: CUDA STENCIL Random Search
================================================================================

================================================================================
Random Search Auto-tuning CUDA STENCIL kernel
================================================================================
Problem size: 2048x2048x512
Samples to evaluate: 15

Benchmark repeats per config: 10, warmup runs: 5

Valid configurations in search space: 200
[  1/15] BM= 16, BN= 64, BK= 0, TM=2, TN=2:  19.9739 ms (median), mean=20.4410 ± 0.5834 ms (643.83 GFLOP/s)
[  2/15] BM= 32, BN= 32, BK= 0, TM=4, TN=4:  25.9115 ms (median), mean=26.1072 ± 0.4370 ms (496.30 GFLOP/s)
[  3/15] BM= 64, BN= 64, BK= 8, TM=4, TN=4:  24.1083 ms (median), mean=24.1166 ± 0.0251 ms (533.42 GFLOP/s)
[  4/15] BM= 32, BN= 32, BK= 2, TM=1, TN=2:  24.0293 ms (median), mean=24.1797 ± 1.4659 ms (535.17 GFLOP/s)
[  5/15] BM= 16, BN= 32, BK= 1, TM=1, TN=2:  21.6839 ms (median), mean=22.0158 ± 0.9159 ms (593.05 GFLOP/s)
[  6/15] BM= 16, BN= 64, BK= 8, TM=4, TN=4:  24.5037 ms (median), mean=24.4673 ± 0.2015 ms (524.81 GFLOP/s)
[  7/15] BM= 32, BN= 64, BK= 1, TM=2, TN=2:  19.6292 ms (median), mean=20.3639 ± 0.7235 ms (655.13 GFLOP/s)
[  8/15] BM= 32, BN= 64, BK= 0, TM=2, TN=2:  20.8486 ms (median), mean=20.7738 ± 0.7713 ms (616.81 GFLOP/s)
[  9/15] BM= 32, BN= 32, BK= 1, TM=2, TN=4:  24.5889 ms (median), mean=25.1578 ± 0.7513 ms (522.99 GFLOP/s)
[ 10/15] BM= 16, BN=128, BK= 1, TM=4, TN=2:  15.4216 ms (median), mean=15.3915 ± 0.0445 ms (833.88 GFLOP/s)
[ 11/15] BM= 32, BN= 32, BK= 8, TM=4, TN=4:  26.0132 ms (median), mean=27.2955 ± 1.9491 ms (494.36 GFLOP/s)
[ 12/15] BM= 32, BN= 32, BK= 0, TM=1, TN=2:  24.3705 ms (median), mean=23.5850 ± 1.0213 ms (527.68 GFLOP/s)
[ 13/15] BM= 32, BN=128, BK= 0, TM=4, TN=4:  23.1868 ms (median), mean=23.1865 ± 0.0121 ms (554.62 GFLOP/s)
[ 14/15] BM= 16, BN= 64, BK= 2, TM=2, TN=4:  23.4215 ms (median), mean=23.6559 ± 0.5214 ms (549.06 GFLOP/s)
[ 15/15] BM= 32, BN= 64, BK= 1, TM=1, TN=4:  23.2470 ms (median), mean=24.2305 ± 1.2610 ms (553.18 GFLOP/s)
✓ Random run completed: 15 configs evaluated
BAYESIAN holdout: geometric-mean speedup=1.015x, 95% CI=[1.015, 1.015], 20/20 paired seeds faster
RANDOM holdout: geometric-mean speedup=1.007x, 95% CI=[1.002, 1.012], 13/20 paired seeds faster

✓ CUDA Bayesian Run 1: best = 16.5055 ms
✓ CUDA Random Run 1:   best = 15.4216 ms

================================================================================
EXPERIMENT 2: CUDA STENCIL Bayesian Search
================================================================================

================================================================================
Bayesian Optimization Auto-tuning CUDA STENCIL kernel (Optuna)
================================================================================
Problem size: 2048x2048x512
Trials to evaluate: 15

Benchmark repeats per config: 10, warmup runs: 5

Valid configurations in search space: 200/324

[  1/15] BM= 16, BN= 64, BK= 0, TM=2, TN=2:  22.0102 ms (median), mean=21.0676 ± 1.3346 ms (584.26 GFLOP/s)
[  2/15] BM= 64, BN= 64, BK= 8, TM=2, TN=4:  24.9850 ms (median), mean=25.9020 ± 1.9897 ms (514.70 GFLOP/s)
[  3/15] BM= 16, BN= 32, BK= 0, TM=2, TN=4:  24.6757 ms (median), mean=24.6754 ± 0.0096 ms (521.15 GFLOP/s)
[  4/15] BM= 32, BN=128, BK= 2, TM=4, TN=4:  23.2308 ms (median), mean=23.9104 ± 0.7853 ms (553.56 GFLOP/s)
[  5/15] BM= 16, BN=128, BK= 2, TM=1, TN=4:  22.6565 ms (median), mean=22.6479 ± 0.0244 ms (567.60 GFLOP/s)
[  6/15] BM= 16, BN=128, BK= 0, TM=4, TN=2:  16.7316 ms (median), mean=16.6995 ± 0.0981 ms (768.59 GFLOP/s)
[  7/15] BM= 16, BN=128, BK= 0, TM=4, TN=2:  19.5729 ms (median), mean=19.8772 ± 0.6771 ms (657.02 GFLOP/s)
[  8/15] BM= 32, BN= 64, BK= 2, TM=1, TN=4:  22.7532 ms (median), mean=23.2095 ± 0.7247 ms (565.18 GFLOP/s)
[  9/15] BM= 16, BN=128, BK= 8, TM=4, TN=1:  14.4672 ms (median), mean=14.4499 ± 0.0590 ms (888.89 GFLOP/s)
[ 10/15] BM= 16, BN=128, BK= 8, TM=4, TN=1:  16.4681 ms (median), mean=16.4691 ± 0.0048 ms (780.89 GFLOP/s)
[ 11/15] BM= 16, BN=128, BK= 2, TM=2, TN=4:  23.5761 ms (median), mean=24.1118 ± 0.5219 ms (545.46 GFLOP/s)
[ 12/15] BM= 16, BN=128, BK= 8, TM=4, TN=1:  15.6817 ms (median), mean=15.5620 ± 0.2211 ms (820.05 GFLOP/s)
[ 13/15] BM= 16, BN=128, BK= 8, TM=4, TN=1:  17.4304 ms (median), mean=17.4301 ± 0.0041 ms (737.78 GFLOP/s)
[ 14/15] BM= 16, BN= 32, BK= 0, TM=2, TN=2:  23.8088 ms (median), mean=23.2656 ± 0.5084 ms (540.13 GFLOP/s)
[ 15/15] BM= 16, BN= 64, BK= 0, TM=1, TN=2:  21.9414 ms (median), mean=22.1861 ± 0.9607 ms (586.10 GFLOP/s)

Best trial: Trial #9
Best value: 14.4672 ms
✓ Bayesian run completed: 15 configs evaluated

================================================================================
EXPERIMENT 2: CUDA STENCIL Random Search
================================================================================

================================================================================
Random Search Auto-tuning CUDA STENCIL kernel
================================================================================
Problem size: 2048x2048x512
Samples to evaluate: 15

Benchmark repeats per config: 10, warmup runs: 5

Valid configurations in search space: 200
[  1/15] BM= 16, BN= 64, BK= 0, TM=2, TN=2:  19.0810 ms (median), mean=19.2927 ± 0.9705 ms (673.96 GFLOP/s)
[  2/15] BM= 32, BN= 32, BK= 2, TM=2, TN=1:  23.4017 ms (median), mean=22.8686 ± 1.0558 ms (549.52 GFLOP/s)
[  3/15] BM= 64, BN= 32, BK= 2, TM=1, TN=4:  24.8123 ms (median), mean=25.5309 ± 0.9316 ms (518.28 GFLOP/s)
[  4/15] BM= 64, BN= 64, BK= 8, TM=4, TN=4:  24.0726 ms (median), mean=24.0748 ± 0.0200 ms (534.21 GFLOP/s)
[  5/15] BM= 16, BN= 32, BK= 2, TM=4, TN=2:  20.0502 ms (median), mean=20.4451 ± 0.8841 ms (641.38 GFLOP/s)
[  6/15] BM= 32, BN= 32, BK= 1, TM=1, TN=4:  24.5658 ms (median), mean=24.7225 ± 0.1877 ms (523.48 GFLOP/s)
[  7/15] BM= 16, BN=128, BK= 8, TM=4, TN=4:  23.2767 ms (median), mean=23.2926 ± 0.1936 ms (552.47 GFLOP/s)
[  8/15] BM= 16, BN= 32, BK= 1, TM=4, TN=2:  21.5715 ms (median), mean=21.5351 ± 0.7416 ms (596.14 GFLOP/s)
[  9/15] BM= 32, BN= 32, BK= 8, TM=2, TN=4:  24.7098 ms (median), mean=24.7327 ± 0.0996 ms (520.43 GFLOP/s)
[ 10/15] BM= 16, BN= 64, BK= 0, TM=4, TN=4:  24.5352 ms (median), mean=24.6354 ± 0.2129 ms (524.13 GFLOP/s)
[ 11/15] BM= 32, BN= 64, BK= 2, TM=2, TN=2:  16.7863 ms (median), mean=16.7535 ± 0.1167 ms (766.09 GFLOP/s)
[ 12/15] BM= 32, BN= 32, BK= 2, TM=2, TN=4:  25.0062 ms (median), mean=26.5617 ± 1.9358 ms (514.26 GFLOP/s)
[ 13/15] BM= 16, BN= 32, BK= 8, TM=4, TN=1:  16.8950 ms (median), mean=16.9155 ± 0.0345 ms (761.16 GFLOP/s)
[ 14/15] BM= 16, BN= 64, BK= 2, TM=4, TN=1:  17.9995 ms (median), mean=18.7793 ± 0.7174 ms (714.45 GFLOP/s)
[ 15/15] BM= 16, BN= 64, BK= 8, TM=2, TN=1:  24.1382 ms (median), mean=23.0034 ± 1.4235 ms (532.75 GFLOP/s)
✓ Random run completed: 15 configs evaluated
BAYESIAN holdout: geometric-mean speedup=1.120x, 95% CI=[1.109, 1.132], 20/20 paired seeds faster
RANDOM holdout: geometric-mean speedup=1.055x, 95% CI=[1.015, 1.096], 17/20 paired seeds faster

✓ CUDA Bayesian Run 2: best = 14.4672 ms
✓ CUDA Random Run 2:   best = 16.7863 ms

================================================================================
EXPERIMENT 3: CUDA STENCIL Bayesian Search
================================================================================

================================================================================
Bayesian Optimization Auto-tuning CUDA STENCIL kernel (Optuna)
================================================================================
Problem size: 2048x2048x512
Trials to evaluate: 15

Benchmark repeats per config: 10, warmup runs: 5

Valid configurations in search space: 200/324

[  1/15] BM= 16, BN= 64, BK= 0, TM=2, TN=2:  18.2100 ms (median), mean=18.2173 ± 0.0207 ms (706.19 GFLOP/s)
[  2/15] BM= 64, BN= 64, BK= 8, TM=4, TN=4:  24.2172 ms (median), mean=24.5617 ± 0.4753 ms (531.02 GFLOP/s)
[  3/15] BM= 16, BN= 32, BK= 8, TM=2, TN=1:  20.3646 ms (median), mean=21.7323 ± 1.2716 ms (631.48 GFLOP/s)
[  4/15] BM= 64, BN= 32, BK= 0, TM=4, TN=2:  20.2572 ms (median), mean=20.2487 ± 0.9900 ms (634.82 GFLOP/s)
[  5/15] BM= 32, BN= 32, BK= 1, TM=4, TN=4:  25.9074 ms (median), mean=25.9062 ± 0.0093 ms (496.37 GFLOP/s)
[  6/15] BM= 32, BN= 32, BK= 2, TM=4, TN=2:  19.8910 ms (median), mean=19.9138 ± 0.0520 ms (646.51 GFLOP/s)
[  7/15] BM= 64, BN= 32, BK= 8, TM=2, TN=2:  21.6195 ms (median), mean=21.7216 ± 0.8062 ms (594.82 GFLOP/s)
[  8/15] BM= 16, BN= 64, BK= 2, TM=2, TN=2:  18.6904 ms (median), mean=18.6978 ± 0.7725 ms (688.04 GFLOP/s)
[  9/15] BM= 16, BN= 64, BK= 0, TM=2, TN=2:  18.2187 ms (median), mean=20.1981 ± 1.8233 ms (705.85 GFLOP/s)
[ 10/15] BM= 64, BN= 64, BK= 0, TM=4, TN=4:  24.6934 ms (median), mean=24.7510 ± 0.4780 ms (520.78 GFLOP/s)
[ 11/15] BM= 32, BN= 64, BK= 1, TM=2, TN=2:  16.6343 ms (median), mean=16.6547 ± 0.0610 ms (773.08 GFLOP/s)
[ 12/15] BM= 32, BN= 64, BK= 1, TM=2, TN=2:  18.3341 ms (median), mean=18.8976 ± 0.7891 ms (701.41 GFLOP/s)
[ 13/15] BM= 32, BN= 64, BK= 8, TM=1, TN=4:  24.6966 ms (median), mean=25.6041 ± 1.9310 ms (520.71 GFLOP/s)
[ 14/15] BM= 16, BN= 32, BK= 2, TM=2, TN=4:  24.7494 ms (median), mean=24.8975 ± 0.2293 ms (519.60 GFLOP/s)
[ 15/15] BM= 32, BN= 64, BK= 0, TM=2, TN=4:  24.6048 ms (median), mean=24.4576 ± 0.5263 ms (522.65 GFLOP/s)

Best trial: Trial #11
Best value: 16.6343 ms
✓ Bayesian run completed: 15 configs evaluated

================================================================================
EXPERIMENT 3: CUDA STENCIL Random Search
================================================================================

================================================================================
Random Search Auto-tuning CUDA STENCIL kernel
================================================================================
Problem size: 2048x2048x512
Samples to evaluate: 15

Benchmark repeats per config: 10, warmup runs: 5

Valid configurations in search space: 200
[  1/15] BM= 16, BN= 64, BK= 0, TM=2, TN=2:  16.6955 ms (median), mean=16.7884 ± 0.1520 ms (770.25 GFLOP/s)
[  2/15] BM= 32, BN= 32, BK= 2, TM=4, TN=4:  25.8865 ms (median), mean=27.0843 ± 2.3887 ms (496.77 GFLOP/s)
[  3/15] BM= 16, BN= 32, BK= 1, TM=2, TN=1:  19.9720 ms (median), mean=19.9661 ± 0.0143 ms (643.89 GFLOP/s)
[  4/15] BM= 64, BN=128, BK= 1, TM=4, TN=4:  23.8991 ms (median), mean=24.0863 ± 0.4366 ms (538.08 GFLOP/s)
[  5/15] BM= 32, BN= 32, BK= 8, TM=4, TN=2:  22.5479 ms (median), mean=22.5179 ± 0.0746 ms (570.33 GFLOP/s)
[  6/15] BM= 64, BN=128, BK= 0, TM=4, TN=4:  24.9931 ms (median), mean=25.7496 ± 1.3739 ms (514.53 GFLOP/s)
[  7/15] BM= 16, BN= 64, BK= 8, TM=4, TN=2:  19.3934 ms (median), mean=20.4129 ± 0.9404 ms (663.10 GFLOP/s)
[  8/15] BM= 64, BN= 32, BK= 8, TM=4, TN=1:  19.7826 ms (median), mean=19.3919 ± 0.4516 ms (650.05 GFLOP/s)
[  9/15] BM= 16, BN= 64, BK= 1, TM=2, TN=2:  18.8564 ms (median), mean=18.8938 ± 0.0622 ms (681.98 GFLOP/s)
[ 10/15] BM= 32, BN=128, BK= 0, TM=2, TN=4:  24.7799 ms (median), mean=25.0409 ± 0.5682 ms (518.96 GFLOP/s)
[ 11/15] BM= 64, BN= 32, BK= 0, TM=4, TN=2:  17.4447 ms (median), mean=17.3884 ± 0.1211 ms (737.17 GFLOP/s)
[ 12/15] BM= 16, BN= 32, BK= 8, TM=4, TN=4:  25.3361 ms (median), mean=26.9112 ± 2.0427 ms (507.57 GFLOP/s)
[ 13/15] BM= 64, BN= 64, BK= 8, TM=4, TN=2:  17.6697 ms (median), mean=17.7136 ± 0.0488 ms (727.79 GFLOP/s)
[ 14/15] BM= 32, BN= 32, BK= 1, TM=2, TN=2:  21.2805 ms (median), mean=21.6574 ± 0.8487 ms (604.30 GFLOP/s)
[ 15/15] BM= 16, BN= 64, BK= 1, TM=4, TN=1:  18.9631 ms (median), mean=18.9352 ± 0.0337 ms (678.15 GFLOP/s)
✓ Random run completed: 15 configs evaluated
BAYESIAN holdout: geometric-mean speedup=1.031x, 95% CI=[1.012, 1.051], 13/20 paired seeds faster
RANDOM holdout: geometric-mean speedup=1.000x, 95% CI=[1.000, 1.000], 0/20 paired seeds faster

✓ CUDA Bayesian Run 3: best = 16.6343 ms
✓ CUDA Random Run 3:   best = 16.6955 ms

================================================================================
EXPERIMENT 4: CUDA STENCIL Bayesian Search
================================================================================

================================================================================
Bayesian Optimization Auto-tuning CUDA STENCIL kernel (Optuna)
================================================================================
Problem size: 2048x2048x512
Trials to evaluate: 15

Benchmark repeats per config: 10, warmup runs: 5

Valid configurations in search space: 200/324

[  1/15] BM= 16, BN= 64, BK= 0, TM=2, TN=2:  18.8679 ms (median), mean=20.5839 ± 1.5687 ms (681.57 GFLOP/s)
[  2/15] BM= 16, BN= 32, BK= 2, TM=4, TN=2:  23.9222 ms (median), mean=22.9104 ± 1.0110 ms (537.57 GFLOP/s)
[  3/15] BM= 64, BN= 32, BK= 2, TM=2, TN=2:  20.0142 ms (median), mean=19.7978 ± 0.3877 ms (642.53 GFLOP/s)
[  4/15] BM= 32, BN= 32, BK= 1, TM=4, TN=4:  25.9194 ms (median), mean=26.6983 ± 1.1627 ms (496.14 GFLOP/s)
[  5/15] BM= 32, BN= 64, BK= 1, TM=2, TN=2:  20.4974 ms (median), mean=20.0364 ± 0.5549 ms (627.39 GFLOP/s)
[  6/15] BM= 64, BN= 32, BK= 8, TM=2, TN=4:  25.5586 ms (median), mean=26.4119 ± 1.7345 ms (503.15 GFLOP/s)
[  7/15] BM= 16, BN= 64, BK= 0, TM=2, TN=2:  18.8591 ms (median), mean=20.0331 ± 1.1686 ms (681.89 GFLOP/s)
[  8/15] BM= 16, BN= 64, BK= 1, TM=2, TN=4:  23.2137 ms (median), mean=23.4093 ± 0.4011 ms (553.97 GFLOP/s)
[  9/15] BM= 32, BN=128, BK= 0, TM=2, TN=4:  24.8187 ms (median), mean=26.3765 ± 2.0474 ms (518.15 GFLOP/s)
[ 10/15] BM= 32, BN= 32, BK= 2, TM=2, TN=1:  20.7193 ms (median), mean=20.9225 ± 0.2363 ms (620.67 GFLOP/s)
[ 11/15] BM= 16, BN= 64, BK= 0, TM=2, TN=2:  17.6344 ms (median), mean=17.6326 ± 0.1369 ms (729.24 GFLOP/s)
[ 12/15] BM= 16, BN= 32, BK= 1, TM=2, TN=2:  22.3559 ms (median), mean=21.5128 ± 1.3654 ms (575.23 GFLOP/s)
[ 13/15] BM= 32, BN=128, BK= 2, TM=2, TN=4:  24.7303 ms (median), mean=25.0454 ± 0.4733 ms (520.00 GFLOP/s)
[ 14/15] BM= 16, BN= 64, BK= 0, TM=2, TN=2:  19.0943 ms (median), mean=20.2659 ± 1.0784 ms (673.48 GFLOP/s)
[ 15/15] BM= 64, BN= 32, BK= 0, TM=4, TN=2:  22.1666 ms (median), mean=21.5657 ± 0.8918 ms (580.14 GFLOP/s)

Best trial: Trial #11
Best value: 17.6344 ms
✓ Bayesian run completed: 15 configs evaluated

================================================================================
EXPERIMENT 4: CUDA STENCIL Random Search
================================================================================

================================================================================
Random Search Auto-tuning CUDA STENCIL kernel
================================================================================
Problem size: 2048x2048x512
Samples to evaluate: 15

Benchmark repeats per config: 10, warmup runs: 5

Valid configurations in search space: 200
[  1/15] BM= 16, BN= 64, BK= 0, TM=2, TN=2:  19.7115 ms (median), mean=19.2120 ± 0.7282 ms (652.40 GFLOP/s)
[  2/15] BM= 64, BN= 32, BK= 0, TM=4, TN=2:  20.5485 ms (median), mean=20.7194 ± 0.9500 ms (625.82 GFLOP/s)
[  3/15] BM= 16, BN= 32, BK= 8, TM=2, TN=4:  24.6970 ms (median), mean=25.0685 ± 0.5570 ms (520.70 GFLOP/s)
[  4/15] BM= 16, BN=128, BK= 2, TM=1, TN=4:  22.5447 ms (median), mean=22.5334 ± 0.0326 ms (570.41 GFLOP/s)
[  5/15] BM= 16, BN= 32, BK= 2, TM=2, TN=1:  20.5668 ms (median), mean=20.6308 ± 0.4954 ms (625.27 GFLOP/s)
[  6/15] BM= 16, BN=128, BK= 0, TM=4, TN=2:  18.8134 ms (median), mean=18.4223 ± 0.3795 ms (683.54 GFLOP/s)
[  7/15] BM= 64, BN= 64, BK= 0, TM=2, TN=4:  25.1478 ms (median), mean=26.1891 ± 1.7516 ms (511.37 GFLOP/s)
[  8/15] BM= 64, BN= 32, BK= 1, TM=1, TN=4:  24.5098 ms (median), mean=24.7052 ± 0.2462 ms (524.68 GFLOP/s)
[  9/15] BM= 16, BN=128, BK= 1, TM=4, TN=4:  23.3887 ms (median), mean=23.3392 ± 0.0699 ms (549.83 GFLOP/s)
[ 10/15] BM= 16, BN= 64, BK= 0, TM=1, TN=2:  20.7256 ms (median), mean=22.2371 ± 1.4413 ms (620.48 GFLOP/s)
[ 11/15] BM= 32, BN=128, BK= 2, TM=4, TN=2:  19.0867 ms (median), mean=19.9748 ± 0.8425 ms (673.75 GFLOP/s)
[ 12/15] BM= 64, BN= 32, BK= 2, TM=2, TN=2:  19.3902 ms (median), mean=20.8316 ± 1.3479 ms (663.21 GFLOP/s)
[ 13/15] BM= 64, BN= 64, BK= 0, TM=4, TN=4:  24.8552 ms (median), mean=24.8893 ± 0.5669 ms (517.39 GFLOP/s)
[ 14/15] BM= 32, BN= 32, BK= 2, TM=4, TN=2:  17.5432 ms (median), mean=17.5102 ± 0.1303 ms (733.03 GFLOP/s)
[ 15/15] BM= 16, BN=128, BK= 1, TM=4, TN=2:  19.6586 ms (median), mean=19.4492 ± 0.2463 ms (654.15 GFLOP/s)
✓ Random run completed: 15 configs evaluated
BAYESIAN holdout: geometric-mean speedup=1.000x, 95% CI=[1.000, 1.000], 0/20 paired seeds faster
RANDOM holdout: geometric-mean speedup=0.849x, 95% CI=[0.827, 0.871], 1/20 paired seeds faster

✓ CUDA Bayesian Run 4: best = 17.6344 ms
✓ CUDA Random Run 4:   best = 17.5432 ms

================================================================================
EXPERIMENT 5: CUDA STENCIL Bayesian Search
================================================================================

================================================================================
Bayesian Optimization Auto-tuning CUDA STENCIL kernel (Optuna)
================================================================================
Problem size: 2048x2048x512
Trials to evaluate: 15

Benchmark repeats per config: 10, warmup runs: 5

Valid configurations in search space: 200/324

[  1/15] BM= 16, BN= 64, BK= 0, TM=2, TN=2:  19.9288 ms (median), mean=19.5065 ± 0.8812 ms (645.28 GFLOP/s)
[  2/15] BM= 32, BN= 64, BK= 8, TM=4, TN=1:  17.4171 ms (median), mean=17.5237 ± 0.1804 ms (738.34 GFLOP/s)
[  3/15] BM= 32, BN= 32, BK= 8, TM=1, TN=2:  23.9808 ms (median), mean=24.3411 ± 0.5584 ms (536.25 GFLOP/s)
[  4/15] BM= 16, BN=128, BK= 0, TM=1, TN=4:  23.3909 ms (median), mean=23.5904 ± 0.4174 ms (549.78 GFLOP/s)
[  5/15] BM= 16, BN= 64, BK= 8, TM=4, TN=1:  16.9743 ms (median), mean=16.9738 ± 0.0063 ms (757.60 GFLOP/s)
[  6/15] BM= 32, BN= 64, BK= 1, TM=1, TN=4:  22.6884 ms (median), mean=23.8628 ± 1.2161 ms (566.80 GFLOP/s)
[  7/15] BM= 16, BN= 32, BK= 2, TM=2, TN=1:  24.6199 ms (median), mean=24.7285 ± 0.3879 ms (522.33 GFLOP/s)
[  8/15] BM= 32, BN= 64, BK= 0, TM=2, TN=2:  18.2979 ms (median), mean=20.2622 ± 1.8713 ms (702.80 GFLOP/s)
[  9/15] BM= 64, BN= 32, BK= 2, TM=2, TN=4:  25.0190 ms (median), mean=25.2138 ± 0.2364 ms (514.00 GFLOP/s)
[ 10/15] BM= 16, BN= 32, BK= 1, TM=1, TN=1:  23.6409 ms (median), mean=23.6426 ± 0.0042 ms (543.96 GFLOP/s)
[ 11/15] BM= 16, BN= 32, BK= 2, TM=2, TN=4:  24.7605 ms (median), mean=24.8486 ± 0.2257 ms (519.37 GFLOP/s)
[ 12/15] BM= 32, BN= 32, BK= 2, TM=2, TN=2:  20.6364 ms (median), mean=20.1693 ± 0.5622 ms (623.16 GFLOP/s)
[ 13/15] BM= 32, BN=128, BK= 8, TM=4, TN=2:  19.7923 ms (median), mean=19.7925 ± 0.0072 ms (649.73 GFLOP/s)
[ 14/15] BM= 16, BN= 64, BK= 8, TM=4, TN=1:  16.4447 ms (median), mean=16.3974 ± 0.1954 ms (782.00 GFLOP/s)
[ 15/15] BM= 16, BN= 32, BK= 2, TM=1, TN=2:  24.6557 ms (median), mean=24.6245 ± 0.5242 ms (521.57 GFLOP/s)

Best trial: Trial #14
Best value: 16.4447 ms
✓ Bayesian run completed: 15 configs evaluated

================================================================================
EXPERIMENT 5: CUDA STENCIL Random Search
================================================================================

================================================================================
Random Search Auto-tuning CUDA STENCIL kernel
================================================================================
Problem size: 2048x2048x512
Samples to evaluate: 15

Benchmark repeats per config: 10, warmup runs: 5

Valid configurations in search space: 200
[  1/15] BM= 16, BN= 64, BK= 0, TM=2, TN=2:  19.1388 ms (median), mean=19.1113 ± 0.0528 ms (671.92 GFLOP/s)
[  2/15] BM= 32, BN= 32, BK= 1, TM=4, TN=1:  18.6850 ms (median), mean=18.9663 ± 0.6006 ms (688.24 GFLOP/s)
[  3/15] BM= 32, BN= 32, BK= 1, TM=4, TN=4:  25.9220 ms (median), mean=26.2824 ± 0.4313 ms (496.09 GFLOP/s)
[  4/15] BM= 32, BN= 32, BK= 8, TM=2, TN=2:  20.0029 ms (median), mean=19.9566 ± 0.8558 ms (642.89 GFLOP/s)
[  5/15] BM= 64, BN= 32, BK= 8, TM=4, TN=2:  18.3146 ms (median), mean=19.5040 ± 1.0961 ms (702.16 GFLOP/s)
[  6/15] BM= 16, BN= 64, BK= 8, TM=2, TN=4:  24.8544 ms (median), mean=24.8508 ± 0.4220 ms (517.40 GFLOP/s)
[  7/15] BM= 32, BN= 64, BK= 1, TM=1, TN=4:  22.6479 ms (median), mean=22.7891 ± 0.2098 ms (567.81 GFLOP/s)
[  8/15] BM= 64, BN= 64, BK= 0, TM=4, TN=2:  19.3812 ms (median), mean=19.3804 ± 0.3362 ms (663.52 GFLOP/s)
[  9/15] BM= 64, BN= 32, BK= 1, TM=4, TN=1:  19.8040 ms (median), mean=20.5183 ± 0.6621 ms (649.35 GFLOP/s)
[ 10/15] BM= 32, BN= 32, BK= 8, TM=1, TN=4:  25.3396 ms (median), mean=25.6929 ± 1.5386 ms (507.50 GFLOP/s)
[ 11/15] BM= 16, BN=128, BK= 2, TM=2, TN=2:  19.2884 ms (median), mean=20.3410 ± 0.9628 ms (666.71 GFLOP/s)
[ 12/15] BM= 32, BN= 32, BK= 1, TM=1, TN=2:  21.9129 ms (median), mean=23.0093 ± 1.3503 ms (586.86 GFLOP/s)
[ 13/15] BM= 64, BN= 32, BK= 1, TM=4, TN=4:  25.6512 ms (median), mean=25.8738 ± 0.4368 ms (501.33 GFLOP/s)
[ 14/15] BM= 16, BN= 32, BK= 8, TM=1, TN=4:  23.8695 ms (median), mean=24.0110 ± 0.4128 ms (538.75 GFLOP/s)
[ 15/15] BM= 32, BN= 32, BK= 0, TM=2, TN=1:  24.4840 ms (median), mean=23.9431 ± 0.7556 ms (525.23 GFLOP/s)
✓ Random run completed: 15 configs evaluated
BAYESIAN holdout: geometric-mean speedup=1.007x, 95% CI=[1.004, 1.010], 17/20 paired seeds faster
RANDOM holdout: geometric-mean speedup=0.953x, 95% CI=[0.938, 0.969], 0/20 paired seeds faster

✓ CUDA Bayesian Run 5: best = 16.4447 ms
✓ CUDA Random Run 5:   best = 18.3146 ms

================================================================================
EXPERIMENT 6: CUDA STENCIL Bayesian Search
================================================================================

================================================================================
Bayesian Optimization Auto-tuning CUDA STENCIL kernel (Optuna)
================================================================================
Problem size: 2048x2048x512
Trials to evaluate: 15

Benchmark repeats per config: 10, warmup runs: 5

Valid configurations in search space: 200/324

[  1/15] BM= 16, BN= 64, BK= 0, TM=2, TN=2:  22.0037 ms (median), mean=21.5385 ± 0.4726 ms (584.44 GFLOP/s)
[  2/15] BM= 64, BN= 64, BK= 8, TM=2, TN=4:  24.4867 ms (median), mean=24.7559 ± 0.2719 ms (525.17 GFLOP/s)
[  3/15] BM= 16, BN= 32, BK= 1, TM=2, TN=2:  18.9319 ms (median), mean=18.9722 ± 0.2899 ms (679.26 GFLOP/s)
[  4/15] BM= 16, BN= 64, BK= 0, TM=4, TN=1:  17.8264 ms (median), mean=18.4251 ± 0.6150 ms (721.39 GFLOP/s)
[  5/15] BM= 32, BN= 32, BK= 8, TM=2, TN=2:  24.0048 ms (median), mean=23.9317 ± 0.1450 ms (535.72 GFLOP/s)
[  6/15] BM= 16, BN= 32, BK= 2, TM=1, TN=4:  24.6893 ms (median), mean=25.3875 ± 1.4207 ms (520.86 GFLOP/s)
[  7/15] BM= 64, BN= 64, BK= 2, TM=2, TN=4:  25.5752 ms (median), mean=26.4656 ± 1.7880 ms (502.82 GFLOP/s)
[  8/15] BM= 16, BN= 64, BK= 0, TM=4, TN=1:  16.9039 ms (median), mean=16.7627 ± 0.1912 ms (760.76 GFLOP/s)
[  9/15] BM= 32, BN= 32, BK= 8, TM=2, TN=4:  24.8751 ms (median), mean=25.9505 ± 2.0778 ms (516.97 GFLOP/s)
[ 10/15] BM= 32, BN= 64, BK= 8, TM=1, TN=4:  22.6459 ms (median), mean=22.6390 ± 0.0323 ms (567.86 GFLOP/s)
[ 11/15] BM= 16, BN=128, BK= 8, TM=4, TN=2:  18.6078 ms (median), mean=18.5702 ± 0.0594 ms (691.10 GFLOP/s)
[ 12/15] BM= 16, BN= 64, BK= 0, TM=4, TN=1:  16.6211 ms (median), mean=16.6215 ± 0.0052 ms (773.70 GFLOP/s)
[ 13/15] BM= 16, BN= 64, BK= 0, TM=4, TN=1:  17.9648 ms (median), mean=17.8109 ± 0.2957 ms (715.83 GFLOP/s)
[ 14/15] BM= 32, BN= 64, BK= 8, TM=4, TN=1:  17.9004 ms (median), mean=17.9557 ± 0.5215 ms (718.41 GFLOP/s)
[ 15/15] BM= 64, BN= 32, BK= 0, TM=2, TN=2:  20.7420 ms (median), mean=20.8057 ± 0.7117 ms (619.99 GFLOP/s)

Best trial: Trial #12
Best value: 16.6211 ms
✓ Bayesian run completed: 15 configs evaluated

================================================================================
EXPERIMENT 6: CUDA STENCIL Random Search
================================================================================

================================================================================
Random Search Auto-tuning CUDA STENCIL kernel
================================================================================
Problem size: 2048x2048x512
Samples to evaluate: 15

Benchmark repeats per config: 10, warmup runs: 5

Valid configurations in search space: 200
[  1/15] BM= 16, BN= 64, BK= 0, TM=2, TN=2:  19.3303 ms (median), mean=19.3348 ± 0.4732 ms (665.26 GFLOP/s)
[  2/15] BM= 16, BN= 64, BK= 8, TM=1, TN=2:  22.1017 ms (median), mean=22.3989 ± 0.9737 ms (581.84 GFLOP/s)
[  3/15] BM= 32, BN= 32, BK= 0, TM=2, TN=1:  23.6479 ms (median), mean=23.4060 ± 0.3915 ms (543.80 GFLOP/s)
[  4/15] BM= 32, BN= 32, BK= 1, TM=2, TN=1:  21.5908 ms (median), mean=21.8017 ± 0.8119 ms (595.61 GFLOP/s)
[  5/15] BM= 32, BN= 32, BK= 8, TM=1, TN=4:  24.5525 ms (median), mean=24.4779 ± 0.3794 ms (523.77 GFLOP/s)
[  6/15] BM= 16, BN= 32, BK= 8, TM=1, TN=2:  24.0847 ms (median), mean=23.7923 ± 0.7043 ms (533.94 GFLOP/s)
[  7/15] BM= 32, BN= 64, BK= 0, TM=4, TN=4:  24.3417 ms (median), mean=24.6381 ± 0.3590 ms (528.30 GFLOP/s)
[  8/15] BM= 32, BN= 32, BK= 1, TM=2, TN=2:  20.8280 ms (median), mean=21.3878 ± 0.6423 ms (617.43 GFLOP/s)
[  9/15] BM= 16, BN= 32, BK= 1, TM=1, TN=4:  23.4672 ms (median), mean=24.2893 ± 0.9243 ms (547.99 GFLOP/s)
[ 10/15] BM= 32, BN= 64, BK= 1, TM=1, TN=4:  23.8467 ms (median), mean=24.3812 ± 1.1884 ms (539.27 GFLOP/s)
[ 11/15] BM= 16, BN=128, BK= 8, TM=2, TN=4:  23.6319 ms (median), mean=23.6477 ± 0.0433 ms (544.17 GFLOP/s)
[ 12/15] BM= 32, BN= 64, BK= 1, TM=4, TN=2:  19.9899 ms (median), mean=20.0006 ± 0.0228 ms (643.31 GFLOP/s)
[ 13/15] BM= 16, BN= 64, BK= 8, TM=4, TN=2:  18.0617 ms (median), mean=18.9697 ± 0.9237 ms (711.99 GFLOP/s)
[ 14/15] BM= 32, BN=128, BK= 1, TM=4, TN=2:  17.3762 ms (median), mean=17.3734 ± 0.0679 ms (740.08 GFLOP/s)
[ 15/15] BM= 16, BN= 32, BK= 1, TM=4, TN=2:  19.4935 ms (median), mean=19.8731 ± 1.0605 ms (659.70 GFLOP/s)
✓ Random run completed: 15 configs evaluated
BAYESIAN holdout: geometric-mean speedup=1.109x, 95% CI=[1.070, 1.150], 20/20 paired seeds faster
RANDOM holdout: geometric-mean speedup=0.977x, 95% CI=[0.949, 1.006], 7/20 paired seeds faster

✓ CUDA Bayesian Run 6: best = 16.6211 ms
✓ CUDA Random Run 6:   best = 17.3762 ms

================================================================================
EXPERIMENT 7: CUDA STENCIL Bayesian Search
================================================================================

================================================================================
Bayesian Optimization Auto-tuning CUDA STENCIL kernel (Optuna)
================================================================================
Problem size: 2048x2048x512
Trials to evaluate: 15

Benchmark repeats per config: 10, warmup runs: 5

Valid configurations in search space: 200/324

[  1/15] BM= 16, BN= 64, BK= 0, TM=2, TN=2:  18.9464 ms (median), mean=20.2481 ± 1.2194 ms (678.75 GFLOP/s)
[  2/15] BM= 16, BN= 32, BK= 1, TM=4, TN=4:  25.3631 ms (median), mean=25.7177 ± 0.4171 ms (507.03 GFLOP/s)
[  3/15] BM= 32, BN= 64, BK= 2, TM=2, TN=2:  18.1245 ms (median), mean=18.2283 ± 0.2890 ms (709.52 GFLOP/s)
[  4/15] BM= 16, BN= 32, BK= 0, TM=1, TN=1:  24.3710 ms (median), mean=25.1520 ± 0.9640 ms (527.67 GFLOP/s)
[  5/15] BM= 32, BN= 32, BK= 2, TM=1, TN=4:  24.1644 ms (median), mean=25.6924 ± 1.9069 ms (532.18 GFLOP/s)
[  6/15] BM= 32, BN= 32, BK= 1, TM=2, TN=4:  24.3627 ms (median), mean=24.3566 ± 0.0149 ms (527.85 GFLOP/s)
[  7/15] BM= 16, BN=128, BK= 1, TM=4, TN=4:  24.2576 ms (median), mean=24.7204 ± 1.0792 ms (530.13 GFLOP/s)
[  8/15] BM= 32, BN= 64, BK= 2, TM=4, TN=4:  24.5604 ms (median), mean=24.5487 ± 0.2700 ms (523.60 GFLOP/s)
[  9/15] BM= 16, BN= 32, BK= 8, TM=4, TN=2:  20.7744 ms (median), mean=21.8589 ± 1.1330 ms (619.02 GFLOP/s)
[ 10/15] BM= 32, BN= 64, BK= 0, TM=1, TN=4:  25.5979 ms (median), mean=26.3243 ± 2.2506 ms (502.38 GFLOP/s)
[ 11/15] BM= 16, BN= 32, BK= 8, TM=1, TN=1:  24.8257 ms (median), mean=24.9459 ± 0.3812 ms (518.00 GFLOP/s)
[ 12/15] BM= 32, BN= 32, BK= 2, TM=1, TN=2:  21.6506 ms (median), mean=21.8171 ± 0.2718 ms (593.97 GFLOP/s)
[ 13/15] BM= 16, BN= 64, BK= 0, TM=1, TN=4:  22.5334 ms (median), mean=22.9118 ± 0.8179 ms (570.70 GFLOP/s)
[ 14/15] BM= 32, BN= 64, BK= 8, TM=2, TN=2:  19.3592 ms (median), mean=19.0459 ± 0.5285 ms (664.27 GFLOP/s)
[ 15/15] BM= 32, BN= 64, BK= 2, TM=2, TN=2:  20.2687 ms (median), mean=20.3548 ± 0.8293 ms (634.46 GFLOP/s)

Best trial: Trial #3
Best value: 18.1245 ms
✓ Bayesian run completed: 15 configs evaluated

================================================================================
EXPERIMENT 7: CUDA STENCIL Random Search
================================================================================

================================================================================
Random Search Auto-tuning CUDA STENCIL kernel
================================================================================
Problem size: 2048x2048x512
Samples to evaluate: 15

Benchmark repeats per config: 10, warmup runs: 5

Valid configurations in search space: 200
[  1/15] BM= 16, BN= 64, BK= 0, TM=2, TN=2:  19.3481 ms (median), mean=19.3509 ± 0.0069 ms (664.65 GFLOP/s)
[  2/15] BM= 16, BN= 64, BK= 1, TM=1, TN=4:  23.9936 ms (median), mean=24.4858 ± 1.5730 ms (535.97 GFLOP/s)
[  3/15] BM= 16, BN=128, BK= 0, TM=4, TN=1:  16.3130 ms (median), mean=16.2955 ± 0.1236 ms (788.31 GFLOP/s)
[  4/15] BM= 16, BN= 64, BK= 1, TM=1, TN=2:  24.0664 ms (median), mean=23.9913 ± 0.0948 ms (534.35 GFLOP/s)
[  5/15] BM= 64, BN= 64, BK= 0, TM=4, TN=4:  24.3356 ms (median), mean=25.0242 ± 1.1355 ms (528.43 GFLOP/s)
[  6/15] BM= 16, BN= 64, BK= 1, TM=2, TN=1:  22.7721 ms (median), mean=23.5563 ± 0.8986 ms (564.72 GFLOP/s)
[  7/15] BM= 16, BN=128, BK= 2, TM=4, TN=2:  18.8591 ms (median), mean=19.7698 ± 1.0332 ms (681.89 GFLOP/s)
[  8/15] BM= 64, BN= 64, BK= 2, TM=2, TN=4:  24.6483 ms (median), mean=24.8205 ± 0.3191 ms (521.73 GFLOP/s)
[  9/15] BM= 16, BN= 32, BK= 8, TM=4, TN=2:  19.6538 ms (median), mean=19.6152 ± 0.0686 ms (654.31 GFLOP/s)
[ 10/15] BM= 16, BN= 32, BK= 1, TM=2, TN=2:  21.8842 ms (median), mean=21.5629 ± 0.8554 ms (587.63 GFLOP/s)
[ 11/15] BM= 32, BN= 32, BK= 0, TM=4, TN=2:  19.5672 ms (median), mean=19.6086 ± 0.0470 ms (657.21 GFLOP/s)
[ 12/15] BM= 32, BN= 32, BK= 0, TM=2, TN=1:  23.5507 ms (median), mean=24.1239 ± 0.8859 ms (546.04 GFLOP/s)
[ 13/15] BM= 32, BN= 64, BK= 2, TM=4, TN=2:  18.0197 ms (median), mean=17.9184 ± 0.1347 ms (713.65 GFLOP/s)
[ 14/15] BM= 64, BN= 32, BK= 2, TM=1, TN=4:  24.8127 ms (median), mean=26.1321 ± 2.2172 ms (518.27 GFLOP/s)
[ 15/15] BM= 64, BN= 32, BK= 1, TM=1, TN=4:  24.4321 ms (median), mean=24.4413 ± 0.0242 ms (526.35 GFLOP/s)
✓ Random run completed: 15 configs evaluated
BAYESIAN holdout: geometric-mean speedup=1.056x, 95% CI=[1.024, 1.089], 16/20 paired seeds faster
RANDOM holdout: geometric-mean speedup=1.111x, 95% CI=[1.074, 1.149], 20/20 paired seeds faster

✓ CUDA Bayesian Run 7: best = 18.1245 ms
✓ CUDA Random Run 7:   best = 16.3130 ms

================================================================================
EXPERIMENT 8: CUDA STENCIL Bayesian Search
================================================================================

================================================================================
Bayesian Optimization Auto-tuning CUDA STENCIL kernel (Optuna)
================================================================================
Problem size: 2048x2048x512
Trials to evaluate: 15

Benchmark repeats per config: 10, warmup runs: 5

Valid configurations in search space: 200/324

[  1/15] BM= 16, BN= 64, BK= 0, TM=2, TN=2:  18.6778 ms (median), mean=19.6489 ± 1.1253 ms (688.50 GFLOP/s)
[  2/15] BM= 16, BN= 32, BK= 0, TM=1, TN=2:  25.0286 ms (median), mean=25.2196 ± 2.0189 ms (513.80 GFLOP/s)
[  3/15] BM= 16, BN= 64, BK= 2, TM=4, TN=1:  16.5913 ms (median), mean=16.6183 ± 0.0651 ms (775.09 GFLOP/s)
[  4/15] BM= 64, BN= 32, BK= 0, TM=1, TN=4:  24.9604 ms (median), mean=25.5758 ± 1.1721 ms (515.21 GFLOP/s)
[  5/15] BM= 32, BN= 64, BK= 0, TM=1, TN=4:  23.3276 ms (median), mean=23.7026 ± 0.5425 ms (551.27 GFLOP/s)
[  6/15] BM= 16, BN=128, BK= 0, TM=2, TN=4:  24.5856 ms (median), mean=24.4740 ± 0.4332 ms (523.06 GFLOP/s)
[  7/15] BM= 16, BN= 64, BK= 2, TM=4, TN=1:  17.1875 ms (median), mean=17.1015 ± 0.1266 ms (748.20 GFLOP/s)
[  8/15] BM= 16, BN= 64, BK= 2, TM=4, TN=1:  19.2243 ms (median), mean=19.2997 ± 0.3935 ms (668.93 GFLOP/s)
[  9/15] BM= 16, BN= 32, BK= 8, TM=2, TN=2:  20.5462 ms (median), mean=20.4683 ± 1.0694 ms (625.90 GFLOP/s)
[ 10/15] BM= 64, BN= 32, BK= 2, TM=4, TN=2:  20.2029 ms (median), mean=21.1389 ± 0.9198 ms (636.53 GFLOP/s)
[ 11/15] BM= 32, BN= 32, BK= 0, TM=4, TN=2:  23.9368 ms (median), mean=23.0797 ± 0.8330 ms (537.24 GFLOP/s)
[ 12/15] BM= 32, BN= 32, BK= 1, TM=2, TN=4:  24.4219 ms (median), mean=24.7838 ± 0.4214 ms (526.57 GFLOP/s)
[ 13/15] BM= 64, BN= 32, BK= 1, TM=4, TN=2:  22.2877 ms (median), mean=21.9258 ± 1.1768 ms (576.99 GFLOP/s)
[ 14/15] BM= 32, BN=128, BK= 8, TM=4, TN=2:  19.6208 ms (median), mean=19.5323 ± 0.9498 ms (655.41 GFLOP/s)
[ 15/15] BM= 16, BN= 64, BK= 2, TM=4, TN=1:  16.9991 ms (median), mean=16.9960 ± 0.0058 ms (756.49 GFLOP/s)

Best trial: Trial #3
Best value: 16.5913 ms
✓ Bayesian run completed: 15 configs evaluated

================================================================================
EXPERIMENT 8: CUDA STENCIL Random Search
================================================================================

================================================================================
Random Search Auto-tuning CUDA STENCIL kernel
================================================================================
Problem size: 2048x2048x512
Samples to evaluate: 15

Benchmark repeats per config: 10, warmup runs: 5

Valid configurations in search space: 200
[  1/15] BM= 16, BN= 64, BK= 0, TM=2, TN=2:  17.8718 ms (median), mean=17.8614 ± 0.0334 ms (719.55 GFLOP/s)
[  2/15] BM= 16, BN=128, BK= 2, TM=4, TN=1:  18.4019 ms (median), mean=18.4007 ± 0.0049 ms (698.83 GFLOP/s)
[  3/15] BM= 16, BN= 32, BK= 1, TM=1, TN=4:  23.4847 ms (median), mean=23.8970 ± 0.9386 ms (547.58 GFLOP/s)
[  4/15] BM= 16, BN=128, BK= 8, TM=2, TN=2:  19.8886 ms (median), mean=20.1007 ± 0.2075 ms (646.59 GFLOP/s)
[  5/15] BM= 32, BN=128, BK= 0, TM=2, TN=4:  24.9439 ms (median), mean=25.6304 ± 1.0410 ms (515.55 GFLOP/s)
[  6/15] BM= 16, BN= 64, BK= 2, TM=4, TN=2:  18.6838 ms (median), mean=19.8853 ± 1.1278 ms (688.28 GFLOP/s)
[  7/15] BM= 32, BN= 32, BK= 1, TM=4, TN=2:  21.4655 ms (median), mean=21.8354 ± 0.8280 ms (599.09 GFLOP/s)
[  8/15] BM= 32, BN= 64, BK= 2, TM=1, TN=4:  25.1536 ms (median), mean=26.1177 ± 2.1785 ms (511.25 GFLOP/s)
[  9/15] BM= 16, BN= 32, BK= 1, TM=2, TN=4:  24.7906 ms (median), mean=24.8396 ± 0.2785 ms (518.73 GFLOP/s)
[ 10/15] BM= 32, BN= 64, BK= 8, TM=2, TN=2:  16.6061 ms (median), mean=16.5078 ± 0.1380 ms (774.40 GFLOP/s)
[ 11/15] BM= 16, BN= 32, BK= 8, TM=4, TN=1:  19.2205 ms (median), mean=19.2224 ± 0.0091 ms (669.06 GFLOP/s)
[ 12/15] BM= 16, BN=128, BK= 0, TM=4, TN=2:  19.4160 ms (median), mean=19.8639 ± 0.5881 ms (662.33 GFLOP/s)
[ 13/15] BM= 32, BN= 32, BK= 8, TM=2, TN=4:  24.6895 ms (median), mean=24.8650 ± 0.2700 ms (520.86 GFLOP/s)
[ 14/15] BM= 16, BN= 32, BK= 0, TM=4, TN=4:  25.2425 ms (median), mean=25.2865 ± 0.0718 ms (509.45 GFLOP/s)
[ 15/15] BM= 16, BN= 32, BK= 2, TM=1, TN=2:  21.3258 ms (median), mean=22.6399 ± 1.2210 ms (603.01 GFLOP/s)
✓ Random run completed: 15 configs evaluated
BAYESIAN holdout: geometric-mean speedup=1.105x, 95% CI=[1.095, 1.114], 20/20 paired seeds faster
RANDOM holdout: geometric-mean speedup=0.947x, 95% CI=[0.924, 0.971], 1/20 paired seeds faster

✓ CUDA Bayesian Run 8: best = 16.5913 ms
✓ CUDA Random Run 8:   best = 16.6061 ms

================================================================================
EXPERIMENT 9: CUDA STENCIL Bayesian Search
================================================================================

================================================================================
Bayesian Optimization Auto-tuning CUDA STENCIL kernel (Optuna)
================================================================================
Problem size: 2048x2048x512
Trials to evaluate: 15

Benchmark repeats per config: 10, warmup runs: 5

Valid configurations in search space: 200/324

[  1/15] BM= 16, BN= 64, BK= 0, TM=2, TN=2:  17.3415 ms (median), mean=17.3238 ± 0.0285 ms (741.56 GFLOP/s)
[  2/15] BM= 32, BN=128, BK= 8, TM=4, TN=2:  22.0055 ms (median), mean=21.4863 ± 1.1881 ms (584.39 GFLOP/s)
[  3/15] BM= 64, BN= 32, BK= 1, TM=4, TN=1:  20.4989 ms (median), mean=20.4676 ± 0.5548 ms (627.34 GFLOP/s)
[  4/15] BM= 16, BN= 64, BK= 8, TM=1, TN=4:  24.2543 ms (median), mean=24.7554 ± 1.7222 ms (530.21 GFLOP/s)
[  5/15] BM= 32, BN= 32, BK= 0, TM=2, TN=4:  24.6345 ms (median), mean=24.8718 ± 0.3599 ms (522.02 GFLOP/s)
[  6/15] BM= 16, BN= 64, BK= 2, TM=4, TN=1:  16.4548 ms (median), mean=16.4293 ± 0.0499 ms (781.52 GFLOP/s)
[  7/15] BM= 64, BN= 32, BK= 0, TM=2, TN=2:  22.1582 ms (median), mean=21.3963 ± 0.8814 ms (580.36 GFLOP/s)
[  8/15] BM= 32, BN= 32, BK= 8, TM=4, TN=4:  25.9012 ms (median), mean=26.7444 ± 1.2582 ms (496.49 GFLOP/s)
[  9/15] BM= 16, BN= 64, BK= 0, TM=4, TN=2:  18.8550 ms (median), mean=18.7354 ± 0.2721 ms (682.03 GFLOP/s)
[ 10/15] BM= 32, BN= 64, BK= 8, TM=4, TN=4:  24.2753 ms (median), mean=24.4856 ± 0.4379 ms (529.75 GFLOP/s)
[ 11/15] BM= 16, BN= 64, BK= 8, TM=2, TN=4:  23.3775 ms (median), mean=23.4161 ± 0.0755 ms (550.09 GFLOP/s)
[ 12/15] BM= 16, BN= 64, BK= 2, TM=4, TN=1:  18.0118 ms (median), mean=18.0275 ± 0.0248 ms (713.96 GFLOP/s)
[ 13/15] BM= 16, BN= 32, BK= 0, TM=1, TN=2:  22.9605 ms (median), mean=23.5388 ± 1.5075 ms (560.08 GFLOP/s)
[ 14/15] BM= 16, BN= 32, BK= 1, TM=2, TN=2:  19.6366 ms (median), mean=19.8379 ± 0.2504 ms (654.89 GFLOP/s)
[ 15/15] BM= 32, BN= 32, BK= 8, TM=1, TN=4:  24.6161 ms (median), mean=24.9666 ± 0.6103 ms (522.41 GFLOP/s)

Best trial: Trial #6
Best value: 16.4548 ms
✓ Bayesian run completed: 15 configs evaluated

================================================================================
EXPERIMENT 9: CUDA STENCIL Random Search
================================================================================

================================================================================
Random Search Auto-tuning CUDA STENCIL kernel
================================================================================
Problem size: 2048x2048x512
Samples to evaluate: 15

Benchmark repeats per config: 10, warmup runs: 5

Valid configurations in search space: 200
[  1/15] BM= 16, BN= 64, BK= 0, TM=2, TN=2:  18.1676 ms (median), mean=18.1653 ± 0.0072 ms (707.84 GFLOP/s)
[  2/15] BM= 32, BN=128, BK= 0, TM=2, TN=4:  25.2890 ms (median), mean=26.2582 ± 1.4489 ms (508.51 GFLOP/s)
[  3/15] BM= 16, BN=128, BK= 8, TM=4, TN=4:  23.1011 ms (median), mean=23.7442 ± 0.9778 ms (556.67 GFLOP/s)
[  4/15] BM= 16, BN= 32, BK= 1, TM=2, TN=1:  22.6050 ms (median), mean=23.1464 ± 0.8227 ms (568.89 GFLOP/s)
[  5/15] BM= 64, BN=128, BK= 8, TM=4, TN=4:  23.9768 ms (median), mean=24.3655 ± 0.4525 ms (536.34 GFLOP/s)
[  6/15] BM= 32, BN=128, BK= 8, TM=4, TN=4:  23.1476 ms (median), mean=23.6844 ± 0.6195 ms (555.55 GFLOP/s)
[  7/15] BM= 64, BN= 64, BK= 0, TM=4, TN=4:  24.0417 ms (median), mean=24.0433 ± 0.0109 ms (534.89 GFLOP/s)
[  8/15] BM= 16, BN=128, BK= 2, TM=2, TN=4:  24.7912 ms (median), mean=24.7912 ± 0.1928 ms (518.72 GFLOP/s)
[  9/15] BM= 16, BN= 32, BK= 2, TM=1, TN=2:  21.3213 ms (median), mean=21.8444 ± 0.6023 ms (603.14 GFLOP/s)
[ 10/15] BM= 16, BN=128, BK= 8, TM=4, TN=2:  17.9016 ms (median), mean=17.8888 ± 0.0225 ms (718.36 GFLOP/s)
[ 11/15] BM= 32, BN= 64, BK= 8, TM=2, TN=4:  24.6066 ms (median), mean=26.0677 ± 1.9892 ms (522.61 GFLOP/s)
[ 12/15] BM= 32, BN= 32, BK= 2, TM=2, TN=1:  20.6098 ms (median), mean=21.0745 ± 0.7363 ms (623.96 GFLOP/s)
[ 13/15] BM= 16, BN= 32, BK= 8, TM=1, TN=2:  21.5180 ms (median), mean=22.2229 ± 0.9588 ms (597.63 GFLOP/s)
[ 14/15] BM= 64, BN= 32, BK= 0, TM=2, TN=2:  21.3796 ms (median), mean=21.8039 ± 1.1371 ms (601.50 GFLOP/s)
[ 15/15] BM= 64, BN= 64, BK= 0, TM=2, TN=4:  24.4873 ms (median), mean=24.7437 ± 0.5993 ms (525.16 GFLOP/s)
✓ Random run completed: 15 configs evaluated
BAYESIAN holdout: geometric-mean speedup=1.099x, 95% CI=[1.088, 1.110], 20/20 paired seeds faster
RANDOM holdout: geometric-mean speedup=0.971x, 95% CI=[0.948, 0.995], 2/20 paired seeds faster

✓ CUDA Bayesian Run 9: best = 16.4548 ms
✓ CUDA Random Run 9:   best = 17.9016 ms

================================================================================
EXPERIMENT 10: CUDA STENCIL Bayesian Search
================================================================================

================================================================================
Bayesian Optimization Auto-tuning CUDA STENCIL kernel (Optuna)
================================================================================
Problem size: 2048x2048x512
Trials to evaluate: 15

Benchmark repeats per config: 10, warmup runs: 5

Valid configurations in search space: 200/324

[  1/15] BM= 16, BN= 64, BK= 0, TM=2, TN=2:  19.3287 ms (median), mean=18.6699 ± 0.6043 ms (665.32 GFLOP/s)
[  2/15] BM= 64, BN= 32, BK= 1, TM=2, TN=4:  24.6484 ms (median), mean=24.8546 ± 0.4558 ms (521.73 GFLOP/s)
[  3/15] BM= 32, BN= 32, BK= 1, TM=1, TN=2:  21.2868 ms (median), mean=21.5120 ± 0.2133 ms (604.12 GFLOP/s)
[  4/15] BM= 32, BN= 32, BK= 1, TM=4, TN=1:  19.1222 ms (median), mean=19.2378 ± 0.5609 ms (672.50 GFLOP/s)
[  5/15] BM= 16, BN= 32, BK= 2, TM=2, TN=2:  19.7283 ms (median), mean=19.7320 ± 0.0085 ms (651.84 GFLOP/s)
[  6/15] BM= 16, BN= 32, BK= 8, TM=1, TN=4:  24.7898 ms (median), mean=25.0775 ± 1.0617 ms (518.75 GFLOP/s)
[  7/15] BM= 16, BN= 64, BK= 2, TM=2, TN=4:  24.3551 ms (median), mean=24.2578 ± 0.4324 ms (528.01 GFLOP/s)
[  8/15] BM= 16, BN= 64, BK= 1, TM=4, TN=2:  19.1289 ms (median), mean=19.2157 ± 0.0876 ms (672.27 GFLOP/s)
[  9/15] BM= 64, BN=128, BK= 1, TM=4, TN=4:  24.7573 ms (median), mean=25.5475 ± 1.2929 ms (519.43 GFLOP/s)
[ 10/15] BM= 32, BN= 32, BK= 1, TM=4, TN=1:  19.1543 ms (median), mean=19.5240 ± 0.3441 ms (671.38 GFLOP/s)
[ 11/15] BM= 32, BN= 32, BK= 0, TM=4, TN=1:  19.9570 ms (median), mean=19.6356 ± 0.6649 ms (644.37 GFLOP/s)
[ 12/15] BM= 16, BN= 32, BK= 1, TM=1, TN=4:  23.4104 ms (median), mean=23.8172 ± 0.7760 ms (549.32 GFLOP/s)
[ 13/15] BM= 32, BN= 32, BK= 8, TM=4, TN=4:  25.9154 ms (median), mean=26.9834 ± 1.2369 ms (496.22 GFLOP/s)
[ 14/15] BM= 32, BN= 32, BK= 2, TM=2, TN=4:  24.7302 ms (median), mean=24.9242 ± 0.4306 ms (520.00 GFLOP/s)
[ 15/15] BM= 16, BN= 64, BK= 2, TM=2, TN=2:  18.0414 ms (median), mean=18.2126 ± 0.2560 ms (712.79 GFLOP/s)

Best trial: Trial #15
Best value: 18.0414 ms
✓ Bayesian run completed: 15 configs evaluated

================================================================================
EXPERIMENT 10: CUDA STENCIL Random Search
================================================================================

================================================================================
Random Search Auto-tuning CUDA STENCIL kernel
================================================================================
Problem size: 2048x2048x512
Samples to evaluate: 15

Benchmark repeats per config: 10, warmup runs: 5

Valid configurations in search space: 200
[  1/15] BM= 16, BN= 64, BK= 0, TM=2, TN=2:  19.1796 ms (median), mean=20.0361 ± 1.1818 ms (670.49 GFLOP/s)
[  2/15] BM= 16, BN=128, BK= 8, TM=4, TN=1:  17.4492 ms (median), mean=18.3032 ± 0.7847 ms (736.98 GFLOP/s)
[  3/15] BM= 16, BN=128, BK= 8, TM=1, TN=4:  23.8639 ms (median), mean=24.2376 ± 0.9961 ms (538.88 GFLOP/s)
[  4/15] BM= 32, BN=128, BK= 1, TM=4, TN=4:  23.1886 ms (median), mean=23.1920 ± 0.0137 ms (554.57 GFLOP/s)
[  5/15] BM= 16, BN= 32, BK= 0, TM=4, TN=4:  25.2877 ms (median), mean=25.5918 ± 0.5388 ms (508.54 GFLOP/s)
[  6/15] BM= 32, BN= 64, BK= 2, TM=4, TN=1:  15.4633 ms (median), mean=15.4626 ± 0.0542 ms (831.63 GFLOP/s)
[  7/15] BM= 16, BN= 64, BK= 0, TM=1, TN=4:  25.1561 ms (median), mean=26.0851 ± 2.2058 ms (511.20 GFLOP/s)
[  8/15] BM= 32, BN= 32, BK= 2, TM=2, TN=2:  19.5812 ms (median), mean=19.5867 ± 0.0973 ms (656.74 GFLOP/s)
[  9/15] BM= 32, BN= 32, BK= 8, TM=2, TN=2:  22.4478 ms (median), mean=21.8443 ± 0.9022 ms (572.87 GFLOP/s)
[ 10/15] BM= 64, BN= 64, BK= 8, TM=4, TN=4:  24.0765 ms (median), mean=24.2509 ± 0.3626 ms (534.12 GFLOP/s)
[ 11/15] BM= 16, BN= 64, BK= 1, TM=1, TN=4:  24.7014 ms (median), mean=25.4589 ± 1.9097 ms (520.61 GFLOP/s)
[ 12/15] BM= 32, BN= 32, BK= 8, TM=1, TN=4:  23.6864 ms (median), mean=23.6864 ± 0.0067 ms (542.92 GFLOP/s)
[ 13/15] BM= 32, BN= 32, BK= 0, TM=1, TN=4:  23.6643 ms (median), mean=23.6651 ± 0.0091 ms (543.42 GFLOP/s)
[ 14/15] BM= 32, BN= 64, BK= 0, TM=4, TN=2:  19.0604 ms (median), mean=18.8742 ± 0.3271 ms (674.68 GFLOP/s)
[ 15/15] BM= 32, BN= 32, BK= 2, TM=2, TN=1:  22.9993 ms (median), mean=22.7700 ± 0.9507 ms (559.14 GFLOP/s)
✓ Random run completed: 15 configs evaluated
BAYESIAN holdout: geometric-mean speedup=1.033x, 95% CI=[1.005, 1.061], 10/20 paired seeds faster
RANDOM holdout: geometric-mean speedup=1.094x, 95% CI=[1.090, 1.098], 20/20 paired seeds faster

✓ CUDA Bayesian Run 10: best = 18.0414 ms
✓ CUDA Random Run 10:   best = 15.4633 ms

BAYESIAN independent validation: median campaign speedup=1.044x; 95% CI above 1.0 in 9/10 campaigns
BAYESIAN grid regret: median=18.587%, mean=31.826% across 10 campaigns

RANDOM independent validation: median campaign speedup=0.989x; 95% CI above 1.0 in 4/10 campaigns
RANDOM grid regret: median=56.899%, mean=53.034% across 10 campaigns

Saved CUDA convergence data to: /home/latorresn/Bayesian_Auto-Tuning_for_Performance_Portability/results_20260930_213706/stencil/size_2048/convergence_cuda.json

================================================================================
Running CUDA statistical analysis...
================================================================================

================================================================================
STATISTICAL COMPARISON: CUDA STENCIL: BAYESIAN vs RANDOM SEARCH
================================================================================

Sample Sizes:
  Bayesian: 10 runs
  Random:   10 runs

Descriptive Statistics (Best Time Found):

  BAYESIAN:
    Mean:   16.7519 ms
    Median: 16.6062 ms
    Std:    0.9923 ms
    Range:  [14.4672, 18.1245] ms
    IQR:    [16.4675, 17.3844] ms

  RANDOM:
    Mean:   16.8422 ms
    Median: 16.7409 ms
    Std:    0.9136 ms
    Range:  [15.4216, 18.3146] ms
    IQR:    [16.3863, 17.5015] ms

Effect Size (Cohen's d): -0.090
  → Negligible effect size

Welch's t-test:
  t-statistic: -0.2007
  p-value:     0.8432
  Mean diff:   -0.0902 ms (95% CI: ±0.8360)
  Result:      Not significant

Mann-Whitney U test (non-parametric):
  U-statistic: 46.0000
  p-value:     0.7913
  Result:      Not significant

WINNER: Bayesian
================================================================================

CUDA statistical results saved to: /home/latorresn/Bayesian_Auto-Tuning_for_Performance_Portability/results_20260930_213706/stencil/size_2048/statistical_results_cuda.json

================================================================================
Analysis complete! Results saved to:
  - SYCL STENCIL convergence data: /home/latorresn/Bayesian_Auto-Tuning_for_Performance_Portability/results_20260930_213706/stencil/size_2048/convergence_sycl.json
  - SYCL STENCIL statistical results: /home/latorresn/Bayesian_Auto-Tuning_for_Performance_Portability/results_20260930_213706/stencil/size_2048/statistical_results_sycl.json
  - CUDA STENCIL convergence data: /home/latorresn/Bayesian_Auto-Tuning_for_Performance_Portability/results_20260930_213706/stencil/size_2048/convergence_cuda.json
  - CUDA STENCIL statistical results: /home/latorresn/Bayesian_Auto-Tuning_for_Performance_Portability/results_20260930_213706/stencil/size_2048/statistical_results_cuda.json
================================================================================

