kernel,backend,size,algorithm,run_idx,evaluation,config,grid_time_ms,regret_ms,regret_pct,best_regret_pct_so_far,grid_status
matmul,sycl,1024,bayesian,0,1,32_32_32_2_2,3.476480007171631,0.5652480125427246,19.416110209889915,19.416110209889904,ok
matmul,sycl,1024,bayesian,0,2,64_32_8_2_2,3.259392023086548,0.3481600284576416,11.959199029825918,11.959199029825909,ok
matmul,sycl,1024,bayesian,0,3,64_32_8_4_4,3.1580159664154053,0.24678397178649902,8.476960003249644,8.476960003249639,ok
matmul,sycl,1024,bayesian,0,4,32_64_8_1_4,3.4211840629577637,0.5099520683288574,17.516710082525066,8.476960003249639,ok
matmul,sycl,1024,bayesian,0,5,32_32_8_4_4,3.6065280437469482,0.695296049118042,23.883223679900212,8.476960003249639,ok
matmul,sycl,1024,bayesian,0,6,32_32_16_2_1,3.2860159873962402,0.374783992767334,12.873724713756719,8.476960003249639,ok
matmul,sycl,1024,bayesian,0,7,32_32_8_4_4,3.6065280437469482,0.695296049118042,23.883223679900212,8.476960003249639,ok
matmul,sycl,1024,bayesian,0,8,64_32_32_4_2,3.5082240104675293,0.596992015838623,20.506507792578766,8.476960003249639,ok
matmul,sycl,1024,bayesian,0,9,64_32_32_4_2,3.5082240104675293,0.596992015838623,20.506507792578766,8.476960003249639,ok
matmul,sycl,1024,bayesian,0,10,64_32_32_4_2,3.5082240104675293,0.596992015838623,20.506507792578766,8.476960003249639,ok
matmul,sycl,1024,bayesian,0,11,64_32_16_4_4,3.379199981689453,0.4679679870605469,16.074568702320093,8.476960003249639,ok
matmul,sycl,1024,bayesian,0,12,64_32_32_4_2,3.5082240104675293,0.596992015838623,20.506507792578766,8.476960003249639,ok
matmul,sycl,1024,bayesian,0,13,32_32_32_1_4,3.5737600326538086,0.6625280380249023,22.757651717459737,8.476960003249639,ok
matmul,sycl,1024,bayesian,0,14,64_32_16_1_4,3.177471876144409,0.26623988151550293,9.145265028919148,8.476960003249639,ok
matmul,sycl,1024,bayesian,0,15,64_32_32_4_1,3.140608072280884,0.22937607765197754,7.8790037370833454,7.8790037370833454,ok
matmul,sycl,1024,bayesian,1,1,32_32_32_2_2,3.476480007171631,0.5652480125427246,19.416110209889915,19.416110209889904,ok
matmul,sycl,1024,bayesian,1,2,32_32_32_4_1,3.1795198917388916,0.26828789710998535,9.215613788422372,9.21561378842238,ok
matmul,sycl,1024,bayesian,1,3,32_128_8_2_4,3.1979520320892334,0.28672003746032715,9.848752623951395,9.21561378842238,ok
matmul,sycl,1024,bayesian,1,4,32_32_32_2_2,3.476480007171631,0.5652480125427246,19.416110209889915,9.21561378842238,ok
matmul,sycl,1024,bayesian,1,5,32_32_32_2_4,4.343808174133301,1.4325761795043945,49.208588740005396,9.21561378842238,ok
matmul,sycl,1024,bayesian,1,6,32_32_32_4_1,3.1795198917388916,0.26828789710998535,9.215613788422372,9.21561378842238,ok
matmul,sycl,1024,bayesian,1,7,64_32_32_1_4,4.100096225738525,1.1888642311096191,40.8371518760106,9.21561378842238,ok
matmul,sycl,1024,bayesian,1,8,32_128_32_4_2,3.414016008377075,0.502784013748169,17.27048942426379,9.21561378842238,ok
matmul,sycl,1024,bayesian,1,9,32_128_8_4_2,3.0412800312042236,0.13004803657531738,4.467113470010298,4.4671134700102995,ok
matmul,sycl,1024,bayesian,1,10,32_32_32_1_4,3.5737600326538086,0.6625280380249023,22.757651717459737,4.4671134700102995,ok
matmul,sycl,1024,bayesian,1,11,32_64_32_1_4,4.219903945922852,1.3086719512939453,44.952513358893654,4.4671134700102995,ok
matmul,sycl,1024,bayesian,1,12,128_64_16_4_4,3.5235838890075684,0.6123518943786621,21.03411529924184,4.4671134700102995,ok
matmul,sycl,1024,bayesian,1,13,64_64_32_2_4,3.1641600131988525,0.2529280185699463,8.68800628175932,4.4671134700102995,ok
matmul,sycl,1024,bayesian,1,14,128_64_16_4_4,3.5235838890075684,0.6123518943786621,21.03411529924184,4.4671134700102995,ok
matmul,sycl,1024,bayesian,1,15,128_64_32_4_4,3.8451199531555176,0.9338879585266113,32.07878864513694,4.4671134700102995,ok
matmul,sycl,1024,bayesian,2,1,32_32_32_2_2,3.476480007171631,0.5652480125427246,19.416110209889915,19.416110209889904,ok
matmul,sycl,1024,bayesian,2,2,32_64_16_4_2,3.299328088760376,0.3880960941314697,13.330991650527668,13.330991650527674,ok
matmul,sycl,1024,bayesian,2,3,32_64_16_1_4,3.959807872772217,1.0485758781433105,36.01828641887306,13.330991650527674,ok
matmul,sycl,1024,bayesian,2,4,32_32_16_1_4,3.6136960983276367,0.7024641036987305,24.129444338161488,13.330991650527674,ok
matmul,sycl,1024,bayesian,2,5,32_128_16_4_2,2.9112319946289062,0.0,0.0,0.0,ok
matmul,sycl,1024,bayesian,2,6,64_32_8_2_4,3.2880640029907227,0.3768320083618164,12.944073473259943,0.0,ok
matmul,sycl,1024,bayesian,2,7,32_64_16_4_2,3.299328088760376,0.3880960941314697,13.330991650527668,0.0,ok
matmul,sycl,1024,bayesian,2,8,32_64_8_2_2,3.6966400146484375,0.7854080200195312,26.978544529208737,0.0,ok
matmul,sycl,1024,bayesian,2,9,128_32_8_4_2,3.8359038829803467,0.9246718883514404,31.762219227372434,0.0,ok
matmul,sycl,1024,bayesian,2,10,128_32_16_4_4,3.290112018585205,0.37888002395629883,13.014422232763167,0.0,ok
matmul,sycl,1024,bayesian,2,11,64_32_16_4_2,3.4068479537963867,0.49561595916748047,17.024268766002493,0.0,ok
matmul,sycl,1024,bayesian,2,12,32_64_16_4_2,3.299328088760376,0.3880960941314697,13.330991650527668,0.0,ok
matmul,sycl,1024,bayesian,2,13,64_32_32_4_1,3.140608072280884,0.22937607765197754,7.8790037370833454,0.0,ok
matmul,sycl,1024,bayesian,2,14,32_32_16_2_2,3.9772160053253174,1.0659840106964111,36.61625087465046,0.0,ok
matmul,sycl,1024,bayesian,2,15,64_32_16_2_2,3.759104013442993,0.8478720188140869,29.124165314834862,0.0,ok
matmul,sycl,1024,bayesian,3,1,32_32_32_2_2,3.476480007171631,0.5652480125427246,19.416110209889915,19.416110209889904,ok
matmul,sycl,1024,bayesian,3,2,32_64_8_2_2,3.6966400146484375,0.7854080200195312,26.978544529208737,19.416110209889904,ok
matmul,sycl,1024,bayesian,3,3,128_64_32_4_4,3.8451199531555176,0.9338879585266113,32.07878864513694,19.416110209889904,ok
matmul,sycl,1024,bayesian,3,4,64_32_8_4_1,3.264512062072754,0.35328006744384766,12.135070928583968,12.13507092858397,ok
matmul,sycl,1024,bayesian,3,5,64_32_32_4_1,3.140608072280884,0.22937607765197754,7.8790037370833454,7.8790037370833454,ok
matmul,sycl,1024,bayesian,3,6,128_32_8_4_4,3.4897921085357666,0.5785601139068604,19.873377146660864,7.8790037370833454,ok
matmul,sycl,1024,bayesian,3,7,64_32_32_4_1,3.140608072280884,0.22937607765197754,7.8790037370833454,7.8790037370833454,ok
matmul,sycl,1024,bayesian,3,8,64_32_32_4_1,3.140608072280884,0.22937607765197754,7.8790037370833454,7.8790037370833454,ok
matmul,sycl,1024,bayesian,3,9,64_64_8_2_4,3.5133440494537354,0.6021120548248291,20.682379691336838,7.8790037370833454,ok
matmul,sycl,1024,bayesian,3,10,64_32_8_2_4,3.2880640029907227,0.3768320083618164,12.944073473259943,7.8790037370833454,ok
matmul,sycl,1024,bayesian,3,11,64_128_32_4_4,3.595263957977295,0.6840319633483887,23.496305502632463,7.8790037370833454,ok
matmul,sycl,1024,bayesian,3,12,32_32_8_4_2,3.3208320140838623,0.40960001945495605,14.069645435700417,7.8790037370833454,ok
matmul,sycl,1024,bayesian,3,13,64_64_8_4_4,3.4119679927825928,0.5007359981536865,17.200140664760568,7.8790037370833454,ok
matmul,sycl,1024,bayesian,3,14,64_32_8_2_4,3.2880640029907227,0.3768320083618164,12.944073473259943,7.8790037370833454,ok
matmul,sycl,1024,bayesian,3,15,64_64_32_4_2,2.9317119121551514,0.020479917526245117,0.7034794054211257,0.7034794054211295,ok
matmul,sycl,1024,bayesian,4,1,32_32_32_2_2,3.476480007171631,0.5652480125427246,19.416110209889915,19.416110209889904,ok
matmul,sycl,1024,bayesian,4,2,128_32_32_4_4,3.2481279373168945,0.3368959426879883,11.572280852558169,11.572280852558173,ok
matmul,sycl,1024,bayesian,4,3,64_32_8_2_2,3.259392023086548,0.3481600284576416,11.959199029825918,11.572280852558173,ok
matmul,sycl,1024,bayesian,4,4,128_32_32_4_4,3.2481279373168945,0.3368959426879883,11.572280852558169,11.572280852558173,ok
matmul,sycl,1024,bayesian,4,5,32_64_32_2_2,3.338239908218384,0.42700791358947754,14.667601701866717,11.572280852558173,ok
matmul,sycl,1024,bayesian,4,6,64_32_16_4_1,3.0105600357055664,0.09932804107666016,3.4118902670730478,3.4118902670730464,ok
matmul,sycl,1024,bayesian,4,7,32_32_16_2_1,3.2860159873962402,0.374783992767334,12.873724713756719,3.4118902670730464,ok
matmul,sycl,1024,bayesian,4,8,32_64_16_2_4,3.9782400131225586,1.0670080184936523,36.651425254402085,3.4118902670730464,ok
matmul,sycl,1024,bayesian,4,9,128_32_8_2_4,3.5676159858703613,0.6563839912414551,22.546605438950063,3.4118902670730464,ok
matmul,sycl,1024,bayesian,4,10,32_32_8_2_4,2.9378559589385986,0.026623964309692383,0.9145256839308002,0.9145256839308037,ok
matmul,sycl,1024,bayesian,4,11,32_32_16_2_2,3.9772160053253174,1.0659840106964111,36.61625087465046,0.9145256839308037,ok
matmul,sycl,1024,bayesian,4,12,64_64_16_2_4,3.7765119075775146,0.8652799129486084,29.72212158100116,0.9145256839308037,ok
matmul,sycl,1024,bayesian,4,13,64_32_16_4_1,3.0105600357055664,0.09932804107666016,3.4118902670730478,0.9145256839308037,ok
matmul,sycl,1024,bayesian,4,14,64_64_8_4_4,3.4119679927825928,0.5007359981536865,17.200140664760568,0.9145256839308037,ok
matmul,sycl,1024,bayesian,4,15,64_32_8_1_4,3.224575996398926,0.31334400177001953,10.763278307882196,0.9145256839308037,ok
matmul,sycl,1024,bayesian,5,1,32_32_32_2_2,3.476480007171631,0.5652480125427246,19.416110209889915,19.416110209889904,ok
matmul,sycl,1024,bayesian,5,2,32_32_8_4_2,3.3208320140838623,0.40960001945495605,14.069645435700417,14.069645435700414,ok
matmul,sycl,1024,bayesian,5,3,128_32_16_4_2,3.280895948410034,0.36966395378112793,12.697852814998644,12.697852814998651,ok
matmul,sycl,1024,bayesian,5,4,32_64_8_4_1,3.4150400161743164,0.5038080215454102,17.305663804015392,12.697852814998651,ok
matmul,sycl,1024,bayesian,5,5,64_64_8_4_2,3.1744000911712646,0.2631680965423584,9.039750079275443,9.039750079275436,ok
matmul,sycl,1024,bayesian,5,6,32_32_16_1_4,3.6136960983276367,0.7024641036987305,24.129444338161488,9.039750079275436,ok
matmul,sycl,1024,bayesian,5,7,128_32_16_4_2,3.280895948410034,0.36966395378112793,12.697852814998644,9.039750079275436,ok
matmul,sycl,1024,bayesian,5,8,128_32_16_4_2,3.280895948410034,0.36966395378112793,12.697852814998644,9.039750079275436,ok
matmul,sycl,1024,bayesian,5,9,64_32_16_1_4,3.177471876144409,0.26623988151550293,9.145265028919148,9.039750079275436,ok
matmul,sycl,1024,bayesian,5,10,64_32_32_4_2,3.5082240104675293,0.596992015838623,20.506507792578766,9.039750079275436,ok
matmul,sycl,1024,bayesian,5,11,32_64_32_4_4,3.3126399517059326,0.40140795707702637,13.788250397687518,9.039750079275436,ok
matmul,sycl,1024,bayesian,5,12,64_128_16_4_4,3.6833279132843018,0.7720959186553955,26.521277592437787,9.039750079275436,ok
matmul,sycl,1024,bayesian,5,13,64_32_32_4_2,3.5082240104675293,0.596992015838623,20.506507792578766,9.039750079275436,ok
matmul,sycl,1024,bayesian,5,14,64_32_32_4_2,3.5082240104675293,0.596992015838623,20.506507792578766,9.039750079275436,ok
matmul,sycl,1024,bayesian,5,15,64_32_32_4_2,3.5082240104675293,0.596992015838623,20.506507792578766,9.039750079275436,ok
matmul,sycl,1024,bayesian,6,1,32_32_32_2_2,3.476480007171631,0.5652480125427246,19.416110209889915,19.416110209889904,ok
matmul,sycl,1024,bayesian,6,2,32_32_32_1_4,3.5737600326538086,0.6625280380249023,22.757651717459737,19.416110209889904,ok
matmul,sycl,1024,bayesian,6,3,32_64_8_2_2,3.6966400146484375,0.7854080200195312,26.978544529208737,19.416110209889904,ok
matmul,sycl,1024,bayesian,6,4,32_64_32_2_2,3.338239908218384,0.42700791358947754,14.667601701866717,14.667601701866706,ok
matmul,sycl,1024,bayesian,6,5,64_32_16_2_2,3.759104013442993,0.8478720188140869,29.124165314834862,14.667601701866706,ok
matmul,sycl,1024,bayesian,6,6,32_128_16_4_2,2.9112319946289062,0.0,0.0,0.0,ok
matmul,sycl,1024,bayesian,6,7,32_64_32_1_4,4.219903945922852,1.3086719512939453,44.952513358893654,0.0,ok
matmul,sycl,1024,bayesian,6,8,64_32_32_2_4,3.3812479972839355,0.4700160026550293,16.144917461823315,0.0,ok
matmul,sycl,1024,bayesian,6,9,32_32_32_1_2,3.4058239459991455,0.49459195137023926,16.98909438625089,0.0,ok
matmul,sycl,1024,bayesian,6,10,32_128_16_4_2,2.9112319946289062,0.0,0.0,0.0,ok
matmul,sycl,1024,bayesian,6,11,32_32_16_2_4,3.7160959243774414,0.8048639297485352,27.646849554878262,0.0,ok
matmul,sycl,1024,bayesian,6,12,32_64_8_2_2,3.6966400146484375,0.7854080200195312,26.978544529208737,0.0,ok
matmul,sycl,1024,bayesian,6,13,64_64_8_4_2,3.1744000911712646,0.2631680965423584,9.039750079275443,0.0,ok
matmul,sycl,1024,bayesian,6,14,64_32_32_4_1,3.140608072280884,0.22937607765197754,7.8790037370833454,0.0,ok
matmul,sycl,1024,bayesian,6,15,64_64_8_4_2,3.1744000911712646,0.2631680965423584,9.039750079275443,0.0,ok
matmul,sycl,1024,bayesian,7,1,32_32_32_2_2,3.476480007171631,0.5652480125427246,19.416110209889915,19.416110209889904,ok
matmul,sycl,1024,bayesian,7,2,32_32_8_1_4,4.376575946807861,1.465343952178955,50.33415251283475,19.416110209889904,ok
matmul,sycl,1024,bayesian,7,3,128_32_32_2_4,3.9127039909362793,1.001471996307373,34.400281329521135,19.416110209889904,ok
matmul,sycl,1024,bayesian,7,4,64_64_8_4_4,3.4119679927825928,0.5007359981536865,17.200140664760568,17.200140664760564,ok
matmul,sycl,1024,bayesian,7,5,32_32_16_2_2,3.9772160053253174,1.0659840106964111,36.61625087465046,17.200140664760564,ok
matmul,sycl,1024,bayesian,7,6,32_32_8_1_4,4.376575946807861,1.465343952178955,50.33415251283475,17.200140664760564,ok
matmul,sycl,1024,bayesian,7,7,128_64_16_4_4,3.5235838890075684,0.6123518943786621,21.03411529924184,17.200140664760564,ok
matmul,sycl,1024,bayesian,7,8,32_64_16_4_1,3.305471897125244,0.3942399024963379,13.54202973942622,13.542029739426228,ok
matmul,sycl,1024,bayesian,7,9,32_32_16_4_2,3.146751880645752,0.2355198860168457,8.090041825981897,8.090041825981901,ok
matmul,sycl,1024,bayesian,7,10,128_32_8_2_4,3.5676159858703613,0.6563839912414551,22.546605438950063,8.090041825981901,ok
matmul,sycl,1024,bayesian,7,11,32_128_16_2_4,4.348927974700928,1.4376959800720215,49.38445244915235,8.090041825981901,ok
matmul,sycl,1024,bayesian,7,12,128_64_16_4_4,3.5235838890075684,0.6123518943786621,21.03411529924184,8.090041825981901,ok
matmul,sycl,1024,bayesian,7,13,32_64_32_2_4,3.8492159843444824,0.9379839897155762,32.21948616414338,8.090041825981901,ok
matmul,sycl,1024,bayesian,7,14,32_32_8_1_4,4.376575946807861,1.465343952178955,50.33415251283475,8.090041825981901,ok
matmul,sycl,1024,bayesian,7,15,32_128_32_4_2,3.414016008377075,0.502784013748169,17.27048942426379,8.090041825981901,ok
matmul,sycl,1024,bayesian,8,1,32_32_32_2_2,3.476480007171631,0.5652480125427246,19.416110209889915,19.416110209889904,ok
matmul,sycl,1024,bayesian,8,2,64_32_16_2_4,4.169727802276611,1.258495807647705,43.22897694067578,19.416110209889904,ok
matmul,sycl,1024,bayesian,8,3,64_32_32_2_4,3.3812479972839355,0.4700160026550293,16.144917461823315,16.144917461823308,ok
matmul,sycl,1024,bayesian,8,4,32_32_32_2_2,3.476480007171631,0.5652480125427246,19.416110209889915,16.144917461823308,ok
matmul,sycl,1024,bayesian,8,5,128_64_8_4_4,3.920896053314209,1.0096640586853027,34.68167636753403,16.144917461823308,ok
matmul,sycl,1024,bayesian,8,6,32_64_8_2_4,3.362816095352173,0.4515841007232666,15.511786815905415,15.511786815905404,ok
matmul,sycl,1024,bayesian,8,7,64_64_16_4_4,3.49183988571167,0.5806078910827637,19.943717716552968,15.511786815905404,ok
matmul,sycl,1024,bayesian,8,8,32_64_8_2_4,3.362816095352173,0.4515841007232666,15.511786815905415,15.511786815905404,ok
matmul,sycl,1024,bayesian,8,9,128_32_16_2_4,3.866623878479004,0.9553918838500977,32.81744243030968,15.511786815905404,ok
matmul,sycl,1024,bayesian,8,10,64_32_32_4_4,3.118079900741577,0.2068479061126709,7.105167382547872,7.105167382547874,ok
matmul,sycl,1024,bayesian,8,11,32_64_8_4_4,3.344383955001831,0.4331519603729248,14.878647980376392,7.105167382547874,ok
matmul,sycl,1024,bayesian,8,12,32_64_8_2_4,3.362816095352173,0.4515841007232666,15.511786815905415,7.105167382547874,ok
matmul,sycl,1024,bayesian,8,13,32_64_8_4_1,3.4150400161743164,0.5038080215454102,17.305663804015392,7.105167382547874,ok
matmul,sycl,1024,bayesian,8,14,32_64_8_2_4,3.362816095352173,0.4515841007232666,15.511786815905415,7.105167382547874,ok
matmul,sycl,1024,bayesian,8,15,64_32_8_4_1,3.264512062072754,0.35328006744384766,12.135070928583968,7.105167382547874,ok
matmul,sycl,1024,bayesian,9,1,32_32_32_2_2,3.476480007171631,0.5652480125427246,19.416110209889915,19.416110209889904,ok
matmul,sycl,1024,bayesian,9,2,32_32_8_1_4,4.376575946807861,1.465343952178955,50.33415251283475,19.416110209889904,ok
matmul,sycl,1024,bayesian,9,3,64_64_32_2_4,3.1641600131988525,0.2529280185699463,8.68800628175932,8.68800628175931,ok
matmul,sycl,1024,bayesian,9,4,32_64_32_2_4,3.8492159843444824,0.9379839897155762,32.21948616414338,8.68800628175931,ok
matmul,sycl,1024,bayesian,9,5,32_32_32_4_1,3.1795198917388916,0.26828789710998535,9.215613788422372,8.68800628175931,ok
matmul,sycl,1024,bayesian,9,6,32_32_16_4_2,3.146751880645752,0.2355198860168457,8.090041825981897,8.090041825981901,ok
matmul,sycl,1024,bayesian,9,7,32_32_32_4_1,3.1795198917388916,0.26828789710998535,9.215613788422372,8.090041825981901,ok
matmul,sycl,1024,bayesian,9,8,32_32_32_4_4,3.458048105239868,0.5468161106109619,18.782979563971992,8.090041825981901,ok
matmul,sycl,1024,bayesian,9,9,128_64_16_4_4,3.5235838890075684,0.6123518943786621,21.03411529924184,8.090041825981901,ok
matmul,sycl,1024,bayesian,9,10,32_32_32_1_4,3.5737600326538086,0.6625280380249023,22.757651717459737,8.090041825981901,ok
matmul,sycl,1024,bayesian,9,11,32_128_16_2_4,4.348927974700928,1.4376959800720215,49.38445244915235,8.090041825981901,ok
matmul,sycl,1024,bayesian,9,12,32_32_32_4_1,3.1795198917388916,0.26828789710998535,9.215613788422372,8.090041825981901,ok
matmul,sycl,1024,bayesian,9,13,32_32_32_4_1,3.1795198917388916,0.26828789710998535,9.215613788422372,8.090041825981901,ok
matmul,sycl,1024,bayesian,9,14,32_32_32_4_1,3.1795198917388916,0.26828789710998535,9.215613788422372,8.090041825981901,ok
matmul,sycl,1024,bayesian,9,15,32_64_8_2_2,3.6966400146484375,0.7854080200195312,26.978544529208737,8.090041825981901,ok
matmul,sycl,1024,random,0,1,32_32_32_2_2,3.476480007171631,0.5652480125427246,19.416110209889915,19.416110209889904,ok
matmul,sycl,1024,random,0,2,32_128_32_4_4,3.9434239864349365,1.0321919918060303,35.455504532458384,19.416110209889904,ok
matmul,sycl,1024,random,0,3,64_32_8_4_1,3.264512062072754,0.35328006744384766,12.135070928583968,12.13507092858397,ok
matmul,sycl,1024,random,0,4,32_32_8_4_1,3.1150078773498535,0.20377588272094727,6.999644243293046,6.999644243293036,ok
matmul,sycl,1024,random,0,5,32_64_16_4_2,3.299328088760376,0.3880960941314697,13.330991650527668,6.999644243293036,ok
matmul,sycl,1024,random,0,6,64_32_32_4_1,3.140608072280884,0.22937607765197754,7.8790037370833454,6.999644243293036,ok
matmul,sycl,1024,random,0,7,64_32_32_1_4,4.100096225738525,1.1888642311096191,40.8371518760106,6.999644243293036,ok
matmul,sycl,1024,random,0,8,64_32_8_2_2,3.259392023086548,0.3481600284576416,11.959199029825918,6.999644243293036,ok
matmul,sycl,1024,random,0,9,32_64_32_4_1,3.240959882736206,0.3297278881072998,11.326060194296893,6.999644243293036,ok
matmul,sycl,1024,random,0,10,64_32_16_4_4,3.379199981689453,0.4679679870605469,16.074568702320093,6.999644243293036,ok
matmul,sycl,1024,random,0,11,32_128_16_4_2,2.9112319946289062,0.0,0.0,0.0,ok
matmul,sycl,1024,random,0,12,64_64_32_2_4,3.1641600131988525,0.2529280185699463,8.68800628175932,0.0,ok
matmul,sycl,1024,random,0,13,32_64_8_4_2,3.44268798828125,0.5314559936523438,18.255363867697817,0.0,ok
matmul,sycl,1024,random,0,14,64_32_32_2_4,3.3812479972839355,0.4700160026550293,16.144917461823315,0.0,ok
matmul,sycl,1024,random,0,15,32_32_32_1_4,3.5737600326538086,0.6625280380249023,22.757651717459737,0.0,ok
matmul,sycl,1024,random,1,1,32_32_32_2_2,3.476480007171631,0.5652480125427246,19.416110209889915,19.416110209889904,ok
matmul,sycl,1024,random,1,2,64_32_8_4_2,3.1150078773498535,0.20377588272094727,6.999644243293046,6.999644243293036,ok
matmul,sycl,1024,random,1,3,128_32_16_4_4,3.290112018585205,0.37888002395629883,13.014422232763167,6.999644243293036,ok
matmul,sycl,1024,random,1,4,32_32_16_2_4,3.7160959243774414,0.8048639297485352,27.646849554878262,6.999644243293036,ok
matmul,sycl,1024,random,1,5,64_32_8_1_4,3.224575996398926,0.31334400177001953,10.763278307882196,6.999644243293036,ok
matmul,sycl,1024,random,1,6,32_128_16_4_2,2.9112319946289062,0.0,0.0,0.0,ok
matmul,sycl,1024,random,1,7,32_32_16_1_2,3.624959945678711,0.7137279510498047,24.516354325818114,0.0,ok
matmul,sycl,1024,random,1,8,64_32_16_4_1,3.0105600357055664,0.09932804107666016,3.4118902670730478,0.0,ok
matmul,sycl,1024,random,1,9,32_32_32_4_2,3.368959903717041,0.45772790908813477,15.722824904803968,0.0,ok
matmul,sycl,1024,random,1,10,64_64_8_2_4,3.5133440494537354,0.6021120548248291,20.682379691336838,0.0,ok
matmul,sycl,1024,random,1,11,64_32_8_4_4,3.1580159664154053,0.24678397178649902,8.476960003249644,0.0,ok
matmul,sycl,1024,random,1,12,32_32_32_1_2,3.4058239459991455,0.49459195137023926,16.98909438625089,0.0,ok
matmul,sycl,1024,random,1,13,32_64_8_4_4,3.344383955001831,0.4331519603729248,14.878647980376392,0.0,ok
matmul,sycl,1024,random,1,14,32_64_16_2_2,3.6474878787994385,0.7362558841705322,25.290182490742463,0.0,ok
matmul,sycl,1024,random,1,15,32_128_16_4_4,3.5819520950317383,0.670720100402832,23.039046755472636,0.0,ok
matmul,sycl,1024,random,2,1,32_32_32_2_2,3.476480007171631,0.5652480125427246,19.416110209889915,19.416110209889904,ok
matmul,sycl,1024,random,2,2,64_32_16_2_2,3.759104013442993,0.8478720188140869,29.124165314834862,19.416110209889904,ok
matmul,sycl,1024,random,2,3,32_32_8_4_2,3.3208320140838623,0.40960001945495605,14.069645435700417,14.069645435700414,ok
matmul,sycl,1024,random,2,4,64_32_16_4_2,3.4068479537963867,0.49561595916748047,17.024268766002493,14.069645435700414,ok
matmul,sycl,1024,random,2,5,32_64_16_4_1,3.305471897125244,0.3942399024963379,13.54202973942622,13.542029739426228,ok
matmul,sycl,1024,random,2,6,128_64_16_4_4,3.5235838890075684,0.6123518943786621,21.03411529924184,13.542029739426228,ok
matmul,sycl,1024,random,2,7,32_64_8_1_4,3.4211840629577637,0.5099520683288574,17.516710082525066,13.542029739426228,ok
matmul,sycl,1024,random,2,8,64_64_16_4_4,3.49183988571167,0.5806078910827637,19.943717716552968,13.542029739426228,ok
matmul,sycl,1024,random,2,9,128_32_8_4_2,3.8359038829803467,0.9246718883514404,31.762219227372434,13.542029739426228,ok
matmul,sycl,1024,random,2,10,32_32_32_1_4,3.5737600326538086,0.6625280380249023,22.757651717459737,13.542029739426228,ok
matmul,sycl,1024,random,2,11,64_32_8_2_2,3.259392023086548,0.3481600284576416,11.959199029825918,11.959199029825909,ok
matmul,sycl,1024,random,2,12,32_64_8_2_2,3.6966400146484375,0.7854080200195312,26.978544529208737,11.959199029825909,ok
matmul,sycl,1024,random,2,13,128_32_16_2_4,3.866623878479004,0.9553918838500977,32.81744243030968,11.959199029825909,ok
matmul,sycl,1024,random,2,14,32_32_32_2_1,3.733504056930542,0.8222720623016357,28.24481401065566,11.959199029825909,ok
matmul,sycl,1024,random,2,15,64_64_8_2_4,3.5133440494537354,0.6021120548248291,20.682379691336838,11.959199029825909,ok
matmul,sycl,1024,random,3,1,32_32_32_2_2,3.476480007171631,0.5652480125427246,19.416110209889915,19.416110209889904,ok
matmul,sycl,1024,random,3,2,128_32_8_4_2,3.8359038829803467,0.9246718883514404,31.762219227372434,19.416110209889904,ok
matmul,sycl,1024,random,3,3,32_32_32_1_2,3.4058239459991455,0.49459195137023926,16.98909438625089,16.989094386250887,ok
matmul,sycl,1024,random,3,4,32_64_32_4_2,3.216383934020996,0.30515193939208984,10.481883269869297,10.481883269869305,ok
matmul,sycl,1024,random,3,5,32_32_16_2_1,3.2860159873962402,0.374783992767334,12.873724713756719,10.481883269869305,ok
matmul,sycl,1024,random,3,6,32_64_32_1_4,4.219903945922852,1.3086719512939453,44.952513358893654,10.481883269869305,ok
matmul,sycl,1024,random,3,7,128_64_32_4_4,3.8451199531555176,0.9338879585266113,32.07878864513694,10.481883269869305,ok
matmul,sycl,1024,random,3,8,128_32_8_4_4,3.4897921085357666,0.5785601139068604,19.873377146660864,10.481883269869305,ok
matmul,sycl,1024,random,3,9,32_32_32_2_1,3.733504056930542,0.8222720623016357,28.24481401065566,10.481883269869305,ok
matmul,sycl,1024,random,3,10,64_128_8_4_4,3.5184640884399414,0.6072320938110352,20.858251590094888,10.481883269869305,ok
matmul,sycl,1024,random,3,11,128_32_32_2_4,3.9127039909362793,1.001471996307373,34.400281329521135,10.481883269869305,ok
matmul,sycl,1024,random,3,12,64_32_16_1_4,3.177471876144409,0.26623988151550293,9.145265028919148,9.145265028919153,ok
matmul,sycl,1024,random,3,13,32_64_32_4_1,3.240959882736206,0.3297278881072998,11.326060194296893,9.145265028919153,ok
matmul,sycl,1024,random,3,14,32_64_8_4_4,3.344383955001831,0.4331519603729248,14.878647980376392,9.145265028919153,ok
matmul,sycl,1024,random,3,15,32_64_8_1_4,3.4211840629577637,0.5099520683288574,17.516710082525066,9.145265028919153,ok
matmul,sycl,1024,random,4,1,32_32_32_2_2,3.476480007171631,0.5652480125427246,19.416110209889915,19.416110209889904,ok
matmul,sycl,1024,random,4,2,64_32_8_2_4,3.2880640029907227,0.3768320083618164,12.944073473259943,12.944073473259937,ok
matmul,sycl,1024,random,4,3,64_32_8_4_1,3.264512062072754,0.35328006744384766,12.135070928583968,12.13507092858397,ok
matmul,sycl,1024,random,4,4,64_32_16_4_1,3.0105600357055664,0.09932804107666016,3.4118902670730478,3.4118902670730464,ok
matmul,sycl,1024,random,4,5,128_64_16_4_4,3.5235838890075684,0.6123518943786621,21.03411529924184,3.4118902670730464,ok
matmul,sycl,1024,random,4,6,32_64_16_2_4,3.9782400131225586,1.0670080184936523,36.651425254402085,3.4118902670730464,ok
matmul,sycl,1024,random,4,7,64_32_32_2_4,3.3812479972839355,0.4700160026550293,16.144917461823315,3.4118902670730464,ok
matmul,sycl,1024,random,4,8,128_32_16_4_2,3.280895948410034,0.36966395378112793,12.697852814998644,3.4118902670730464,ok
matmul,sycl,1024,random,4,9,64_32_16_2_4,4.169727802276611,1.258495807647705,43.22897694067578,3.4118902670730464,ok
matmul,sycl,1024,random,4,10,32_64_32_4_4,3.3126399517059326,0.40140795707702637,13.788250397687518,3.4118902670730464,ok
matmul,sycl,1024,random,4,11,32_128_32_4_4,3.9434239864349365,1.0321919918060303,35.455504532458384,3.4118902670730464,ok
matmul,sycl,1024,random,4,12,128_32_16_4_4,3.290112018585205,0.37888002395629883,13.014422232763167,3.4118902670730464,ok
matmul,sycl,1024,random,4,13,32_32_16_4_2,3.146751880645752,0.2355198860168457,8.090041825981897,3.4118902670730464,ok
matmul,sycl,1024,random,4,14,32_128_16_4_4,3.5819520950317383,0.670720100402832,23.039046755472636,3.4118902670730464,ok
matmul,sycl,1024,random,4,15,32_128_16_2_4,4.348927974700928,1.4376959800720215,49.38445244915235,3.4118902670730464,ok
matmul,sycl,1024,random,5,1,32_32_32_2_2,3.476480007171631,0.5652480125427246,19.416110209889915,19.416110209889904,ok
matmul,sycl,1024,random,5,2,32_64_16_1_4,3.959807872772217,1.0485758781433105,36.01828641887306,19.416110209889904,ok
matmul,sycl,1024,random,5,3,32_128_16_4_4,3.5819520950317383,0.670720100402832,23.039046755472636,19.416110209889904,ok
matmul,sycl,1024,random,5,4,64_32_8_1_4,3.224575996398926,0.31334400177001953,10.763278307882196,10.763278307882205,ok
matmul,sycl,1024,random,5,5,64_32_16_2_4,4.169727802276611,1.258495807647705,43.22897694067578,10.763278307882205,ok
matmul,sycl,1024,random,5,6,32_32_16_4_2,3.146751880645752,0.2355198860168457,8.090041825981897,8.090041825981901,ok
matmul,sycl,1024,random,5,7,64_32_32_2_4,3.3812479972839355,0.4700160026550293,16.144917461823315,8.090041825981901,ok
matmul,sycl,1024,random,5,8,64_32_8_2_2,3.259392023086548,0.3481600284576416,11.959199029825918,8.090041825981901,ok
matmul,sycl,1024,random,5,9,32_32_8_4_1,3.1150078773498535,0.20377588272094727,6.999644243293046,6.999644243293036,ok
matmul,sycl,1024,random,5,10,32_128_8_4_4,3.4498560428619385,0.5386240482330322,18.501584525959093,6.999644243293036,ok
matmul,sycl,1024,random,5,11,64_32_32_4_2,3.5082240104675293,0.596992015838623,20.506507792578766,6.999644243293036,ok
matmul,sycl,1024,random,5,12,32_64_16_4_1,3.305471897125244,0.3942399024963379,13.54202973942622,6.999644243293036,ok
matmul,sycl,1024,random,5,13,64_64_32_4_2,2.9317119121551514,0.020479917526245117,0.7034794054211257,0.7034794054211295,ok
matmul,sycl,1024,random,5,14,32_32_16_1_2,3.624959945678711,0.7137279510498047,24.516354325818114,0.7034794054211295,ok
matmul,sycl,1024,random,5,15,64_32_32_1_4,4.100096225738525,1.1888642311096191,40.8371518760106,0.7034794054211295,ok
matmul,sycl,1024,random,6,1,32_32_32_2_2,3.476480007171631,0.5652480125427246,19.416110209889915,19.416110209889904,ok
matmul,sycl,1024,random,6,2,32_32_32_4_4,3.458048105239868,0.5468161106109619,18.782979563971992,18.782979563972003,ok
matmul,sycl,1024,random,6,3,32_64_32_1_4,4.219903945922852,1.3086719512939453,44.952513358893654,18.782979563972003,ok
matmul,sycl,1024,random,6,4,32_32_32_4_2,3.368959903717041,0.45772790908813477,15.722824904803968,15.72282490480396,ok
matmul,sycl,1024,random,6,5,32_128_8_2_4,3.1979520320892334,0.28672003746032715,9.848752623951395,9.848752623951402,ok
matmul,sycl,1024,random,6,6,32_32_32_1_4,3.5737600326538086,0.6625280380249023,22.757651717459737,9.848752623951402,ok
matmul,sycl,1024,random,6,7,32_32_8_4_2,3.3208320140838623,0.40960001945495605,14.069645435700417,9.848752623951402,ok
matmul,sycl,1024,random,6,8,32_128_32_4_2,3.414016008377075,0.502784013748169,17.27048942426379,9.848752623951402,ok
matmul,sycl,1024,random,6,9,32_128_16_4_4,3.5819520950317383,0.670720100402832,23.039046755472636,9.848752623951402,ok
matmul,sycl,1024,random,6,10,64_64_8_4_2,3.1744000911712646,0.2631680965423584,9.039750079275443,9.039750079275436,ok
matmul,sycl,1024,random,6,11,128_32_16_4_4,3.290112018585205,0.37888002395629883,13.014422232763167,9.039750079275436,ok
matmul,sycl,1024,random,6,12,128_32_8_4_4,3.4897921085357666,0.5785601139068604,19.873377146660864,9.039750079275436,ok
matmul,sycl,1024,random,6,13,32_64_16_4_4,3.2522239685058594,0.3409919738769531,11.71297837156462,9.039750079275436,ok
matmul,sycl,1024,random,6,14,64_32_8_2_4,3.2880640029907227,0.3768320083618164,12.944073473259943,9.039750079275436,ok
matmul,sycl,1024,random,6,15,64_32_8_4_4,3.1580159664154053,0.24678397178649902,8.476960003249644,8.476960003249639,ok
matmul,sycl,1024,random,7,1,32_32_32_2_2,3.476480007171631,0.5652480125427246,19.416110209889915,19.416110209889904,ok
matmul,sycl,1024,random,7,2,32_128_8_2_4,3.1979520320892334,0.28672003746032715,9.848752623951395,9.848752623951402,ok
matmul,sycl,1024,random,7,3,32_32_8_4_1,3.1150078773498535,0.20377588272094727,6.999644243293046,6.999644243293036,ok
matmul,sycl,1024,random,7,4,32_128_8_4_4,3.4498560428619385,0.5386240482330322,18.501584525959093,6.999644243293036,ok
matmul,sycl,1024,random,7,5,64_64_16_4_4,3.49183988571167,0.5806078910827637,19.943717716552968,6.999644243293036,ok
matmul,sycl,1024,random,7,6,32_64_8_4_4,3.344383955001831,0.4331519603729248,14.878647980376392,6.999644243293036,ok
matmul,sycl,1024,random,7,7,64_32_8_2_4,3.2880640029907227,0.3768320083618164,12.944073473259943,6.999644243293036,ok
matmul,sycl,1024,random,7,8,64_32_32_4_4,3.118079900741577,0.2068479061126709,7.105167382547872,6.999644243293036,ok
matmul,sycl,1024,random,7,9,32_32_8_4_4,3.6065280437469482,0.695296049118042,23.883223679900212,6.999644243293036,ok
matmul,sycl,1024,random,7,10,64_64_16_2_4,3.7765119075775146,0.8652799129486084,29.72212158100116,6.999644243293036,ok
matmul,sycl,1024,random,7,11,32_32_32_1_2,3.4058239459991455,0.49459195137023926,16.98909438625089,6.999644243293036,ok
matmul,sycl,1024,random,7,12,32_64_32_1_4,4.219903945922852,1.3086719512939453,44.952513358893654,6.999644243293036,ok
matmul,sycl,1024,random,7,13,64_32_16_4_1,3.0105600357055664,0.09932804107666016,3.4118902670730478,3.4118902670730464,ok
matmul,sycl,1024,random,7,14,32_32_8_2_4,2.9378559589385986,0.026623964309692383,0.9145256839308002,0.9145256839308037,ok
matmul,sycl,1024,random,7,15,32_32_16_1_4,3.6136960983276367,0.7024641036987305,24.129444338161488,0.9145256839308037,ok
matmul,sycl,1024,random,8,1,32_32_32_2_2,3.476480007171631,0.5652480125427246,19.416110209889915,19.416110209889904,ok
matmul,sycl,1024,random,8,2,64_64_16_4_4,3.49183988571167,0.5806078910827637,19.943717716552968,19.416110209889904,ok
matmul,sycl,1024,random,8,3,32_128_16_4_2,2.9112319946289062,0.0,0.0,0.0,ok
matmul,sycl,1024,random,8,4,32_32_8_4_2,3.3208320140838623,0.40960001945495605,14.069645435700417,0.0,ok
matmul,sycl,1024,random,8,5,64_128_32_4_4,3.595263957977295,0.6840319633483887,23.496305502632463,0.0,ok
matmul,sycl,1024,random,8,6,32_64_32_4_4,3.3126399517059326,0.40140795707702637,13.788250397687518,0.0,ok
matmul,sycl,1024,random,8,7,32_32_16_1_4,3.6136960983276367,0.7024641036987305,24.129444338161488,0.0,ok
matmul,sycl,1024,random,8,8,32_128_16_2_4,4.348927974700928,1.4376959800720215,49.38445244915235,0.0,ok
matmul,sycl,1024,random,8,9,64_64_16_2_4,3.7765119075775146,0.8652799129486084,29.72212158100116,0.0,ok
matmul,sycl,1024,random,8,10,64_32_8_4_2,3.1150078773498535,0.20377588272094727,6.999644243293046,0.0,ok
matmul,sycl,1024,random,8,11,32_32_16_4_2,3.146751880645752,0.2355198860168457,8.090041825981897,0.0,ok
matmul,sycl,1024,random,8,12,128_32_8_2_4,3.5676159858703613,0.6563839912414551,22.546605438950063,0.0,ok
matmul,sycl,1024,random,8,13,128_64_32_4_4,3.8451199531555176,0.9338879585266113,32.07878864513694,0.0,ok
matmul,sycl,1024,random,8,14,32_64_8_4_4,3.344383955001831,0.4331519603729248,14.878647980376392,0.0,ok
matmul,sycl,1024,random,8,15,32_32_32_4_2,3.368959903717041,0.45772790908813477,15.722824904803968,0.0,ok
matmul,sycl,1024,random,9,1,32_32_32_2_2,3.476480007171631,0.5652480125427246,19.416110209889915,19.416110209889904,ok
matmul,sycl,1024,random,9,2,32_128_16_2_4,4.348927974700928,1.4376959800720215,49.38445244915235,19.416110209889904,ok
matmul,sycl,1024,random,9,3,32_128_8_4_2,3.0412800312042236,0.13004803657531738,4.467113470010298,4.4671134700102995,ok
matmul,sycl,1024,random,9,4,64_64_32_4_4,3.55020809173584,0.6389760971069336,21.948649172783764,4.4671134700102995,ok
matmul,sycl,1024,random,9,5,32_32_8_2_4,2.9378559589385986,0.026623964309692383,0.9145256839308002,0.9145256839308037,ok
matmul,sycl,1024,random,9,6,64_64_8_4_2,3.1744000911712646,0.2631680965423584,9.039750079275443,0.9145256839308037,ok
matmul,sycl,1024,random,9,7,32_32_32_2_1,3.733504056930542,0.8222720623016357,28.24481401065566,0.9145256839308037,ok
matmul,sycl,1024,random,9,8,64_32_8_4_4,3.1580159664154053,0.24678397178649902,8.476960003249644,0.9145256839308037,ok
matmul,sycl,1024,random,9,9,64_32_16_4_1,3.0105600357055664,0.09932804107666016,3.4118902670730478,0.9145256839308037,ok
matmul,sycl,1024,random,9,10,32_32_32_4_4,3.458048105239868,0.5468161106109619,18.782979563971992,0.9145256839308037,ok
matmul,sycl,1024,random,9,11,64_32_16_2_4,4.169727802276611,1.258495807647705,43.22897694067578,0.9145256839308037,ok
matmul,sycl,1024,random,9,12,32_128_16_4_4,3.5819520950317383,0.670720100402832,23.039046755472636,0.9145256839308037,ok
matmul,sycl,1024,random,9,13,64_32_32_2_2,3.6618239879608154,0.7505919933319092,25.782623807265036,0.9145256839308037,ok
matmul,sycl,1024,random,9,14,64_32_8_4_2,3.1150078773498535,0.20377588272094727,6.999644243293046,0.9145256839308037,ok
matmul,sycl,1024,random,9,15,32_32_16_1_4,3.6136960983276367,0.7024641036987305,24.129444338161488,0.9145256839308037,ok
matmul,cuda,1024,bayesian,0,1,32_32_32_2_2,0.43007999658584595,0.11017599701881409,34.44033121434236,34.44033121434235,ok
matmul,cuda,1024,bayesian,0,2,64_32_8_2_2,0.46086400747299194,0.14096000790596008,44.063221496680185,34.44033121434235,ok
matmul,cuda,1024,bayesian,0,3,64_32_8_4_4,0.41702398657798767,0.09711998701095581,30.359103713114255,30.359103713114266,ok
matmul,cuda,1024,bayesian,0,4,32_64_8_1_4,0.7550079822540283,0.43510398268699646,136.01079801311639,30.359103713114266,ok
matmul,cuda,1024,bayesian,0,5,32_32_8_4_4,0.4813440144062042,0.16144001483917236,50.46514424879662,30.359103713114266,ok
matmul,cuda,1024,bayesian,0,6,64_32_8_4_4,0.41702398657798767,0.09711998701095581,30.359103713114255,30.359103713114266,ok
matmul,cuda,1024,bayesian,0,7,128_64_8_4_4,0.43248000741004944,0.11257600784301758,35.19055966645666,30.359103713114266,ok
matmul,cuda,1024,bayesian,0,8,64_32_32_4_2,0.5770879983901978,0.2571839988231659,80.39411797640754,30.359103713114266,ok
matmul,cuda,1024,bayesian,0,9,32_32_16_4_4,0.4853760004043579,0.16547200083732605,51.72551798704645,30.359103713114266,ok
matmul,cuda,1024,bayesian,0,10,32_64_16_1_4,0.6813120245933533,0.3614080250263214,112.97390014362509,30.359103713114266,ok
matmul,cuda,1024,bayesian,0,11,64_32_16_4_4,0.424703985452652,0.10479998588562012,32.759823580655365,30.359103713114266,ok
matmul,cuda,1024,bayesian,0,12,64_32_16_4_4,0.424703985452652,0.10479998588562012,32.759823580655365,30.359103713114266,ok
matmul,cuda,1024,bayesian,0,13,32_32_32_1_4,0.7320640087127686,0.4121600091457367,128.8386546287533,30.359103713114266,ok
matmul,cuda,1024,bayesian,0,14,64_32_16_1_4,0.5633919835090637,0.24348798394203186,76.1128289335476,30.359103713114266,ok
matmul,cuda,1024,bayesian,0,15,64_32_32_1_4,0.8835520148277283,0.5636480152606964,176.1928628662209,30.359103713114266,ok
matmul,cuda,1024,bayesian,1,1,32_32_32_2_2,0.43007999658584595,0.11017599701881409,34.44033121434236,34.44033121434235,ok
matmul,cuda,1024,bayesian,1,2,32_32_32_4_1,0.7030400037765503,0.38313600420951843,119.76593125689794,34.44033121434235,ok
matmul,cuda,1024,bayesian,1,3,32_128_8_2_4,0.7156800031661987,0.39577600359916687,123.71711642706016,34.44033121434235,ok
matmul,cuda,1024,bayesian,1,4,32_32_32_2_2,0.43007999658584595,0.11017599701881409,34.44033121434236,34.44033121434235,ok
matmul,cuda,1024,bayesian,1,5,32_32_32_2_4,0.7010239958763123,0.3811199963092804,119.13573972976272,34.44033121434235,ok
matmul,cuda,1024,bayesian,1,6,32_64_16_4_1,0.45497599244117737,0.1350719928741455,42.22266462968771,34.44033121434235,ok
matmul,cuda,1024,bayesian,1,7,64_32_32_1_4,0.8835520148277283,0.5636480152606964,176.1928628662209,34.44033121434235,ok
matmul,cuda,1024,bayesian,1,8,32_128_32_4_2,0.8064320087432861,0.4865280091762543,152.0856287619838,34.44033121434235,ok
matmul,cuda,1024,bayesian,1,9,32_64_32_4_4,0.36444801092147827,0.04454401135444641,13.924180821350674,13.92418082135068,ok
matmul,cuda,1024,bayesian,1,10,32_32_32_1_4,0.7320640087127686,0.4121600091457367,128.8386546287533,13.92418082135068,ok
matmul,cuda,1024,bayesian,1,11,32_64_32_1_4,0.6295040249824524,0.30960002541542053,96.77904178579917,13.92418082135068,ok
matmul,cuda,1024,bayesian,1,12,32_64_32_4_4,0.36444801092147827,0.04454401135444641,13.924180821350674,13.92418082135068,ok
matmul,cuda,1024,bayesian,1,13,64_64_16_2_4,0.5383039712905884,0.21839997172355652,68.2704723977024,13.92418082135068,ok
matmul,cuda,1024,bayesian,1,14,32_64_32_4_4,0.36444801092147827,0.04454401135444641,13.924180821350674,13.92418082135068,ok
matmul,cuda,1024,bayesian,1,15,128_64_32_4_4,0.6447359919548035,0.3248319923877716,101.54045989653441,13.92418082135068,ok
matmul,cuda,1024,bayesian,2,1,32_32_32_2_2,0.43007999658584595,0.11017599701881409,34.44033121434236,34.44033121434235,ok
matmul,cuda,1024,bayesian,2,2,32_64_16_4_2,0.43510401248931885,0.11520001292228699,36.01080732913697,34.44033121434235,ok
matmul,cuda,1024,bayesian,2,3,32_64_16_1_4,0.6813120245933533,0.3614080250263214,112.97390014362509,34.44033121434235,ok
matmul,cuda,1024,bayesian,2,4,32_32_16_1_4,0.5846080183982849,0.26470401883125305,82.7448294455561,34.44033121434235,ok
matmul,cuda,1024,bayesian,2,5,32_128_16_4_2,0.5376960039138794,0.21779200434684753,68.08042557817787,34.44033121434235,ok
matmul,cuda,1024,bayesian,2,6,32_32_32_2_2,0.43007999658584595,0.11017599701881409,34.44033121434236,34.44033121434235,ok
matmul,cuda,1024,bayesian,2,7,128_32_8_4_4,0.4910399913787842,0.17113599181175232,53.49604632745235,34.44033121434235,ok
matmul,cuda,1024,bayesian,2,8,32_64_8_2_2,0.5728960037231445,0.25299200415611267,79.08372652374463,34.44033121434235,ok
matmul,cuda,1024,bayesian,2,9,128_32_8_4_2,0.5611839890480042,0.2412799894809723,75.42262360193315,34.44033121434235,ok
matmul,cuda,1024,bayesian,2,10,128_32_16_4_4,0.400736004114151,0.08083200454711914,25.26758172968131,25.267581729681314,ok
matmul,cuda,1024,bayesian,2,11,64_32_16_4_2,0.4347519874572754,0.11484798789024353,35.90076649422402,25.267581729681314,ok
matmul,cuda,1024,bayesian,2,12,32_32_16_4_4,0.4853760004043579,0.16547200083732605,51.72551798704645,25.267581729681314,ok
matmul,cuda,1024,bayesian,2,13,64_32_32_4_1,0.5814399719238281,0.26153597235679626,81.75451782746302,25.267581729681314,ok
matmul,cuda,1024,bayesian,2,14,32_32_16_2_2,0.41020798683166504,0.09030398726463318,28.22846459777104,25.267581729681314,ok
matmul,cuda,1024,bayesian,2,15,64_32_16_2_2,0.5202239751815796,0.20031997561454773,62.618778097700265,25.267581729681314,ok
matmul,cuda,1024,bayesian,3,1,32_32_32_2_2,0.43007999658584595,0.11017599701881409,34.44033121434236,34.44033121434235,ok
matmul,cuda,1024,bayesian,3,2,32_64_8_2_2,0.5728960037231445,0.25299200415611267,79.08372652374463,34.44033121434235,ok
matmul,cuda,1024,bayesian,3,3,128_64_32_4_4,0.6447359919548035,0.3248319923877716,101.54045989653441,34.44033121434235,ok
matmul,cuda,1024,bayesian,3,4,64_32_8_4_1,0.4620800018310547,0.14217600226402283,44.44333376777043,34.44033121434235,ok
matmul,cuda,1024,bayesian,3,5,64_32_32_4_1,0.5814399719238281,0.26153597235679626,81.75451782746302,34.44033121434235,ok
matmul,cuda,1024,bayesian,3,6,128_32_8_4_4,0.4910399913787842,0.17113599181175232,53.49604632745235,34.44033121434235,ok
matmul,cuda,1024,bayesian,3,7,64_32_16_4_1,0.6194559931755066,0.29955199360847473,93.63808955620993,34.44033121434235,ok
matmul,cuda,1024,bayesian,3,8,32_32_32_4_2,0.7103999853134155,0.39049598574638367,122.06661569561281,34.44033121434235,ok
matmul,cuda,1024,bayesian,3,9,32_32_32_2_2,0.43007999658584595,0.11017599701881409,34.44033121434236,34.44033121434235,ok
matmul,cuda,1024,bayesian,3,10,64_32_8_1_4,0.6850879788398743,0.3651839792728424,114.15423994920162,34.44033121434235,ok
matmul,cuda,1024,bayesian,3,11,64_128_32_4_4,0.6244480013847351,0.30454400181770325,95.19856026491782,34.44033121434235,ok
matmul,cuda,1024,bayesian,3,12,32_32_8_4_2,0.3575359880924225,0.037631988525390625,11.76352548774724,11.763525487747243,ok
matmul,cuda,1024,bayesian,3,13,64_64_8_4_4,0.4692800045013428,0.1493760049343109,46.69400980809277,11.763525487747243,ok
matmul,cuda,1024,bayesian,3,14,32_32_32_2_2,0.43007999658584595,0.11017599701881409,34.44033121434236,11.763525487747243,ok
matmul,cuda,1024,bayesian,3,15,64_64_32_4_2,0.5157759785652161,0.1958719789981842,61.22836202838462,11.763525487747243,ok
matmul,cuda,1024,bayesian,4,1,32_32_32_2_2,0.43007999658584595,0.11017599701881409,34.44033121434236,34.44033121434235,ok
matmul,cuda,1024,bayesian,4,2,128_32_32_4_4,0.677344024181366,0.3574400246143341,111.73352790152818,34.44033121434235,ok
matmul,cuda,1024,bayesian,4,3,64_32_8_2_2,0.46086400747299194,0.14096000790596008,44.063221496680185,34.44033121434235,ok
matmul,cuda,1024,bayesian,4,4,128_32_32_4_4,0.677344024181366,0.3574400246143341,111.73352790152818,34.44033121434235,ok
matmul,cuda,1024,bayesian,4,5,32_64_32_2_2,0.5792959928512573,0.25939199328422546,81.08432330802202,34.44033121434235,ok
matmul,cuda,1024,bayesian,4,6,64_32_16_4_1,0.6194559931755066,0.29955199360847473,93.63808955620993,34.44033121434235,ok
matmul,cuda,1024,bayesian,4,7,32_32_16_2_1,0.47567999362945557,0.1557759940624237,48.69460659237017,34.44033121434235,ok
matmul,cuda,1024,bayesian,4,8,32_32_32_2_2,0.43007999658584595,0.11017599701881409,34.44033121434236,34.44033121434235,ok
matmul,cuda,1024,bayesian,4,9,128_32_8_2_4,0.7319999933242798,0.4120959937572479,128.81864381657982,34.44033121434235,ok
matmul,cuda,1024,bayesian,4,10,32_32_8_2_4,0.3826240003108978,0.06272000074386597,19.605882023592457,19.60588202359245,ok
matmul,cuda,1024,bayesian,4,11,32_32_16_1_4,0.5846080183982849,0.26470401883125305,82.7448294455561,19.60588202359245,ok
matmul,cuda,1024,bayesian,4,12,32_32_8_2_4,0.3826240003108978,0.06272000074386597,19.605882023592457,19.60588202359245,ok
matmul,cuda,1024,bayesian,4,13,64_64_16_4_2,0.43238401412963867,0.11248001456260681,35.160552764217016,19.60588202359245,ok
matmul,cuda,1024,bayesian,4,14,64_64_16_4_2,0.43238401412963867,0.11248001456260681,35.160552764217016,19.60588202359245,ok
matmul,cuda,1024,bayesian,4,15,64_32_8_1_4,0.6850879788398743,0.3651839792728424,114.15423994920162,19.60588202359245,ok
matmul,cuda,1024,bayesian,5,1,32_32_32_2_2,0.43007999658584595,0.11017599701881409,34.44033121434236,34.44033121434235,ok
matmul,cuda,1024,bayesian,5,2,32_32_8_4_2,0.3575359880924225,0.037631988525390625,11.76352548774724,11.763525487747243,ok
matmul,cuda,1024,bayesian,5,3,128_32_16_4_2,0.47043201327323914,0.15052801370620728,47.05412058303011,11.763525487747243,ok
matmul,cuda,1024,bayesian,5,4,32_64_8_4_1,0.47334399819374084,0.15343999862670898,47.96438895242932,11.763525487747243,ok
matmul,cuda,1024,bayesian,5,5,64_64_8_4_2,0.31990399956703186,0.0,0.0,0.0,ok
matmul,cuda,1024,bayesian,5,6,32_32_16_1_4,0.5846080183982849,0.26470401883125305,82.7448294455561,0.0,ok
matmul,cuda,1024,bayesian,5,7,128_32_32_4_2,0.6929919719696045,0.37308797240257263,116.62497902730871,0.0,ok
matmul,cuda,1024,bayesian,5,8,64_64_8_4_2,0.31990399956703186,0.0,0.0,0.0,ok
matmul,cuda,1024,bayesian,5,9,64_32_16_1_4,0.5633919835090637,0.24348798394203186,76.1128289335476,0.0,ok
matmul,cuda,1024,bayesian,5,10,64_32_32_4_2,0.5770879983901978,0.2571839988231659,80.39411797640754,0.0,ok
matmul,cuda,1024,bayesian,5,11,32_64_32_4_4,0.36444801092147827,0.04454401135444641,13.924180821350674,0.0,ok
matmul,cuda,1024,bayesian,5,12,64_64_8_4_2,0.31990399956703186,0.0,0.0,0.0,ok
matmul,cuda,1024,bayesian,5,13,32_32_32_4_4,0.4856320023536682,0.16572800278663635,51.80554260369918,0.0,ok
matmul,cuda,1024,bayesian,5,14,64_64_8_4_2,0.31990399956703186,0.0,0.0,0.0,ok
matmul,cuda,1024,bayesian,5,15,64_64_16_4_4,0.34992000460624695,0.030016005039215088,9.382816432379615,0.0,ok
matmul,cuda,1024,bayesian,6,1,32_32_32_2_2,0.43007999658584595,0.11017599701881409,34.44033121434236,34.44033121434235,ok
matmul,cuda,1024,bayesian,6,2,32_32_32_1_4,0.7320640087127686,0.4121600091457367,128.8386546287533,34.44033121434235,ok
matmul,cuda,1024,bayesian,6,3,32_64_8_2_2,0.5728960037231445,0.25299200415611267,79.08372652374463,34.44033121434235,ok
matmul,cuda,1024,bayesian,6,4,32_64_32_2_2,0.5792959928512573,0.25939199328422546,81.08432330802202,34.44033121434235,ok
matmul,cuda,1024,bayesian,6,5,64_32_16_2_2,0.5202239751815796,0.20031997561454773,62.618778097700265,34.44033121434235,ok
matmul,cuda,1024,bayesian,6,6,32_32_32_2_2,0.43007999658584595,0.11017599701881409,34.44033121434236,34.44033121434235,ok
matmul,cuda,1024,bayesian,6,7,32_64_32_1_4,0.6295040249824524,0.30960002541542053,96.77904178579917,34.44033121434235,ok
matmul,cuda,1024,bayesian,6,8,64_32_32_2_4,0.6879680156707764,0.3680640161037445,115.05452154455523,34.44033121434235,ok
matmul,cuda,1024,bayesian,6,9,32_32_32_1_2,0.5264959931373596,0.20659199357032776,64.57937188967186,34.44033121434235,ok
matmul,cuda,1024,bayesian,6,10,64_32_8_4_4,0.41702398657798767,0.09711998701095581,30.359103713114255,30.359103713114266,ok
matmul,cuda,1024,bayesian,6,11,32_32_16_2_4,0.5358719825744629,0.21596798300743103,67.51024785552192,30.359103713114266,ok
matmul,cuda,1024,bayesian,6,12,32_128_32_2_4,0.5057600140571594,0.18585601449012756,58.09743383692325,30.359103713114266,ok
matmul,cuda,1024,bayesian,6,13,64_64_8_4_2,0.31990399956703186,0.0,0.0,0.0,ok
matmul,cuda,1024,bayesian,6,14,64_32_32_4_1,0.5814399719238281,0.26153597235679626,81.75451782746302,0.0,ok
matmul,cuda,1024,bayesian,6,15,64_64_8_4_2,0.31990399956703186,0.0,0.0,0.0,ok
matmul,cuda,1024,bayesian,7,1,32_32_32_2_2,0.43007999658584595,0.11017599701881409,34.44033121434236,34.44033121434235,ok
matmul,cuda,1024,bayesian,7,2,32_32_8_1_4,0.5335360169410706,0.2136320173740387,66.78003953160167,34.44033121434235,ok
matmul,cuda,1024,bayesian,7,3,128_32_32_2_4,0.5302720069885254,0.21036800742149353,65.7597303272895,34.44033121434235,ok
matmul,cuda,1024,bayesian,7,4,64_64_8_4_4,0.4692800045013428,0.1493760049343109,46.69400980809277,34.44033121434235,ok
matmul,cuda,1024,bayesian,7,5,32_32_16_2_2,0.41020798683166504,0.09030398726463318,28.22846459777104,28.22846459777103,ok
matmul,cuda,1024,bayesian,7,6,32_64_16_2_4,0.5032960176467896,0.1833920180797577,57.327203888656044,28.22846459777103,ok
matmul,cuda,1024,bayesian,7,7,128_64_16_4_4,0.6520959734916687,0.33219197392463684,103.8411443352493,28.22846459777103,ok
matmul,cuda,1024,bayesian,7,8,32_32_16_2_2,0.41020798683166504,0.09030398726463318,28.22846459777104,28.22846459777103,ok
matmul,cuda,1024,bayesian,7,9,32_32_16_2_4,0.5358719825744629,0.21596798300743103,67.51024785552192,28.22846459777103,ok
matmul,cuda,1024,bayesian,7,10,128_32_8_2_4,0.7319999933242798,0.4120959937572479,128.81864381657982,28.22846459777103,ok
matmul,cuda,1024,bayesian,7,11,32_128_16_2_4,0.5902079939842224,0.27030399441719055,84.49534697378853,28.22846459777103,ok
matmul,cuda,1024,bayesian,7,12,32_128_32_2_4,0.5057600140571594,0.18585601449012756,58.09743383692325,28.22846459777103,ok
matmul,cuda,1024,bayesian,7,13,64_128_8_4_4,0.5466240048408508,0.22672000527381897,70.87126312289591,28.22846459777103,ok
matmul,cuda,1024,bayesian,7,14,32_32_32_2_2,0.43007999658584595,0.11017599701881409,34.44033121434236,28.22846459777103,ok
matmul,cuda,1024,bayesian,7,15,32_128_32_4_2,0.8064320087432861,0.4865280091762543,152.0856287619838,28.22846459777103,ok
matmul,cuda,1024,bayesian,8,1,32_32_32_2_2,0.43007999658584595,0.11017599701881409,34.44033121434236,34.44033121434235,ok
matmul,cuda,1024,bayesian,8,2,64_32_16_2_4,0.5425919890403748,0.2226879894733429,69.61088006862552,34.44033121434235,ok
matmul,cuda,1024,bayesian,8,3,64_32_32_2_4,0.6879680156707764,0.3680640161037445,115.05452154455523,34.44033121434235,ok
matmul,cuda,1024,bayesian,8,4,32_32_32_2_2,0.43007999658584595,0.11017599701881409,34.44033121434236,34.44033121434235,ok
matmul,cuda,1024,bayesian,8,5,128_64_8_4_4,0.43248000741004944,0.11257600784301758,35.19055966645666,34.44033121434235,ok
matmul,cuda,1024,bayesian,8,6,32_64_8_2_4,0.41606399416923523,0.09615999460220337,30.05901605867678,30.059016058676768,ok
matmul,cuda,1024,bayesian,8,7,64_64_16_4_4,0.34992000460624695,0.030016005039215088,9.382816432379615,9.382816432379618,ok
matmul,cuda,1024,bayesian,8,8,32_64_8_2_4,0.41606399416923523,0.09615999460220337,30.05901605867678,9.382816432379618,ok
matmul,cuda,1024,bayesian,8,9,128_32_16_2_4,0.6815360188484192,0.36163201928138733,113.04391935419109,9.382816432379618,ok
matmul,cuda,1024,bayesian,8,10,64_32_32_4_4,0.5841599702835083,0.26425597071647644,82.60477239238296,9.382816432379618,ok
matmul,cuda,1024,bayesian,8,11,32_64_8_4_4,0.4750399887561798,0.15513598918914795,48.49454505073831,9.382816432379618,ok
matmul,cuda,1024,bayesian,8,12,32_64_8_2_4,0.41606399416923523,0.09615999460220337,30.05901605867678,9.382816432379618,ok
matmul,cuda,1024,bayesian,8,13,32_64_8_4_1,0.47334399819374084,0.15343999862670898,47.96438895242932,9.382816432379618,ok
matmul,cuda,1024,bayesian,8,14,32_64_8_2_4,0.41606399416923523,0.09615999460220337,30.05901605867678,9.382816432379618,ok
matmul,cuda,1024,bayesian,8,15,64_32_8_4_1,0.4620800018310547,0.14217600226402283,44.44333376777043,9.382816432379618,ok
matmul,cuda,1024,bayesian,9,1,32_32_32_2_2,0.43007999658584595,0.11017599701881409,34.44033121434236,34.44033121434235,ok
matmul,cuda,1024,bayesian,9,2,32_32_8_1_4,0.5335360169410706,0.2136320173740387,66.78003953160167,34.44033121434235,ok
matmul,cuda,1024,bayesian,9,3,64_64_32_2_4,0.4055359959602356,0.08563199639320374,26.76802931788935,26.768029317889358,ok
matmul,cuda,1024,bayesian,9,4,32_64_32_2_4,0.669215977191925,0.3493119776248932,109.19275098081394,26.768029317889358,ok
matmul,cuda,1024,bayesian,9,5,32_32_32_4_1,0.7030400037765503,0.38313600420951843,119.76593125689794,26.768029317889358,ok
matmul,cuda,1024,bayesian,9,6,32_32_32_2_2,0.43007999658584595,0.11017599701881409,34.44033121434236,26.768029317889358,ok
matmul,cuda,1024,bayesian,9,7,32_64_8_1_4,0.7550079822540283,0.43510398268699646,136.01079801311639,26.768029317889358,ok
matmul,cuda,1024,bayesian,9,8,32_32_32_4_4,0.4856320023536682,0.16572800278663635,51.80554260369918,26.768029317889358,ok
matmul,cuda,1024,bayesian,9,9,128_64_16_4_4,0.6520959734916687,0.33219197392463684,103.8411443352493,26.768029317889358,ok
matmul,cuda,1024,bayesian,9,10,32_32_32_2_2,0.43007999658584595,0.11017599701881409,34.44033121434236,26.768029317889358,ok
matmul,cuda,1024,bayesian,9,11,32_128_16_2_4,0.5902079939842224,0.27030399441719055,84.49534697378853,26.768029317889358,ok
matmul,cuda,1024,bayesian,9,12,32_32_32_2_2,0.43007999658584595,0.11017599701881409,34.44033121434236,26.768029317889358,ok
matmul,cuda,1024,bayesian,9,13,64_32_8_4_4,0.41702398657798767,0.09711998701095581,30.359103713114255,26.768029317889358,ok
matmul,cuda,1024,bayesian,9,14,32_32_32_2_2,0.43007999658584595,0.11017599701881409,34.44033121434236,26.768029317889358,ok
matmul,cuda,1024,bayesian,9,15,32_64_8_2_2,0.5728960037231445,0.25299200415611267,79.08372652374463,26.768029317889358,ok
matmul,cuda,1024,random,0,1,32_32_32_2_2,0.43007999658584595,0.11017599701881409,34.44033121434236,34.44033121434235,ok
matmul,cuda,1024,random,0,2,32_128_32_4_4,0.47676798701286316,0.1568639874458313,49.03470655513402,34.44033121434235,ok
matmul,cuda,1024,random,0,3,64_32_8_4_1,0.4620800018310547,0.14217600226402283,44.44333376777043,34.44033121434235,ok
matmul,cuda,1024,random,0,4,32_32_8_4_1,0.43222400546073914,0.11232000589370728,35.1105350498039,34.44033121434235,ok
matmul,cuda,1024,random,0,5,32_64_16_4_2,0.43510401248931885,0.11520001292228699,36.01080732913697,34.44033121434235,ok
matmul,cuda,1024,random,0,6,64_32_32_4_1,0.5814399719238281,0.26153597235679626,81.75451782746302,34.44033121434235,ok
matmul,cuda,1024,random,0,7,64_32_32_1_4,0.8835520148277283,0.5636480152606964,176.1928628662209,34.44033121434235,ok
matmul,cuda,1024,random,0,8,64_32_8_2_2,0.46086400747299194,0.14096000790596008,44.063221496680185,34.44033121434235,ok
matmul,cuda,1024,random,0,9,32_64_32_4_1,0.49804800748825073,0.17814400792121887,55.686708563295426,34.44033121434235,ok
matmul,cuda,1024,random,0,10,64_32_16_4_4,0.424703985452652,0.10479998588562012,32.759823580655365,32.75982358065536,ok
matmul,cuda,1024,random,0,11,32_128_16_4_2,0.5376960039138794,0.21779200434684753,68.08042557817787,32.75982358065536,ok
matmul,cuda,1024,random,0,12,64_64_32_2_4,0.4055359959602356,0.08563199639320374,26.76802931788935,26.768029317889358,ok
matmul,cuda,1024,random,0,13,32_64_8_4_2,0.3203200101852417,0.00041601061820983887,0.1300423310658383,0.13004233106584498,ok
matmul,cuda,1024,random,0,14,64_32_32_2_4,0.6879680156707764,0.3680640161037445,115.05452154455523,0.13004233106584498,ok
matmul,cuda,1024,random,0,15,32_32_32_1_4,0.7320640087127686,0.4121600091457367,128.8386546287533,0.13004233106584498,ok
matmul,cuda,1024,random,1,1,32_32_32_2_2,0.43007999658584595,0.11017599701881409,34.44033121434236,34.44033121434235,ok
matmul,cuda,1024,random,1,2,64_32_8_4_2,0.3487359881401062,0.02883198857307434,9.012700251355543,9.012700251355552,ok
matmul,cuda,1024,random,1,3,128_32_16_4_4,0.400736004114151,0.08083200454711914,25.26758172968131,9.012700251355552,ok
matmul,cuda,1024,random,1,4,32_32_16_2_4,0.5358719825744629,0.21596798300743103,67.51024785552192,9.012700251355552,ok
matmul,cuda,1024,random,1,5,64_32_8_1_4,0.6850879788398743,0.3651839792728424,114.15423994920162,9.012700251355552,ok
matmul,cuda,1024,random,1,6,32_128_16_4_2,0.5376960039138794,0.21779200434684753,68.08042557817787,9.012700251355552,ok
matmul,cuda,1024,random,1,7,32_32_16_1_2,0.5289599895477295,0.20905598998069763,65.34960183793908,9.012700251355552,ok
matmul,cuda,1024,random,1,8,64_32_16_4_1,0.6194559931755066,0.29955199360847473,93.63808955620993,9.012700251355552,ok
matmul,cuda,1024,random,1,9,32_32_32_4_2,0.7103999853134155,0.39049598574638367,122.06661569561281,9.012700251355552,ok
matmul,cuda,1024,random,1,10,64_64_8_2_4,0.38329601287841797,0.06339201331138611,19.815948971311027,9.012700251355552,ok
matmul,cuda,1024,random,1,11,64_32_8_4_4,0.41702398657798767,0.09711998701095581,30.359103713114255,9.012700251355552,ok
matmul,cuda,1024,random,1,12,32_32_32_1_2,0.5264959931373596,0.20659199357032776,64.57937188967186,9.012700251355552,ok
matmul,cuda,1024,random,1,13,32_64_8_4_4,0.4750399887561798,0.15513598918914795,48.49454505073831,9.012700251355552,ok
matmul,cuda,1024,random,1,14,32_64_16_2_2,0.41734400391578674,0.09744000434875488,30.459139141940472,9.012700251355552,ok
matmul,cuda,1024,random,1,15,32_128_16_4_4,0.3550719916820526,0.03516799211502075,10.99329553948003,9.012700251355552,ok
matmul,cuda,1024,random,2,1,32_32_32_2_2,0.43007999658584595,0.11017599701881409,34.44033121434236,34.44033121434235,ok
matmul,cuda,1024,random,2,2,64_32_16_2_2,0.5202239751815796,0.20031997561454773,62.618778097700265,34.44033121434235,ok
matmul,cuda,1024,random,2,3,32_32_8_4_2,0.3575359880924225,0.037631988525390625,11.76352548774724,11.763525487747243,ok
matmul,cuda,1024,random,2,4,64_32_16_4_2,0.4347519874572754,0.11484798789024353,35.90076649422402,11.763525487747243,ok
matmul,cuda,1024,random,2,5,32_64_16_4_1,0.45497599244117737,0.1350719928741455,42.22266462968771,11.763525487747243,ok
matmul,cuda,1024,random,2,6,128_64_16_4_4,0.6520959734916687,0.33219197392463684,103.8411443352493,11.763525487747243,ok
matmul,cuda,1024,random,2,7,32_64_8_1_4,0.7550079822540283,0.43510398268699646,136.01079801311639,11.763525487747243,ok
matmul,cuda,1024,random,2,8,64_64_16_4_4,0.34992000460624695,0.030016005039215088,9.382816432379615,9.382816432379618,ok
matmul,cuda,1024,random,2,9,128_32_8_4_2,0.5611839890480042,0.2412799894809723,75.42262360193315,9.382816432379618,ok
matmul,cuda,1024,random,2,10,32_32_32_1_4,0.7320640087127686,0.4121600091457367,128.8386546287533,9.382816432379618,ok
matmul,cuda,1024,random,2,11,64_32_8_2_2,0.46086400747299194,0.14096000790596008,44.063221496680185,9.382816432379618,ok
matmul,cuda,1024,random,2,12,32_64_8_2_2,0.5728960037231445,0.25299200415611267,79.08372652374463,9.382816432379618,ok
matmul,cuda,1024,random,2,13,128_32_16_2_4,0.6815360188484192,0.36163201928138733,113.04391935419109,9.382816432379618,ok
matmul,cuda,1024,random,2,14,32_32_32_2_1,0.5595200061798096,0.2396160066127777,74.90247290971091,9.382816432379618,ok
matmul,cuda,1024,random,2,15,64_64_8_2_4,0.38329601287841797,0.06339201331138611,19.815948971311027,9.382816432379618,ok
matmul,cuda,1024,random,3,1,32_32_32_2_2,0.43007999658584595,0.11017599701881409,34.44033121434236,34.44033121434235,ok
matmul,cuda,1024,random,3,2,128_32_8_4_2,0.5611839890480042,0.2412799894809723,75.42262360193315,34.44033121434235,ok
matmul,cuda,1024,random,3,3,32_32_32_1_2,0.5264959931373596,0.20659199357032776,64.57937188967186,34.44033121434235,ok
matmul,cuda,1024,random,3,4,32_64_32_4_2,0.48342400789260864,0.16352000832557678,51.11533727208473,34.44033121434235,ok
matmul,cuda,1024,random,3,5,32_32_16_2_1,0.47567999362945557,0.1557759940624237,48.69460659237017,34.44033121434235,ok
matmul,cuda,1024,random,3,6,32_64_32_1_4,0.6295040249824524,0.30960002541542053,96.77904178579917,34.44033121434235,ok
matmul,cuda,1024,random,3,7,128_64_32_4_4,0.6447359919548035,0.3248319923877716,101.54045989653441,34.44033121434235,ok
matmul,cuda,1024,random,3,8,128_32_8_4_4,0.4910399913787842,0.17113599181175232,53.49604632745235,34.44033121434235,ok
matmul,cuda,1024,random,3,9,32_32_32_2_1,0.5595200061798096,0.2396160066127777,74.90247290971091,34.44033121434235,ok
matmul,cuda,1024,random,3,10,64_128_8_4_4,0.5466240048408508,0.22672000527381897,70.87126312289591,34.44033121434235,ok
matmul,cuda,1024,random,3,11,128_32_32_2_4,0.5302720069885254,0.21036800742149353,65.7597303272895,34.44033121434235,ok
matmul,cuda,1024,random,3,12,64_32_16_1_4,0.5633919835090637,0.24348798394203186,76.1128289335476,34.44033121434235,ok
matmul,cuda,1024,random,3,13,32_64_32_4_1,0.49804800748825073,0.17814400792121887,55.686708563295426,34.44033121434235,ok
matmul,cuda,1024,random,3,14,32_64_8_4_4,0.4750399887561798,0.15513598918914795,48.49454505073831,34.44033121434235,ok
matmul,cuda,1024,random,3,15,32_64_8_1_4,0.7550079822540283,0.43510398268699646,136.01079801311639,34.44033121434235,ok
matmul,cuda,1024,random,4,1,32_32_32_2_2,0.43007999658584595,0.11017599701881409,34.44033121434236,34.44033121434235,ok
matmul,cuda,1024,random,4,2,64_32_8_2_4,0.3582080006599426,0.03830400109291077,11.973592435465829,11.973592435465829,ok
matmul,cuda,1024,random,4,3,64_32_8_4_1,0.4620800018310547,0.14217600226402283,44.44333376777043,11.973592435465829,ok
matmul,cuda,1024,random,4,4,64_32_16_4_1,0.6194559931755066,0.29955199360847473,93.63808955620993,11.973592435465829,ok
matmul,cuda,1024,random,4,5,128_64_16_4_4,0.6520959734916687,0.33219197392463684,103.8411443352493,11.973592435465829,ok
matmul,cuda,1024,random,4,6,32_64_16_2_4,0.5032960176467896,0.1833920180797577,57.327203888656044,11.973592435465829,ok
matmul,cuda,1024,random,4,7,64_32_32_2_4,0.6879680156707764,0.3680640161037445,115.05452154455523,11.973592435465829,ok
matmul,cuda,1024,random,4,8,128_32_16_4_2,0.47043201327323914,0.15052801370620728,47.05412058303011,11.973592435465829,ok
matmul,cuda,1024,random,4,9,64_32_16_2_4,0.5425919890403748,0.2226879894733429,69.61088006862552,11.973592435465829,ok
matmul,cuda,1024,random,4,10,32_64_32_4_4,0.36444801092147827,0.04454401135444641,13.924180821350674,11.973592435465829,ok
matmul,cuda,1024,random,4,11,32_128_32_4_4,0.47676798701286316,0.1568639874458313,49.03470655513402,11.973592435465829,ok
matmul,cuda,1024,random,4,12,128_32_16_4_4,0.400736004114151,0.08083200454711914,25.26758172968131,11.973592435465829,ok
matmul,cuda,1024,random,4,13,32_32_16_4_2,0.6298239827156067,0.30991998314857483,96.87905858258424,11.973592435465829,ok
matmul,cuda,1024,random,4,14,32_128_16_4_4,0.3550719916820526,0.03516799211502075,10.99329553948003,10.993295539480037,ok
matmul,cuda,1024,random,4,15,32_128_16_2_4,0.5902079939842224,0.27030399441719055,84.49534697378853,10.993295539480037,ok
matmul,cuda,1024,random,5,1,32_32_32_2_2,0.43007999658584595,0.11017599701881409,34.44033121434236,34.44033121434235,ok
matmul,cuda,1024,random,5,2,32_64_16_1_4,0.6813120245933533,0.3614080250263214,112.97390014362509,34.44033121434235,ok
matmul,cuda,1024,random,5,3,32_128_16_4_4,0.3550719916820526,0.03516799211502075,10.99329553948003,10.993295539480037,ok
matmul,cuda,1024,random,5,4,64_32_8_1_4,0.6850879788398743,0.3651839792728424,114.15423994920162,10.993295539480037,ok
matmul,cuda,1024,random,5,5,64_32_16_2_4,0.5425919890403748,0.2226879894733429,69.61088006862552,10.993295539480037,ok
matmul,cuda,1024,random,5,6,32_32_16_4_2,0.6298239827156067,0.30991998314857483,96.87905858258424,10.993295539480037,ok
matmul,cuda,1024,random,5,7,64_32_32_2_4,0.6879680156707764,0.3680640161037445,115.05452154455523,10.993295539480037,ok
matmul,cuda,1024,random,5,8,64_32_8_2_2,0.46086400747299194,0.14096000790596008,44.063221496680185,10.993295539480037,ok
matmul,cuda,1024,random,5,9,32_32_8_4_1,0.43222400546073914,0.11232000589370728,35.1105350498039,10.993295539480037,ok
matmul,cuda,1024,random,5,10,32_128_8_4_4,0.4780479967594147,0.1581439971923828,49.43482963839774,10.993295539480037,ok
matmul,cuda,1024,random,5,11,64_32_32_4_2,0.5770879983901978,0.2571839988231659,80.39411797640754,10.993295539480037,ok
matmul,cuda,1024,random,5,12,32_64_16_4_1,0.45497599244117737,0.1350719928741455,42.22266462968771,10.993295539480037,ok
matmul,cuda,1024,random,5,13,64_64_32_4_2,0.5157759785652161,0.1958719789981842,61.22836202838462,10.993295539480037,ok
matmul,cuda,1024,random,5,14,32_32_16_1_2,0.5289599895477295,0.20905598998069763,65.34960183793908,10.993295539480037,ok
matmul,cuda,1024,random,5,15,64_32_32_1_4,0.8835520148277283,0.5636480152606964,176.1928628662209,10.993295539480037,ok
matmul,cuda,1024,random,6,1,32_32_32_2_2,0.43007999658584595,0.11017599701881409,34.44033121434236,34.44033121434235,ok
matmul,cuda,1024,random,6,2,32_32_32_4_4,0.4856320023536682,0.16572800278663635,51.80554260369918,34.44033121434235,ok
matmul,cuda,1024,random,6,3,32_64_32_1_4,0.6295040249824524,0.30960002541542053,96.77904178579917,34.44033121434235,ok
matmul,cuda,1024,random,6,4,32_32_32_4_2,0.7103999853134155,0.39049598574638367,122.06661569561281,34.44033121434235,ok
matmul,cuda,1024,random,6,5,32_128_8_2_4,0.7156800031661987,0.39577600359916687,123.71711642706016,34.44033121434235,ok
matmul,cuda,1024,random,6,6,32_32_32_1_4,0.7320640087127686,0.4121600091457367,128.8386546287533,34.44033121434235,ok
matmul,cuda,1024,random,6,7,32_32_8_4_2,0.3575359880924225,0.037631988525390625,11.76352548774724,11.763525487747243,ok
matmul,cuda,1024,random,6,8,32_128_32_4_2,0.8064320087432861,0.4865280091762543,152.0856287619838,11.763525487747243,ok
matmul,cuda,1024,random,6,9,32_128_16_4_4,0.3550719916820526,0.03516799211502075,10.99329553948003,10.993295539480037,ok
matmul,cuda,1024,random,6,10,64_64_8_4_2,0.31990399956703186,0.0,0.0,0.0,ok
matmul,cuda,1024,random,6,11,128_32_16_4_4,0.400736004114151,0.08083200454711914,25.26758172968131,0.0,ok
matmul,cuda,1024,random,6,12,128_32_8_4_4,0.4910399913787842,0.17113599181175232,53.49604632745235,0.0,ok
matmul,cuda,1024,random,6,13,32_64_16_4_4,0.5060799717903137,0.18617597222328186,58.197450633708314,0.0,ok
matmul,cuda,1024,random,6,14,64_32_8_2_4,0.3582080006599426,0.03830400109291077,11.973592435465829,0.0,ok
matmul,cuda,1024,random,6,15,64_32_8_4_4,0.41702398657798767,0.09711998701095581,30.359103713114255,0.0,ok
matmul,cuda,1024,random,7,1,32_32_32_2_2,0.43007999658584595,0.11017599701881409,34.44033121434236,34.44033121434235,ok
matmul,cuda,1024,random,7,2,32_128_8_2_4,0.7156800031661987,0.39577600359916687,123.71711642706016,34.44033121434235,ok
matmul,cuda,1024,random,7,3,32_32_8_4_1,0.43222400546073914,0.11232000589370728,35.1105350498039,34.44033121434235,ok
matmul,cuda,1024,random,7,4,32_128_8_4_4,0.4780479967594147,0.1581439971923828,49.43482963839774,34.44033121434235,ok
matmul,cuda,1024,random,7,5,64_64_16_4_4,0.34992000460624695,0.030016005039215088,9.382816432379615,9.382816432379618,ok
matmul,cuda,1024,random,7,6,32_64_8_4_4,0.4750399887561798,0.15513598918914795,48.49454505073831,9.382816432379618,ok
matmul,cuda,1024,random,7,7,64_32_8_2_4,0.3582080006599426,0.03830400109291077,11.973592435465829,9.382816432379618,ok
matmul,cuda,1024,random,7,8,64_32_32_4_4,0.5841599702835083,0.26425597071647644,82.60477239238296,9.382816432379618,ok
matmul,cuda,1024,random,7,9,32_32_8_4_4,0.4813440144062042,0.16144001483917236,50.46514424879662,9.382816432379618,ok
matmul,cuda,1024,random,7,10,64_64_16_2_4,0.5383039712905884,0.21839997172355652,68.2704723977024,9.382816432379618,ok
matmul,cuda,1024,random,7,11,32_32_32_1_2,0.5264959931373596,0.20659199357032776,64.57937188967186,9.382816432379618,ok
matmul,cuda,1024,random,7,12,32_64_32_1_4,0.6295040249824524,0.30960002541542053,96.77904178579917,9.382816432379618,ok
matmul,cuda,1024,random,7,13,64_32_16_4_1,0.6194559931755066,0.29955199360847473,93.63808955620993,9.382816432379618,ok
matmul,cuda,1024,random,7,14,32_32_8_2_4,0.3826240003108978,0.06272000074386597,19.605882023592457,9.382816432379618,ok
matmul,cuda,1024,random,7,15,32_32_16_1_4,0.5846080183982849,0.26470401883125305,82.7448294455561,9.382816432379618,ok
matmul,cuda,1024,random,8,1,32_32_32_2_2,0.43007999658584595,0.11017599701881409,34.44033121434236,34.44033121434235,ok
matmul,cuda,1024,random,8,2,64_64_16_4_4,0.34992000460624695,0.030016005039215088,9.382816432379615,9.382816432379618,ok
matmul,cuda,1024,random,8,3,32_128_16_4_2,0.5376960039138794,0.21779200434684753,68.08042557817787,9.382816432379618,ok
matmul,cuda,1024,random,8,4,32_32_8_4_2,0.3575359880924225,0.037631988525390625,11.76352548774724,9.382816432379618,ok
matmul,cuda,1024,random,8,5,64_128_32_4_4,0.6244480013847351,0.30454400181770325,95.19856026491782,9.382816432379618,ok
matmul,cuda,1024,random,8,6,32_64_32_4_4,0.36444801092147827,0.04454401135444641,13.924180821350674,9.382816432379618,ok
matmul,cuda,1024,random,8,7,32_32_16_1_4,0.5846080183982849,0.26470401883125305,82.7448294455561,9.382816432379618,ok
matmul,cuda,1024,random,8,8,32_128_16_2_4,0.5902079939842224,0.27030399441719055,84.49534697378853,9.382816432379618,ok
matmul,cuda,1024,random,8,9,64_64_16_2_4,0.5383039712905884,0.21839997172355652,68.2704723977024,9.382816432379618,ok
matmul,cuda,1024,random,8,10,64_32_8_4_2,0.3487359881401062,0.02883198857307434,9.012700251355543,9.012700251355552,ok
matmul,cuda,1024,random,8,11,32_32_16_4_2,0.6298239827156067,0.30991998314857483,96.87905858258424,9.012700251355552,ok
matmul,cuda,1024,random,8,12,128_32_8_2_4,0.7319999933242798,0.4120959937572479,128.81864381657982,9.012700251355552,ok
matmul,cuda,1024,random,8,13,128_64_32_4_4,0.6447359919548035,0.3248319923877716,101.54045989653441,9.012700251355552,ok
matmul,cuda,1024,random,8,14,32_64_8_4_4,0.4750399887561798,0.15513598918914795,48.49454505073831,9.012700251355552,ok
matmul,cuda,1024,random,8,15,32_32_32_4_2,0.7103999853134155,0.39049598574638367,122.06661569561281,9.012700251355552,ok
matmul,cuda,1024,random,9,1,32_32_32_2_2,0.43007999658584595,0.11017599701881409,34.44033121434236,34.44033121434235,ok
matmul,cuda,1024,random,9,2,32_128_16_2_4,0.5902079939842224,0.27030399441719055,84.49534697378853,34.44033121434235,ok
matmul,cuda,1024,random,9,3,32_128_8_4_2,0.5351359844207764,0.2152319848537445,67.28017941165045,34.44033121434235,ok
matmul,cuda,1024,random,9,4,64_64_32_4_4,0.6010559797286987,0.28115198016166687,87.8863598273816,34.44033121434235,ok
matmul,cuda,1024,random,9,5,32_32_8_2_4,0.3826240003108978,0.06272000074386597,19.605882023592457,19.60588202359245,ok
matmul,cuda,1024,random,9,6,64_64_8_4_2,0.31990399956703186,0.0,0.0,0.0,ok
matmul,cuda,1024,random,9,7,32_32_32_2_1,0.5595200061798096,0.2396160066127777,74.90247290971091,0.0,ok
matmul,cuda,1024,random,9,8,64_32_8_4_4,0.41702398657798767,0.09711998701095581,30.359103713114255,0.0,ok
matmul,cuda,1024,random,9,9,64_32_16_4_1,0.6194559931755066,0.29955199360847473,93.63808955620993,0.0,ok
matmul,cuda,1024,random,9,10,32_32_32_4_4,0.4856320023536682,0.16572800278663635,51.80554260369918,0.0,ok
matmul,cuda,1024,random,9,11,64_32_16_2_4,0.5425919890403748,0.2226879894733429,69.61088006862552,0.0,ok
matmul,cuda,1024,random,9,12,32_128_16_4_4,0.3550719916820526,0.03516799211502075,10.99329553948003,0.0,ok
matmul,cuda,1024,random,9,13,64_32_32_2_2,0.472351998090744,0.15244799852371216,47.654295891905086,0.0,ok
matmul,cuda,1024,random,9,14,64_32_8_4_2,0.3487359881401062,0.02883198857307434,9.012700251355543,0.0,ok
matmul,cuda,1024,random,9,15,32_32_16_1_4,0.5846080183982849,0.26470401883125305,82.7448294455561,0.0,ok
matmul,sycl,2048,bayesian,0,1,32_32_32_2_2,8.399871826171875,3.150847911834717,60.027311044030604,60.027311044030604,ok
matmul,sycl,2048,bayesian,0,2,64_32_8_2_2,7.5089921951293945,2.2599682807922363,43.05501970793788,43.055019707937895,ok
matmul,sycl,2048,bayesian,0,3,64_32_8_4_4,5.6750078201293945,0.42598390579223633,8.115487998229653,8.11548799822965,ok
matmul,sycl,2048,bayesian,0,4,32_64_8_1_4,7.73529577255249,2.486271858215332,47.36636560988685,8.11548799822965,ok
matmul,sycl,2048,bayesian,0,5,32_32_8_4_4,5.795839786529541,0.5468158721923828,10.417477251319296,8.11548799822965,ok
matmul,sycl,2048,bayesian,0,6,64_32_8_4_4,5.6750078201293945,0.42598390579223633,8.115487998229653,8.11548799822965,ok
matmul,sycl,2048,bayesian,0,7,128_64_8_4_4,5.963776111602783,0.714752197265625,13.616859228119615,8.11548799822965,ok
matmul,sycl,2048,bayesian,0,8,64_32_32_4_2,5.355519771575928,0.10649585723876953,2.028869728482041,2.0288697284820376,ok
matmul,sycl,2048,bayesian,0,9,32_32_16_4_4,5.468160152435303,0.21913623809814453,4.174799766097403,2.0288697284820376,ok
matmul,sycl,2048,bayesian,0,10,32_64_16_1_4,11.593728065490723,6.3447041511535645,120.87398066188402,2.0288697284820376,ok
matmul,sycl,2048,bayesian,0,11,64_32_16_4_4,5.547008037567139,0.29798412322998047,5.676943524986955,2.0288697284820376,ok
matmul,sycl,2048,bayesian,0,12,32_32_16_1_2,7.89299201965332,2.643968105316162,50.37066221196746,2.0288697284820376,ok
matmul,sycl,2048,bayesian,0,13,32_32_32_1_4,10.099712371826172,4.850688457489014,92.41124705566432,2.0288697284820376,ok
matmul,sycl,2048,bayesian,0,14,64_32_16_1_4,8.315903663635254,3.0668797492980957,58.42762005563045,2.0288697284820376,ok
matmul,sycl,2048,bayesian,0,15,64_32_32_1_4,9.636863708496094,4.3878397941589355,83.59344262414221,2.0288697284820376,ok
matmul,sycl,2048,bayesian,1,1,32_32_32_2_2,8.399871826171875,3.150847911834717,60.027311044030604,60.027311044030604,ok
matmul,sycl,2048,bayesian,1,2,32_32_32_4_1,6.13478422164917,0.8857603073120117,16.87476227518512,16.874762275185113,ok
matmul,sycl,2048,bayesian,1,3,32_128_8_2_4,6.552576065063477,1.3035521507263184,24.834181973639,16.874762275185113,ok
matmul,sycl,2048,bayesian,1,4,32_32_32_2_2,8.399871826171875,3.150847911834717,60.027311044030604,16.874762275185113,ok
matmul,sycl,2048,bayesian,1,5,32_32_32_2_4,9.187328338623047,3.9383044242858887,75.02927189050945,16.874762275185113,ok
matmul,sycl,2048,bayesian,1,6,32_128_8_2_4,6.552576065063477,1.3035521507263184,24.834181973639,16.874762275185113,ok
matmul,sycl,2048,bayesian,1,7,64_32_32_1_4,9.636863708496094,4.3878397941589355,83.59344262414221,16.874762275185113,ok
matmul,sycl,2048,bayesian,1,8,32_128_8_2_4,6.552576065063477,1.3035521507263184,24.834181973639,16.874762275185113,ok
matmul,sycl,2048,bayesian,1,9,32_32_32_2_1,8.51968002319336,3.270656108856201,62.309796301799025,16.874762275185113,ok
matmul,sycl,2048,bayesian,1,10,32_32_32_1_4,10.099712371826172,4.850688457489014,92.41124705566432,16.874762275185113,ok
matmul,sycl,2048,bayesian,1,11,32_64_32_2_4,9.068544387817383,3.8195204734802246,72.76629971236378,16.874762275185113,ok
matmul,sycl,2048,bayesian,1,12,32_128_8_2_4,6.552576065063477,1.3035521507263184,24.834181973639,16.874762275185113,ok
matmul,sycl,2048,bayesian,1,13,64_64_16_2_4,8.433664321899414,3.184640407562256,60.67109732275642,16.874762275185113,ok
matmul,sycl,2048,bayesian,1,14,32_128_8_2_4,6.552576065063477,1.3035521507263184,24.834181973639,16.874762275185113,ok
matmul,sycl,2048,bayesian,1,15,128_64_32_4_4,5.8173441886901855,0.5683202743530273,10.827161080381442,10.827161080381442,ok
matmul,sycl,2048,bayesian,2,1,32_32_32_2_2,8.399871826171875,3.150847911834717,60.027311044030604,60.027311044030604,ok
matmul,sycl,2048,bayesian,2,2,32_64_16_4_2,5.67091178894043,0.4218878746032715,8.037453848341759,8.037453848341764,ok
matmul,sycl,2048,bayesian,2,3,32_64_16_1_4,11.593728065490723,6.3447041511535645,120.87398066188402,8.037453848341764,ok
matmul,sycl,2048,bayesian,2,4,32_32_16_1_4,8.664064407348633,3.4150404930114746,65.06048645889477,8.037453848341764,ok
matmul,sycl,2048,bayesian,2,5,32_128_16_4_2,5.701632022857666,0.4526081085205078,8.62270997250092,8.037453848341764,ok
matmul,sycl,2048,bayesian,2,6,64_32_8_2_4,5.966847896575928,0.7178239822387695,13.675380298384777,8.037453848341764,ok
matmul,sycl,2048,bayesian,2,7,32_64_16_4_2,5.67091178894043,0.4218878746032715,8.037453848341759,8.037453848341764,ok
matmul,sycl,2048,bayesian,2,8,32_64_8_2_2,6.567935943603516,1.3189120292663574,25.126805493567804,8.037453848341764,ok
matmul,sycl,2048,bayesian,2,9,128_32_8_4_2,6.623231887817383,1.3742079734802246,26.180257432752786,8.037453848341764,ok
matmul,sycl,2048,bayesian,2,10,128_32_16_4_4,5.368832111358643,0.11980819702148438,2.2824852577684185,2.2824852577684176,ok
matmul,sycl,2048,bayesian,2,11,64_32_16_4_2,5.6248321533203125,0.3758082389831543,7.159583288555305,2.2824852577684176,ok
matmul,sycl,2048,bayesian,2,12,32_32_16_4_4,5.468160152435303,0.21913623809814453,4.174799766097403,2.2824852577684176,ok
matmul,sycl,2048,bayesian,2,13,64_32_32_4_1,6.083583831787109,0.8345599174499512,15.899335401586544,2.2824852577684176,ok
matmul,sycl,2048,bayesian,2,14,32_128_16_4_2,5.701632022857666,0.4526081085205078,8.62270997250092,2.2824852577684176,ok
matmul,sycl,2048,bayesian,2,15,64_32_16_2_2,8.540160179138184,3.2911362648010254,62.69996705123846,2.2824852577684176,ok
matmul,sycl,2048,bayesian,3,1,32_32_32_2_2,8.399871826171875,3.150847911834717,60.027311044030604,60.027311044030604,ok
matmul,sycl,2048,bayesian,3,2,32_64_8_2_2,6.567935943603516,1.3189120292663574,25.126805493567804,25.126805493567815,ok
matmul,sycl,2048,bayesian,3,3,128_64_32_4_4,5.8173441886901855,0.5683202743530273,10.827161080381442,10.827161080381442,ok
matmul,sycl,2048,bayesian,3,4,64_32_8_4_1,7.002111911773682,1.7530879974365234,33.39836179157323,10.827161080381442,ok
matmul,sycl,2048,bayesian,3,5,64_32_32_4_1,6.083583831787109,0.8345599174499512,15.899335401586544,10.827161080381442,ok
matmul,sycl,2048,bayesian,3,6,128_64_32_4_4,5.8173441886901855,0.5683202743530273,10.827161080381442,10.827161080381442,ok
matmul,sycl,2048,bayesian,3,7,64_32_16_4_1,6.011903762817383,0.7628798484802246,14.533746862850027,10.827161080381442,ok
matmul,sycl,2048,bayesian,3,8,32_32_32_4_2,5.705728054046631,0.45670413970947266,8.700744122388793,8.700744122388796,ok
matmul,sycl,2048,bayesian,3,9,64_64_8_2_4,6.343679904937744,1.094655990600586,20.854467582261304,8.700744122388796,ok
matmul,sycl,2048,bayesian,3,10,64_32_8_1_4,7.997439861297607,2.748415946960449,52.36051486550555,8.700744122388796,ok
matmul,sycl,2048,bayesian,3,11,32_32_32_4_2,5.705728054046631,0.45670413970947266,8.700744122388793,8.700744122388796,ok
matmul,sycl,2048,bayesian,3,12,32_32_32_4_2,5.705728054046631,0.45670413970947266,8.700744122388793,8.700744122388796,ok
matmul,sycl,2048,bayesian,3,13,64_64_8_4_4,5.510143756866455,0.2611198425292969,4.974636175995983,4.974636175995987,ok
matmul,sycl,2048,bayesian,3,14,32_32_32_4_2,5.705728054046631,0.45670413970947266,8.700744122388793,4.974636175995987,ok
matmul,sycl,2048,bayesian,3,15,64_64_32_4_2,5.63097620010376,0.38195228576660156,7.276634513387137,4.974636175995987,ok
matmul,sycl,2048,bayesian,4,1,32_32_32_2_2,8.399871826171875,3.150847911834717,60.027311044030604,60.027311044030604,ok
matmul,sycl,2048,bayesian,4,2,128_32_32_4_4,5.734399795532227,0.48537588119506836,9.246974087302506,9.2469740873025,ok
matmul,sycl,2048,bayesian,4,3,64_32_8_2_2,7.5089921951293945,2.2599682807922363,43.05501970793788,9.2469740873025,ok
matmul,sycl,2048,bayesian,4,4,128_32_32_4_4,5.734399795532227,0.48537588119506836,9.246974087302506,9.2469740873025,ok
matmul,sycl,2048,bayesian,4,5,32_64_32_2_2,9.142271995544434,3.8932480812072754,74.17089624174271,9.2469740873025,ok
matmul,sycl,2048,bayesian,4,6,64_32_16_4_1,6.011903762817383,0.7628798484802246,14.533746862850027,9.2469740873025,ok
matmul,sycl,2048,bayesian,4,7,32_32_16_2_1,7.371776103973389,2.1227521896362305,40.4408938552967,9.2469740873025,ok
matmul,sycl,2048,bayesian,4,8,32_64_16_2_4,9.381888389587402,4.132864475250244,78.73586675727955,9.2469740873025,ok
matmul,sycl,2048,bayesian,4,9,128_32_8_2_4,6.592512130737305,1.3434882164001465,25.595010392895134,9.2469740873025,ok
matmul,sycl,2048,bayesian,4,10,32_32_8_2_4,5.805056095123291,0.5560321807861328,10.593058630717778,9.2469740873025,ok
matmul,sycl,2048,bayesian,4,11,32_32_16_2_2,8.48588752746582,3.236863613128662,61.66601002307321,9.2469740873025,ok
matmul,sycl,2048,bayesian,4,12,128_32_32_4_4,5.734399795532227,0.48537588119506836,9.246974087302506,9.2469740873025,ok
matmul,sycl,2048,bayesian,4,13,128_32_32_4_4,5.734399795532227,0.48537588119506836,9.246974087302506,9.2469740873025,ok
matmul,sycl,2048,bayesian,4,14,64_64_8_4_4,5.510143756866455,0.2611198425292969,4.974636175995983,4.974636175995987,ok
matmul,sycl,2048,bayesian,4,15,64_32_8_1_4,7.997439861297607,2.748415946960449,52.36051486550555,4.974636175995987,ok
matmul,sycl,2048,bayesian,5,1,32_32_32_2_2,8.399871826171875,3.150847911834717,60.027311044030604,60.027311044030604,ok
matmul,sycl,2048,bayesian,5,2,32_32_8_4_2,5.468160152435303,0.21913623809814453,4.174799766097403,4.174799766097405,ok
matmul,sycl,2048,bayesian,5,3,128_32_16_4_2,5.653503894805908,0.40447998046875,7.705813253468996,4.174799766097405,ok
matmul,sycl,2048,bayesian,5,4,32_64_8_4_1,6.78604793548584,1.5370240211486816,29.282092180042497,4.174799766097405,ok
matmul,sycl,2048,bayesian,5,5,64_64_8_4_2,5.5357441902160645,0.28672027587890625,5.462354154946025,4.174799766097405,ok
matmul,sycl,2048,bayesian,5,6,32_32_16_1_4,8.664064407348633,3.4150404930114746,65.06048645889477,4.174799766097405,ok
matmul,sycl,2048,bayesian,5,7,128_32_32_4_2,5.489664077758789,0.24064016342163086,4.584474510858061,4.174799766097405,ok
matmul,sycl,2048,bayesian,5,8,64_32_8_4_1,7.002111911773682,1.7530879974365234,33.39836179157323,4.174799766097405,ok
matmul,sycl,2048,bayesian,5,9,64_32_16_1_4,8.315903663635254,3.0668797492980957,58.42762005563045,4.174799766097405,ok
matmul,sycl,2048,bayesian,5,10,64_32_32_4_2,5.355519771575928,0.10649585723876953,2.028869728482041,2.0288697284820376,ok
matmul,sycl,2048,bayesian,5,11,32_64_32_4_4,6.516736030578613,1.267712116241455,24.151387704270743,2.0288697284820376,ok
matmul,sycl,2048,bayesian,5,12,64_64_8_4_2,5.5357441902160645,0.28672027587890625,5.462354154946025,2.0288697284820376,ok
matmul,sycl,2048,bayesian,5,13,128_32_32_4_2,5.489664077758789,0.24064016342163086,4.584474510858061,2.0288697284820376,ok
matmul,sycl,2048,bayesian,5,14,64_64_8_4_2,5.5357441902160645,0.28672027587890625,5.462354154946025,2.0288697284820376,ok
matmul,sycl,2048,bayesian,5,15,64_64_32_4_4,5.438464164733887,0.18944025039672852,3.609056721560977,2.0288697284820376,ok
matmul,sycl,2048,bayesian,6,1,32_32_32_2_2,8.399871826171875,3.150847911834717,60.027311044030604,60.027311044030604,ok
matmul,sycl,2048,bayesian,6,2,32_32_32_1_4,10.099712371826172,4.850688457489014,92.41124705566432,60.027311044030604,ok
matmul,sycl,2048,bayesian,6,3,32_64_8_2_2,6.567935943603516,1.3189120292663574,25.126805493567804,25.126805493567815,ok
matmul,sycl,2048,bayesian,6,4,32_64_32_2_2,9.142271995544434,3.8932480812072754,74.17089624174271,25.126805493567815,ok
matmul,sycl,2048,bayesian,6,5,64_32_16_2_2,8.540160179138184,3.2911362648010254,62.69996705123846,25.126805493567815,ok
matmul,sycl,2048,bayesian,6,6,32_128_16_4_2,5.701632022857666,0.4526081085205078,8.62270997250092,8.62270997250091,ok
matmul,sycl,2048,bayesian,6,7,32_64_32_1_4,12.232704162597656,6.983680248260498,133.04721720137925,8.62270997250091,ok
matmul,sycl,2048,bayesian,6,8,64_32_32_2_4,8.48588752746582,3.236863613128662,61.66601002307321,8.62270997250091,ok
matmul,sycl,2048,bayesian,6,9,32_32_32_1_2,10.171392440795898,4.92236852645874,93.77683559440084,8.62270997250091,ok
matmul,sycl,2048,bayesian,6,10,32_128_16_4_2,5.701632022857666,0.4526081085205078,8.62270997250092,8.62270997250091,ok
matmul,sycl,2048,bayesian,6,11,32_32_16_2_4,8.467455863952637,3.2184319496154785,61.31486543287923,8.62270997250091,ok
matmul,sycl,2048,bayesian,6,12,32_128_16_4_2,5.701632022857666,0.4526081085205078,8.62270997250092,8.62270997250091,ok
matmul,sycl,2048,bayesian,6,13,64_64_8_4_2,5.5357441902160645,0.28672027587890625,5.462354154946025,5.462354154946025,ok
matmul,sycl,2048,bayesian,6,14,64_32_32_4_1,6.083583831787109,0.8345599174499512,15.899335401586544,5.462354154946025,ok
matmul,sycl,2048,bayesian,6,15,64_64_8_4_2,5.5357441902160645,0.28672027587890625,5.462354154946025,5.462354154946025,ok
matmul,sycl,2048,bayesian,7,1,32_32_32_2_2,8.399871826171875,3.150847911834717,60.027311044030604,60.027311044030604,ok
matmul,sycl,2048,bayesian,7,2,32_32_8_1_4,8.530943870544434,3.2819199562072754,62.52438567183995,60.027311044030604,ok
matmul,sycl,2048,bayesian,7,3,128_32_32_2_4,8.632320404052734,3.383296489715576,64.45572633941438,60.027311044030604,ok
matmul,sycl,2048,bayesian,7,4,64_64_8_4_4,5.510143756866455,0.2611198425292969,4.974636175995983,4.974636175995987,ok
matmul,sycl,2048,bayesian,7,5,32_32_16_2_2,8.48588752746582,3.236863613128662,61.66601002307321,4.974636175995987,ok
matmul,sycl,2048,bayesian,7,6,32_64_16_4_2,5.67091178894043,0.4218878746032715,8.037453848341759,4.974636175995987,ok
matmul,sycl,2048,bayesian,7,7,32_64_16_4_2,5.67091178894043,0.4218878746032715,8.037453848341759,4.974636175995987,ok
matmul,sycl,2048,bayesian,7,8,32_64_16_4_1,6.928383827209473,1.6793599128723145,31.993756177892795,4.974636175995987,ok
matmul,sycl,2048,bayesian,7,9,32_32_16_4_2,5.262335777282715,0.01331186294555664,0.2536064449848885,0.25360644498487966,ok
matmul,sycl,2048,bayesian,7,10,32_64_16_4_2,5.67091178894043,0.4218878746032715,8.037453848341759,0.25360644498487966,ok
matmul,sycl,2048,bayesian,7,11,32_128_16_2_4,11.104255676269531,5.855231761932373,111.54896334039215,0.25360644498487966,ok
matmul,sycl,2048,bayesian,7,12,32_32_16_4_2,5.262335777282715,0.01331186294555664,0.2536064449848885,0.25360644498487966,ok
matmul,sycl,2048,bayesian,7,13,64_128_8_4_4,7.1495680809021,1.9005441665649414,36.207573018934134,0.25360644498487966,ok
matmul,sycl,2048,bayesian,7,14,32_32_16_4_2,5.262335777282715,0.01331186294555664,0.2536064449848885,0.25360644498487966,ok
matmul,sycl,2048,bayesian,7,15,32_128_32_4_2,5.501952171325684,0.2529282569885254,4.8185769605217255,0.25360644498487966,ok
matmul,sycl,2048,bayesian,8,1,32_32_32_2_2,8.399871826171875,3.150847911834717,60.027311044030604,60.027311044030604,ok
matmul,sycl,2048,bayesian,8,2,64_32_16_2_4,8.154111862182617,2.905087947845459,55.345298387963446,55.345298387963446,ok
matmul,sycl,2048,bayesian,8,3,64_32_32_2_4,8.48588752746582,3.236863613128662,61.66601002307321,55.345298387963446,ok
matmul,sycl,2048,bayesian,8,4,32_32_32_2_2,8.399871826171875,3.150847911834717,60.027311044030604,55.345298387963446,ok
matmul,sycl,2048,bayesian,8,5,128_64_8_4_4,5.963776111602783,0.714752197265625,13.616859228119615,13.616859228119619,ok
matmul,sycl,2048,bayesian,8,6,32_64_8_2_4,5.5511040687561035,0.3020801544189453,5.7549776748748505,5.754977674874848,ok
matmul,sycl,2048,bayesian,8,7,64_64_16_4_4,5.5715837478637695,0.32255983352661133,6.145139340012773,5.754977674874848,ok
matmul,sycl,2048,bayesian,8,8,32_64_8_2_4,5.5511040687561035,0.3020801544189453,5.7549776748748505,5.754977674874848,ok
matmul,sycl,2048,bayesian,8,9,128_32_16_2_4,8.729599952697754,3.4805760383605957,66.30901468849795,5.754977674874848,ok
matmul,sycl,2048,bayesian,8,10,64_32_32_4_4,5.249023914337158,0.0,0.0,0.0,ok
matmul,sycl,2048,bayesian,8,11,64_32_32_4_4,5.249023914337158,0.0,0.0,0.0,ok
matmul,sycl,2048,bayesian,8,12,64_32_32_4_4,5.249023914337158,0.0,0.0,0.0,ok
matmul,sycl,2048,bayesian,8,13,32_64_16_1_4,11.593728065490723,6.3447041511535645,120.87398066188402,0.0,ok
matmul,sycl,2048,bayesian,8,14,64_32_32_4_4,5.249023914337158,0.0,0.0,0.0,ok
matmul,sycl,2048,bayesian,8,15,64_32_8_4_1,7.002111911773682,1.7530879974365234,33.39836179157323,0.0,ok
matmul,sycl,2048,bayesian,9,1,32_32_32_2_2,8.399871826171875,3.150847911834717,60.027311044030604,60.027311044030604,ok
matmul,sycl,2048,bayesian,9,2,32_32_8_1_4,8.530943870544434,3.2819199562072754,62.52438567183995,60.027311044030604,ok
matmul,sycl,2048,bayesian,9,3,64_64_32_2_4,8.870911598205566,3.621887683868408,69.00116560672551,60.027311044030604,ok
matmul,sycl,2048,bayesian,9,4,32_64_32_2_4,9.068544387817383,3.8195204734802246,72.76629971236378,60.027311044030604,ok
matmul,sycl,2048,bayesian,9,5,32_32_32_4_1,6.13478422164917,0.8857603073120117,16.87476227518512,16.874762275185113,ok
matmul,sycl,2048,bayesian,9,6,32_32_16_4_2,5.262335777282715,0.01331186294555664,0.2536064449848885,0.25360644498487966,ok
matmul,sycl,2048,bayesian,9,7,32_64_8_1_4,7.73529577255249,2.486271858215332,47.36636560988685,0.25360644498487966,ok
matmul,sycl,2048,bayesian,9,8,32_32_32_4_4,5.626880168914795,0.3778562545776367,7.198600363499241,0.25360644498487966,ok
matmul,sycl,2048,bayesian,9,9,32_32_16_4_2,5.262335777282715,0.01331186294555664,0.2536064449848885,0.25360644498487966,ok
matmul,sycl,2048,bayesian,9,10,32_32_16_4_4,5.468160152435303,0.21913623809814453,4.174799766097403,0.25360644498487966,ok
matmul,sycl,2048,bayesian,9,11,32_128_16_2_4,11.104255676269531,5.855231761932373,111.54896334039215,0.25360644498487966,ok
matmul,sycl,2048,bayesian,9,12,32_32_16_4_2,5.262335777282715,0.01331186294555664,0.2536064449848885,0.25360644498487966,ok
matmul,sycl,2048,bayesian,9,13,32_32_16_4_2,5.262335777282715,0.01331186294555664,0.2536064449848885,0.25360644498487966,ok
matmul,sycl,2048,bayesian,9,14,32_32_16_4_2,5.262335777282715,0.01331186294555664,0.2536064449848885,0.25360644498487966,ok
matmul,sycl,2048,bayesian,9,15,32_64_8_2_2,6.567935943603516,1.3189120292663574,25.126805493567804,0.25360644498487966,ok
matmul,sycl,2048,random,0,1,32_32_32_2_2,8.399871826171875,3.150847911834717,60.027311044030604,60.027311044030604,ok
matmul,sycl,2048,random,0,2,32_128_32_4_4,7.9339518547058105,2.6849279403686523,51.15099462654482,51.15099462654482,ok
matmul,sycl,2048,random,0,3,64_32_8_4_1,7.002111911773682,1.7530879974365234,33.39836179157323,33.39836179157324,ok
matmul,sycl,2048,random,0,4,32_32_8_4_1,6.818816184997559,1.5697922706604004,29.906365379145594,29.906365379145587,ok
matmul,sycl,2048,random,0,5,32_64_16_4_2,5.67091178894043,0.4218878746032715,8.037453848341759,8.037453848341764,ok
matmul,sycl,2048,random,0,6,64_32_32_4_1,6.083583831787109,0.8345599174499512,15.899335401586544,8.037453848341764,ok
matmul,sycl,2048,random,0,7,64_32_32_1_4,9.636863708496094,4.3878397941589355,83.59344262414221,8.037453848341764,ok
matmul,sycl,2048,random,0,8,64_32_8_2_2,7.5089921951293945,2.2599682807922363,43.05501970793788,8.037453848341764,ok
matmul,sycl,2048,random,0,9,32_64_32_4_1,6.9273600578308105,1.6783361434936523,31.974252182571572,8.037453848341764,ok
matmul,sycl,2048,random,0,10,64_32_16_4_4,5.547008037567139,0.29798412322998047,5.676943524986955,5.676943524986962,ok
matmul,sycl,2048,random,0,11,32_128_16_4_2,5.701632022857666,0.4526081085205078,8.62270997250092,5.676943524986962,ok
matmul,sycl,2048,random,0,12,64_64_32_2_4,8.870911598205566,3.621887683868408,69.00116560672551,5.676943524986962,ok
matmul,sycl,2048,random,0,13,32_64_8_4_2,5.329919815063477,0.08089590072631836,1.5411608338335103,1.5411608338334999,ok
matmul,sycl,2048,random,0,14,64_32_32_2_4,8.48588752746582,3.236863613128662,61.66601002307321,1.5411608338334999,ok
matmul,sycl,2048,random,0,15,32_32_32_1_4,10.099712371826172,4.850688457489014,92.41124705566432,1.5411608338334999,ok
matmul,sycl,2048,random,1,1,32_32_32_2_2,8.399871826171875,3.150847911834717,60.027311044030604,60.027311044030604,ok
matmul,sycl,2048,random,1,2,64_32_8_4_2,5.6145920753479,0.3655681610107422,6.964497913835577,6.964497913835582,ok
matmul,sycl,2048,random,1,3,128_32_16_4_4,5.368832111358643,0.11980819702148438,2.2824852577684185,2.2824852577684176,ok
matmul,sycl,2048,random,1,4,32_32_16_2_4,8.467455863952637,3.2184319496154785,61.31486543287923,2.2824852577684176,ok
matmul,sycl,2048,random,1,5,64_32_8_1_4,7.997439861297607,2.748415946960449,52.36051486550555,2.2824852577684176,ok
matmul,sycl,2048,random,1,6,32_128_16_4_2,5.701632022857666,0.4526081085205078,8.62270997250092,2.2824852577684176,ok
matmul,sycl,2048,random,1,7,32_32_16_1_2,7.89299201965332,2.643968105316162,50.37066221196746,2.2824852577684176,ok
matmul,sycl,2048,random,1,8,64_32_16_4_1,6.011903762817383,0.7628798484802246,14.533746862850027,2.2824852577684176,ok
matmul,sycl,2048,random,1,9,32_32_32_4_2,5.705728054046631,0.45670413970947266,8.700744122388793,2.2824852577684176,ok
matmul,sycl,2048,random,1,10,64_64_8_2_4,6.343679904937744,1.094655990600586,20.854467582261304,2.2824852577684176,ok
matmul,sycl,2048,random,1,11,64_32_8_4_4,5.6750078201293945,0.42598390579223633,8.115487998229653,2.2824852577684176,ok
matmul,sycl,2048,random,1,12,32_32_32_1_2,10.171392440795898,4.92236852645874,93.77683559440084,2.2824852577684176,ok
matmul,sycl,2048,random,1,13,32_64_8_4_4,6.184959888458252,0.9359359741210938,17.830666984859466,2.2824852577684176,ok
matmul,sycl,2048,random,1,14,32_64_16_2_2,9.373696327209473,4.1246724128723145,78.57979845750378,2.2824852577684176,ok
matmul,sycl,2048,random,1,15,32_128_16_4_4,7.043071746826172,1.7940478324890137,34.17869420615061,2.2824852577684176,ok
matmul,sycl,2048,random,2,1,32_32_32_2_2,8.399871826171875,3.150847911834717,60.027311044030604,60.027311044030604,ok
matmul,sycl,2048,random,2,2,64_32_16_2_2,8.540160179138184,3.2911362648010254,62.69996705123846,60.027311044030604,ok
matmul,sycl,2048,random,2,3,32_32_8_4_2,5.468160152435303,0.21913623809814453,4.174799766097403,4.174799766097405,ok
matmul,sycl,2048,random,2,4,64_32_16_4_2,5.6248321533203125,0.3758082389831543,7.159583288555305,4.174799766097405,ok
matmul,sycl,2048,random,2,5,32_64_16_4_1,6.928383827209473,1.6793599128723145,31.993756177892795,4.174799766097405,ok
matmul,sycl,2048,random,2,6,128_64_16_4_4,5.840896129608154,0.5918722152709961,11.275852900086036,4.174799766097405,ok
matmul,sycl,2048,random,2,7,32_64_8_1_4,7.73529577255249,2.486271858215332,47.36636560988685,4.174799766097405,ok
matmul,sycl,2048,random,2,8,64_64_16_4_4,5.5715837478637695,0.32255983352661133,6.145139340012773,4.174799766097405,ok
matmul,sycl,2048,random,2,9,128_32_8_4_2,6.623231887817383,1.3742079734802246,26.180257432752786,4.174799766097405,ok
matmul,sycl,2048,random,2,10,32_32_32_1_4,10.099712371826172,4.850688457489014,92.41124705566432,4.174799766097405,ok
matmul,sycl,2048,random,2,11,64_32_8_2_2,7.5089921951293945,2.2599682807922363,43.05501970793788,4.174799766097405,ok
matmul,sycl,2048,random,2,12,32_64_8_2_2,6.567935943603516,1.3189120292663574,25.126805493567804,4.174799766097405,ok
matmul,sycl,2048,random,2,13,128_32_16_2_4,8.729599952697754,3.4805760383605957,66.30901468849795,4.174799766097405,ok
matmul,sycl,2048,random,2,14,32_32_32_2_1,8.51968002319336,3.270656108856201,62.309796301799025,4.174799766097405,ok
matmul,sycl,2048,random,2,15,64_64_8_2_4,6.343679904937744,1.094655990600586,20.854467582261304,4.174799766097405,ok
matmul,sycl,2048,random,3,1,32_32_32_2_2,8.399871826171875,3.150847911834717,60.027311044030604,60.027311044030604,ok
matmul,sycl,2048,random,3,2,128_32_8_4_2,6.623231887817383,1.3742079734802246,26.180257432752786,26.18025743275278,ok
matmul,sycl,2048,random,3,3,32_32_32_1_2,10.171392440795898,4.92236852645874,93.77683559440084,26.18025743275278,ok
matmul,sycl,2048,random,3,4,32_64_32_4_2,6.2412800788879395,0.9922561645507812,18.90363200366716,18.903632003667152,ok
matmul,sycl,2048,random,3,5,32_32_16_2_1,7.371776103973389,2.1227521896362305,40.4408938552967,18.903632003667152,ok
matmul,sycl,2048,random,3,6,32_64_32_1_4,12.232704162597656,6.983680248260498,133.04721720137925,18.903632003667152,ok
matmul,sycl,2048,random,3,7,128_64_32_4_4,5.8173441886901855,0.5683202743530273,10.827161080381442,10.827161080381442,ok
matmul,sycl,2048,random,3,8,128_32_8_4_4,6.253568172454834,1.0045442581176758,19.1377344533308,10.827161080381442,ok
matmul,sycl,2048,random,3,9,32_32_32_2_1,8.51968002319336,3.270656108856201,62.309796301799025,10.827161080381442,ok
matmul,sycl,2048,random,3,10,64_128_8_4_4,7.1495680809021,1.9005441665649414,36.207573018934134,10.827161080381442,ok
matmul,sycl,2048,random,3,11,128_32_32_2_4,8.632320404052734,3.383296489715576,64.45572633941438,10.827161080381442,ok
matmul,sycl,2048,random,3,12,64_32_16_1_4,8.315903663635254,3.0668797492980957,58.42762005563045,10.827161080381442,ok
matmul,sycl,2048,random,3,13,32_64_32_4_1,6.9273600578308105,1.6783361434936523,31.974252182571572,10.827161080381442,ok
matmul,sycl,2048,random,3,14,32_64_8_4_4,6.184959888458252,0.9359359741210938,17.830666984859466,10.827161080381442,ok
matmul,sycl,2048,random,3,15,32_64_8_1_4,7.73529577255249,2.486271858215332,47.36636560988685,10.827161080381442,ok
matmul,sycl,2048,random,4,1,32_32_32_2_2,8.399871826171875,3.150847911834717,60.027311044030604,60.027311044030604,ok
matmul,sycl,2048,random,4,2,64_32_8_2_4,5.966847896575928,0.7178239822387695,13.675380298384777,13.675380298384784,ok
matmul,sycl,2048,random,4,3,64_32_8_4_1,7.002111911773682,1.7530879974365234,33.39836179157323,13.675380298384784,ok
matmul,sycl,2048,random,4,4,64_32_16_4_1,6.011903762817383,0.7628798484802246,14.533746862850027,13.675380298384784,ok
matmul,sycl,2048,random,4,5,128_64_16_4_4,5.840896129608154,0.5918722152709961,11.275852900086036,11.275852900086038,ok
matmul,sycl,2048,random,4,6,32_64_16_2_4,9.381888389587402,4.132864475250244,78.73586675727955,11.275852900086038,ok
matmul,sycl,2048,random,4,7,64_32_32_2_4,8.48588752746582,3.236863613128662,61.66601002307321,11.275852900086038,ok
matmul,sycl,2048,random,4,8,128_32_16_4_2,5.653503894805908,0.40447998046875,7.705813253468996,7.705813253468999,ok
matmul,sycl,2048,random,4,9,64_32_16_2_4,8.154111862182617,2.905087947845459,55.345298387963446,7.705813253468999,ok
matmul,sycl,2048,random,4,10,32_64_32_4_4,6.516736030578613,1.267712116241455,24.151387704270743,7.705813253468999,ok
matmul,sycl,2048,random,4,11,32_128_32_4_4,7.9339518547058105,2.6849279403686523,51.15099462654482,7.705813253468999,ok
matmul,sycl,2048,random,4,12,128_32_16_4_4,5.368832111358643,0.11980819702148438,2.2824852577684185,2.2824852577684176,ok
matmul,sycl,2048,random,4,13,32_32_16_4_2,5.262335777282715,0.01331186294555664,0.2536064449848885,0.25360644498487966,ok
matmul,sycl,2048,random,4,14,32_128_16_4_4,7.043071746826172,1.7940478324890137,34.17869420615061,0.25360644498487966,ok
matmul,sycl,2048,random,4,15,32_128_16_2_4,11.104255676269531,5.855231761932373,111.54896334039215,0.25360644498487966,ok
matmul,sycl,2048,random,5,1,32_32_32_2_2,8.399871826171875,3.150847911834717,60.027311044030604,60.027311044030604,ok
matmul,sycl,2048,random,5,2,32_64_16_1_4,11.593728065490723,6.3447041511535645,120.87398066188402,60.027311044030604,ok
matmul,sycl,2048,random,5,3,32_128_16_4_4,7.043071746826172,1.7940478324890137,34.17869420615061,34.1786942061506,ok
matmul,sycl,2048,random,5,4,64_32_8_1_4,7.997439861297607,2.748415946960449,52.36051486550555,34.1786942061506,ok
matmul,sycl,2048,random,5,5,64_32_16_2_4,8.154111862182617,2.905087947845459,55.345298387963446,34.1786942061506,ok
matmul,sycl,2048,random,5,6,32_32_16_4_2,5.262335777282715,0.01331186294555664,0.2536064449848885,0.25360644498487966,ok
matmul,sycl,2048,random,5,7,64_32_32_2_4,8.48588752746582,3.236863613128662,61.66601002307321,0.25360644498487966,ok
matmul,sycl,2048,random,5,8,64_32_8_2_2,7.5089921951293945,2.2599682807922363,43.05501970793788,0.25360644498487966,ok
matmul,sycl,2048,random,5,9,32_32_8_4_1,6.818816184997559,1.5697922706604004,29.906365379145594,0.25360644498487966,ok
matmul,sycl,2048,random,5,10,32_128_8_4_4,7.954432010650635,2.7054080963134766,51.54116537598426,0.25360644498487966,ok
matmul,sycl,2048,random,5,11,64_32_32_4_2,5.355519771575928,0.10649585723876953,2.028869728482041,0.25360644498487966,ok
matmul,sycl,2048,random,5,12,32_64_16_4_1,6.928383827209473,1.6793599128723145,31.993756177892795,0.25360644498487966,ok
matmul,sycl,2048,random,5,13,64_64_32_4_2,5.63097620010376,0.38195228576660156,7.276634513387137,0.25360644498487966,ok
matmul,sycl,2048,random,5,14,32_32_16_1_2,7.89299201965332,2.643968105316162,50.37066221196746,0.25360644498487966,ok
matmul,sycl,2048,random,5,15,64_32_32_1_4,9.636863708496094,4.3878397941589355,83.59344262414221,0.25360644498487966,ok
matmul,sycl,2048,random,6,1,32_32_32_2_2,8.399871826171875,3.150847911834717,60.027311044030604,60.027311044030604,ok
matmul,sycl,2048,random,6,2,32_32_32_4_4,5.626880168914795,0.3778562545776367,7.198600363499241,7.1986003634992395,ok
matmul,sycl,2048,random,6,3,32_64_32_1_4,12.232704162597656,6.983680248260498,133.04721720137925,7.1986003634992395,ok
matmul,sycl,2048,random,6,4,32_32_32_4_2,5.705728054046631,0.45670413970947266,8.700744122388793,7.1986003634992395,ok
matmul,sycl,2048,random,6,5,32_128_8_2_4,6.552576065063477,1.3035521507263184,24.834181973639,7.1986003634992395,ok
matmul,sycl,2048,random,6,6,32_32_32_1_4,10.099712371826172,4.850688457489014,92.41124705566432,7.1986003634992395,ok
matmul,sycl,2048,random,6,7,32_32_8_4_2,5.468160152435303,0.21913623809814453,4.174799766097403,4.174799766097405,ok
matmul,sycl,2048,random,6,8,32_128_32_4_2,5.501952171325684,0.2529282569885254,4.8185769605217255,4.174799766097405,ok
matmul,sycl,2048,random,6,9,32_128_16_4_4,7.043071746826172,1.7940478324890137,34.17869420615061,4.174799766097405,ok
matmul,sycl,2048,random,6,10,64_64_8_4_2,5.5357441902160645,0.28672027587890625,5.462354154946025,4.174799766097405,ok
matmul,sycl,2048,random,6,11,128_32_16_4_4,5.368832111358643,0.11980819702148438,2.2824852577684185,2.2824852577684176,ok
matmul,sycl,2048,random,6,12,128_32_8_4_4,6.253568172454834,1.0045442581176758,19.1377344533308,2.2824852577684176,ok
matmul,sycl,2048,random,6,13,32_64_16_4_4,6.128640174865723,0.8796162605285645,16.757711050353286,2.2824852577684176,ok
matmul,sycl,2048,random,6,14,64_32_8_2_4,5.966847896575928,0.7178239822387695,13.675380298384777,2.2824852577684176,ok
matmul,sycl,2048,random,6,15,64_32_8_4_4,5.6750078201293945,0.42598390579223633,8.115487998229653,2.2824852577684176,ok
matmul,sycl,2048,random,7,1,32_32_32_2_2,8.399871826171875,3.150847911834717,60.027311044030604,60.027311044030604,ok
matmul,sycl,2048,random,7,2,32_128_8_2_4,6.552576065063477,1.3035521507263184,24.834181973639,24.83418197363899,ok
matmul,sycl,2048,random,7,3,32_32_8_4_1,6.818816184997559,1.5697922706604004,29.906365379145594,24.83418197363899,ok
matmul,sycl,2048,random,7,4,32_128_8_4_4,7.954432010650635,2.7054080963134766,51.54116537598426,24.83418197363899,ok
matmul,sycl,2048,random,7,5,64_64_16_4_4,5.5715837478637695,0.32255983352661133,6.145139340012773,6.145139340012777,ok
matmul,sycl,2048,random,7,6,32_64_8_4_4,6.184959888458252,0.9359359741210938,17.830666984859466,6.145139340012777,ok
matmul,sycl,2048,random,7,7,64_32_8_2_4,5.966847896575928,0.7178239822387695,13.675380298384777,6.145139340012777,ok
matmul,sycl,2048,random,7,8,64_32_32_4_4,5.249023914337158,0.0,0.0,0.0,ok
matmul,sycl,2048,random,7,9,32_32_8_4_4,5.795839786529541,0.5468158721923828,10.417477251319296,0.0,ok
matmul,sycl,2048,random,7,10,64_64_16_2_4,8.433664321899414,3.184640407562256,60.67109732275642,0.0,ok
matmul,sycl,2048,random,7,11,32_32_32_1_2,10.171392440795898,4.92236852645874,93.77683559440084,0.0,ok
matmul,sycl,2048,random,7,12,32_64_32_1_4,12.232704162597656,6.983680248260498,133.04721720137925,0.0,ok
matmul,sycl,2048,random,7,13,64_32_16_4_1,6.011903762817383,0.7628798484802246,14.533746862850027,0.0,ok
matmul,sycl,2048,random,7,14,32_32_8_2_4,5.805056095123291,0.5560321807861328,10.593058630717778,0.0,ok
matmul,sycl,2048,random,7,15,32_32_16_1_4,8.664064407348633,3.4150404930114746,65.06048645889477,0.0,ok
matmul,sycl,2048,random,8,1,32_32_32_2_2,8.399871826171875,3.150847911834717,60.027311044030604,60.027311044030604,ok
matmul,sycl,2048,random,8,2,64_64_16_4_4,5.5715837478637695,0.32255983352661133,6.145139340012773,6.145139340012777,ok
matmul,sycl,2048,random,8,3,32_128_16_4_2,5.701632022857666,0.4526081085205078,8.62270997250092,6.145139340012777,ok
matmul,sycl,2048,random,8,4,32_32_8_4_2,5.468160152435303,0.21913623809814453,4.174799766097403,4.174799766097405,ok
matmul,sycl,2048,random,8,5,64_128_32_4_4,7.2570881843566895,2.0080642700195312,38.25595582703889,4.174799766097405,ok
matmul,sycl,2048,random,8,6,32_64_32_4_4,6.516736030578613,1.267712116241455,24.151387704270743,4.174799766097405,ok
matmul,sycl,2048,random,8,7,32_32_16_1_4,8.664064407348633,3.4150404930114746,65.06048645889477,4.174799766097405,ok
matmul,sycl,2048,random,8,8,32_128_16_2_4,11.104255676269531,5.855231761932373,111.54896334039215,4.174799766097405,ok
matmul,sycl,2048,random,8,9,64_64_16_2_4,8.433664321899414,3.184640407562256,60.67109732275642,4.174799766097405,ok
matmul,sycl,2048,random,8,10,64_32_8_4_2,5.6145920753479,0.3655681610107422,6.964497913835577,4.174799766097405,ok
matmul,sycl,2048,random,8,11,32_32_16_4_2,5.262335777282715,0.01331186294555664,0.2536064449848885,0.25360644498487966,ok
matmul,sycl,2048,random,8,12,128_32_8_2_4,6.592512130737305,1.3434882164001465,25.595010392895134,0.25360644498487966,ok
matmul,sycl,2048,random,8,13,128_64_32_4_4,5.8173441886901855,0.5683202743530273,10.827161080381442,0.25360644498487966,ok
matmul,sycl,2048,random,8,14,32_64_8_4_4,6.184959888458252,0.9359359741210938,17.830666984859466,0.25360644498487966,ok
matmul,sycl,2048,random,8,15,32_32_32_4_2,5.705728054046631,0.45670413970947266,8.700744122388793,0.25360644498487966,ok
matmul,sycl,2048,random,9,1,32_32_32_2_2,8.399871826171875,3.150847911834717,60.027311044030604,60.027311044030604,ok
matmul,sycl,2048,random,9,2,32_128_16_2_4,11.104255676269531,5.855231761932373,111.54896334039215,60.027311044030604,ok
matmul,sycl,2048,random,9,3,32_128_8_4_2,7.089151859283447,1.840127944946289,35.05657385023857,35.056573850238564,ok
matmul,sycl,2048,random,9,4,64_64_32_4_4,5.438464164733887,0.18944025039672852,3.609056721560977,3.609056721560981,ok
matmul,sycl,2048,random,9,5,32_32_8_2_4,5.805056095123291,0.5560321807861328,10.593058630717778,3.609056721560981,ok
matmul,sycl,2048,random,9,6,64_64_8_4_2,5.5357441902160645,0.28672027587890625,5.462354154946025,3.609056721560981,ok
matmul,sycl,2048,random,9,7,32_32_32_2_1,8.51968002319336,3.270656108856201,62.309796301799025,3.609056721560981,ok
matmul,sycl,2048,random,9,8,64_32_8_4_4,5.6750078201293945,0.42598390579223633,8.115487998229653,3.609056721560981,ok
matmul,sycl,2048,random,9,9,64_32_16_4_1,6.011903762817383,0.7628798484802246,14.533746862850027,3.609056721560981,ok
matmul,sycl,2048,random,9,10,32_32_32_4_4,5.626880168914795,0.3778562545776367,7.198600363499241,3.609056721560981,ok
matmul,sycl,2048,random,9,11,64_32_16_2_4,8.154111862182617,2.905087947845459,55.345298387963446,3.609056721560981,ok
matmul,sycl,2048,random,9,12,32_128_16_4_4,7.043071746826172,1.7940478324890137,34.17869420615061,3.609056721560981,ok
matmul,sycl,2048,random,9,13,64_32_32_2_2,8.335359573364258,3.0863356590270996,58.79827772544714,3.609056721560981,ok
matmul,sycl,2048,random,9,14,64_32_8_4_2,5.6145920753479,0.3655681610107422,6.964497913835577,3.609056721560981,ok
matmul,sycl,2048,random,9,15,32_32_16_1_4,8.664064407348633,3.4150404930114746,65.06048645889477,3.609056721560981,ok
matmul,cuda,2048,bayesian,0,1,32_32_32_2_2,3.019007921218872,0.912992000579834,43.35161912274626,43.35161912274626,ok
matmul,cuda,2048,bayesian,0,2,64_32_8_2_2,2.9751999378204346,0.8691840171813965,41.27148368933773,41.271483689337735,ok
matmul,cuda,2048,bayesian,0,3,64_32_8_4_4,3.6398720741271973,1.5338561534881592,72.83212526820473,41.271483689337735,ok
matmul,cuda,2048,bayesian,0,4,32_64_8_1_4,4.668704032897949,2.562688112258911,121.68417565814522,41.271483689337735,ok
matmul,cuda,2048,bayesian,0,5,32_32_8_4_4,3.5393919944763184,1.4333760738372803,68.06102744951446,41.271483689337735,ok
matmul,cuda,2048,bayesian,0,6,64_32_8_2_2,2.9751999378204346,0.8691840171813965,41.27148368933773,41.271483689337735,ok
matmul,cuda,2048,bayesian,0,7,128_64_8_4_4,3.0018880367279053,0.8958721160888672,42.53871527319835,41.271483689337735,ok
matmul,cuda,2048,bayesian,0,8,64_32_8_2_2,2.9751999378204346,0.8691840171813965,41.27148368933773,41.271483689337735,ok
matmul,cuda,2048,bayesian,0,9,64_32_32_4_2,5.024735927581787,2.918720006942749,138.5896458967465,41.271483689337735,ok
matmul,cuda,2048,bayesian,0,10,32_64_16_1_4,3.6353280544281006,1.5293121337890625,72.61636148149422,41.271483689337735,ok
matmul,cuda,2048,bayesian,0,11,64_32_16_4_4,4.536863803863525,2.4308478832244873,115.42400318070167,41.271483689337735,ok
matmul,cuda,2048,bayesian,0,12,32_32_16_1_2,3.8346240520477295,1.7286081314086914,82.07953769334146,41.271483689337735,ok
matmul,cuda,2048,bayesian,0,13,128_64_8_4_4,3.0018880367279053,0.8958721160888672,42.53871527319835,41.271483689337735,ok
matmul,cuda,2048,bayesian,0,14,128_64_8_4_4,3.0018880367279053,0.8958721160888672,42.53871527319835,41.271483689337735,ok
matmul,cuda,2048,bayesian,0,15,64_32_32_1_4,5.228288173675537,3.122272253036499,148.25492164793766,41.271483689337735,ok
matmul,cuda,2048,bayesian,1,1,32_32_32_2_2,3.019007921218872,0.912992000579834,43.35161912274626,43.35161912274626,ok
matmul,cuda,2048,bayesian,1,2,32_32_32_4_1,4.592160224914551,2.4861443042755127,118.0496443503205,43.35161912274626,ok
matmul,cuda,2048,bayesian,1,3,32_128_8_2_4,3.7744638919830322,1.6684479713439941,79.2229514978087,43.35161912274626,ok
matmul,cuda,2048,bayesian,1,4,32_32_32_2_2,3.019007921218872,0.912992000579834,43.35161912274626,43.35161912274626,ok
matmul,cuda,2048,bayesian,1,5,32_32_32_2_4,3.45414400100708,1.348128080368042,64.01319511198061,43.35161912274626,ok
matmul,cuda,2048,bayesian,1,6,32_64_16_4_1,3.9792959690093994,1.8732800483703613,88.9489974891521,43.35161912274626,ok
matmul,cuda,2048,bayesian,1,7,64_32_32_1_4,5.228288173675537,3.122272253036499,148.25492164793766,43.35161912274626,ok
matmul,cuda,2048,bayesian,1,8,32_128_32_4_2,4.481535911560059,2.3755199909210205,112.79686766091518,43.35161912274626,ok
matmul,cuda,2048,bayesian,1,9,32_64_32_4_4,3.753472089767456,1.647456169128418,78.22619729429789,43.35161912274626,ok
matmul,cuda,2048,bayesian,1,10,32_32_32_1_4,6.081567764282227,3.9755518436431885,188.7712151025368,43.35161912274626,ok
matmul,cuda,2048,bayesian,1,11,32_64_32_1_4,4.358975887298584,2.252959966659546,106.9773473495832,43.35161912274626,ok
matmul,cuda,2048,bayesian,1,12,32_32_32_2_2,3.019007921218872,0.912992000579834,43.35161912274626,43.35161912274626,ok
matmul,cuda,2048,bayesian,1,13,32_32_32_2_2,3.019007921218872,0.912992000579834,43.35161912274626,43.35161912274626,ok
matmul,cuda,2048,bayesian,1,14,32_32_8_1_4,3.802880048751831,1.696864128112793,80.57223649087636,43.35161912274626,ok
matmul,cuda,2048,bayesian,1,15,128_64_32_4_4,4.532479763031006,2.4264638423919678,115.21583567401024,43.35161912274626,ok
matmul,cuda,2048,bayesian,2,1,32_32_32_2_2,3.019007921218872,0.912992000579834,43.35161912274626,43.35161912274626,ok
matmul,cuda,2048,bayesian,2,2,32_64_16_4_2,3.3454079627990723,1.2393920421600342,58.85007943263601,43.35161912274626,ok
matmul,cuda,2048,bayesian,2,3,32_64_16_1_4,3.6353280544281006,1.5293121337890625,72.61636148149422,43.35161912274626,ok
matmul,cuda,2048,bayesian,2,4,32_32_16_1_4,4.10041618347168,1.9944002628326416,94.70015128031281,43.35161912274626,ok
matmul,cuda,2048,bayesian,2,5,32_128_16_4_2,3.3060801029205322,1.2000641822814941,56.98267380226418,43.35161912274626,ok
matmul,cuda,2048,bayesian,2,6,64_32_8_2_4,3.1221439838409424,1.0161280632019043,48.248831038920926,43.35161912274626,ok
matmul,cuda,2048,bayesian,2,7,128_32_8_4_4,4.5076799392700195,2.4016640186309814,114.03826510021031,43.35161912274626,ok
matmul,cuda,2048,bayesian,2,8,32_64_8_2_2,3.4463679790496826,1.3403520584106445,63.64396609138336,43.35161912274626,ok
matmul,cuda,2048,bayesian,2,9,128_32_8_4_2,4.038368225097656,1.9323523044586182,91.75392671638853,43.35161912274626,ok
matmul,cuda,2048,bayesian,2,10,128_32_8_4_2,4.038368225097656,1.9323523044586182,91.75392671638853,43.35161912274626,ok
matmul,cuda,2048,bayesian,2,11,64_32_16_4_2,3.423935890197754,1.3179199695587158,62.57882272603206,43.35161912274626,ok
matmul,cuda,2048,bayesian,2,12,32_32_16_4_4,5.064896106719971,2.9588801860809326,140.49657256071958,43.35161912274626,ok
matmul,cuda,2048,bayesian,2,13,64_32_32_4_1,4.136447906494141,2.0304319858551025,96.4110463722895,43.35161912274626,ok
matmul,cuda,2048,bayesian,2,14,32_128_16_4_2,3.3060801029205322,1.2000641822814941,56.98267380226418,43.35161912274626,ok
matmul,cuda,2048,bayesian,2,15,64_32_16_2_2,2.9904959201812744,0.8844799995422363,41.99778315416791,41.99778315416792,ok
matmul,cuda,2048,bayesian,3,1,32_32_32_2_2,3.019007921218872,0.912992000579834,43.35161912274626,43.35161912274626,ok
matmul,cuda,2048,bayesian,3,2,32_64_8_2_2,3.4463679790496826,1.3403520584106445,63.64396609138336,43.35161912274626,ok
matmul,cuda,2048,bayesian,3,3,128_64_32_4_4,4.532479763031006,2.4264638423919678,115.21583567401024,43.35161912274626,ok
matmul,cuda,2048,bayesian,3,4,64_32_8_4_1,4.110367774963379,2.004351854324341,95.17268291666814,43.35161912274626,ok
matmul,cuda,2048,bayesian,3,5,64_32_32_4_1,4.136447906494141,2.0304319858551025,96.4110463722895,43.35161912274626,ok
matmul,cuda,2048,bayesian,3,6,128_32_8_4_4,4.5076799392700195,2.4016640186309814,114.03826510021031,43.35161912274626,ok
matmul,cuda,2048,bayesian,3,7,32_64_8_2_2,3.4463679790496826,1.3403520584106445,63.64396609138336,43.35161912274626,ok
matmul,cuda,2048,bayesian,3,8,32_32_32_4_2,4.961952209472656,2.855936288833618,135.60848523723544,43.35161912274626,ok
matmul,cuda,2048,bayesian,3,9,64_64_8_2_4,2.381119966506958,0.2751040458679199,13.06277142408514,13.062771424085144,ok
matmul,cuda,2048,bayesian,3,10,64_32_8_1_4,4.470655918121338,2.3646399974823,112.28025269461335,13.062771424085144,ok
matmul,cuda,2048,bayesian,3,11,64_128_32_4_4,3.7246720790863037,1.6186561584472656,76.85868575751837,13.062771424085144,ok
matmul,cuda,2048,bayesian,3,12,32_64_8_2_2,3.4463679790496826,1.3403520584106445,63.64396609138336,13.062771424085144,ok
matmul,cuda,2048,bayesian,3,13,32_64_8_2_2,3.4463679790496826,1.3403520584106445,63.64396609138336,13.062771424085144,ok
matmul,cuda,2048,bayesian,3,14,64_32_32_2_4,3.8646399974823,1.7586240768432617,83.50478548659947,13.062771424085144,ok
matmul,cuda,2048,bayesian,3,15,64_64_32_4_2,2.9856960773468018,0.8796801567077637,41.76987211192773,13.062771424085144,ok
matmul,cuda,2048,bayesian,4,1,32_32_32_2_2,3.019007921218872,0.912992000579834,43.35161912274626,43.35161912274626,ok
matmul,cuda,2048,bayesian,4,2,128_32_32_4_4,5.252416133880615,3.146400213241577,149.40059010982455,43.35161912274626,ok
matmul,cuda,2048,bayesian,4,3,64_32_8_2_2,2.9751999378204346,0.8691840171813965,41.27148368933773,41.271483689337735,ok
matmul,cuda,2048,bayesian,4,4,128_32_32_4_4,5.252416133880615,3.146400213241577,149.40059010982455,41.271483689337735,ok
matmul,cuda,2048,bayesian,4,5,32_64_32_2_2,3.508608102798462,1.4025921821594238,66.59931524799816,41.271483689337735,ok
matmul,cuda,2048,bayesian,4,6,64_32_16_4_1,4.211935997009277,2.1059200763702393,99.99544902448933,41.271483689337735,ok
matmul,cuda,2048,bayesian,4,7,32_32_16_2_1,3.6724159717559814,1.5664000511169434,74.37740787076497,41.271483689337735,ok
matmul,cuda,2048,bayesian,4,8,32_64_32_2_2,3.508608102798462,1.4025921821594238,66.59931524799816,41.271483689337735,ok
matmul,cuda,2048,bayesian,4,9,128_32_8_2_4,4.42252779006958,2.316511869430542,109.99498373818714,41.271483689337735,ok
matmul,cuda,2048,bayesian,4,10,32_32_8_2_4,3.5841920375823975,1.4781761169433594,70.18826887570866,41.271483689337735,ok
matmul,cuda,2048,bayesian,4,11,32_32_16_2_2,2.7843520641326904,0.6783361434936523,32.20944993083536,32.20944993083536,ok
matmul,cuda,2048,bayesian,4,12,32_128_32_4_2,4.481535911560059,2.3755199909210205,112.79686766091518,32.20944993083536,ok
matmul,cuda,2048,bayesian,4,13,64_64_16_4_2,3.1277759075164795,1.0217599868774414,48.51625179392776,32.20944993083536,ok
matmul,cuda,2048,bayesian,4,14,64_64_16_4_2,3.1277759075164795,1.0217599868774414,48.51625179392776,32.20944993083536,ok
matmul,cuda,2048,bayesian,4,15,32_32_16_2_2,2.7843520641326904,0.6783361434936523,32.20944993083536,32.20944993083536,ok
matmul,cuda,2048,bayesian,5,1,32_32_32_2_2,3.019007921218872,0.912992000579834,43.35161912274626,43.35161912274626,ok
matmul,cuda,2048,bayesian,5,2,32_32_8_4_2,2.770688056945801,0.6646721363067627,31.560641578867,31.56064157886699,ok
matmul,cuda,2048,bayesian,5,3,128_32_16_4_2,3.1655681133270264,1.0595521926879883,50.31073992861761,31.56064157886699,ok
matmul,cuda,2048,bayesian,5,4,32_64_8_4_1,3.48905611038208,1.383040189743042,65.67092756465867,31.56064157886699,ok
matmul,cuda,2048,bayesian,5,5,64_64_8_4_2,2.106015920639038,0.0,0.0,0.0,ok
matmul,cuda,2048,bayesian,5,6,32_32_16_1_4,4.10041618347168,1.9944002628326416,94.70015128031281,0.0,ok
matmul,cuda,2048,bayesian,5,7,128_32_32_4_2,4.673503875732422,2.567487955093384,121.91208670038537,0.0,ok
matmul,cuda,2048,bayesian,5,8,64_64_8_4_2,2.106015920639038,0.0,0.0,0.0,ok
matmul,cuda,2048,bayesian,5,9,64_32_16_1_4,5.18236780166626,3.0763518810272217,146.07448361994102,0.0,ok
matmul,cuda,2048,bayesian,5,10,64_32_32_4_2,5.024735927581787,2.918720006942749,138.5896458967465,0.0,ok
matmul,cuda,2048,bayesian,5,11,32_64_32_4_4,3.753472089767456,1.647456169128418,78.22619729429789,0.0,ok
matmul,cuda,2048,bayesian,5,12,64_64_8_4_2,2.106015920639038,0.0,0.0,0.0,ok
matmul,cuda,2048,bayesian,5,13,32_32_32_4_4,5.82755184173584,3.7215359210968018,176.70977149914228,0.0,ok
matmul,cuda,2048,bayesian,5,14,64_64_8_4_2,2.106015920639038,0.0,0.0,0.0,ok
matmul,cuda,2048,bayesian,5,15,64_64_16_4_4,3.668447971343994,1.562432050704956,74.18899522045683,0.0,ok
matmul,cuda,2048,bayesian,6,1,32_32_32_2_2,3.019007921218872,0.912992000579834,43.35161912274626,43.35161912274626,ok
matmul,cuda,2048,bayesian,6,2,32_32_32_1_4,6.081567764282227,3.9755518436431885,188.7712151025368,43.35161912274626,ok
matmul,cuda,2048,bayesian,6,3,32_64_8_2_2,3.4463679790496826,1.3403520584106445,63.64396609138336,43.35161912274626,ok
matmul,cuda,2048,bayesian,6,4,32_64_32_2_2,3.508608102798462,1.4025921821594238,66.59931524799816,43.35161912274626,ok
matmul,cuda,2048,bayesian,6,5,64_32_16_2_2,2.9904959201812744,0.8844799995422363,41.99778315416791,41.99778315416792,ok
matmul,cuda,2048,bayesian,6,6,32_128_16_4_2,3.3060801029205322,1.2000641822814941,56.98267380226418,41.99778315416792,ok
matmul,cuda,2048,bayesian,6,7,32_64_32_1_4,4.358975887298584,2.252959966659546,106.9773473495832,41.99778315416792,ok
matmul,cuda,2048,bayesian,6,8,64_32_32_2_4,3.8646399974823,1.7586240768432617,83.50478548659947,41.99778315416792,ok
matmul,cuda,2048,bayesian,6,9,32_32_32_1_2,3.8660480976104736,1.7600321769714355,83.57164633576848,41.99778315416792,ok
matmul,cuda,2048,bayesian,6,10,32_32_32_2_1,3.766335964202881,1.6603200435638428,78.8370129253365,41.99778315416792,ok
matmul,cuda,2048,bayesian,6,11,32_32_32_2_1,3.766335964202881,1.6603200435638428,78.8370129253365,41.99778315416792,ok
matmul,cuda,2048,bayesian,6,12,32_128_32_2_4,3.7927041053771973,1.6866881847381592,80.08905194915903,41.99778315416792,ok
matmul,cuda,2048,bayesian,6,13,64_64_8_4_2,2.106015920639038,0.0,0.0,0.0,ok
matmul,cuda,2048,bayesian,6,14,64_32_32_4_1,4.136447906494141,2.0304319858551025,96.4110463722895,0.0,ok
matmul,cuda,2048,bayesian,6,15,64_64_8_4_2,2.106015920639038,0.0,0.0,0.0,ok
matmul,cuda,2048,bayesian,7,1,32_32_32_2_2,3.019007921218872,0.912992000579834,43.35161912274626,43.35161912274626,ok
matmul,cuda,2048,bayesian,7,2,32_32_8_1_4,3.802880048751831,1.696864128112793,80.57223649087636,43.35161912274626,ok
matmul,cuda,2048,bayesian,7,3,128_32_32_2_4,3.582495927810669,1.4764800071716309,70.10773245833848,43.35161912274626,ok
matmul,cuda,2048,bayesian,7,4,64_64_8_4_4,2.8760321140289307,0.7700161933898926,36.56269574430582,36.56269574430582,ok
matmul,cuda,2048,bayesian,7,5,32_32_16_2_2,2.7843520641326904,0.6783361434936523,32.20944993083536,32.20944993083536,ok
matmul,cuda,2048,bayesian,7,6,32_64_16_4_2,3.3454079627990723,1.2393920421600342,58.85007943263601,32.20944993083536,ok
matmul,cuda,2048,bayesian,7,7,128_64_16_4_4,4.770656108856201,2.664640188217163,126.52516830967828,32.20944993083536,ok
matmul,cuda,2048,bayesian,7,8,64_64_8_4_4,2.8760321140289307,0.7700161933898926,36.56269574430582,32.20944993083536,ok
matmul,cuda,2048,bayesian,7,9,32_32_16_4_2,3.1024320125579834,0.9964160919189453,47.31284707556238,32.20944993083536,ok
matmul,cuda,2048,bayesian,7,10,128_32_8_2_4,4.42252779006958,2.316511869430542,109.99498373818714,32.20944993083536,ok
matmul,cuda,2048,bayesian,7,11,32_128_16_2_4,3.955615997314453,1.849600076675415,87.82460087548543,32.20944993083536,ok
matmul,cuda,2048,bayesian,7,12,32_128_32_2_4,3.7927041053771973,1.6866881847381592,80.08905194915903,32.20944993083536,ok
matmul,cuda,2048,bayesian,7,13,64_128_8_4_4,2.55948805809021,0.4534721374511719,21.532227416095353,21.532227416095353,ok
matmul,cuda,2048,bayesian,7,14,64_64_32_4_2,2.9856960773468018,0.8796801567077637,41.76987211192773,21.532227416095353,ok
matmul,cuda,2048,bayesian,7,15,64_128_8_4_4,2.55948805809021,0.4534721374511719,21.532227416095353,21.532227416095353,ok
matmul,cuda,2048,bayesian,8,1,32_32_32_2_2,3.019007921218872,0.912992000579834,43.35161912274626,43.35161912274626,ok
matmul,cuda,2048,bayesian,8,2,64_32_16_2_4,4.000800132751465,1.8947842121124268,89.97008016622607,43.35161912274626,ok
matmul,cuda,2048,bayesian,8,3,64_32_32_2_4,3.8646399974823,1.7586240768432617,83.50478548659947,43.35161912274626,ok
matmul,cuda,2048,bayesian,8,4,32_32_32_2_2,3.019007921218872,0.912992000579834,43.35161912274626,43.35161912274626,ok
matmul,cuda,2048,bayesian,8,5,128_64_8_4_4,3.0018880367279053,0.8958721160888672,42.53871527319835,42.53871527319834,ok
matmul,cuda,2048,bayesian,8,6,32_64_8_2_4,2.651263952255249,0.5452480316162109,25.890024205076468,25.890024205076468,ok
matmul,cuda,2048,bayesian,8,7,128_64_8_4_4,3.0018880367279053,0.8958721160888672,42.53871527319835,25.890024205076468,ok
matmul,cuda,2048,bayesian,8,8,64_32_16_2_2,2.9904959201812744,0.8844799995422363,41.99778315416791,25.890024205076468,ok
matmul,cuda,2048,bayesian,8,9,128_32_16_2_4,4.39024019241333,2.284224271774292,108.46187103282578,25.890024205076468,ok
matmul,cuda,2048,bayesian,8,10,64_64_8_4_2,2.106015920639038,0.0,0.0,0.0,ok
matmul,cuda,2048,bayesian,8,11,32_64_16_2_2,3.1967999935150146,1.0907840728759766,51.79372397835411,0.0,ok
matmul,cuda,2048,bayesian,8,12,32_64_32_2_4,3.8110079765319824,1.7049920558929443,80.95817506334856,0.0,ok
matmul,cuda,2048,bayesian,8,13,32_64_16_1_4,3.6353280544281006,1.5293121337890625,72.61636148149422,0.0,ok
matmul,cuda,2048,bayesian,8,14,64_64_8_4_2,2.106015920639038,0.0,0.0,0.0,ok
matmul,cuda,2048,bayesian,8,15,64_64_8_4_2,2.106015920639038,0.0,0.0,0.0,ok
matmul,cuda,2048,bayesian,9,1,32_32_32_2_2,3.019007921218872,0.912992000579834,43.35161912274626,43.35161912274626,ok
matmul,cuda,2048,bayesian,9,2,32_32_8_1_4,3.802880048751831,1.696864128112793,80.57223649087636,43.35161912274626,ok
matmul,cuda,2048,bayesian,9,3,64_64_32_2_4,3.5306880474090576,1.4246721267700195,67.6477377406399,43.35161912274626,ok
matmul,cuda,2048,bayesian,9,4,32_64_32_2_4,3.8110079765319824,1.7049920558929443,80.95817506334856,43.35161912274626,ok
matmul,cuda,2048,bayesian,9,5,32_32_32_4_1,4.592160224914551,2.4861443042755127,118.0496443503205,43.35161912274626,ok
matmul,cuda,2048,bayesian,9,6,64_64_32_2_4,3.5306880474090576,1.4246721267700195,67.6477377406399,43.35161912274626,ok
matmul,cuda,2048,bayesian,9,7,32_64_8_2_4,2.651263952255249,0.5452480316162109,25.890024205076468,25.890024205076468,ok
matmul,cuda,2048,bayesian,9,8,32_32_32_4_4,5.82755184173584,3.7215359210968018,176.70977149914228,25.890024205076468,ok
matmul,cuda,2048,bayesian,9,9,128_64_16_4_4,4.770656108856201,2.664640188217163,126.52516830967828,25.890024205076468,ok
matmul,cuda,2048,bayesian,9,10,32_32_32_1_4,6.081567764282227,3.9755518436431885,188.7712151025368,25.890024205076468,ok
matmul,cuda,2048,bayesian,9,11,32_128_16_2_4,3.955615997314453,1.849600076675415,87.82460087548543,25.890024205076468,ok
matmul,cuda,2048,bayesian,9,12,64_64_32_2_4,3.5306880474090576,1.4246721267700195,67.6477377406399,25.890024205076468,ok
matmul,cuda,2048,bayesian,9,13,64_32_16_2_4,4.000800132751465,1.8947842121124268,89.97008016622607,25.890024205076468,ok
matmul,cuda,2048,bayesian,9,14,64_64_32_2_4,3.5306880474090576,1.4246721267700195,67.6477377406399,25.890024205076468,ok
matmul,cuda,2048,bayesian,9,15,32_64_8_2_2,3.4463679790496826,1.3403520584106445,63.64396609138336,25.890024205076468,ok
matmul,cuda,2048,random,0,1,32_32_32_2_2,3.019007921218872,0.912992000579834,43.35161912274626,43.35161912274626,ok
matmul,cuda,2048,random,0,2,32_128_32_4_4,4.163424015045166,2.057408094406128,97.69195352435129,43.35161912274626,ok
matmul,cuda,2048,random,0,3,64_32_8_4_1,4.110367774963379,2.004351854324341,95.17268291666814,43.35161912274626,ok
matmul,cuda,2048,random,0,4,32_32_8_4_1,2.9068479537963867,0.8008320331573486,38.02592493765899,38.02592493765899,ok
matmul,cuda,2048,random,0,5,32_64_16_4_2,3.3454079627990723,1.2393920421600342,58.85007943263601,38.02592493765899,ok
matmul,cuda,2048,random,0,6,64_32_32_4_1,4.136447906494141,2.0304319858551025,96.4110463722895,38.02592493765899,ok
matmul,cuda,2048,random,0,7,64_32_32_1_4,5.228288173675537,3.122272253036499,148.25492164793766,38.02592493765899,ok
matmul,cuda,2048,random,0,8,64_32_8_2_2,2.9751999378204346,0.8691840171813965,41.27148368933773,38.02592493765899,ok
matmul,cuda,2048,random,0,9,32_64_32_4_1,4.178175926208496,2.072160005569458,98.392418844616,38.02592493765899,ok
matmul,cuda,2048,random,0,10,64_32_16_4_4,4.536863803863525,2.4308478832244873,115.42400318070167,38.02592493765899,ok
matmul,cuda,2048,random,0,11,32_128_16_4_2,3.3060801029205322,1.2000641822814941,56.98267380226418,38.02592493765899,ok
matmul,cuda,2048,random,0,12,64_64_32_2_4,3.5306880474090576,1.4246721267700195,67.6477377406399,38.02592493765899,ok
matmul,cuda,2048,random,0,13,32_64_8_4_2,3.0233919620513916,0.9173760414123535,43.55978662943774,38.02592493765899,ok
matmul,cuda,2048,random,0,14,64_32_32_2_4,3.8646399974823,1.7586240768432617,83.50478548659947,38.02592493765899,ok
matmul,cuda,2048,random,0,15,32_32_32_1_4,6.081567764282227,3.9755518436431885,188.7712151025368,38.02592493765899,ok
matmul,cuda,2048,random,1,1,32_32_32_2_2,3.019007921218872,0.912992000579834,43.35161912274626,43.35161912274626,ok
matmul,cuda,2048,random,1,2,64_32_8_4_2,2.497663974761963,0.3916480541229248,18.59663311586388,18.596633115863874,ok
matmul,cuda,2048,random,1,3,128_32_16_4_4,4.18342399597168,2.0774080753326416,98.641613055911,18.596633115863874,ok
matmul,cuda,2048,random,1,4,32_32_16_2_4,4.303071975708008,2.1970560550689697,104.32286069339432,18.596633115863874,ok
matmul,cuda,2048,random,1,5,64_32_8_1_4,4.470655918121338,2.3646399974823,112.28025269461335,18.596633115863874,ok
matmul,cuda,2048,random,1,6,32_128_16_4_2,3.3060801029205322,1.2000641822814941,56.98267380226418,18.596633115863874,ok
matmul,cuda,2048,random,1,7,32_32_16_1_2,3.8346240520477295,1.7286081314086914,82.07953769334146,18.596633115863874,ok
matmul,cuda,2048,random,1,8,64_32_16_4_1,4.211935997009277,2.1059200763702393,99.99544902448933,18.596633115863874,ok
matmul,cuda,2048,random,1,9,32_32_32_4_2,4.961952209472656,2.855936288833618,135.60848523723544,18.596633115863874,ok
matmul,cuda,2048,random,1,10,64_64_8_2_4,2.381119966506958,0.2751040458679199,13.06277142408514,13.062771424085144,ok
matmul,cuda,2048,random,1,11,64_32_8_4_4,3.6398720741271973,1.5338561534881592,72.83212526820473,13.062771424085144,ok
matmul,cuda,2048,random,1,12,32_32_32_1_2,3.8660480976104736,1.7600321769714355,83.57164633576848,13.062771424085144,ok
matmul,cuda,2048,random,1,13,32_64_8_4_4,2.940351963043213,0.8343360424041748,39.61679654116806,13.062771424085144,ok
matmul,cuda,2048,random,1,14,32_64_16_2_2,3.1967999935150146,1.0907840728759766,51.79372397835411,13.062771424085144,ok
matmul,cuda,2048,random,1,15,32_128_16_4_4,4.318079948425293,2.212064027786255,105.03548459002334,13.062771424085144,ok
matmul,cuda,2048,random,2,1,32_32_32_2_2,3.019007921218872,0.912992000579834,43.35161912274626,43.35161912274626,ok
matmul,cuda,2048,random,2,2,64_32_16_2_2,2.9904959201812744,0.8844799995422363,41.99778315416791,41.99778315416792,ok
matmul,cuda,2048,random,2,3,32_32_8_4_2,2.770688056945801,0.6646721363067627,31.560641578867,31.56064157886699,ok
matmul,cuda,2048,random,2,4,64_32_16_4_2,3.423935890197754,1.3179199695587158,62.57882272603206,31.56064157886699,ok
matmul,cuda,2048,random,2,5,32_64_16_4_1,3.9792959690093994,1.8732800483703613,88.9489974891521,31.56064157886699,ok
matmul,cuda,2048,random,2,6,128_64_16_4_4,4.770656108856201,2.664640188217163,126.52516830967828,31.56064157886699,ok
matmul,cuda,2048,random,2,7,32_64_8_1_4,4.668704032897949,2.562688112258911,121.68417565814522,31.56064157886699,ok
matmul,cuda,2048,random,2,8,64_64_16_4_4,3.668447971343994,1.562432050704956,74.18899522045683,31.56064157886699,ok
matmul,cuda,2048,random,2,9,128_32_8_4_2,4.038368225097656,1.9323523044586182,91.75392671638853,31.56064157886699,ok
matmul,cuda,2048,random,2,10,32_32_32_1_4,6.081567764282227,3.9755518436431885,188.7712151025368,31.56064157886699,ok
matmul,cuda,2048,random,2,11,64_32_8_2_2,2.9751999378204346,0.8691840171813965,41.27148368933773,31.56064157886699,ok
matmul,cuda,2048,random,2,12,32_64_8_2_2,3.4463679790496826,1.3403520584106445,63.64396609138336,31.56064157886699,ok
matmul,cuda,2048,random,2,13,128_32_16_2_4,4.39024019241333,2.284224271774292,108.46187103282578,31.56064157886699,ok
matmul,cuda,2048,random,2,14,32_32_32_2_1,3.766335964202881,1.6603200435638428,78.8370129253365,31.56064157886699,ok
matmul,cuda,2048,random,2,15,64_64_8_2_4,2.381119966506958,0.2751040458679199,13.06277142408514,13.062771424085144,ok
matmul,cuda,2048,random,3,1,32_32_32_2_2,3.019007921218872,0.912992000579834,43.35161912274626,43.35161912274626,ok
matmul,cuda,2048,random,3,2,128_32_8_4_2,4.038368225097656,1.9323523044586182,91.75392671638853,43.35161912274626,ok
matmul,cuda,2048,random,3,3,32_32_32_1_2,3.8660480976104736,1.7600321769714355,83.57164633576848,43.35161912274626,ok
matmul,cuda,2048,random,3,4,32_64_32_4_2,3.202687978744507,1.0966720581054688,52.07330330972524,43.35161912274626,ok
matmul,cuda,2048,random,3,5,32_32_16_2_1,3.6724159717559814,1.5664000511169434,74.37740787076497,43.35161912274626,ok
matmul,cuda,2048,random,3,6,32_64_32_1_4,4.358975887298584,2.252959966659546,106.9773473495832,43.35161912274626,ok
matmul,cuda,2048,random,3,7,128_64_32_4_4,4.532479763031006,2.4264638423919678,115.21583567401024,43.35161912274626,ok
matmul,cuda,2048,random,3,8,128_32_8_4_4,4.5076799392700195,2.4016640186309814,114.03826510021031,43.35161912274626,ok
matmul,cuda,2048,random,3,9,32_32_32_2_1,3.766335964202881,1.6603200435638428,78.8370129253365,43.35161912274626,ok
matmul,cuda,2048,random,3,10,64_128_8_4_4,2.55948805809021,0.4534721374511719,21.532227416095353,21.532227416095353,ok
matmul,cuda,2048,random,3,11,128_32_32_2_4,3.582495927810669,1.4764800071716309,70.10773245833848,21.532227416095353,ok
matmul,cuda,2048,random,3,12,64_32_16_1_4,5.18236780166626,3.0763518810272217,146.07448361994102,21.532227416095353,ok
matmul,cuda,2048,random,3,13,32_64_32_4_1,4.178175926208496,2.072160005569458,98.392418844616,21.532227416095353,ok
matmul,cuda,2048,random,3,14,32_64_8_4_4,2.940351963043213,0.8343360424041748,39.61679654116806,21.532227416095353,ok
matmul,cuda,2048,random,3,15,32_64_8_1_4,4.668704032897949,2.562688112258911,121.68417565814522,21.532227416095353,ok
matmul,cuda,2048,random,4,1,32_32_32_2_2,3.019007921218872,0.912992000579834,43.35161912274626,43.35161912274626,ok
matmul,cuda,2048,random,4,2,64_32_8_2_4,3.1221439838409424,1.0161280632019043,48.248831038920926,43.35161912274626,ok
matmul,cuda,2048,random,4,3,64_32_8_4_1,4.110367774963379,2.004351854324341,95.17268291666814,43.35161912274626,ok
matmul,cuda,2048,random,4,4,64_32_16_4_1,4.211935997009277,2.1059200763702393,99.99544902448933,43.35161912274626,ok
matmul,cuda,2048,random,4,5,128_64_16_4_4,4.770656108856201,2.664640188217163,126.52516830967828,43.35161912274626,ok
matmul,cuda,2048,random,4,6,32_64_16_2_4,2.9973440170288086,0.8913280963897705,42.32295148648786,42.322951486487845,ok
matmul,cuda,2048,random,4,7,64_32_32_2_4,3.8646399974823,1.7586240768432617,83.50478548659947,42.322951486487845,ok
matmul,cuda,2048,random,4,8,128_32_16_4_2,3.1655681133270264,1.0595521926879883,50.31073992861761,42.322951486487845,ok
matmul,cuda,2048,random,4,9,64_32_16_2_4,4.000800132751465,1.8947842121124268,89.97008016622607,42.322951486487845,ok
matmul,cuda,2048,random,4,10,32_64_32_4_4,3.753472089767456,1.647456169128418,78.22619729429789,42.322951486487845,ok
matmul,cuda,2048,random,4,11,32_128_32_4_4,4.163424015045166,2.057408094406128,97.69195352435129,42.322951486487845,ok
matmul,cuda,2048,random,4,12,128_32_16_4_4,4.18342399597168,2.0774080753326416,98.641613055911,42.322951486487845,ok
matmul,cuda,2048,random,4,13,32_32_16_4_2,3.1024320125579834,0.9964160919189453,47.31284707556238,42.322951486487845,ok
matmul,cuda,2048,random,4,14,32_128_16_4_4,4.318079948425293,2.212064027786255,105.03548459002334,42.322951486487845,ok
matmul,cuda,2048,random,4,15,32_128_16_2_4,3.955615997314453,1.849600076675415,87.82460087548543,42.322951486487845,ok
matmul,cuda,2048,random,5,1,32_32_32_2_2,3.019007921218872,0.912992000579834,43.35161912274626,43.35161912274626,ok
matmul,cuda,2048,random,5,2,32_64_16_1_4,3.6353280544281006,1.5293121337890625,72.61636148149422,43.35161912274626,ok
matmul,cuda,2048,random,5,3,32_128_16_4_4,4.318079948425293,2.212064027786255,105.03548459002334,43.35161912274626,ok
matmul,cuda,2048,random,5,4,64_32_8_1_4,4.470655918121338,2.3646399974823,112.28025269461335,43.35161912274626,ok
matmul,cuda,2048,random,5,5,64_32_16_2_4,4.000800132751465,1.8947842121124268,89.97008016622607,43.35161912274626,ok
matmul,cuda,2048,random,5,6,32_32_16_4_2,3.1024320125579834,0.9964160919189453,47.31284707556238,43.35161912274626,ok
matmul,cuda,2048,random,5,7,64_32_32_2_4,3.8646399974823,1.7586240768432617,83.50478548659947,43.35161912274626,ok
matmul,cuda,2048,random,5,8,64_32_8_2_2,2.9751999378204346,0.8691840171813965,41.27148368933773,41.271483689337735,ok
matmul,cuda,2048,random,5,9,32_32_8_4_1,2.9068479537963867,0.8008320331573486,38.02592493765899,38.02592493765899,ok
matmul,cuda,2048,random,5,10,32_128_8_4_4,4.315616130828857,2.2096002101898193,104.91849508522945,38.02592493765899,ok
matmul,cuda,2048,random,5,11,64_32_32_4_2,5.024735927581787,2.918720006942749,138.5896458967465,38.02592493765899,ok
matmul,cuda,2048,random,5,12,32_64_16_4_1,3.9792959690093994,1.8732800483703613,88.9489974891521,38.02592493765899,ok
matmul,cuda,2048,random,5,13,64_64_32_4_2,2.9856960773468018,0.8796801567077637,41.76987211192773,38.02592493765899,ok
matmul,cuda,2048,random,5,14,32_32_16_1_2,3.8346240520477295,1.7286081314086914,82.07953769334146,38.02592493765899,ok
matmul,cuda,2048,random,5,15,64_32_32_1_4,5.228288173675537,3.122272253036499,148.25492164793766,38.02592493765899,ok
matmul,cuda,2048,random,6,1,32_32_32_2_2,3.019007921218872,0.912992000579834,43.35161912274626,43.35161912274626,ok
matmul,cuda,2048,random,6,2,32_32_32_4_4,5.82755184173584,3.7215359210968018,176.70977149914228,43.35161912274626,ok
matmul,cuda,2048,random,6,3,32_64_32_1_4,4.358975887298584,2.252959966659546,106.9773473495832,43.35161912274626,ok
matmul,cuda,2048,random,6,4,32_32_32_4_2,4.961952209472656,2.855936288833618,135.60848523723544,43.35161912274626,ok
matmul,cuda,2048,random,6,5,32_128_8_2_4,3.7744638919830322,1.6684479713439941,79.2229514978087,43.35161912274626,ok
matmul,cuda,2048,random,6,6,32_32_32_1_4,6.081567764282227,3.9755518436431885,188.7712151025368,43.35161912274626,ok
matmul,cuda,2048,random,6,7,32_32_8_4_2,2.770688056945801,0.6646721363067627,31.560641578867,31.56064157886699,ok
matmul,cuda,2048,random,6,8,32_128_32_4_2,4.481535911560059,2.3755199909210205,112.79686766091518,31.56064157886699,ok
matmul,cuda,2048,random,6,9,32_128_16_4_4,4.318079948425293,2.212064027786255,105.03548459002334,31.56064157886699,ok
matmul,cuda,2048,random,6,10,64_64_8_4_2,2.106015920639038,0.0,0.0,0.0,ok
matmul,cuda,2048,random,6,11,128_32_16_4_4,4.18342399597168,2.0774080753326416,98.641613055911,0.0,ok
matmul,cuda,2048,random,6,12,128_32_8_4_4,4.5076799392700195,2.4016640186309814,114.03826510021031,0.0,ok
matmul,cuda,2048,random,6,13,32_64_16_4_4,4.728127956390381,2.6221120357513428,124.50580311642199,0.0,ok
matmul,cuda,2048,random,6,14,64_32_8_2_4,3.1221439838409424,1.0161280632019043,48.248831038920926,0.0,ok
matmul,cuda,2048,random,6,15,64_32_8_4_4,3.6398720741271973,1.5338561534881592,72.83212526820473,0.0,ok
matmul,cuda,2048,random,7,1,32_32_32_2_2,3.019007921218872,0.912992000579834,43.35161912274626,43.35161912274626,ok
matmul,cuda,2048,random,7,2,32_128_8_2_4,3.7744638919830322,1.6684479713439941,79.2229514978087,43.35161912274626,ok
matmul,cuda,2048,random,7,3,32_32_8_4_1,2.9068479537963867,0.8008320331573486,38.02592493765899,38.02592493765899,ok
matmul,cuda,2048,random,7,4,32_128_8_4_4,4.315616130828857,2.2096002101898193,104.91849508522945,38.02592493765899,ok
matmul,cuda,2048,random,7,5,64_64_16_4_4,3.668447971343994,1.562432050704956,74.18899522045683,38.02592493765899,ok
matmul,cuda,2048,random,7,6,32_64_8_4_4,2.940351963043213,0.8343360424041748,39.61679654116806,38.02592493765899,ok
matmul,cuda,2048,random,7,7,64_32_8_2_4,3.1221439838409424,1.0161280632019043,48.248831038920926,38.02592493765899,ok
matmul,cuda,2048,random,7,8,64_32_32_4_4,4.09225606918335,1.9862401485443115,94.31268439516913,38.02592493765899,ok
matmul,cuda,2048,random,7,9,32_32_8_4_4,3.5393919944763184,1.4333760738372803,68.06102744951446,38.02592493765899,ok
matmul,cuda,2048,random,7,10,64_64_16_2_4,2.8569281101226807,0.7509121894836426,35.65557990918653,35.65557990918653,ok
matmul,cuda,2048,random,7,11,32_32_32_1_2,3.8660480976104736,1.7600321769714355,83.57164633576848,35.65557990918653,ok
matmul,cuda,2048,random,7,12,32_64_32_1_4,4.358975887298584,2.252959966659546,106.9773473495832,35.65557990918653,ok
matmul,cuda,2048,random,7,13,64_32_16_4_1,4.211935997009277,2.1059200763702393,99.99544902448933,35.65557990918653,ok
matmul,cuda,2048,random,7,14,32_32_8_2_4,3.5841920375823975,1.4781761169433594,70.18826887570866,35.65557990918653,ok
matmul,cuda,2048,random,7,15,32_32_16_1_4,4.10041618347168,1.9944002628326416,94.70015128031281,35.65557990918653,ok
matmul,cuda,2048,random,8,1,32_32_32_2_2,3.019007921218872,0.912992000579834,43.35161912274626,43.35161912274626,ok
matmul,cuda,2048,random,8,2,64_64_16_4_4,3.668447971343994,1.562432050704956,74.18899522045683,43.35161912274626,ok
matmul,cuda,2048,random,8,3,32_128_16_4_2,3.3060801029205322,1.2000641822814941,56.98267380226418,43.35161912274626,ok
matmul,cuda,2048,random,8,4,32_32_8_4_2,2.770688056945801,0.6646721363067627,31.560641578867,31.56064157886699,ok
matmul,cuda,2048,random,8,5,64_128_32_4_4,3.7246720790863037,1.6186561584472656,76.85868575751837,31.56064157886699,ok
matmul,cuda,2048,random,8,6,32_64_32_4_4,3.753472089767456,1.647456169128418,78.22619729429789,31.56064157886699,ok
matmul,cuda,2048,random,8,7,32_32_16_1_4,4.10041618347168,1.9944002628326416,94.70015128031281,31.56064157886699,ok
matmul,cuda,2048,random,8,8,32_128_16_2_4,3.955615997314453,1.849600076675415,87.82460087548543,31.56064157886699,ok
matmul,cuda,2048,random,8,9,64_64_16_2_4,2.8569281101226807,0.7509121894836426,35.65557990918653,31.56064157886699,ok
matmul,cuda,2048,random,8,10,64_32_8_4_2,2.497663974761963,0.3916480541229248,18.59663311586388,18.596633115863874,ok
matmul,cuda,2048,random,8,11,32_32_16_4_2,3.1024320125579834,0.9964160919189453,47.31284707556238,18.596633115863874,ok
matmul,cuda,2048,random,8,12,128_32_8_2_4,4.42252779006958,2.316511869430542,109.99498373818714,18.596633115863874,ok
matmul,cuda,2048,random,8,13,128_64_32_4_4,4.532479763031006,2.4264638423919678,115.21583567401024,18.596633115863874,ok
matmul,cuda,2048,random,8,14,32_64_8_4_4,2.940351963043213,0.8343360424041748,39.61679654116806,18.596633115863874,ok
matmul,cuda,2048,random,8,15,32_32_32_4_2,4.961952209472656,2.855936288833618,135.60848523723544,18.596633115863874,ok
matmul,cuda,2048,random,9,1,32_32_32_2_2,3.019007921218872,0.912992000579834,43.35161912274626,43.35161912274626,ok
matmul,cuda,2048,random,9,2,32_128_16_2_4,3.955615997314453,1.849600076675415,87.82460087548543,43.35161912274626,ok
matmul,cuda,2048,random,9,3,32_128_8_4_2,3.25600004196167,1.1499841213226318,54.604721172938085,43.35161912274626,ok
matmul,cuda,2048,random,9,4,64_64_32_4_4,3.6611199378967285,1.5551040172576904,73.84103804807982,43.35161912274626,ok
matmul,cuda,2048,random,9,5,32_32_8_2_4,3.5841920375823975,1.4781761169433594,70.18826887570866,43.35161912274626,ok
matmul,cuda,2048,random,9,6,64_64_8_4_2,2.106015920639038,0.0,0.0,0.0,ok
matmul,cuda,2048,random,9,7,32_32_32_2_1,3.766335964202881,1.6603200435638428,78.8370129253365,0.0,ok
matmul,cuda,2048,random,9,8,64_32_8_4_4,3.6398720741271973,1.5338561534881592,72.83212526820473,0.0,ok
matmul,cuda,2048,random,9,9,64_32_16_4_1,4.211935997009277,2.1059200763702393,99.99544902448933,0.0,ok
matmul,cuda,2048,random,9,10,32_32_32_4_4,5.82755184173584,3.7215359210968018,176.70977149914228,0.0,ok
matmul,cuda,2048,random,9,11,64_32_16_2_4,4.000800132751465,1.8947842121124268,89.97008016622607,0.0,ok
matmul,cuda,2048,random,9,12,32_128_16_4_4,4.318079948425293,2.212064027786255,105.03548459002334,0.0,ok
matmul,cuda,2048,random,9,13,64_32_32_2_2,3.471776008605957,1.365760087966919,64.8504161142571,0.0,ok
matmul,cuda,2048,random,9,14,64_32_8_4_2,2.497663974761963,0.3916480541229248,18.59663311586388,0.0,ok
matmul,cuda,2048,random,9,15,32_32_16_1_4,4.10041618347168,1.9944002628326416,94.70015128031281,0.0,ok
matmul,sycl,4096,bayesian,0,1,32_32_32_2_2,46.54796600341797,24.596477508544922,112.04924674829972,112.04924674829971,ok
matmul,sycl,4096,bayesian,0,2,64_32_8_2_2,41.5283203125,19.576831817626953,89.18225213838818,89.18225213838818,ok
matmul,sycl,4096,bayesian,0,3,64_32_8_4_4,23.835647583007812,1.8841590881347656,8.583286224871834,8.583286224871843,ok
matmul,sycl,4096,bayesian,0,4,32_64_8_1_4,43.826175689697266,21.87468719482422,99.65013169805425,8.583286224871843,ok
matmul,sycl,4096,bayesian,0,5,32_32_8_4_4,25.383935928344727,3.4324474334716797,15.636513370258953,8.583286224871843,ok
matmul,sycl,4096,bayesian,0,6,64_32_8_4_4,23.835647583007812,1.8841590881347656,8.583286224871834,8.583286224871843,ok
matmul,sycl,4096,bayesian,0,7,128_64_8_4_4,26.54105567932129,4.589567184448242,20.907772088075816,8.583286224871843,ok
matmul,sycl,4096,bayesian,0,8,64_32_32_4_2,23.387136459350586,1.435647964477539,6.540093920340961,6.540093920340967,ok
matmul,sycl,4096,bayesian,0,9,64_32_32_4_2,23.387136459350586,1.435647964477539,6.540093920340961,6.540093920340967,ok
matmul,sycl,4096,bayesian,0,10,64_32_32_4_2,23.387136459350586,1.435647964477539,6.540093920340961,6.540093920340967,ok
matmul,sycl,4096,bayesian,0,11,64_32_16_4_4,22.6560001373291,0.7045116424560547,3.2094025998309794,3.209402599830983,ok
matmul,sycl,4096,bayesian,0,12,64_32_32_4_2,23.387136459350586,1.435647964477539,6.540093920340961,3.209402599830983,ok
matmul,sycl,4096,bayesian,0,13,32_32_32_1_4,60.263423919677734,38.31193542480469,174.53001163794775,3.209402599830983,ok
matmul,sycl,4096,bayesian,0,14,64_32_16_1_4,47.34668731689453,25.395198822021484,115.68782147940783,3.209402599830983,ok
matmul,sycl,4096,bayesian,0,15,64_32_32_4_1,28.93619155883789,6.984703063964844,31.818812950184117,3.209402599830983,ok
matmul,sycl,4096,bayesian,1,1,32_32_32_2_2,46.54796600341797,24.596477508544922,112.04924674829972,112.04924674829971,ok
matmul,sycl,4096,bayesian,1,2,32_32_32_4_1,28.113920211791992,6.162431716918945,28.072956047414422,28.072956047414426,ok
matmul,sycl,4096,bayesian,1,3,32_128_8_2_4,26.075136184692383,4.123647689819336,18.78527595421353,18.785275954213528,ok
matmul,sycl,4096,bayesian,1,4,32_32_32_2_2,46.54796600341797,24.596477508544922,112.04924674829972,18.785275954213528,ok
matmul,sycl,4096,bayesian,1,5,32_32_32_2_4,46.68415832519531,24.732669830322266,112.6696708339336,18.785275954213528,ok
matmul,sycl,4096,bayesian,1,6,32_128_8_2_4,26.075136184692383,4.123647689819336,18.78527595421353,18.785275954213528,ok
matmul,sycl,4096,bayesian,1,7,64_32_32_1_4,59.112449645996094,37.16096115112305,169.2867486403134,18.785275954213528,ok
matmul,sycl,4096,bayesian,1,8,32_128_8_2_4,26.075136184692383,4.123647689819336,18.78527595421353,18.785275954213528,ok
matmul,sycl,4096,bayesian,1,9,32_32_32_2_1,48.72089767456055,26.7694091796875,121.94803639825938,18.785275954213528,ok
matmul,sycl,4096,bayesian,1,10,32_32_32_1_4,60.263423919677734,38.31193542480469,174.53001163794775,18.785275954213528,ok
matmul,sycl,4096,bayesian,1,11,32_64_32_2_4,45.469696044921875,23.518207550048828,107.13718823915607,18.785275954213528,ok
matmul,sycl,4096,bayesian,1,12,32_128_8_2_4,26.075136184692383,4.123647689819336,18.78527595421353,18.785275954213528,ok
matmul,sycl,4096,bayesian,1,13,64_64_16_2_4,46.09331130981445,24.141822814941406,109.9780674125125,18.785275954213528,ok
matmul,sycl,4096,bayesian,1,14,32_128_8_2_4,26.075136184692383,4.123647689819336,18.78527595421353,18.785275954213528,ok
matmul,sycl,4096,bayesian,1,15,128_64_32_4_4,23.10860824584961,1.1571197509765625,5.271258717816862,5.2712587178168695,ok
matmul,sycl,4096,bayesian,2,1,32_32_32_2_2,46.54796600341797,24.596477508544922,112.04924674829972,112.04924674829971,ok
matmul,sycl,4096,bayesian,2,2,32_64_16_4_2,22.370304107666016,0.41881561279296875,1.9079144126868064,1.9079144126868053,ok
matmul,sycl,4096,bayesian,2,3,32_64_16_1_4,65.76025390625,43.80876541137695,199.57081917979664,1.9079144126868053,ok
matmul,sycl,4096,bayesian,2,4,32_32_16_1_4,48.32767868041992,26.376190185546875,120.15672737503542,1.9079144126868053,ok
matmul,sycl,4096,bayesian,2,5,32_128_16_4_2,24.52992057800293,2.578432083129883,11.746046668917675,1.9079144126868053,ok
matmul,sycl,4096,bayesian,2,6,64_32_8_2_4,26.73971176147461,4.7882232666015625,21.812749817489106,1.9079144126868053,ok
matmul,sycl,4096,bayesian,2,7,32_64_16_4_2,22.370304107666016,0.41881561279296875,1.9079144126868064,1.9079144126868053,ok
matmul,sycl,4096,bayesian,2,8,32_64_8_2_2,35.71712112426758,13.765632629394531,62.709335781988585,1.9079144126868053,ok
matmul,sycl,4096,bayesian,2,9,128_32_8_4_2,32.09523010253906,10.143741607666016,46.20981219581155,1.9079144126868053,ok
matmul,sycl,4096,bayesian,2,10,128_32_16_4_4,23.974912643432617,2.0234241485595703,9.217708170596994,1.9079144126868053,ok
matmul,sycl,4096,bayesian,2,11,64_32_16_4_2,22.70412826538086,0.7526397705078125,3.4286502743702263,1.9079144126868053,ok
matmul,sycl,4096,bayesian,2,12,32_64_16_4_2,22.370304107666016,0.41881561279296875,1.9079144126868064,1.9079144126868053,ok
matmul,sycl,4096,bayesian,2,13,64_32_32_4_1,28.93619155883789,6.984703063964844,31.818812950184117,1.9079144126868053,ok
matmul,sycl,4096,bayesian,2,14,32_32_16_2_2,48.25088119506836,26.299392700195312,119.80687645094208,1.9079144126868053,ok
matmul,sycl,4096,bayesian,2,15,64_32_16_2_2,47.224830627441406,25.27334213256836,115.13270336301412,1.9079144126868053,ok
matmul,sycl,4096,bayesian,3,1,32_32_32_2_2,46.54796600341797,24.596477508544922,112.04924674829972,112.04924674829971,ok
matmul,sycl,4096,bayesian,3,2,32_64_8_2_2,35.71712112426758,13.765632629394531,62.709335781988585,62.709335781988585,ok
matmul,sycl,4096,bayesian,3,3,128_64_32_4_4,23.10860824584961,1.1571197509765625,5.271258717816862,5.2712587178168695,ok
matmul,sycl,4096,bayesian,3,4,64_32_8_4_1,35.895294189453125,13.943805694580078,63.521003133053,5.2712587178168695,ok
matmul,sycl,4096,bayesian,3,5,64_32_32_4_1,28.93619155883789,6.984703063964844,31.818812950184117,5.2712587178168695,ok
matmul,sycl,4096,bayesian,3,6,128_64_32_4_4,23.10860824584961,1.1571197509765625,5.271258717816862,5.2712587178168695,ok
matmul,sycl,4096,bayesian,3,7,64_32_16_4_1,29.498367309570312,7.546878814697266,34.379804433124896,5.2712587178168695,ok
matmul,sycl,4096,bayesian,3,8,32_32_32_4_2,21.951488494873047,0.0,0.0,0.0,ok
matmul,sycl,4096,bayesian,3,9,64_64_8_2_4,29.55673599243164,7.605247497558594,34.64570295237548,0.0,ok
matmul,sycl,4096,bayesian,3,10,64_32_8_1_4,44.228607177734375,22.277118682861328,101.48340823477339,0.0,ok
matmul,sycl,4096,bayesian,3,11,32_32_32_4_2,21.951488494873047,0.0,0.0,0.0,ok
matmul,sycl,4096,bayesian,3,12,32_32_8_4_2,24.51456069946289,2.5630722045898438,11.676074746313759,0.0,ok
matmul,sycl,4096,bayesian,3,13,64_64_8_4_4,25.188352584838867,3.2368640899658203,14.745533500936926,0.0,ok
matmul,sycl,4096,bayesian,3,14,32_32_32_4_2,21.951488494873047,0.0,0.0,0.0,ok
matmul,sycl,4096,bayesian,3,15,64_128_16_4_4,36.02329635620117,14.071807861328125,64.10411696962926,0.0,ok
matmul,sycl,4096,bayesian,4,1,32_32_32_2_2,46.54796600341797,24.596477508544922,112.04924674829972,112.04924674829971,ok
matmul,sycl,4096,bayesian,4,2,128_32_32_4_4,25.159679412841797,3.20819091796875,14.614912873530429,14.61491287353042,ok
matmul,sycl,4096,bayesian,4,3,64_32_8_2_2,41.5283203125,19.576831817626953,89.18225213838818,14.61491287353042,ok
matmul,sycl,4096,bayesian,4,4,128_32_32_4_4,25.159679412841797,3.20819091796875,14.614912873530429,14.61491287353042,ok
matmul,sycl,4096,bayesian,4,5,32_64_32_2_2,45.60588836669922,23.654399871826172,107.75761232479,14.61491287353042,ok
matmul,sycl,4096,bayesian,4,6,64_32_16_4_1,29.498367309570312,7.546878814697266,34.379804433124896,14.61491287353042,ok
matmul,sycl,4096,bayesian,4,7,32_32_16_2_1,37.396480560302734,15.444992065429688,70.35965724619082,14.61491287353042,ok
matmul,sycl,4096,bayesian,4,8,32_64_16_2_4,46.34726333618164,24.395774841308594,111.13494580108511,14.61491287353042,ok
matmul,sycl,4096,bayesian,4,9,128_32_8_2_4,32.22528076171875,10.273792266845703,46.8022579391153,14.61491287353042,ok
matmul,sycl,4096,bayesian,4,10,32_32_8_2_4,28.505088806152344,6.553600311279297,29.854924474984678,14.61491287353042,ok
matmul,sycl,4096,bayesian,4,11,32_32_16_2_2,48.25088119506836,26.299392700195312,119.80687645094208,14.61491287353042,ok
matmul,sycl,4096,bayesian,4,12,128_32_32_4_4,25.159679412841797,3.20819091796875,14.614912873530429,14.61491287353042,ok
matmul,sycl,4096,bayesian,4,13,128_32_32_4_4,25.159679412841797,3.20819091796875,14.614912873530429,14.61491287353042,ok
matmul,sycl,4096,bayesian,4,14,64_64_8_4_4,25.188352584838867,3.2368640899658203,14.745533500936926,14.61491287353042,ok
matmul,sycl,4096,bayesian,4,15,64_32_8_1_4,44.228607177734375,22.277118682861328,101.48340823477339,14.61491287353042,ok
matmul,sycl,4096,bayesian,5,1,32_32_32_2_2,46.54796600341797,24.596477508544922,112.04924674829972,112.04924674829971,ok
matmul,sycl,4096,bayesian,5,2,32_32_8_4_2,24.51456069946289,2.5630722045898438,11.676074746313759,11.676074746313766,ok
matmul,sycl,4096,bayesian,5,3,128_32_16_4_2,25.595903396606445,3.6444149017333984,16.602131115548644,11.676074746313766,ok
matmul,sycl,4096,bayesian,5,4,32_64_8_4_1,35.164161682128906,13.21267318725586,60.190329190395396,11.676074746313766,ok
matmul,sycl,4096,bayesian,5,5,64_64_8_4_2,25.167871475219727,3.2163829803466797,14.652231811514248,11.676074746313766,ok
matmul,sycl,4096,bayesian,5,6,32_32_16_1_4,48.32767868041992,26.376190185546875,120.15672737503542,11.676074746313766,ok
matmul,sycl,4096,bayesian,5,7,128_32_32_4_2,23.03999900817871,1.088510513305664,4.958709353854962,4.958709353854955,ok
matmul,sycl,4096,bayesian,5,8,64_32_8_4_1,35.895294189453125,13.943805694580078,63.521003133053,4.958709353854955,ok
matmul,sycl,4096,bayesian,5,9,64_32_16_1_4,47.34668731689453,25.395198822021484,115.68782147940783,4.958709353854955,ok
matmul,sycl,4096,bayesian,5,10,64_32_32_4_2,23.387136459350586,1.435647964477539,6.540093920340961,4.958709353854955,ok
matmul,sycl,4096,bayesian,5,11,32_64_32_4_4,23.435264587402344,1.4837760925292969,6.759341594880208,4.958709353854955,ok
matmul,sycl,4096,bayesian,5,12,128_32_32_4_2,23.03999900817871,1.088510513305664,4.958709353854962,4.958709353854955,ok
matmul,sycl,4096,bayesian,5,13,128_32_32_4_2,23.03999900817871,1.088510513305664,4.958709353854962,4.958709353854955,ok
matmul,sycl,4096,bayesian,5,14,128_32_32_4_2,23.03999900817871,1.088510513305664,4.958709353854962,4.958709353854955,ok
matmul,sycl,4096,bayesian,5,15,64_64_32_4_4,23.769088745117188,1.8176002502441406,8.280077456563628,4.958709353854955,ok
matmul,sycl,4096,bayesian,6,1,32_32_32_2_2,46.54796600341797,24.596477508544922,112.04924674829972,112.04924674829971,ok
matmul,sycl,4096,bayesian,6,2,32_32_32_1_4,60.263423919677734,38.31193542480469,174.53001163794775,112.04924674829971,ok
matmul,sycl,4096,bayesian,6,3,32_64_8_2_2,35.71712112426758,13.765632629394531,62.709335781988585,62.709335781988585,ok
matmul,sycl,4096,bayesian,6,4,32_64_32_2_2,45.60588836669922,23.654399871826172,107.75761232479,62.709335781988585,ok
matmul,sycl,4096,bayesian,6,5,64_32_16_2_2,47.224830627441406,25.27334213256836,115.13270336301412,62.709335781988585,ok
matmul,sycl,4096,bayesian,6,6,32_128_16_4_2,24.52992057800293,2.578432083129883,11.746046668917675,11.746046668917678,ok
matmul,sycl,4096,bayesian,6,7,32_64_32_1_4,71.8950424194336,49.94355392456055,227.51784661994688,11.746046668917678,ok
matmul,sycl,4096,bayesian,6,8,64_32_32_2_4,47.1357421875,25.184253692626953,114.72686099855571,11.746046668917678,ok
matmul,sycl,4096,bayesian,6,9,32_32_32_1_2,60.711936950683594,38.76044845581055,176.5732126314048,11.746046668917678,ok
matmul,sycl,4096,bayesian,6,10,32_128_16_4_2,24.52992057800293,2.578432083129883,11.746046668917675,11.746046668917678,ok
matmul,sycl,4096,bayesian,6,11,32_32_16_2_4,48.05324935913086,26.101760864257812,118.90656467489254,11.746046668917678,ok
matmul,sycl,4096,bayesian,6,12,32_128_16_4_2,24.52992057800293,2.578432083129883,11.746046668917675,11.746046668917678,ok
matmul,sycl,4096,bayesian,6,13,64_64_8_4_2,25.167871475219727,3.2163829803466797,14.652231811514248,11.746046668917678,ok
matmul,sycl,4096,bayesian,6,14,64_32_32_4_1,28.93619155883789,6.984703063964844,31.818812950184117,11.746046668917678,ok
matmul,sycl,4096,bayesian,6,15,64_32_16_4_2,22.70412826538086,0.7526397705078125,3.4286502743702263,3.4286502743702223,ok
matmul,sycl,4096,bayesian,7,1,32_32_32_2_2,46.54796600341797,24.596477508544922,112.04924674829972,112.04924674829971,ok
matmul,sycl,4096,bayesian,7,2,32_32_8_1_4,41.52012634277344,19.56863784790039,89.14492451147815,89.14492451147817,ok
matmul,sycl,4096,bayesian,7,3,128_32_32_2_4,46.688255310058594,24.736766815185547,112.68833464738859,89.14492451147817,ok
matmul,sycl,4096,bayesian,7,4,64_64_8_4_4,25.188352584838867,3.2368640899658203,14.745533500936926,14.745533500936927,ok
matmul,sycl,4096,bayesian,7,5,32_32_16_2_2,48.25088119506836,26.299392700195312,119.80687645094208,14.745533500936927,ok
matmul,sycl,4096,bayesian,7,6,32_64_16_4_2,22.370304107666016,0.41881561279296875,1.9079144126868064,1.9079144126868053,ok
matmul,sycl,4096,bayesian,7,7,32_64_16_4_2,22.370304107666016,0.41881561279296875,1.9079144126868064,1.9079144126868053,ok
matmul,sycl,4096,bayesian,7,8,32_64_16_4_1,28.209152221679688,6.257663726806641,28.506785443129147,1.9079144126868053,ok
matmul,sycl,4096,bayesian,7,9,32_32_16_4_2,22.66828727722168,0.7167987823486328,3.265376662343633,1.9079144126868053,ok
matmul,sycl,4096,bayesian,7,10,32_64_16_4_2,22.370304107666016,0.41881561279296875,1.9079144126868064,1.9079144126868053,ok
matmul,sycl,4096,bayesian,7,11,32_128_16_2_4,64.50688171386719,42.55539321899414,193.86108249075366,1.9079144126868053,ok
matmul,sycl,4096,bayesian,7,12,32_64_16_4_2,22.370304107666016,0.41881561279296875,1.9079144126868064,1.9079144126868053,ok
matmul,sycl,4096,bayesian,7,13,64_128_8_4_4,37.328895568847656,15.37740707397461,70.05177383559267,1.9079144126868053,ok
matmul,sycl,4096,bayesian,7,14,64_64_16_4_2,24.253440856933594,2.301952362060547,10.486543373121094,1.9079144126868053,ok
matmul,sycl,4096,bayesian,7,15,32_128_32_4_2,22.527999877929688,0.5765113830566406,2.6262974521809257,1.9079144126868053,ok
matmul,sycl,4096,bayesian,8,1,32_32_32_2_2,46.54796600341797,24.596477508544922,112.04924674829972,112.04924674829971,ok
matmul,sycl,4096,bayesian,8,2,64_32_16_2_4,47.296512603759766,25.34502410888672,115.4592505870673,112.04924674829971,ok
matmul,sycl,4096,bayesian,8,3,64_32_32_2_4,47.1357421875,25.184253692626953,114.72686099855571,112.04924674829971,ok
matmul,sycl,4096,bayesian,8,4,32_32_32_2_2,46.54796600341797,24.596477508544922,112.04924674829972,112.04924674829971,ok
matmul,sycl,4096,bayesian,8,5,128_64_8_4_4,26.54105567932129,4.589567184448242,20.907772088075816,20.90777208807582,ok
matmul,sycl,4096,bayesian,8,6,32_64_8_2_4,25.489408493041992,3.5379199981689453,16.116993610685014,16.116993610685014,ok
matmul,sycl,4096,bayesian,8,7,128_64_8_4_4,26.54105567932129,4.589567184448242,20.907772088075816,16.116993610685014,ok
matmul,sycl,4096,bayesian,8,8,64_32_16_2_2,47.224830627441406,25.27334213256836,115.13270336301412,16.116993610685014,ok
matmul,sycl,4096,bayesian,8,9,128_32_16_2_4,47.22585678100586,25.274368286132812,115.13737800530409,16.116993610685014,ok
matmul,sycl,4096,bayesian,8,10,64_64_8_4_2,25.167871475219727,3.2163829803466797,14.652231811514248,14.652231811514252,ok
matmul,sycl,4096,bayesian,8,11,32_64_16_2_2,46.329856872558594,24.378368377685547,111.05565066067986,14.652231811514252,ok
matmul,sycl,4096,bayesian,8,12,32_64_32_2_4,45.469696044921875,23.518207550048828,107.13718823915607,14.652231811514252,ok
matmul,sycl,4096,bayesian,8,13,32_64_16_1_4,65.76025390625,43.80876541137695,199.57081917979664,14.652231811514252,ok
matmul,sycl,4096,bayesian,8,14,64_64_8_4_2,25.167871475219727,3.2163829803466797,14.652231811514248,14.652231811514252,ok
matmul,sycl,4096,bayesian,8,15,64_64_8_4_2,25.167871475219727,3.2163829803466797,14.652231811514248,14.652231811514252,ok
matmul,sycl,4096,bayesian,9,1,32_32_32_2_2,46.54796600341797,24.596477508544922,112.04924674829972,112.04924674829971,ok
matmul,sycl,4096,bayesian,9,2,32_32_8_1_4,41.52012634277344,19.56863784790039,89.14492451147815,89.14492451147817,ok
matmul,sycl,4096,bayesian,9,3,64_64_32_2_4,45.94892883300781,23.997440338134766,109.32033307782096,89.14492451147817,ok
matmul,sycl,4096,bayesian,9,4,32_64_32_2_4,45.469696044921875,23.518207550048828,107.13718823915607,89.14492451147817,ok
matmul,sycl,4096,bayesian,9,5,32_32_32_4_1,28.113920211791992,6.162431716918945,28.072956047414422,28.072956047414426,ok
matmul,sycl,4096,bayesian,9,6,32_32_16_4_2,22.66828727722168,0.7167987823486328,3.265376662343633,3.2653766623436367,ok
matmul,sycl,4096,bayesian,9,7,32_64_8_1_4,43.826175689697266,21.87468719482422,99.65013169805425,3.2653766623436367,ok
matmul,sycl,4096,bayesian,9,8,32_32_32_4_4,23.407615661621094,1.4561271667480469,6.6333869208374585,3.2653766623436367,ok
matmul,sycl,4096,bayesian,9,9,32_32_16_4_2,22.66828727722168,0.7167987823486328,3.265376662343633,3.2653766623436367,ok
matmul,sycl,4096,bayesian,9,10,32_32_16_4_4,23.840768814086914,1.8892803192138672,8.606615991690614,3.2653766623436367,ok
matmul,sycl,4096,bayesian,9,11,32_128_16_2_4,64.50688171386719,42.55539321899414,193.86108249075366,3.2653766623436367,ok
matmul,sycl,4096,bayesian,9,12,32_32_16_4_2,22.66828727722168,0.7167987823486328,3.265376662343633,3.2653766623436367,ok
matmul,sycl,4096,bayesian,9,13,32_32_16_4_2,22.66828727722168,0.7167987823486328,3.265376662343633,3.2653766623436367,ok
matmul,sycl,4096,bayesian,9,14,32_32_16_4_2,22.66828727722168,0.7167987823486328,3.265376662343633,3.2653766623436367,ok
matmul,sycl,4096,bayesian,9,15,32_64_8_2_2,35.71712112426758,13.765632629394531,62.709335781988585,3.2653766623436367,ok
matmul,sycl,4096,random,0,1,32_32_32_2_2,46.54796600341797,24.596477508544922,112.04924674829972,112.04924674829971,ok
matmul,sycl,4096,random,0,2,32_128_32_4_4,36.03456115722656,14.083072662353516,64.15543376770434,64.15543376770434,ok
matmul,sycl,4096,random,0,3,64_32_8_4_1,35.895294189453125,13.943805694580078,63.521003133053,63.521003133053,ok
matmul,sycl,4096,random,0,4,32_32_8_4_1,33.39161682128906,11.440128326416016,52.11550154827975,52.11550154827975,ok
matmul,sycl,4096,random,0,5,32_64_16_4_2,22.370304107666016,0.41881561279296875,1.9079144126868064,1.9079144126868053,ok
matmul,sycl,4096,random,0,6,64_32_32_4_1,28.93619155883789,6.984703063964844,31.818812950184117,1.9079144126868053,ok
matmul,sycl,4096,random,0,7,64_32_32_1_4,59.112449645996094,37.16096115112305,169.2867486403134,1.9079144126868053,ok
matmul,sycl,4096,random,0,8,64_32_8_2_2,41.5283203125,19.576831817626953,89.18225213838818,1.9079144126868053,ok
matmul,sycl,4096,random,0,9,32_64_32_4_1,27.805696487426758,5.854207992553711,26.66884295304626,1.9079144126868053,ok
matmul,sycl,4096,random,0,10,64_32_16_4_4,22.6560001373291,0.7045116424560547,3.2094025998309794,1.9079144126868053,ok
matmul,sycl,4096,random,0,11,32_128_16_4_2,24.52992057800293,2.578432083129883,11.746046668917675,1.9079144126868053,ok
matmul,sycl,4096,random,0,12,64_64_32_2_4,45.94892883300781,23.997440338134766,109.32033307782096,1.9079144126868053,ok
matmul,sycl,4096,random,0,13,32_64_8_4_2,22.922239303588867,0.9707508087158203,4.422255050916246,1.9079144126868053,ok
matmul,sycl,4096,random,0,14,64_32_32_2_4,47.1357421875,25.184253692626953,114.72686099855571,1.9079144126868053,ok
matmul,sycl,4096,random,0,15,32_32_32_1_4,60.263423919677734,38.31193542480469,174.53001163794775,1.9079144126868053,ok
matmul,sycl,4096,random,1,1,32_32_32_2_2,46.54796600341797,24.596477508544922,112.04924674829972,112.04924674829971,ok
matmul,sycl,4096,random,1,2,64_32_8_4_2,24.54425621032715,2.5927677154541016,11.811352638157846,11.811352638157837,ok
matmul,sycl,4096,random,1,3,128_32_16_4_4,23.974912643432617,2.0234241485595703,9.217708170596994,9.217708170596985,ok
matmul,sycl,4096,random,1,4,32_32_16_2_4,48.05324935913086,26.101760864257812,118.90656467489254,9.217708170596985,ok
matmul,sycl,4096,random,1,5,64_32_8_1_4,44.228607177734375,22.277118682861328,101.48340823477339,9.217708170596985,ok
matmul,sycl,4096,random,1,6,32_128_16_4_2,24.52992057800293,2.578432083129883,11.746046668917675,9.217708170596985,ok
matmul,sycl,4096,random,1,7,32_32_16_1_2,43.217918395996094,21.266429901123047,96.87921575837557,9.217708170596985,ok
matmul,sycl,4096,random,1,8,64_32_16_4_1,29.498367309570312,7.546878814697266,34.379804433124896,9.217708170596985,ok
matmul,sycl,4096,random,1,9,32_32_32_4_2,21.951488494873047,0.0,0.0,0.0,ok
matmul,sycl,4096,random,1,10,64_64_8_2_4,29.55673599243164,7.605247497558594,34.64570295237548,0.0,ok
matmul,sycl,4096,random,1,11,64_32_8_4_4,23.835647583007812,1.8841590881347656,8.583286224871834,0.0,ok
matmul,sycl,4096,random,1,12,32_32_32_1_2,60.711936950683594,38.76044845581055,176.5732126314048,0.0,ok
matmul,sycl,4096,random,1,13,32_64_8_4_4,24.603647232055664,2.652158737182617,12.081908421845977,0.0,ok
matmul,sycl,4096,random,1,14,32_64_16_2_2,46.329856872558594,24.378368377685547,111.05565066067986,0.0,ok
matmul,sycl,4096,random,1,15,32_128_16_4_4,35.44780731201172,13.496318817138672,61.48247678188588,0.0,ok
matmul,sycl,4096,random,2,1,32_32_32_2_2,46.54796600341797,24.596477508544922,112.04924674829972,112.04924674829971,ok
matmul,sycl,4096,random,2,2,64_32_16_2_2,47.224830627441406,25.27334213256836,115.13270336301412,112.04924674829971,ok
matmul,sycl,4096,random,2,3,32_32_8_4_2,24.51456069946289,2.5630722045898438,11.676074746313759,11.676074746313766,ok
matmul,sycl,4096,random,2,4,64_32_16_4_2,22.70412826538086,0.7526397705078125,3.4286502743702263,3.4286502743702223,ok
matmul,sycl,4096,random,2,5,32_64_16_4_1,28.209152221679688,6.257663726806641,28.506785443129147,3.4286502743702223,ok
matmul,sycl,4096,random,2,6,128_64_16_4_4,24.29132843017578,2.3398399353027344,10.65914020294898,3.4286502743702223,ok
matmul,sycl,4096,random,2,7,32_64_8_1_4,43.826175689697266,21.87468719482422,99.65013169805425,3.4286502743702223,ok
matmul,sycl,4096,random,2,8,64_64_16_4_4,23.931903839111328,1.9804153442382812,9.021781573950328,3.4286502743702223,ok
matmul,sycl,4096,random,2,9,128_32_8_4_2,32.09523010253906,10.143741607666016,46.20981219581155,3.4286502743702223,ok
matmul,sycl,4096,random,2,10,32_32_32_1_4,60.263423919677734,38.31193542480469,174.53001163794775,3.4286502743702223,ok
matmul,sycl,4096,random,2,11,64_32_8_2_2,41.5283203125,19.576831817626953,89.18225213838818,3.4286502743702223,ok
matmul,sycl,4096,random,2,12,32_64_8_2_2,35.71712112426758,13.765632629394531,62.709335781988585,3.4286502743702223,ok
matmul,sycl,4096,random,2,13,128_32_16_2_4,47.22585678100586,25.274368286132812,115.13737800530409,3.4286502743702223,ok
matmul,sycl,4096,random,2,14,32_32_32_2_1,48.72089767456055,26.7694091796875,121.94803639825938,3.4286502743702223,ok
matmul,sycl,4096,random,2,15,64_64_8_2_4,29.55673599243164,7.605247497558594,34.64570295237548,3.4286502743702223,ok
matmul,sycl,4096,random,3,1,32_32_32_2_2,46.54796600341797,24.596477508544922,112.04924674829972,112.04924674829971,ok
matmul,sycl,4096,random,3,2,128_32_8_4_2,32.09523010253906,10.143741607666016,46.20981219581155,46.20981219581156,ok
matmul,sycl,4096,random,3,3,32_32_32_1_2,60.711936950683594,38.76044845581055,176.5732126314048,46.20981219581156,ok
matmul,sycl,4096,random,3,4,32_64_32_4_2,21.951488494873047,0.0,0.0,0.0,ok
matmul,sycl,4096,random,3,5,32_32_16_2_1,37.396480560302734,15.444992065429688,70.35965724619082,0.0,ok
matmul,sycl,4096,random,3,6,32_64_32_1_4,71.8950424194336,49.94355392456055,227.51784661994688,0.0,ok
matmul,sycl,4096,random,3,7,128_64_32_4_4,23.10860824584961,1.1571197509765625,5.271258717816862,0.0,ok
matmul,sycl,4096,random,3,8,128_32_8_4_4,25.380863189697266,3.4293746948242188,15.62251551016769,0.0,ok
matmul,sycl,4096,random,3,9,32_32_32_2_1,48.72089767456055,26.7694091796875,121.94803639825938,0.0,ok
matmul,sycl,4096,random,3,10,64_128_8_4_4,37.328895568847656,15.37740707397461,70.05177383559267,0.0,ok
matmul,sycl,4096,random,3,11,128_32_32_2_4,46.688255310058594,24.736766815185547,112.68833464738859,0.0,ok
matmul,sycl,4096,random,3,12,64_32_16_1_4,47.34668731689453,25.395198822021484,115.68782147940783,0.0,ok
matmul,sycl,4096,random,3,13,32_64_32_4_1,27.805696487426758,5.854207992553711,26.66884295304626,0.0,ok
matmul,sycl,4096,random,3,14,32_64_8_4_4,24.603647232055664,2.652158737182617,12.081908421845977,0.0,ok
matmul,sycl,4096,random,3,15,32_64_8_1_4,43.826175689697266,21.87468719482422,99.65013169805425,0.0,ok
matmul,sycl,4096,random,4,1,32_32_32_2_2,46.54796600341797,24.596477508544922,112.04924674829972,112.04924674829971,ok
matmul,sycl,4096,random,4,2,64_32_8_2_4,26.73971176147461,4.7882232666015625,21.812749817489106,21.812749817489106,ok
matmul,sycl,4096,random,4,3,64_32_8_4_1,35.895294189453125,13.943805694580078,63.521003133053,21.812749817489106,ok
matmul,sycl,4096,random,4,4,64_32_16_4_1,29.498367309570312,7.546878814697266,34.379804433124896,21.812749817489106,ok
matmul,sycl,4096,random,4,5,128_64_16_4_4,24.29132843017578,2.3398399353027344,10.65914020294898,10.659140202948986,ok
matmul,sycl,4096,random,4,6,32_64_16_2_4,46.34726333618164,24.395774841308594,111.13494580108511,10.659140202948986,ok
matmul,sycl,4096,random,4,7,64_32_32_2_4,47.1357421875,25.184253692626953,114.72686099855571,10.659140202948986,ok
matmul,sycl,4096,random,4,8,128_32_16_4_2,25.595903396606445,3.6444149017333984,16.602131115548644,10.659140202948986,ok
matmul,sycl,4096,random,4,9,64_32_16_2_4,47.296512603759766,25.34502410888672,115.4592505870673,10.659140202948986,ok
matmul,sycl,4096,random,4,10,32_64_32_4_4,23.435264587402344,1.4837760925292969,6.759341594880208,6.7593415948802065,ok
matmul,sycl,4096,random,4,11,32_128_32_4_4,36.03456115722656,14.083072662353516,64.15543376770434,6.7593415948802065,ok
matmul,sycl,4096,random,4,12,128_32_16_4_4,23.974912643432617,2.0234241485595703,9.217708170596994,6.7593415948802065,ok
matmul,sycl,4096,random,4,13,32_32_16_4_2,22.66828727722168,0.7167987823486328,3.265376662343633,3.2653766623436367,ok
matmul,sycl,4096,random,4,14,32_128_16_4_4,35.44780731201172,13.496318817138672,61.48247678188588,3.2653766623436367,ok
matmul,sycl,4096,random,4,15,32_128_16_2_4,64.50688171386719,42.55539321899414,193.86108249075366,3.2653766623436367,ok
matmul,sycl,4096,random,5,1,32_32_32_2_2,46.54796600341797,24.596477508544922,112.04924674829972,112.04924674829971,ok
matmul,sycl,4096,random,5,2,32_64_16_1_4,65.76025390625,43.80876541137695,199.57081917979664,112.04924674829971,ok
matmul,sycl,4096,random,5,3,32_128_16_4_4,35.44780731201172,13.496318817138672,61.48247678188588,61.482476781885886,ok
matmul,sycl,4096,random,5,4,64_32_8_1_4,44.228607177734375,22.277118682861328,101.48340823477339,61.482476781885886,ok
matmul,sycl,4096,random,5,5,64_32_16_2_4,47.296512603759766,25.34502410888672,115.4592505870673,61.482476781885886,ok
matmul,sycl,4096,random,5,6,32_32_16_4_2,22.66828727722168,0.7167987823486328,3.265376662343633,3.2653766623436367,ok
matmul,sycl,4096,random,5,7,64_32_32_2_4,47.1357421875,25.184253692626953,114.72686099855571,3.2653766623436367,ok
matmul,sycl,4096,random,5,8,64_32_8_2_2,41.5283203125,19.576831817626953,89.18225213838818,3.2653766623436367,ok
matmul,sycl,4096,random,5,9,32_32_8_4_1,33.39161682128906,11.440128326416016,52.11550154827975,3.2653766623436367,ok
matmul,sycl,4096,random,5,10,32_128_8_4_4,36.159488677978516,14.208000183105469,64.72454105526313,3.2653766623436367,ok
matmul,sycl,4096,random,5,11,64_32_32_4_2,23.387136459350586,1.435647964477539,6.540093920340961,3.2653766623436367,ok
matmul,sycl,4096,random,5,12,32_64_16_4_1,28.209152221679688,6.257663726806641,28.506785443129147,3.2653766623436367,ok
matmul,sycl,4096,random,5,13,64_64_32_4_2,21.972991943359375,0.021503448486328125,0.09795895386024434,0.09795895386023792,ok
matmul,sycl,4096,random,5,14,32_32_16_1_2,43.217918395996094,21.266429901123047,96.87921575837557,0.09795895386023792,ok
matmul,sycl,4096,random,5,15,64_32_32_1_4,59.112449645996094,37.16096115112305,169.2867486403134,0.09795895386023792,ok
matmul,sycl,4096,random,6,1,32_32_32_2_2,46.54796600341797,24.596477508544922,112.04924674829972,112.04924674829971,ok
matmul,sycl,4096,random,6,2,32_32_32_4_4,23.407615661621094,1.4561271667480469,6.6333869208374585,6.633386920837453,ok
matmul,sycl,4096,random,6,3,32_64_32_1_4,71.8950424194336,49.94355392456055,227.51784661994688,6.633386920837453,ok
matmul,sycl,4096,random,6,4,32_32_32_4_2,21.951488494873047,0.0,0.0,0.0,ok
matmul,sycl,4096,random,6,5,32_128_8_2_4,26.075136184692383,4.123647689819336,18.78527595421353,0.0,ok
matmul,sycl,4096,random,6,6,32_32_32_1_4,60.263423919677734,38.31193542480469,174.53001163794775,0.0,ok
matmul,sycl,4096,random,6,7,32_32_8_4_2,24.51456069946289,2.5630722045898438,11.676074746313759,0.0,ok
matmul,sycl,4096,random,6,8,32_128_32_4_2,22.527999877929688,0.5765113830566406,2.6262974521809257,0.0,ok
matmul,sycl,4096,random,6,9,32_128_16_4_4,35.44780731201172,13.496318817138672,61.48247678188588,0.0,ok
matmul,sycl,4096,random,6,10,64_64_8_4_2,25.167871475219727,3.2163829803466797,14.652231811514248,0.0,ok
matmul,sycl,4096,random,6,11,128_32_16_4_4,23.974912643432617,2.0234241485595703,9.217708170596994,0.0,ok
matmul,sycl,4096,random,6,12,128_32_8_4_4,25.380863189697266,3.4293746948242188,15.62251551016769,0.0,ok
matmul,sycl,4096,random,6,13,32_64_16_4_4,23.69638442993164,1.7448959350585938,7.948872968072895,0.0,ok
matmul,sycl,4096,random,6,14,64_32_8_2_4,26.73971176147461,4.7882232666015625,21.812749817489106,0.0,ok
matmul,sycl,4096,random,6,15,64_32_8_4_4,23.835647583007812,1.8841590881347656,8.583286224871834,0.0,ok
matmul,sycl,4096,random,7,1,32_32_32_2_2,46.54796600341797,24.596477508544922,112.04924674829972,112.04924674829971,ok
matmul,sycl,4096,random,7,2,32_128_8_2_4,26.075136184692383,4.123647689819336,18.78527595421353,18.785275954213528,ok
matmul,sycl,4096,random,7,3,32_32_8_4_1,33.39161682128906,11.440128326416016,52.11550154827975,18.785275954213528,ok
matmul,sycl,4096,random,7,4,32_128_8_4_4,36.159488677978516,14.208000183105469,64.72454105526313,18.785275954213528,ok
matmul,sycl,4096,random,7,5,64_64_16_4_4,23.931903839111328,1.9804153442382812,9.021781573950328,9.02178157395032,ok
matmul,sycl,4096,random,7,6,32_64_8_4_4,24.603647232055664,2.652158737182617,12.081908421845977,9.02178157395032,ok
matmul,sycl,4096,random,7,7,64_32_8_2_4,26.73971176147461,4.7882232666015625,21.812749817489106,9.02178157395032,ok
matmul,sycl,4096,random,7,8,64_32_32_4_4,23.430143356323242,1.4786548614501953,6.73601182806145,6.736011828061443,ok
matmul,sycl,4096,random,7,9,32_32_8_4_4,25.383935928344727,3.4324474334716797,15.636513370258953,6.736011828061443,ok
matmul,sycl,4096,random,7,10,64_64_16_2_4,46.09331130981445,24.141822814941406,109.9780674125125,6.736011828061443,ok
matmul,sycl,4096,random,7,11,32_32_32_1_2,60.711936950683594,38.76044845581055,176.5732126314048,6.736011828061443,ok
matmul,sycl,4096,random,7,12,32_64_32_1_4,71.8950424194336,49.94355392456055,227.51784661994688,6.736011828061443,ok
matmul,sycl,4096,random,7,13,64_32_16_4_1,29.498367309570312,7.546878814697266,34.379804433124896,6.736011828061443,ok
matmul,sycl,4096,random,7,14,32_32_8_2_4,28.505088806152344,6.553600311279297,29.854924474984678,6.736011828061443,ok
matmul,sycl,4096,random,7,15,32_32_16_1_4,48.32767868041992,26.376190185546875,120.15672737503542,6.736011828061443,ok
matmul,sycl,4096,random,8,1,32_32_32_2_2,46.54796600341797,24.596477508544922,112.04924674829972,112.04924674829971,ok
matmul,sycl,4096,random,8,2,64_64_16_4_4,23.931903839111328,1.9804153442382812,9.021781573950328,9.02178157395032,ok
matmul,sycl,4096,random,8,3,32_128_16_4_2,24.52992057800293,2.578432083129883,11.746046668917675,9.02178157395032,ok
matmul,sycl,4096,random,8,4,32_32_8_4_2,24.51456069946289,2.5630722045898438,11.676074746313759,9.02178157395032,ok
matmul,sycl,4096,random,8,5,64_128_32_4_4,35.355648040771484,13.404159545898438,61.06264524626241,9.02178157395032,ok
matmul,sycl,4096,random,8,6,32_64_32_4_4,23.435264587402344,1.4837760925292969,6.759341594880208,6.7593415948802065,ok
matmul,sycl,4096,random,8,7,32_32_16_1_4,48.32767868041992,26.376190185546875,120.15672737503542,6.7593415948802065,ok
matmul,sycl,4096,random,8,8,32_128_16_2_4,64.50688171386719,42.55539321899414,193.86108249075366,6.7593415948802065,ok
matmul,sycl,4096,random,8,9,64_64_16_2_4,46.09331130981445,24.141822814941406,109.9780674125125,6.7593415948802065,ok
matmul,sycl,4096,random,8,10,64_32_8_4_2,24.54425621032715,2.5927677154541016,11.811352638157846,6.7593415948802065,ok
matmul,sycl,4096,random,8,11,32_32_16_4_2,22.66828727722168,0.7167987823486328,3.265376662343633,3.2653766623436367,ok
matmul,sycl,4096,random,8,12,128_32_8_2_4,32.22528076171875,10.273792266845703,46.8022579391153,3.2653766623436367,ok
matmul,sycl,4096,random,8,13,128_64_32_4_4,23.10860824584961,1.1571197509765625,5.271258717816862,3.2653766623436367,ok
matmul,sycl,4096,random,8,14,32_64_8_4_4,24.603647232055664,2.652158737182617,12.081908421845977,3.2653766623436367,ok
matmul,sycl,4096,random,8,15,32_32_32_4_2,21.951488494873047,0.0,0.0,0.0,ok
matmul,sycl,4096,random,9,1,32_32_32_2_2,46.54796600341797,24.596477508544922,112.04924674829972,112.04924674829971,ok
matmul,sycl,4096,random,9,2,32_128_16_2_4,64.50688171386719,42.55539321899414,193.86108249075366,112.04924674829971,ok
matmul,sycl,4096,random,9,3,32_128_8_4_2,31.754240036010742,9.802751541137695,44.65643203843426,44.65643203843425,ok
matmul,sycl,4096,random,9,4,64_64_32_4_4,23.769088745117188,1.8176002502441406,8.280077456563628,8.280077456563625,ok
matmul,sycl,4096,random,9,5,32_32_8_2_4,28.505088806152344,6.553600311279297,29.854924474984678,8.280077456563625,ok
matmul,sycl,4096,random,9,6,64_64_8_4_2,25.167871475219727,3.2163829803466797,14.652231811514248,8.280077456563625,ok
matmul,sycl,4096,random,9,7,32_32_32_2_1,48.72089767456055,26.7694091796875,121.94803639825938,8.280077456563625,ok
matmul,sycl,4096,random,9,8,64_32_8_4_4,23.835647583007812,1.8841590881347656,8.583286224871834,8.280077456563625,ok
matmul,sycl,4096,random,9,9,64_32_16_4_1,29.498367309570312,7.546878814697266,34.379804433124896,8.280077456563625,ok
matmul,sycl,4096,random,9,10,32_32_32_4_4,23.407615661621094,1.4561271667480469,6.6333869208374585,6.633386920837453,ok
matmul,sycl,4096,random,9,11,64_32_16_2_4,47.296512603759766,25.34502410888672,115.4592505870673,6.633386920837453,ok
matmul,sycl,4096,random,9,12,32_128_16_4_4,35.44780731201172,13.496318817138672,61.48247678188588,6.633386920837453,ok
matmul,sycl,4096,random,9,13,64_32_32_2_2,46.29606246948242,24.344573974609375,110.90170026645461,6.633386920837453,ok
matmul,sycl,4096,random,9,14,64_32_8_4_2,24.54425621032715,2.5927677154541016,11.811352638157846,6.633386920837453,ok
matmul,sycl,4096,random,9,15,32_32_16_1_4,48.32767868041992,26.376190185546875,120.15672737503542,6.633386920837453,ok
matmul,cuda,4096,bayesian,0,1,32_32_32_2_2,27.283039093017578,10.431167602539062,61.89916418738881,61.89916418738881,ok
matmul,cuda,4096,bayesian,0,2,64_32_8_2_2,25.57961654663086,8.727745056152344,51.790954263350585,51.79095426335058,ok
matmul,cuda,4096,bayesian,0,3,64_32_8_4_4,25.578048706054688,8.726177215576172,51.781650604839655,51.78165060483967,ok
matmul,cuda,4096,bayesian,0,4,32_64_8_1_4,30.32099151611328,13.469120025634766,79.92655316203283,51.78165060483967,ok
matmul,cuda,4096,bayesian,0,5,32_32_8_4_4,29.21990394592285,12.368032455444336,73.39263453576893,51.78165060483967,ok
matmul,cuda,4096,bayesian,0,6,64_32_8_4_4,25.578048706054688,8.726177215576172,51.781650604839655,51.78165060483967,ok
matmul,cuda,4096,bayesian,0,7,128_64_8_4_4,19.830175399780273,2.978303909301758,17.673431173413178,17.673431173413174,ok
matmul,cuda,4096,bayesian,0,8,64_32_32_4_2,41.46080017089844,24.608928680419922,146.03083517652163,17.673431173413174,ok
matmul,cuda,4096,bayesian,0,9,32_32_16_4_4,41.572383880615234,24.72051239013672,146.6929794955063,17.673431173413174,ok
matmul,cuda,4096,bayesian,0,10,128_64_8_4_4,19.830175399780273,2.978303909301758,17.673431173413178,17.673431173413174,ok
matmul,cuda,4096,bayesian,0,11,64_32_16_4_4,30.239360809326172,13.387489318847656,79.44215173022016,17.673431173413174,ok
matmul,cuda,4096,bayesian,0,12,32_32_16_1_2,31.60028839111328,14.748416900634766,87.51797632071772,17.673431173413174,ok
matmul,cuda,4096,bayesian,0,13,128_64_8_4_4,19.830175399780273,2.978303909301758,17.673431173413178,17.673431173413174,ok
matmul,cuda,4096,bayesian,0,14,128_64_8_4_4,19.830175399780273,2.978303909301758,17.673431173413178,17.673431173413174,ok
matmul,cuda,4096,bayesian,0,15,64_32_32_4_1,33.459102630615234,16.60723114013672,98.54828972271703,17.673431173413174,ok
matmul,cuda,4096,bayesian,1,1,32_32_32_2_2,27.283039093017578,10.431167602539062,61.89916418738881,61.89916418738881,ok
matmul,cuda,4096,bayesian,1,2,32_32_32_4_1,39.878944396972656,23.02707290649414,136.64400965497916,61.89916418738881,ok
matmul,cuda,4096,bayesian,1,3,32_128_8_2_4,33.32284927368164,16.470977783203125,97.73975426117747,61.89916418738881,ok
matmul,cuda,4096,bayesian,1,4,32_32_32_2_2,27.283039093017578,10.431167602539062,61.89916418738881,61.89916418738881,ok
matmul,cuda,4096,bayesian,1,5,32_32_32_2_4,29.55023956298828,12.698368072509766,75.35286558341296,61.89916418738881,ok
matmul,cuda,4096,bayesian,1,6,32_64_16_4_1,36.142974853515625,19.29110336303711,114.47454589204993,61.89916418738881,ok
matmul,cuda,4096,bayesian,1,7,64_32_32_1_4,56.026302337646484,39.17443084716797,232.46338467096626,61.89916418738881,ok
matmul,cuda,4096,bayesian,1,8,32_128_32_4_2,50.5456657409668,33.69379425048828,199.94096364623735,61.89916418738881,ok
matmul,cuda,4096,bayesian,1,9,32_64_32_4_4,37.10224151611328,20.250370025634766,120.16689088257313,61.89916418738881,ok
matmul,cuda,4096,bayesian,1,10,32_32_32_1_4,50.586944580078125,33.73507308959961,200.18591471374725,61.89916418738881,ok
matmul,cuda,4096,bayesian,1,11,32_64_32_1_4,48.25641632080078,31.404544830322266,186.35642247845388,61.89916418738881,ok
matmul,cuda,4096,bayesian,1,12,32_32_32_2_2,27.283039093017578,10.431167602539062,61.89916418738881,61.89916418738881,ok
matmul,cuda,4096,bayesian,1,13,32_32_32_2_2,27.283039093017578,10.431167602539062,61.89916418738881,61.89916418738881,ok
matmul,cuda,4096,bayesian,1,14,32_32_8_1_4,36.9870719909668,20.13520050048828,119.48346812319856,61.89916418738881,ok
matmul,cuda,4096,bayesian,1,15,128_64_32_4_4,35.228736877441406,18.37686538696289,109.04940378489125,61.89916418738881,ok
matmul,cuda,4096,bayesian,2,1,32_32_32_2_2,27.283039093017578,10.431167602539062,61.89916418738881,61.89916418738881,ok
matmul,cuda,4096,bayesian,2,2,32_64_16_4_2,27.12758445739746,10.275712966918945,60.97668720488898,60.97668720488897,ok
matmul,cuda,4096,bayesian,2,3,32_64_16_1_4,35.144351959228516,18.29248046875,108.54865869992803,60.97668720488897,ok
matmul,cuda,4096,bayesian,2,4,32_32_16_1_4,42.326751708984375,25.47488021850586,151.1694427108552,60.97668720488897,ok
matmul,cuda,4096,bayesian,2,5,32_128_16_4_2,23.074560165405273,6.222688674926758,36.92580185199397,36.92580185199396,ok
matmul,cuda,4096,bayesian,2,6,64_32_8_2_4,27.943008422851562,11.091136932373047,65.8154611411537,36.92580185199396,ok
matmul,cuda,4096,bayesian,2,7,128_32_8_4_4,29.298112869262695,12.44624137878418,73.85673090265634,36.92580185199396,ok
matmul,cuda,4096,bayesian,2,8,32_64_8_2_2,28.299360275268555,11.447488784790039,67.93007406481821,36.92580185199396,ok
matmul,cuda,4096,bayesian,2,9,128_32_8_4_2,32.30390548706055,15.452033996582031,91.69328169463311,36.92580185199396,ok
matmul,cuda,4096,bayesian,2,10,32_128_16_4_2,23.074560165405273,6.222688674926758,36.92580185199397,36.92580185199396,ok
matmul,cuda,4096,bayesian,2,11,64_32_16_4_2,23.00444793701172,6.152576446533203,36.50975175077422,36.50975175077423,ok
matmul,cuda,4096,bayesian,2,12,32_32_16_4_4,41.572383880615234,24.72051239013672,146.6929794955063,36.50975175077423,ok
matmul,cuda,4096,bayesian,2,13,64_32_32_4_1,33.459102630615234,16.60723114013672,98.54828972271703,36.50975175077423,ok
matmul,cuda,4096,bayesian,2,14,32_128_16_4_2,23.074560165405273,6.222688674926758,36.92580185199397,36.50975175077423,ok
matmul,cuda,4096,bayesian,2,15,64_32_16_2_2,31.543231964111328,14.691360473632812,87.17940011549213,36.50975175077423,ok
matmul,cuda,4096,bayesian,3,1,32_32_32_2_2,27.283039093017578,10.431167602539062,61.89916418738881,61.89916418738881,ok
matmul,cuda,4096,bayesian,3,2,32_64_8_2_2,28.299360275268555,11.447488784790039,67.93007406481821,61.89916418738881,ok
matmul,cuda,4096,bayesian,3,3,128_64_32_4_4,35.228736877441406,18.37686538696289,109.04940378489125,61.89916418738881,ok
matmul,cuda,4096,bayesian,3,4,64_32_8_4_1,25.982175827026367,9.130304336547852,54.1797647917418,54.17976479174179,ok
matmul,cuda,4096,bayesian,3,5,64_32_32_4_1,33.459102630615234,16.60723114013672,98.54828972271703,54.17976479174179,ok
matmul,cuda,4096,bayesian,3,6,128_32_8_4_4,29.298112869262695,12.44624137878418,73.85673090265634,54.17976479174179,ok
matmul,cuda,4096,bayesian,3,7,32_64_8_2_2,28.299360275268555,11.447488784790039,67.93007406481821,54.17976479174179,ok
matmul,cuda,4096,bayesian,3,8,32_32_32_4_2,42.0283203125,25.176448822021484,149.3985331910847,54.17976479174179,ok
matmul,cuda,4096,bayesian,3,9,64_64_8_2_4,16.851871490478516,0.0,0.0,0.0,ok
matmul,cuda,4096,bayesian,3,10,64_32_8_2_4,27.943008422851562,11.091136932373047,65.8154611411537,0.0,ok
matmul,cuda,4096,bayesian,3,11,64_128_32_4_4,34.935455322265625,18.08358383178711,107.30905372738286,0.0,ok
matmul,cuda,4096,bayesian,3,12,64_64_8_2_4,16.851871490478516,0.0,0.0,0.0,ok
matmul,cuda,4096,bayesian,3,13,64_64_8_2_4,16.851871490478516,0.0,0.0,0.0,ok
matmul,cuda,4096,bayesian,3,14,64_64_8_2_4,16.851871490478516,0.0,0.0,0.0,ok
matmul,cuda,4096,bayesian,3,15,64_64_32_4_2,21.28598403930664,4.434112548828125,26.312285560291905,0.0,ok
matmul,cuda,4096,bayesian,4,1,32_32_32_2_2,27.283039093017578,10.431167602539062,61.89916418738881,61.89916418738881,ok
matmul,cuda,4096,bayesian,4,2,128_32_32_4_4,43.4015998840332,26.549728393554688,157.5476552177339,61.89916418738881,ok
matmul,cuda,4096,bayesian,4,3,64_32_8_2_2,25.57961654663086,8.727745056152344,51.790954263350585,51.79095426335058,ok
matmul,cuda,4096,bayesian,4,4,128_32_32_4_4,43.4015998840332,26.549728393554688,157.5476552177339,51.79095426335058,ok
matmul,cuda,4096,bayesian,4,5,32_64_32_2_2,37.37846374511719,20.526592254638672,121.80600989175838,51.79095426335058,ok
matmul,cuda,4096,bayesian,4,6,64_32_16_4_1,36.10559844970703,19.253726959228516,114.2527521059431,51.79095426335058,ok
matmul,cuda,4096,bayesian,4,7,64_32_8_2_2,25.57961654663086,8.727745056152344,51.790954263350585,51.79095426335058,ok
matmul,cuda,4096,bayesian,4,8,64_32_8_2_2,25.57961654663086,8.727745056152344,51.790954263350585,51.79095426335058,ok
matmul,cuda,4096,bayesian,4,9,128_32_8_2_4,28.659263610839844,11.807392120361328,70.06576169912422,51.79095426335058,ok
matmul,cuda,4096,bayesian,4,10,32_32_8_2_4,30.261695861816406,13.40982437133789,79.57468924988291,51.79095426335058,ok
matmul,cuda,4096,bayesian,4,11,32_32_16_2_2,25.117952346801758,8.266080856323242,49.051411654745095,49.05141165474508,ok
matmul,cuda,4096,bayesian,4,12,64_32_8_2_2,25.57961654663086,8.727745056152344,51.790954263350585,49.05141165474508,ok
matmul,cuda,4096,bayesian,4,13,64_64_16_4_2,24.44940757751465,7.597536087036133,45.084227537154085,45.08422753715408,ok
matmul,cuda,4096,bayesian,4,14,64_64_16_4_2,24.44940757751465,7.597536087036133,45.084227537154085,45.08422753715408,ok
matmul,cuda,4096,bayesian,4,15,64_32_8_1_4,38.17020797729492,21.318336486816406,126.50426689321415,45.08422753715408,ok
matmul,cuda,4096,bayesian,5,1,32_32_32_2_2,27.283039093017578,10.431167602539062,61.89916418738881,61.89916418738881,ok
matmul,cuda,4096,bayesian,5,2,32_32_8_4_2,27.740320205688477,10.888448715209961,64.61269729811343,61.89916418738881,ok
matmul,cuda,4096,bayesian,5,3,128_32_16_4_2,23.31827163696289,6.466400146484375,38.372000107750395,38.372000107750395,ok
matmul,cuda,4096,bayesian,5,4,32_64_8_4_1,32.26579284667969,15.413921356201172,91.4671190372547,38.372000107750395,ok
matmul,cuda,4096,bayesian,5,5,64_64_8_4_2,19.15894317626953,2.3070716857910156,13.690299543849083,13.690299543849093,ok
matmul,cuda,4096,bayesian,5,6,32_32_16_1_4,42.326751708984375,25.47488021850586,151.1694427108552,13.690299543849093,ok
matmul,cuda,4096,bayesian,5,7,128_32_32_4_2,45.346561431884766,28.49468994140625,169.0891718317817,13.690299543849093,ok
matmul,cuda,4096,bayesian,5,8,64_64_8_4_2,19.15894317626953,2.3070716857910156,13.690299543849083,13.690299543849093,ok
matmul,cuda,4096,bayesian,5,9,64_32_16_1_4,37.80780792236328,20.955936431884766,124.35376357887068,13.690299543849093,ok
matmul,cuda,4096,bayesian,5,10,64_32_32_4_2,41.46080017089844,24.608928680419922,146.03083517652163,13.690299543849093,ok
matmul,cuda,4096,bayesian,5,11,32_64_32_4_4,37.10224151611328,20.250370025634766,120.16689088257313,13.690299543849093,ok
matmul,cuda,4096,bayesian,5,12,64_64_8_4_2,19.15894317626953,2.3070716857910156,13.690299543849083,13.690299543849093,ok
matmul,cuda,4096,bayesian,5,13,32_32_32_4_4,50.01561737060547,33.16374588012695,196.79562533374892,13.690299543849093,ok
matmul,cuda,4096,bayesian,5,14,64_64_8_4_2,19.15894317626953,2.3070716857910156,13.690299543849083,13.690299543849093,ok
matmul,cuda,4096,bayesian,5,15,64_64_16_4_4,25.252511978149414,8.400640487670898,49.84989644869622,13.690299543849093,ok
matmul,cuda,4096,bayesian,6,1,32_32_32_2_2,27.283039093017578,10.431167602539062,61.89916418738881,61.89916418738881,ok
matmul,cuda,4096,bayesian,6,2,32_32_32_1_4,50.586944580078125,33.73507308959961,200.18591471374725,61.89916418738881,ok
matmul,cuda,4096,bayesian,6,3,32_64_8_2_2,28.299360275268555,11.447488784790039,67.93007406481821,61.89916418738881,ok
matmul,cuda,4096,bayesian,6,4,32_64_32_2_2,37.37846374511719,20.526592254638672,121.80600989175838,61.89916418738881,ok
matmul,cuda,4096,bayesian,6,5,64_32_16_2_2,31.543231964111328,14.691360473632812,87.17940011549213,61.89916418738881,ok
matmul,cuda,4096,bayesian,6,6,32_128_16_4_2,23.074560165405273,6.222688674926758,36.92580185199397,36.92580185199396,ok
matmul,cuda,4096,bayesian,6,7,32_64_32_1_4,48.25641632080078,31.404544830322266,186.35642247845388,36.92580185199396,ok
matmul,cuda,4096,bayesian,6,8,64_32_32_2_4,31.548128128051758,14.696256637573242,87.20845424127985,36.92580185199396,ok
matmul,cuda,4096,bayesian,6,9,32_32_32_1_2,34.02854537963867,17.176673889160156,101.92739660319128,36.92580185199396,ok
matmul,cuda,4096,bayesian,6,10,32_128_16_4_2,23.074560165405273,6.222688674926758,36.92580185199397,36.92580185199396,ok
matmul,cuda,4096,bayesian,6,11,32_32_16_2_4,34.41865539550781,17.566783905029297,104.24233246114363,36.92580185199396,ok
matmul,cuda,4096,bayesian,6,12,32_128_16_4_2,23.074560165405273,6.222688674926758,36.92580185199397,36.92580185199396,ok
matmul,cuda,4096,bayesian,6,13,64_64_8_4_2,19.15894317626953,2.3070716857910156,13.690299543849083,13.690299543849093,ok
matmul,cuda,4096,bayesian,6,14,64_32_32_4_1,33.459102630615234,16.60723114013672,98.54828972271703,13.690299543849093,ok
matmul,cuda,4096,bayesian,6,15,64_64_8_4_2,19.15894317626953,2.3070716857910156,13.690299543849083,13.690299543849093,ok
matmul,cuda,4096,bayesian,7,1,32_32_32_2_2,27.283039093017578,10.431167602539062,61.89916418738881,61.89916418738881,ok
matmul,cuda,4096,bayesian,7,2,32_32_8_1_4,36.9870719909668,20.13520050048828,119.48346812319856,61.89916418738881,ok
matmul,cuda,4096,bayesian,7,3,128_32_32_2_4,31.976640701293945,15.12476921081543,89.7512731411528,61.89916418738881,ok
matmul,cuda,4096,bayesian,7,4,64_64_8_4_4,18.004064559936523,1.1521930694580078,6.837181675097681,6.837181675097683,ok
matmul,cuda,4096,bayesian,7,5,32_32_16_2_2,25.117952346801758,8.266080856323242,49.051411654745095,6.837181675097683,ok
matmul,cuda,4096,bayesian,7,6,32_64_16_4_2,27.12758445739746,10.275712966918945,60.97668720488898,6.837181675097683,ok
matmul,cuda,4096,bayesian,7,7,128_64_16_4_4,36.61030578613281,19.758434295654297,117.24771522746313,6.837181675097683,ok
matmul,cuda,4096,bayesian,7,8,64_64_8_4_4,18.004064559936523,1.1521930694580078,6.837181675097681,6.837181675097683,ok
matmul,cuda,4096,bayesian,7,9,32_32_16_4_2,27.50035285949707,10.648481369018555,63.18871690325349,6.837181675097683,ok
matmul,cuda,4096,bayesian,7,10,128_32_8_2_4,28.659263610839844,11.807392120361328,70.06576169912422,6.837181675097683,ok
matmul,cuda,4096,bayesian,7,11,32_128_16_2_4,25.767488479614258,8.915616989135742,52.90579740163079,6.837181675097683,ok
matmul,cuda,4096,bayesian,7,12,32_128_32_2_4,29.593088150024414,12.741216659545898,75.60713162775315,6.837181675097683,ok
matmul,cuda,4096,bayesian,7,13,64_128_8_4_4,20.260831832885742,3.4089603424072266,20.228971864242638,6.837181675097683,ok
matmul,cuda,4096,bayesian,7,14,64_64_32_4_2,21.28598403930664,4.434112548828125,26.312285560291905,6.837181675097683,ok
matmul,cuda,4096,bayesian,7,15,64_128_8_4_4,20.260831832885742,3.4089603424072266,20.228971864242638,6.837181675097683,ok
matmul,cuda,4096,bayesian,8,1,32_32_32_2_2,27.283039093017578,10.431167602539062,61.89916418738881,61.89916418738881,ok
matmul,cuda,4096,bayesian,8,2,64_32_16_2_4,28.79987144470215,11.947999954223633,70.9001368837543,61.89916418738881,ok
matmul,cuda,4096,bayesian,8,3,64_32_32_2_4,31.548128128051758,14.696256637573242,87.20845424127985,61.89916418738881,ok
matmul,cuda,4096,bayesian,8,4,32_32_32_2_2,27.283039093017578,10.431167602539062,61.89916418738881,61.89916418738881,ok
matmul,cuda,4096,bayesian,8,5,128_64_8_4_4,19.830175399780273,2.978303909301758,17.673431173413178,17.673431173413174,ok
matmul,cuda,4096,bayesian,8,6,32_64_8_2_4,26.829631805419922,9.977760314941406,59.20861858327691,17.673431173413174,ok
matmul,cuda,4096,bayesian,8,7,128_64_8_4_4,19.830175399780273,2.978303909301758,17.673431173413178,17.673431173413174,ok
matmul,cuda,4096,bayesian,8,8,64_32_16_2_2,31.543231964111328,14.691360473632812,87.17940011549213,17.673431173413174,ok
matmul,cuda,4096,bayesian,8,9,128_32_16_2_4,35.67638397216797,18.824512481689453,111.70576806454702,17.673431173413174,ok
matmul,cuda,4096,bayesian,8,10,64_64_8_4_2,19.15894317626953,2.3070716857910156,13.690299543849083,13.690299543849093,ok
matmul,cuda,4096,bayesian,8,11,32_64_16_2_2,25.278976440429688,8.427104949951172,50.006938129765445,13.690299543849093,ok
matmul,cuda,4096,bayesian,8,12,32_64_32_2_4,25.69340705871582,8.841535568237305,52.46619387783051,13.690299543849093,ok
matmul,cuda,4096,bayesian,8,13,32_64_16_1_4,35.144351959228516,18.29248046875,108.54865869992803,13.690299543849093,ok
matmul,cuda,4096,bayesian,8,14,64_64_8_4_2,19.15894317626953,2.3070716857910156,13.690299543849083,13.690299543849093,ok
matmul,cuda,4096,bayesian,8,15,64_64_8_4_2,19.15894317626953,2.3070716857910156,13.690299543849083,13.690299543849093,ok
matmul,cuda,4096,bayesian,9,1,32_32_32_2_2,27.283039093017578,10.431167602539062,61.89916418738881,61.89916418738881,ok
matmul,cuda,4096,bayesian,9,2,32_32_8_1_4,36.9870719909668,20.13520050048828,119.48346812319856,61.89916418738881,ok
matmul,cuda,4096,bayesian,9,3,64_64_32_2_4,22.666719436645508,5.814847946166992,34.50565089730504,34.50565089730504,ok
matmul,cuda,4096,bayesian,9,4,32_64_32_2_4,25.69340705871582,8.841535568237305,52.46619387783051,34.50565089730504,ok
matmul,cuda,4096,bayesian,9,5,32_32_32_4_1,39.878944396972656,23.02707290649414,136.64400965497916,34.50565089730504,ok
matmul,cuda,4096,bayesian,9,6,64_64_32_2_4,22.666719436645508,5.814847946166992,34.50565089730504,34.50565089730504,ok
matmul,cuda,4096,bayesian,9,7,32_64_8_2_4,26.829631805419922,9.977760314941406,59.20861858327691,34.50565089730504,ok
matmul,cuda,4096,bayesian,9,8,32_32_32_4_4,50.01561737060547,33.16374588012695,196.79562533374892,34.50565089730504,ok
matmul,cuda,4096,bayesian,9,9,128_64_16_4_4,36.61030578613281,19.758434295654297,117.24771522746313,34.50565089730504,ok
matmul,cuda,4096,bayesian,9,10,32_32_32_1_4,50.586944580078125,33.73507308959961,200.18591471374725,34.50565089730504,ok
matmul,cuda,4096,bayesian,9,11,32_128_16_2_4,25.767488479614258,8.915616989135742,52.90579740163079,34.50565089730504,ok
matmul,cuda,4096,bayesian,9,12,32_32_8_4_1,23.528736114501953,6.6768646240234375,39.62090873880646,34.50565089730504,ok
matmul,cuda,4096,bayesian,9,13,64_32_8_4_4,25.578048706054688,8.726177215576172,51.781650604839655,34.50565089730504,ok
matmul,cuda,4096,bayesian,9,14,64_32_8_4_4,25.578048706054688,8.726177215576172,51.781650604839655,34.50565089730504,ok
matmul,cuda,4096,bayesian,9,15,32_64_8_2_2,28.299360275268555,11.447488784790039,67.93007406481821,34.50565089730504,ok
matmul,cuda,4096,random,0,1,32_32_32_2_2,27.283039093017578,10.431167602539062,61.89916418738881,61.89916418738881,ok
matmul,cuda,4096,random,0,2,32_128_32_4_4,28.800031661987305,11.948160171508789,70.90108762258023,61.89916418738881,ok
matmul,cuda,4096,random,0,3,64_32_8_4_1,25.982175827026367,9.130304336547852,54.1797647917418,54.17976479174179,ok
matmul,cuda,4096,random,0,4,32_32_8_4_1,23.528736114501953,6.6768646240234375,39.62090873880646,39.62090873880646,ok
matmul,cuda,4096,random,0,5,32_64_16_4_2,27.12758445739746,10.275712966918945,60.97668720488898,39.62090873880646,ok
matmul,cuda,4096,random,0,6,64_32_32_4_1,33.459102630615234,16.60723114013672,98.54828972271703,39.62090873880646,ok
matmul,cuda,4096,random,0,7,64_32_32_1_4,56.026302337646484,39.17443084716797,232.46338467096626,39.62090873880646,ok
matmul,cuda,4096,random,0,8,64_32_8_2_2,25.57961654663086,8.727745056152344,51.790954263350585,39.62090873880646,ok
matmul,cuda,4096,random,0,9,32_64_32_4_1,36.843711853027344,19.991840362548828,118.63276060373727,39.62090873880646,ok
matmul,cuda,4096,random,0,10,64_32_16_4_4,30.239360809326172,13.387489318847656,79.44215173022016,39.62090873880646,ok
matmul,cuda,4096,random,0,11,32_128_16_4_2,23.074560165405273,6.222688674926758,36.92580185199397,36.92580185199396,ok
matmul,cuda,4096,random,0,12,64_64_32_2_4,22.666719436645508,5.814847946166992,34.50565089730504,34.50565089730504,ok
matmul,cuda,4096,random,0,13,32_64_8_4_2,23.947200775146484,7.095329284667969,42.1041027323102,34.50565089730504,ok
matmul,cuda,4096,random,0,14,64_32_32_2_4,31.548128128051758,14.696256637573242,87.20845424127985,34.50565089730504,ok
matmul,cuda,4096,random,0,15,32_32_32_1_4,50.586944580078125,33.73507308959961,200.18591471374725,34.50565089730504,ok
matmul,cuda,4096,random,1,1,32_32_32_2_2,27.283039093017578,10.431167602539062,61.89916418738881,61.89916418738881,ok
matmul,cuda,4096,random,1,2,64_32_8_4_2,21.10860824584961,4.256736755371094,25.25972713342963,25.259727133429628,ok
matmul,cuda,4096,random,1,3,128_32_16_4_4,31.611520767211914,14.759649276733398,87.5846299034072,25.259727133429628,ok
matmul,cuda,4096,random,1,4,32_32_16_2_4,34.41865539550781,17.566783905029297,104.24233246114363,25.259727133429628,ok
matmul,cuda,4096,random,1,5,64_32_8_1_4,38.17020797729492,21.318336486816406,126.50426689321415,25.259727133429628,ok
matmul,cuda,4096,random,1,6,32_128_16_4_2,23.074560165405273,6.222688674926758,36.92580185199397,25.259727133429628,ok
matmul,cuda,4096,random,1,7,32_32_16_1_2,31.60028839111328,14.748416900634766,87.51797632071772,25.259727133429628,ok
matmul,cuda,4096,random,1,8,64_32_16_4_1,36.10559844970703,19.253726959228516,114.2527521059431,25.259727133429628,ok
matmul,cuda,4096,random,1,9,32_32_32_4_2,42.0283203125,25.176448822021484,149.3985331910847,25.259727133429628,ok
matmul,cuda,4096,random,1,10,64_64_8_2_4,16.851871490478516,0.0,0.0,0.0,ok
matmul,cuda,4096,random,1,11,64_32_8_4_4,25.578048706054688,8.726177215576172,51.781650604839655,0.0,ok
matmul,cuda,4096,random,1,12,32_32_32_1_2,34.02854537963867,17.176673889160156,101.92739660319128,0.0,ok
matmul,cuda,4096,random,1,13,32_64_8_4_4,19.481056213378906,2.6291847229003906,15.601737316747922,0.0,ok
matmul,cuda,4096,random,1,14,32_64_16_2_2,25.278976440429688,8.427104949951172,50.006938129765445,0.0,ok
matmul,cuda,4096,random,1,15,32_128_16_4_4,23.470239639282227,6.618368148803711,39.273787202466856,0.0,ok
matmul,cuda,4096,random,2,1,32_32_32_2_2,27.283039093017578,10.431167602539062,61.89916418738881,61.89916418738881,ok
matmul,cuda,4096,random,2,2,64_32_16_2_2,31.543231964111328,14.691360473632812,87.17940011549213,61.89916418738881,ok
matmul,cuda,4096,random,2,3,32_32_8_4_2,27.740320205688477,10.888448715209961,64.61269729811343,61.89916418738881,ok
matmul,cuda,4096,random,2,4,64_32_16_4_2,23.00444793701172,6.152576446533203,36.50975175077422,36.50975175077423,ok
matmul,cuda,4096,random,2,5,32_64_16_4_1,36.142974853515625,19.29110336303711,114.47454589204993,36.50975175077423,ok
matmul,cuda,4096,random,2,6,128_64_16_4_4,36.61030578613281,19.758434295654297,117.24771522746313,36.50975175077423,ok
matmul,cuda,4096,random,2,7,32_64_8_1_4,30.32099151611328,13.469120025634766,79.92655316203283,36.50975175077423,ok
matmul,cuda,4096,random,2,8,64_64_16_4_4,25.252511978149414,8.400640487670898,49.84989644869622,36.50975175077423,ok
matmul,cuda,4096,random,2,9,128_32_8_4_2,32.30390548706055,15.452033996582031,91.69328169463311,36.50975175077423,ok
matmul,cuda,4096,random,2,10,32_32_32_1_4,50.586944580078125,33.73507308959961,200.18591471374725,36.50975175077423,ok
matmul,cuda,4096,random,2,11,64_32_8_2_2,25.57961654663086,8.727745056152344,51.790954263350585,36.50975175077423,ok
matmul,cuda,4096,random,2,12,32_64_8_2_2,28.299360275268555,11.447488784790039,67.93007406481821,36.50975175077423,ok
matmul,cuda,4096,random,2,13,128_32_16_2_4,35.67638397216797,18.824512481689453,111.70576806454702,36.50975175077423,ok
matmul,cuda,4096,random,2,14,32_32_32_2_1,27.571680068969727,10.719808578491211,63.61197677390322,36.50975175077423,ok
matmul,cuda,4096,random,2,15,64_64_8_2_4,16.851871490478516,0.0,0.0,0.0,ok
matmul,cuda,4096,random,3,1,32_32_32_2_2,27.283039093017578,10.431167602539062,61.89916418738881,61.89916418738881,ok
matmul,cuda,4096,random,3,2,128_32_8_4_2,32.30390548706055,15.452033996582031,91.69328169463311,61.89916418738881,ok
matmul,cuda,4096,random,3,3,32_32_32_1_2,34.02854537963867,17.176673889160156,101.92739660319128,61.89916418738881,ok
matmul,cuda,4096,random,3,4,32_64_32_4_2,22.393056869506836,5.54118537902832,32.88172107269598,32.88172107269598,ok
matmul,cuda,4096,random,3,5,32_32_16_2_1,33.60259246826172,16.750720977783203,99.39976688789454,32.88172107269598,ok
matmul,cuda,4096,random,3,6,32_64_32_1_4,48.25641632080078,31.404544830322266,186.35642247845388,32.88172107269598,ok
matmul,cuda,4096,random,3,7,128_64_32_4_4,35.228736877441406,18.37686538696289,109.04940378489125,32.88172107269598,ok
matmul,cuda,4096,random,3,8,128_32_8_4_4,29.298112869262695,12.44624137878418,73.85673090265634,32.88172107269598,ok
matmul,cuda,4096,random,3,9,32_32_32_2_1,27.571680068969727,10.719808578491211,63.61197677390322,32.88172107269598,ok
matmul,cuda,4096,random,3,10,64_128_8_4_4,20.260831832885742,3.4089603424072266,20.228971864242638,20.228971864242645,ok
matmul,cuda,4096,random,3,11,128_32_32_2_4,31.976640701293945,15.12476921081543,89.7512731411528,20.228971864242645,ok
matmul,cuda,4096,random,3,12,64_32_16_1_4,37.80780792236328,20.955936431884766,124.35376357887068,20.228971864242645,ok
matmul,cuda,4096,random,3,13,32_64_32_4_1,36.843711853027344,19.991840362548828,118.63276060373727,20.228971864242645,ok
matmul,cuda,4096,random,3,14,32_64_8_4_4,19.481056213378906,2.6291847229003906,15.601737316747922,15.601737316747922,ok
matmul,cuda,4096,random,3,15,32_64_8_1_4,30.32099151611328,13.469120025634766,79.92655316203283,15.601737316747922,ok
matmul,cuda,4096,random,4,1,32_32_32_2_2,27.283039093017578,10.431167602539062,61.89916418738881,61.89916418738881,ok
matmul,cuda,4096,random,4,2,64_32_8_2_4,27.943008422851562,11.091136932373047,65.8154611411537,61.89916418738881,ok
matmul,cuda,4096,random,4,3,64_32_8_4_1,25.982175827026367,9.130304336547852,54.1797647917418,54.17976479174179,ok
matmul,cuda,4096,random,4,4,64_32_16_4_1,36.10559844970703,19.253726959228516,114.2527521059431,54.17976479174179,ok
matmul,cuda,4096,random,4,5,128_64_16_4_4,36.61030578613281,19.758434295654297,117.24771522746313,54.17976479174179,ok
matmul,cuda,4096,random,4,6,32_64_16_2_4,30.410688400268555,13.558816909790039,80.45881976640348,54.17976479174179,ok
matmul,cuda,4096,random,4,7,64_32_32_2_4,31.548128128051758,14.696256637573242,87.20845424127985,54.17976479174179,ok
matmul,cuda,4096,random,4,8,128_32_16_4_2,23.31827163696289,6.466400146484375,38.372000107750395,38.372000107750395,ok
matmul,cuda,4096,random,4,9,64_32_16_2_4,28.79987144470215,11.947999954223633,70.9001368837543,38.372000107750395,ok
matmul,cuda,4096,random,4,10,32_64_32_4_4,37.10224151611328,20.250370025634766,120.16689088257313,38.372000107750395,ok
matmul,cuda,4096,random,4,11,32_128_32_4_4,28.800031661987305,11.948160171508789,70.90108762258023,38.372000107750395,ok
matmul,cuda,4096,random,4,12,128_32_16_4_4,31.611520767211914,14.759649276733398,87.5846299034072,38.372000107750395,ok
matmul,cuda,4096,random,4,13,32_32_16_4_2,27.50035285949707,10.648481369018555,63.18871690325349,38.372000107750395,ok
matmul,cuda,4096,random,4,14,32_128_16_4_4,23.470239639282227,6.618368148803711,39.273787202466856,38.372000107750395,ok
matmul,cuda,4096,random,4,15,32_128_16_2_4,25.767488479614258,8.915616989135742,52.90579740163079,38.372000107750395,ok
matmul,cuda,4096,random,5,1,32_32_32_2_2,27.283039093017578,10.431167602539062,61.89916418738881,61.89916418738881,ok
matmul,cuda,4096,random,5,2,32_64_16_1_4,35.144351959228516,18.29248046875,108.54865869992803,61.89916418738881,ok
matmul,cuda,4096,random,5,3,32_128_16_4_4,23.470239639282227,6.618368148803711,39.273787202466856,39.27378720246685,ok
matmul,cuda,4096,random,5,4,64_32_8_1_4,38.17020797729492,21.318336486816406,126.50426689321415,39.27378720246685,ok
matmul,cuda,4096,random,5,5,64_32_16_2_4,28.79987144470215,11.947999954223633,70.9001368837543,39.27378720246685,ok
matmul,cuda,4096,random,5,6,32_32_16_4_2,27.50035285949707,10.648481369018555,63.18871690325349,39.27378720246685,ok
matmul,cuda,4096,random,5,7,64_32_32_2_4,31.548128128051758,14.696256637573242,87.20845424127985,39.27378720246685,ok
matmul,cuda,4096,random,5,8,64_32_8_2_2,25.57961654663086,8.727745056152344,51.790954263350585,39.27378720246685,ok
matmul,cuda,4096,random,5,9,32_32_8_4_1,23.528736114501953,6.6768646240234375,39.62090873880646,39.27378720246685,ok
matmul,cuda,4096,random,5,10,32_128_8_4_4,29.03068733215332,12.178815841674805,72.26981198234253,39.27378720246685,ok
matmul,cuda,4096,random,5,11,64_32_32_4_2,41.46080017089844,24.608928680419922,146.03083517652163,39.27378720246685,ok
matmul,cuda,4096,random,5,12,32_64_16_4_1,36.142974853515625,19.29110336303711,114.47454589204993,39.27378720246685,ok
matmul,cuda,4096,random,5,13,64_64_32_4_2,21.28598403930664,4.434112548828125,26.312285560291905,26.312285560291894,ok
matmul,cuda,4096,random,5,14,32_32_16_1_2,31.60028839111328,14.748416900634766,87.51797632071772,26.312285560291894,ok
matmul,cuda,4096,random,5,15,64_32_32_1_4,56.026302337646484,39.17443084716797,232.46338467096626,26.312285560291894,ok
matmul,cuda,4096,random,6,1,32_32_32_2_2,27.283039093017578,10.431167602539062,61.89916418738881,61.89916418738881,ok
matmul,cuda,4096,random,6,2,32_32_32_4_4,50.01561737060547,33.16374588012695,196.79562533374892,61.89916418738881,ok
matmul,cuda,4096,random,6,3,32_64_32_1_4,48.25641632080078,31.404544830322266,186.35642247845388,61.89916418738881,ok
matmul,cuda,4096,random,6,4,32_32_32_4_2,42.0283203125,25.176448822021484,149.3985331910847,61.89916418738881,ok
matmul,cuda,4096,random,6,5,32_128_8_2_4,33.32284927368164,16.470977783203125,97.73975426117747,61.89916418738881,ok
matmul,cuda,4096,random,6,6,32_32_32_1_4,50.586944580078125,33.73507308959961,200.18591471374725,61.89916418738881,ok
matmul,cuda,4096,random,6,7,32_32_8_4_2,27.740320205688477,10.888448715209961,64.61269729811343,61.89916418738881,ok
matmul,cuda,4096,random,6,8,32_128_32_4_2,50.5456657409668,33.69379425048828,199.94096364623735,61.89916418738881,ok
matmul,cuda,4096,random,6,9,32_128_16_4_4,23.470239639282227,6.618368148803711,39.273787202466856,39.27378720246685,ok
matmul,cuda,4096,random,6,10,64_64_8_4_2,19.15894317626953,2.3070716857910156,13.690299543849083,13.690299543849093,ok
matmul,cuda,4096,random,6,11,128_32_16_4_4,31.611520767211914,14.759649276733398,87.5846299034072,13.690299543849093,ok
matmul,cuda,4096,random,6,12,128_32_8_4_4,29.298112869262695,12.44624137878418,73.85673090265634,13.690299543849093,ok
matmul,cuda,4096,random,6,13,32_64_16_4_4,30.526975631713867,13.675104141235352,81.14887506092086,13.690299543849093,ok
matmul,cuda,4096,random,6,14,64_32_8_2_4,27.943008422851562,11.091136932373047,65.8154611411537,13.690299543849093,ok
matmul,cuda,4096,random,6,15,64_32_8_4_4,25.578048706054688,8.726177215576172,51.781650604839655,13.690299543849093,ok
matmul,cuda,4096,random,7,1,32_32_32_2_2,27.283039093017578,10.431167602539062,61.89916418738881,61.89916418738881,ok
matmul,cuda,4096,random,7,2,32_128_8_2_4,33.32284927368164,16.470977783203125,97.73975426117747,61.89916418738881,ok
matmul,cuda,4096,random,7,3,32_32_8_4_1,23.528736114501953,6.6768646240234375,39.62090873880646,39.62090873880646,ok
matmul,cuda,4096,random,7,4,32_128_8_4_4,29.03068733215332,12.178815841674805,72.26981198234253,39.62090873880646,ok
matmul,cuda,4096,random,7,5,64_64_16_4_4,25.252511978149414,8.400640487670898,49.84989644869622,39.62090873880646,ok
matmul,cuda,4096,random,7,6,32_64_8_4_4,19.481056213378906,2.6291847229003906,15.601737316747922,15.601737316747922,ok
matmul,cuda,4096,random,7,7,64_32_8_2_4,27.943008422851562,11.091136932373047,65.8154611411537,15.601737316747922,ok
matmul,cuda,4096,random,7,8,64_32_32_4_4,39.09574508666992,22.243873596191406,131.9964587242398,15.601737316747922,ok
matmul,cuda,4096,random,7,9,32_32_8_4_4,29.21990394592285,12.368032455444336,73.39263453576893,15.601737316747922,ok
matmul,cuda,4096,random,7,10,64_64_16_2_4,20.885568618774414,4.033697128295898,23.936196822857212,15.601737316747922,ok
matmul,cuda,4096,random,7,11,32_32_32_1_2,34.02854537963867,17.176673889160156,101.92739660319128,15.601737316747922,ok
matmul,cuda,4096,random,7,12,32_64_32_1_4,48.25641632080078,31.404544830322266,186.35642247845388,15.601737316747922,ok
matmul,cuda,4096,random,7,13,64_32_16_4_1,36.10559844970703,19.253726959228516,114.2527521059431,15.601737316747922,ok
matmul,cuda,4096,random,7,14,32_32_8_2_4,30.261695861816406,13.40982437133789,79.57468924988291,15.601737316747922,ok
matmul,cuda,4096,random,7,15,32_32_16_1_4,42.326751708984375,25.47488021850586,151.1694427108552,15.601737316747922,ok
matmul,cuda,4096,random,8,1,32_32_32_2_2,27.283039093017578,10.431167602539062,61.89916418738881,61.89916418738881,ok
matmul,cuda,4096,random,8,2,64_64_16_4_4,25.252511978149414,8.400640487670898,49.84989644869622,49.84989644869621,ok
matmul,cuda,4096,random,8,3,32_128_16_4_2,23.074560165405273,6.222688674926758,36.92580185199397,36.92580185199396,ok
matmul,cuda,4096,random,8,4,32_32_8_4_2,27.740320205688477,10.888448715209961,64.61269729811343,36.92580185199396,ok
matmul,cuda,4096,random,8,5,64_128_32_4_4,34.935455322265625,18.08358383178711,107.30905372738286,36.92580185199396,ok
matmul,cuda,4096,random,8,6,32_64_32_4_4,37.10224151611328,20.250370025634766,120.16689088257313,36.92580185199396,ok
matmul,cuda,4096,random,8,7,32_32_16_1_4,42.326751708984375,25.47488021850586,151.1694427108552,36.92580185199396,ok
matmul,cuda,4096,random,8,8,32_128_16_2_4,25.767488479614258,8.915616989135742,52.90579740163079,36.92580185199396,ok
matmul,cuda,4096,random,8,9,64_64_16_2_4,20.885568618774414,4.033697128295898,23.936196822857212,23.936196822857212,ok
matmul,cuda,4096,random,8,10,64_32_8_4_2,21.10860824584961,4.256736755371094,25.25972713342963,23.936196822857212,ok
matmul,cuda,4096,random,8,11,32_32_16_4_2,27.50035285949707,10.648481369018555,63.18871690325349,23.936196822857212,ok
matmul,cuda,4096,random,8,12,128_32_8_2_4,28.659263610839844,11.807392120361328,70.06576169912422,23.936196822857212,ok
matmul,cuda,4096,random,8,13,128_64_32_4_4,35.228736877441406,18.37686538696289,109.04940378489125,23.936196822857212,ok
matmul,cuda,4096,random,8,14,32_64_8_4_4,19.481056213378906,2.6291847229003906,15.601737316747922,15.601737316747922,ok
matmul,cuda,4096,random,8,15,32_32_32_4_2,42.0283203125,25.176448822021484,149.3985331910847,15.601737316747922,ok
matmul,cuda,4096,random,9,1,32_32_32_2_2,27.283039093017578,10.431167602539062,61.89916418738881,61.89916418738881,ok
matmul,cuda,4096,random,9,2,32_128_16_2_4,25.767488479614258,8.915616989135742,52.90579740163079,52.90579740163079,ok
matmul,cuda,4096,random,9,3,32_128_8_4_2,30.271520614624023,13.419649124145508,79.63298991288742,52.90579740163079,ok
matmul,cuda,4096,random,9,4,64_64_32_4_4,34.66614532470703,17.814273834228516,105.71095230754501,52.90579740163079,ok
matmul,cuda,4096,random,9,5,32_32_8_2_4,30.261695861816406,13.40982437133789,79.57468924988291,52.90579740163079,ok
matmul,cuda,4096,random,9,6,64_64_8_4_2,19.15894317626953,2.3070716857910156,13.690299543849083,13.690299543849093,ok
matmul,cuda,4096,random,9,7,32_32_32_2_1,27.571680068969727,10.719808578491211,63.61197677390322,13.690299543849093,ok
matmul,cuda,4096,random,9,8,64_32_8_4_4,25.578048706054688,8.726177215576172,51.781650604839655,13.690299543849093,ok
matmul,cuda,4096,random,9,9,64_32_16_4_1,36.10559844970703,19.253726959228516,114.2527521059431,13.690299543849093,ok
matmul,cuda,4096,random,9,10,32_32_32_4_4,50.01561737060547,33.16374588012695,196.79562533374892,13.690299543849093,ok
matmul,cuda,4096,random,9,11,64_32_16_2_4,28.79987144470215,11.947999954223633,70.9001368837543,13.690299543849093,ok
matmul,cuda,4096,random,9,12,32_128_16_4_4,23.470239639282227,6.618368148803711,39.273787202466856,13.690299543849093,ok
matmul,cuda,4096,random,9,13,64_32_32_2_2,39.380126953125,22.528255462646484,133.68399750363147,13.690299543849093,ok
matmul,cuda,4096,random,9,14,64_32_8_4_2,21.10860824584961,4.256736755371094,25.25972713342963,13.690299543849093,ok
matmul,cuda,4096,random,9,15,32_32_16_1_4,42.326751708984375,25.47488021850586,151.1694427108552,13.690299543849093,ok
stencil,sycl,1024,bayesian,0,1,16_64_0_2_2,15.374495506286621,2.194943428039551,16.654158009378172,16.654158009378165,ok
stencil,sycl,1024,bayesian,0,2,32_128_0_4_2,16.1767635345459,2.997211456298828,22.74137571978447,16.654158009378165,ok
stencil,sycl,1024,bayesian,0,3,16_32_1_1_2,14.911423683166504,1.7318716049194336,13.140595330078764,13.140595330078767,ok
stencil,sycl,1024,bayesian,0,4,64_64_8_4_4,20.07238006591797,6.892827987670898,52.29941007667136,13.140595330078767,ok
stencil,sycl,1024,bayesian,0,5,16_32_2_1_2,16.17485237121582,2.99530029296875,22.726874746468127,13.140595330078767,ok
stencil,sycl,1024,bayesian,0,6,16_32_2_2_4,19.254335403442383,6.0747833251953125,46.092486976259075,13.140595330078767,ok
stencil,sycl,1024,bayesian,0,7,32_32_8_2_4,18.551300048828125,5.371747970581055,40.75819829603433,13.140595330078767,ok
stencil,sycl,1024,bayesian,0,8,32_64_8_4_1,14.810432434082031,1.630880355834961,12.374323088921502,12.374323088921503,ok
stencil,sycl,1024,bayesian,0,9,32_64_8_4_1,14.810432434082031,1.630880355834961,12.374323088921502,12.374323088921503,ok
stencil,sycl,1024,bayesian,0,10,16_64_8_2_4,16.928159713745117,3.748607635498047,28.442602701841025,12.374323088921503,ok
stencil,sycl,1024,bayesian,0,11,32_64_1_4_1,15.107808113098145,1.9282560348510742,14.63066440652161,12.374323088921503,ok
stencil,sycl,1024,bayesian,0,12,16_32_1_4_2,18.054336547851562,4.874784469604492,36.987482128852875,12.374323088921503,ok
stencil,sycl,1024,bayesian,0,13,16_32_8_4_2,18.030115127563477,4.850563049316406,36.803701829307926,12.374323088921503,ok
stencil,sycl,1024,bayesian,0,14,32_32_8_4_2,18.348800659179688,5.169248580932617,39.221731893790945,12.374323088921503,ok
stencil,sycl,1024,bayesian,0,15,32_64_2_2_2,16.074432373046875,2.8948802947998047,21.964936878073594,12.374323088921503,ok
stencil,sycl,1024,bayesian,1,1,16_64_0_2_2,15.374495506286621,2.194943428039551,16.654158009378172,16.654158009378165,ok
stencil,sycl,1024,bayesian,1,2,64_64_8_2_4,23.191940307617188,10.012388229370117,75.96910858522745,16.654158009378165,ok
stencil,sycl,1024,bayesian,1,3,16_32_0_2_4,18.02821922302246,4.848667144775391,36.78931663222564,16.654158009378165,ok
stencil,sycl,1024,bayesian,1,4,32_128_2_4_4,23.023263931274414,9.843711853027344,74.68927467781283,16.654158009378165,ok
stencil,sycl,1024,bayesian,1,5,16_128_2_1_4,21.79030418395996,8.61075210571289,65.33417869280238,16.654158009378165,ok
stencil,sycl,1024,bayesian,1,6,16_128_0_4_2,14.349791526794434,1.1702394485473633,8.879205010911196,8.879205010911187,ok
stencil,sycl,1024,bayesian,1,7,32_64_2_1_4,22.535232543945312,9.355680465698242,70.9863310236457,8.879205010911187,ok
stencil,sycl,1024,bayesian,1,8,32_32_1_4_4,18.66579246520996,5.486240386962891,41.62691079629302,8.879205010911187,ok
stencil,sycl,1024,bayesian,1,9,16_64_0_2_2,15.374495506286621,2.194943428039551,16.654158009378172,8.879205010911187,ok
stencil,sycl,1024,bayesian,1,10,16_64_0_1_4,22.039331436157227,8.859779357910156,67.22367577676084,8.879205010911187,ok
stencil,sycl,1024,bayesian,1,11,16_32_1_4_4,22.587196350097656,9.407644271850586,71.38060698874553,8.879205010911187,ok
stencil,sycl,1024,bayesian,1,12,16_128_0_4_2,14.349791526794434,1.1702394485473633,8.879205010911196,8.879205010911187,ok
stencil,sycl,1024,bayesian,1,13,16_32_1_4_1,17.066083908081055,3.8865318298339844,29.489104081531934,8.879205010911187,ok
stencil,sycl,1024,bayesian,1,14,16_32_0_2_2,15.310979843139648,2.131427764892578,16.172232199078394,8.879205010911187,ok
stencil,sycl,1024,bayesian,1,15,16_64_0_1_2,18.59872055053711,5.419168472290039,41.118001887442055,8.879205010911187,ok
stencil,sycl,1024,bayesian,2,1,16_64_0_2_2,15.374495506286621,2.194943428039551,16.654158009378172,16.654158009378165,ok
stencil,sycl,1024,bayesian,2,2,64_64_8_4_4,20.07238006591797,6.892827987670898,52.29941007667136,16.654158009378165,ok
stencil,sycl,1024,bayesian,2,3,16_32_8_2_1,14.747807502746582,1.5682554244995117,11.899155716285126,11.89915571628513,ok
stencil,sycl,1024,bayesian,2,4,64_32_0_4_2,17.44870376586914,4.26915168762207,32.39223656673682,11.89915571628513,ok
stencil,sycl,1024,bayesian,2,5,32_32_1_4_4,18.66579246520996,5.486240386962891,41.62691079629302,11.89915571628513,ok
stencil,sycl,1024,bayesian,2,6,32_32_2_4_2,16.55251121520996,3.3729591369628906,25.59236548357344,11.89915571628513,ok
stencil,sycl,1024,bayesian,2,7,64_32_8_2_2,15.46925163269043,2.2896995544433594,17.373121186891648,11.89915571628513,ok
stencil,sycl,1024,bayesian,2,8,16_64_2_2_2,15.112540245056152,1.932988166809082,14.66656951111025,11.89915571628513,ok
stencil,sycl,1024,bayesian,2,9,16_64_0_2_2,15.374495506286621,2.194943428039551,16.654158009378172,11.89915571628513,ok
stencil,sycl,1024,bayesian,2,10,64_64_0_4_4,22.810588836669922,9.631036758422852,73.07559999947901,11.89915571628513,ok
stencil,sycl,1024,bayesian,2,11,32_64_1_2_2,17.5284481048584,4.348896026611328,32.9972976379767,11.89915571628513,ok
stencil,sycl,1024,bayesian,2,12,32_64_1_2_2,17.5284481048584,4.348896026611328,32.9972976379767,11.89915571628513,ok
stencil,sycl,1024,bayesian,2,13,32_64_8_1_4,18.10313606262207,4.923583984375,37.357748997414,11.89915571628513,ok
stencil,sycl,1024,bayesian,2,14,16_32_2_2_4,19.254335403442383,6.0747833251953125,46.092486976259075,11.89915571628513,ok
stencil,sycl,1024,bayesian,2,15,32_64_0_2_4,22.101184844970703,8.921632766723633,67.69298921356244,11.89915571628513,ok
stencil,sycl,1024,bayesian,3,1,16_64_0_2_2,15.374495506286621,2.194943428039551,16.654158009378172,16.654158009378165,ok
stencil,sycl,1024,bayesian,3,2,16_32_2_4_2,15.391803741455078,2.212251663208008,16.78548443887817,16.654158009378165,ok
stencil,sycl,1024,bayesian,3,3,64_32_2_2_2,17.81113624572754,4.631584167480469,35.142197094277016,16.654158009378165,ok
stencil,sycl,1024,bayesian,3,4,32_32_1_4_4,18.66579246520996,5.486240386962891,41.62691079629302,16.654158009378165,ok
stencil,sycl,1024,bayesian,3,5,32_64_1_2_2,17.5284481048584,4.348896026611328,32.9972976379767,16.654158009378165,ok
stencil,sycl,1024,bayesian,3,6,64_32_8_2_4,21.110015869140625,7.930463790893555,60.172483433506315,16.654158009378165,ok
stencil,sycl,1024,bayesian,3,7,16_64_0_2_2,15.374495506286621,2.194943428039551,16.654158009378172,16.654158009378165,ok
stencil,sycl,1024,bayesian,3,8,16_64_1_2_4,19.53670310974121,6.357151031494141,48.234955131644085,16.654158009378165,ok
stencil,sycl,1024,bayesian,3,9,32_128_0_2_4,23.081632614135742,9.902080535888672,75.1321477171604,16.654158009378165,ok
stencil,sycl,1024,bayesian,3,10,32_32_2_2_1,14.145567893981934,0.9660158157348633,7.329655894218723,7.329655894218728,ok
stencil,sycl,1024,bayesian,3,11,16_64_0_2_2,15.374495506286621,2.194943428039551,16.654158009378172,7.329655894218728,ok
stencil,sycl,1024,bayesian,3,12,64_32_2_2_2,17.81113624572754,4.631584167480469,35.142197094277016,7.329655894218728,ok
stencil,sycl,1024,bayesian,3,13,32_128_2_2_4,22.296064376831055,9.116512298583984,69.17163985892087,7.329655894218728,ok
stencil,sycl,1024,bayesian,3,14,16_64_1_4_1,15.164443969726562,1.9848918914794922,15.06038960728846,7.329655894218728,ok
stencil,sycl,1024,bayesian,3,15,64_32_0_4_2,17.44870376586914,4.26915168762207,32.39223656673682,7.329655894218728,ok
stencil,sycl,1024,bayesian,4,1,16_64_0_2_2,15.374495506286621,2.194943428039551,16.654158009378172,16.654158009378165,ok
stencil,sycl,1024,bayesian,4,2,32_64_8_4_1,14.810432434082031,1.630880355834961,12.374323088921502,12.374323088921503,ok
stencil,sycl,1024,bayesian,4,3,32_32_8_1_2,15.375103950500488,2.195551872253418,16.65877458671141,12.374323088921503,ok
stencil,sycl,1024,bayesian,4,4,16_128_0_1_4,17.55023956298828,4.370687484741211,33.162640572247184,12.374323088921503,ok
stencil,sycl,1024,bayesian,4,5,16_64_8_4_1,16.519136428833008,3.3395843505859375,25.33913391562026,12.374323088921503,ok
stencil,sycl,1024,bayesian,4,6,32_64_1_1_4,21.953216552734375,8.773664474487305,66.57027812779988,12.374323088921503,ok
stencil,sycl,1024,bayesian,4,7,16_32_2_2_1,17.618879318237305,4.439327239990234,33.68344548914808,12.374323088921503,ok
stencil,sycl,1024,bayesian,4,8,32_64_0_2_2,15.498204231262207,2.3186521530151367,17.59279935501059,12.374323088921503,ok
stencil,sycl,1024,bayesian,4,9,64_32_2_2_4,17.89423942565918,4.714687347412109,35.77274340903989,12.374323088921503,ok
stencil,sycl,1024,bayesian,4,10,16_32_1_1_1,15.77244758605957,2.5928955078125,19.673623901771965,12.374323088921503,ok
stencil,sycl,1024,bayesian,4,11,16_32_2_2_4,19.254335403442383,6.0747833251953125,46.092486976259075,12.374323088921503,ok
stencil,sycl,1024,bayesian,4,12,32_32_2_1_2,15.156479835510254,1.9769277572631836,14.999961649122472,12.374323088921503,ok
stencil,sycl,1024,bayesian,4,13,32_128_8_4_2,15.17728042602539,1.9977283477783203,15.157786364193537,12.374323088921503,ok
stencil,sycl,1024,bayesian,4,14,32_32_8_1_2,15.375103950500488,2.195551872253418,16.65877458671141,12.374323088921503,ok
stencil,sycl,1024,bayesian,4,15,32_32_2_2_2,17.65462303161621,4.475070953369141,33.95465131743946,12.374323088921503,ok
stencil,sycl,1024,bayesian,5,1,16_64_0_2_2,15.374495506286621,2.194943428039551,16.654158009378172,16.654158009378165,ok
stencil,sycl,1024,bayesian,5,2,64_64_8_2_4,23.191940307617188,10.012388229370117,75.96910858522745,16.654158009378165,ok
stencil,sycl,1024,bayesian,5,3,16_32_1_2_2,17.99407958984375,4.81452751159668,36.53028178054007,16.654158009378165,ok
stencil,sycl,1024,bayesian,5,4,16_64_0_4_1,14.871611595153809,1.6920595169067383,12.838520663380448,12.838520663380454,ok
stencil,sycl,1024,bayesian,5,5,32_32_8_2_2,16.011167526245117,2.831615447998047,21.484914139621214,12.838520663380454,ok
stencil,sycl,1024,bayesian,5,6,16_32_2_1_4,21.891584396362305,8.712032318115234,66.10264344639221,12.838520663380454,ok
stencil,sycl,1024,bayesian,5,7,64_64_2_2_4,23.203651428222656,10.024099349975586,76.0579668448704,12.838520663380454,ok
stencil,sycl,1024,bayesian,5,8,16_64_0_4_1,14.871611595153809,1.6920595169067383,12.838520663380448,12.838520663380454,ok
stencil,sycl,1024,bayesian,5,9,32_32_8_2_4,18.551300048828125,5.371747970581055,40.75819829603433,12.838520663380454,ok
stencil,sycl,1024,bayesian,5,10,32_64_8_1_4,18.10313606262207,4.923583984375,37.357748997414,12.838520663380454,ok
stencil,sycl,1024,bayesian,5,11,16_128_8_4_2,15.944767951965332,2.7652158737182617,20.981106621083633,12.838520663380454,ok
stencil,sycl,1024,bayesian,5,12,16_64_0_4_1,14.871611595153809,1.6920595169067383,12.838520663380448,12.838520663380454,ok
stencil,sycl,1024,bayesian,5,13,16_64_0_4_1,14.871611595153809,1.6920595169067383,12.838520663380448,12.838520663380454,ok
stencil,sycl,1024,bayesian,5,14,32_64_8_4_1,14.810432434082031,1.630880355834961,12.374323088921502,12.374323088921503,ok
stencil,sycl,1024,bayesian,5,15,32_64_8_4_1,14.810432434082031,1.630880355834961,12.374323088921502,12.374323088921503,ok
stencil,sycl,1024,bayesian,6,1,16_64_0_2_2,15.374495506286621,2.194943428039551,16.654158009378172,16.654158009378165,ok
stencil,sycl,1024,bayesian,6,2,16_32_1_4_4,22.587196350097656,9.407644271850586,71.38060698874553,16.654158009378165,ok
stencil,sycl,1024,bayesian,6,3,32_64_2_2_2,16.074432373046875,2.8948802947998047,21.964936878073594,16.654158009378165,ok
stencil,sycl,1024,bayesian,6,4,16_32_0_1_1,17.984127044677734,4.804574966430664,36.4547667318728,16.654158009378165,ok
stencil,sycl,1024,bayesian,6,5,32_32_2_1_4,21.082399368286133,7.9028472900390625,59.962942921882444,16.654158009378165,ok
stencil,sycl,1024,bayesian,6,6,32_32_1_2_4,17.687807083129883,4.5082550048828125,34.20643568246688,16.654158009378165,ok
stencil,sycl,1024,bayesian,6,7,16_128_1_4_4,22.12076759338379,8.941215515136719,67.8415735379524,16.654158009378165,ok
stencil,sycl,1024,bayesian,6,8,32_64_2_4_4,22.463359832763672,9.283807754516602,70.44099601715284,16.654158009378165,ok
stencil,sycl,1024,bayesian,6,9,16_32_8_4_2,18.030115127563477,4.850563049316406,36.803701829307926,16.654158009378165,ok
stencil,sycl,1024,bayesian,6,10,32_64_0_1_4,18.29116439819336,5.111612319946289,38.784416113678375,16.654158009378165,ok
stencil,sycl,1024,bayesian,6,11,16_32_8_1_1,18.262239456176758,5.0826873779296875,38.56494778998365,16.654158009378165,ok
stencil,sycl,1024,bayesian,6,12,32_32_1_4_1,16.286880493164062,3.107328414916992,23.576889384925725,16.654158009378165,ok
stencil,sycl,1024,bayesian,6,13,16_32_8_1_1,18.262239456176758,5.0826873779296875,38.56494778998365,16.654158009378165,ok
stencil,sycl,1024,bayesian,6,14,32_64_8_2_2,16.76924705505371,3.5896949768066406,27.236851112197158,16.654158009378165,ok
stencil,sycl,1024,bayesian,6,15,32_64_1_4_2,17.99493980407715,4.815387725830078,36.53680866573534,16.654158009378165,ok
stencil,sycl,1024,bayesian,7,1,16_64_0_2_2,15.374495506286621,2.194943428039551,16.654158009378172,16.654158009378165,ok
stencil,sycl,1024,bayesian,7,2,16_32_0_1_2,16.018400192260742,2.838848114013672,21.539792074566844,16.654158009378165,ok
stencil,sycl,1024,bayesian,7,3,16_64_2_4_1,17.373760223388672,4.194208145141602,31.82360159313886,16.654158009378165,ok
stencil,sycl,1024,bayesian,7,4,64_32_0_1_4,21.409151077270508,8.229598999023438,62.44217519809676,16.654158009378165,ok
stencil,sycl,1024,bayesian,7,5,32_64_0_1_4,18.29116439819336,5.111612319946289,38.784416113678375,16.654158009378165,ok
stencil,sycl,1024,bayesian,7,6,16_128_0_2_4,19.20639991760254,6.026847839355469,45.72877593695173,16.654158009378165,ok
stencil,sycl,1024,bayesian,7,7,16_64_2_4_1,17.373760223388672,4.194208145141602,31.82360159313886,16.654158009378165,ok
stencil,sycl,1024,bayesian,7,8,16_64_2_4_1,17.373760223388672,4.194208145141602,31.82360159313886,16.654158009378165,ok
stencil,sycl,1024,bayesian,7,9,16_32_8_2_2,18.12479591369629,4.945243835449219,37.522093361665696,16.654158009378165,ok
stencil,sycl,1024,bayesian,7,10,64_32_2_4_2,15.42086410522461,2.241312026977539,17.005980276650213,16.654158009378165,ok
stencil,sycl,1024,bayesian,7,11,32_32_0_4_2,17.37295913696289,4.19340705871582,31.817523340850595,16.654158009378165,ok
stencil,sycl,1024,bayesian,7,12,32_32_0_4_2,17.37295913696289,4.19340705871582,31.817523340850595,16.654158009378165,ok
stencil,sycl,1024,bayesian,7,13,32_32_0_4_2,17.37295913696289,4.19340705871582,31.817523340850595,16.654158009378165,ok
stencil,sycl,1024,bayesian,7,14,32_32_0_4_2,17.37295913696289,4.19340705871582,31.817523340850595,16.654158009378165,ok
stencil,sycl,1024,bayesian,7,15,32_32_1_4_4,18.66579246520996,5.486240386962891,41.62691079629302,16.654158009378165,ok
stencil,sycl,1024,bayesian,8,1,16_64_0_2_2,15.374495506286621,2.194943428039551,16.654158009378172,16.654158009378165,ok
stencil,sycl,1024,bayesian,8,2,32_128_8_4_2,15.17728042602539,1.9977283477783203,15.157786364193537,15.157786364193537,ok
stencil,sycl,1024,bayesian,8,3,64_32_1_4_1,17.304092407226562,4.124540328979492,31.29499625246803,15.157786364193537,ok
stencil,sycl,1024,bayesian,8,4,16_64_8_1_4,16.941503524780273,3.761951446533203,28.54384901852869,15.157786364193537,ok
stencil,sycl,1024,bayesian,8,5,32_32_0_2_4,20.610912322998047,7.431360244750977,56.38552964949759,15.157786364193537,ok
stencil,sycl,1024,bayesian,8,6,16_64_2_4_1,17.373760223388672,4.194208145141602,31.82360159313886,15.157786364193537,ok
stencil,sycl,1024,bayesian,8,7,64_32_0_2_2,15.072447776794434,1.8928956985473633,14.362367456111036,14.36236745611104,ok
stencil,sycl,1024,bayesian,8,8,32_64_0_2_2,15.498204231262207,2.3186521530151367,17.59279935501059,14.36236745611104,ok
stencil,sycl,1024,bayesian,8,9,16_64_0_4_2,14.878108024597168,1.6985559463500977,12.887812395032562,12.887812395032563,ok
stencil,sycl,1024,bayesian,8,10,32_128_0_4_2,16.1767635345459,2.997211456298828,22.74137571978447,12.887812395032563,ok
stencil,sycl,1024,bayesian,8,11,16_64_8_4_2,16.243999481201172,3.0644474029541016,23.25152922315159,12.887812395032563,ok
stencil,sycl,1024,bayesian,8,12,64_32_0_2_2,15.072447776794434,1.8928956985473633,14.362367456111036,12.887812395032563,ok
stencil,sycl,1024,bayesian,8,13,16_64_8_2_4,16.928159713745117,3.748607635498047,28.442602701841025,12.887812395032563,ok
stencil,sycl,1024,bayesian,8,14,32_128_0_4_2,16.1767635345459,2.997211456298828,22.74137571978447,12.887812395032563,ok
stencil,sycl,1024,bayesian,8,15,32_32_8_1_4,22.050107955932617,8.870555877685547,67.30544274206748,12.887812395032563,ok
stencil,sycl,1024,bayesian,9,1,16_64_0_2_2,15.374495506286621,2.194943428039551,16.654158009378172,16.654158009378165,ok
stencil,sycl,1024,bayesian,9,2,64_32_1_2_4,21.12291145324707,7.943359375,60.27032882331837,16.654158009378165,ok
stencil,sycl,1024,bayesian,9,3,32_32_1_1_2,15.113375663757324,1.933823585510254,14.672908259925176,14.67290825992517,ok
stencil,sycl,1024,bayesian,9,4,32_32_1_4_1,16.286880493164062,3.107328414916992,23.576889384925725,14.67290825992517,ok
stencil,sycl,1024,bayesian,9,5,16_32_2_2_2,15.423195838928223,2.2436437606811523,17.02367233241788,14.67290825992517,ok
stencil,sycl,1024,bayesian,9,6,16_32_8_1_4,20.837059020996094,7.657506942749023,58.10142027047933,14.67290825992517,ok
stencil,sycl,1024,bayesian,9,7,16_64_2_2_1,14.303396224975586,1.1238441467285156,8.527180135229528,8.527180135229536,ok
stencil,sycl,1024,bayesian,9,8,16_64_0_2_2,15.374495506286621,2.194943428039551,16.654158009378172,8.527180135229536,ok
stencil,sycl,1024,bayesian,9,9,64_128_1_4_4,23.413244247436523,10.233692169189453,77.6482547239236,8.527180135229536,ok
stencil,sycl,1024,bayesian,9,10,16_64_0_1_2,18.59872055053711,5.419168472290039,41.118001887442055,8.527180135229536,ok
stencil,sycl,1024,bayesian,9,11,32_32_0_4_1,13.17955207824707,0.0,0.0,0.0,ok
stencil,sycl,1024,bayesian,9,12,16_64_0_1_2,18.59872055053711,5.419168472290039,41.118001887442055,0.0,ok
stencil,sycl,1024,bayesian,9,13,32_32_8_4_4,18.52716827392578,5.347616195678711,40.57509818186449,0.0,ok
stencil,sycl,1024,bayesian,9,14,32_32_2_2_4,17.010143280029297,3.8305912017822266,29.06465393542956,0.0,ok
stencil,sycl,1024,bayesian,9,15,16_64_2_2_2,15.112540245056152,1.932988166809082,14.66656951111025,0.0,ok
stencil,sycl,1024,random,0,1,16_64_0_2_2,15.374495506286621,2.194943428039551,16.654158009378172,16.654158009378165,ok
stencil,sycl,1024,random,0,2,32_32_0_4_4,22.18822479248047,9.008672714233398,68.35340579671343,16.654158009378165,ok
stencil,sycl,1024,random,0,3,64_64_8_4_4,20.07238006591797,6.892827987670898,52.29941007667136,16.654158009378165,ok
stencil,sycl,1024,random,0,4,32_32_2_1_2,15.156479835510254,1.9769277572631836,14.999961649122472,14.999961649122467,ok
stencil,sycl,1024,random,0,5,16_32_1_1_2,14.911423683166504,1.7318716049194336,13.140595330078764,13.140595330078767,ok
stencil,sycl,1024,random,0,6,16_64_8_4_4,22.413951873779297,9.234399795532227,70.06611257125846,13.140595330078767,ok
stencil,sycl,1024,random,0,7,32_64_1_2_2,17.5284481048584,4.348896026611328,32.9972976379767,13.140595330078767,ok
stencil,sycl,1024,random,0,8,32_64_0_2_2,15.498204231262207,2.3186521530151367,17.59279935501059,13.140595330078767,ok
stencil,sycl,1024,random,0,9,32_32_1_2_4,17.687807083129883,4.5082550048828125,34.20643568246688,13.140595330078767,ok
stencil,sycl,1024,random,0,10,16_128_1_4_2,16.249183654785156,3.069631576538086,23.290864198674342,13.140595330078767,ok
stencil,sycl,1024,random,0,11,32_32_8_4_4,18.52716827392578,5.347616195678711,40.57509818186449,13.140595330078767,ok
stencil,sycl,1024,random,0,12,32_32_0_1_2,15.234623908996582,2.0550718307495117,15.592880687815036,13.140595330078767,ok
stencil,sycl,1024,random,0,13,32_128_0_4_4,19.19152069091797,6.011968612670898,45.61587963671154,13.140595330078767,ok
stencil,sycl,1024,random,0,14,16_64_2_2_4,17.248188018798828,4.068635940551758,30.87082107492156,13.140595330078767,ok
stencil,sycl,1024,random,0,15,32_64_1_1_4,21.953216552734375,8.773664474487305,66.57027812779988,13.140595330078767,ok
stencil,sycl,1024,random,1,1,16_64_0_2_2,15.374495506286621,2.194943428039551,16.654158009378172,16.654158009378165,ok
stencil,sycl,1024,random,1,2,32_32_2_2_1,14.145567893981934,0.9660158157348633,7.329655894218723,7.329655894218728,ok
stencil,sycl,1024,random,1,3,64_32_2_1_4,22.01276397705078,8.833211898803711,67.02209488122878,7.329655894218728,ok
stencil,sycl,1024,random,1,4,64_64_8_4_4,20.07238006591797,6.892827987670898,52.29941007667136,7.329655894218728,ok
stencil,sycl,1024,random,1,5,16_32_2_4_2,15.391803741455078,2.212251663208008,16.78548443887817,7.329655894218728,ok
stencil,sycl,1024,random,1,6,32_32_1_1_4,20.908960342407227,7.729408264160156,58.64697235741107,7.329655894218728,ok
stencil,sycl,1024,random,1,7,16_128_8_4_4,21.94451141357422,8.764959335327148,66.50422778626724,7.329655894218728,ok
stencil,sycl,1024,random,1,8,16_32_1_4_2,18.054336547851562,4.874784469604492,36.987482128852875,7.329655894218728,ok
stencil,sycl,1024,random,1,9,32_32_8_2_4,18.551300048828125,5.371747970581055,40.75819829603433,7.329655894218728,ok
stencil,sycl,1024,random,1,10,16_64_0_4_4,19.44991683959961,6.270364761352539,47.57646332838439,7.329655894218728,ok
stencil,sycl,1024,random,1,11,32_64_2_2_2,16.074432373046875,2.8948802947998047,21.964936878073594,7.329655894218728,ok
stencil,sycl,1024,random,1,12,32_32_2_2_4,17.010143280029297,3.8305912017822266,29.06465393542956,7.329655894218728,ok
stencil,sycl,1024,random,1,13,16_32_8_4_1,16.47922706604004,3.2996749877929688,25.036321175429798,7.329655894218728,ok
stencil,sycl,1024,random,1,14,16_64_2_4_1,17.373760223388672,4.194208145141602,31.82360159313886,7.329655894218728,ok
stencil,sycl,1024,random,1,15,16_64_8_2_1,13.572447776794434,0.3928956985473633,2.9811005428313386,2.9811005428313457,ok
stencil,sycl,1024,random,2,1,16_64_0_2_2,15.374495506286621,2.194943428039551,16.654158009378172,16.654158009378165,ok
stencil,sycl,1024,random,2,2,32_32_2_4_4,22.067136764526367,8.887584686279297,67.43464901928122,16.654158009378165,ok
stencil,sycl,1024,random,2,3,16_32_1_2_1,17.118560791015625,3.9390087127685547,29.887273022502114,16.654158009378165,ok
stencil,sycl,1024,random,2,4,64_128_1_4_4,23.413244247436523,10.233692169189453,77.6482547239236,16.654158009378165,ok
stencil,sycl,1024,random,2,5,32_32_8_4_2,18.348800659179688,5.169248580932617,39.221731893790945,16.654158009378165,ok
stencil,sycl,1024,random,2,6,64_128_0_4_4,27.841567993164062,14.662015914916992,111.24821107628335,16.654158009378165,ok
stencil,sycl,1024,random,2,7,16_64_8_4_2,16.243999481201172,3.0644474029541016,23.25152922315159,16.654158009378165,ok
stencil,sycl,1024,random,2,8,64_32_8_4_1,16.987232208251953,3.807680130004883,28.890815919984725,16.654158009378165,ok
stencil,sycl,1024,random,2,9,16_64_1_2_2,18.043712615966797,4.864160537719727,36.90687292588686,16.654158009378165,ok
stencil,sycl,1024,random,2,10,32_128_0_2_4,23.081632614135742,9.902080535888672,75.1321477171604,16.654158009378165,ok
stencil,sycl,1024,random,2,11,64_32_0_4_2,17.44870376586914,4.26915168762207,32.39223656673682,16.654158009378165,ok
stencil,sycl,1024,random,2,12,16_32_8_4_4,22.565311431884766,9.385759353637695,71.21455492504141,16.654158009378165,ok
stencil,sycl,1024,random,2,13,64_64_8_4_2,17.904508590698242,4.724956512451172,35.85066081456396,16.654158009378165,ok
stencil,sycl,1024,random,2,14,32_32_1_2_2,17.265119552612305,4.085567474365234,30.99928927864315,16.654158009378165,ok
stencil,sycl,1024,random,2,15,16_64_1_4_1,15.164443969726562,1.9848918914794922,15.06038960728846,15.06038960728846,ok
stencil,sycl,1024,random,3,1,16_64_0_2_2,15.374495506286621,2.194943428039551,16.654158009378172,16.654158009378165,ok
stencil,sycl,1024,random,3,2,64_32_0_4_2,17.44870376586914,4.26915168762207,32.39223656673682,16.654158009378165,ok
stencil,sycl,1024,random,3,3,16_32_8_2_4,17.728351593017578,4.548799514770508,34.51406760840021,16.654158009378165,ok
stencil,sycl,1024,random,3,4,16_128_2_1_4,21.79030418395996,8.61075210571289,65.33417869280238,16.654158009378165,ok
stencil,sycl,1024,random,3,5,16_32_2_2_1,17.618879318237305,4.439327239990234,33.68344548914808,16.654158009378165,ok
stencil,sycl,1024,random,3,6,16_128_0_4_2,14.349791526794434,1.1702394485473633,8.879205010911196,8.879205010911187,ok
stencil,sycl,1024,random,3,7,64_64_0_2_4,23.060352325439453,9.880800247192383,74.97068328673097,8.879205010911187,ok
stencil,sycl,1024,random,3,8,64_32_1_1_4,17.55913543701172,4.379583358764648,33.23013811670563,8.879205010911187,ok
stencil,sycl,1024,random,3,9,16_128_1_4_4,22.12076759338379,8.941215515136719,67.8415735379524,8.879205010911187,ok
stencil,sycl,1024,random,3,10,16_64_0_1_2,18.59872055053711,5.419168472290039,41.118001887442055,8.879205010911187,ok
stencil,sycl,1024,random,3,11,32_128_2_4_2,15.272640228271484,2.093088150024414,15.881329938967115,8.879205010911187,ok
stencil,sycl,1024,random,3,12,64_32_2_2_2,17.81113624572754,4.631584167480469,35.142197094277016,8.879205010911187,ok
stencil,sycl,1024,random,3,13,64_64_0_4_4,22.810588836669922,9.631036758422852,73.07559999947901,8.879205010911187,ok
stencil,sycl,1024,random,3,14,32_32_2_4_2,16.55251121520996,3.3729591369628906,25.59236548357344,8.879205010911187,ok
stencil,sycl,1024,random,3,15,16_128_1_4_2,16.249183654785156,3.069631576538086,23.290864198674342,8.879205010911187,ok
stencil,sycl,1024,random,4,1,16_64_0_2_2,15.374495506286621,2.194943428039551,16.654158009378172,16.654158009378165,ok
stencil,sycl,1024,random,4,2,32_32_1_4_1,16.286880493164062,3.107328414916992,23.576889384925725,16.654158009378165,ok
stencil,sycl,1024,random,4,3,32_32_1_4_4,18.66579246520996,5.486240386962891,41.62691079629302,16.654158009378165,ok
stencil,sycl,1024,random,4,4,32_32_8_2_2,16.011167526245117,2.831615447998047,21.484914139621214,16.654158009378165,ok
stencil,sycl,1024,random,4,5,64_32_8_4_2,16.065792083740234,2.886240005493164,21.8993785855357,16.654158009378165,ok
stencil,sycl,1024,random,4,6,16_64_8_2_4,16.928159713745117,3.748607635498047,28.442602701841025,16.654158009378165,ok
stencil,sycl,1024,random,4,7,32_64_1_1_4,21.953216552734375,8.773664474487305,66.57027812779988,16.654158009378165,ok
stencil,sycl,1024,random,4,8,64_64_0_4_2,15.726367950439453,2.546815872192383,19.32399414693249,16.654158009378165,ok
stencil,sycl,1024,random,4,9,64_32_1_4_1,17.304092407226562,4.124540328979492,31.29499625246803,16.654158009378165,ok
stencil,sycl,1024,random,4,10,32_32_8_1_4,22.050107955932617,8.870555877685547,67.30544274206748,16.654158009378165,ok
stencil,sycl,1024,random,4,11,16_128_2_2_2,15.745759963989258,2.5662078857421875,19.471131268396658,16.654158009378165,ok
stencil,sycl,1024,random,4,12,32_32_1_1_2,15.113375663757324,1.933823585510254,14.672908259925176,14.67290825992517,ok
stencil,sycl,1024,random,4,13,64_32_1_4_4,19.9541072845459,6.774555206298828,51.4020140144237,14.67290825992517,ok
stencil,sycl,1024,random,4,14,16_32_8_1_4,20.837059020996094,7.657506942749023,58.10142027047933,14.67290825992517,ok
stencil,sycl,1024,random,4,15,32_32_0_2_1,13.805824279785156,0.6262722015380859,4.751847390714836,4.751847390714833,ok
stencil,sycl,1024,random,5,1,16_64_0_2_2,15.374495506286621,2.194943428039551,16.654158009378172,16.654158009378165,ok
stencil,sycl,1024,random,5,2,16_64_8_1_2,15.354720115661621,2.175168037414551,16.504112010033168,16.504112010033168,ok
stencil,sycl,1024,random,5,3,32_32_0_2_1,13.805824279785156,0.6262722015380859,4.751847390714836,4.751847390714833,ok
stencil,sycl,1024,random,5,4,32_32_1_2_1,15.702591896057129,2.5230398178100586,19.14359306621922,4.751847390714833,ok
stencil,sycl,1024,random,5,5,32_32_8_1_4,22.050107955932617,8.870555877685547,67.30544274206748,4.751847390714833,ok
stencil,sycl,1024,random,5,6,16_32_8_1_2,18.492483139038086,5.312931060791016,40.31192432981119,4.751847390714833,ok
stencil,sycl,1024,random,5,7,32_64_0_4_4,21.051776885986328,7.872224807739258,59.730594492148285,4.751847390714833,ok
stencil,sycl,1024,random,5,8,32_32_1_2_2,17.265119552612305,4.085567474365234,30.99928927864315,4.751847390714833,ok
stencil,sycl,1024,random,5,9,16_32_1_1_4,18.727231979370117,5.547679901123047,42.09308380274565,4.751847390714833,ok
stencil,sycl,1024,random,5,10,32_64_1_1_4,21.953216552734375,8.773664474487305,66.57027812779988,4.751847390714833,ok
stencil,sycl,1024,random,5,11,16_128_8_2_4,21.180543899536133,8.000991821289062,60.707615659372415,4.751847390714833,ok
stencil,sycl,1024,random,5,12,32_64_1_4_2,17.99493980407715,4.815387725830078,36.53680866573534,4.751847390714833,ok
stencil,sycl,1024,random,5,13,16_64_8_4_2,16.243999481201172,3.0644474029541016,23.25152922315159,4.751847390714833,ok
stencil,sycl,1024,random,5,14,32_128_1_4_2,18.67510414123535,5.495552062988281,41.69756324312965,4.751847390714833,ok
stencil,sycl,1024,random,5,15,16_32_1_4_2,18.054336547851562,4.874784469604492,36.987482128852875,4.751847390714833,ok
stencil,sycl,1024,random,6,1,16_64_0_2_2,15.374495506286621,2.194943428039551,16.654158009378172,16.654158009378165,ok
stencil,sycl,1024,random,6,2,16_64_1_1_4,19.668027877807617,6.488475799560547,49.23138329010297,16.654158009378165,ok
stencil,sycl,1024,random,6,3,16_128_0_4_1,16.267040252685547,3.0874881744384766,23.42635133658597,16.654158009378165,ok
stencil,sycl,1024,random,6,4,16_64_1_1_2,18.773536682128906,5.593984603881836,42.444421257037554,16.654158009378165,ok
stencil,sycl,1024,random,6,5,64_64_0_4_4,22.810588836669922,9.631036758422852,73.07559999947901,16.654158009378165,ok
stencil,sycl,1024,random,6,6,16_64_1_2_1,15.14515209197998,1.9656000137329102,14.91401226736031,14.914012267360322,ok
stencil,sycl,1024,random,6,7,16_128_2_4_2,17.620031356811523,4.440479278564453,33.69218659481979,14.914012267360322,ok
stencil,sycl,1024,random,6,8,64_64_2_2_4,23.203651428222656,10.024099349975586,76.0579668448704,14.914012267360322,ok
stencil,sycl,1024,random,6,9,16_32_8_4_2,18.030115127563477,4.850563049316406,36.803701829307926,14.914012267360322,ok
stencil,sycl,1024,random,6,10,16_32_1_2_2,17.99407958984375,4.81452751159668,36.53028178054007,14.914012267360322,ok
stencil,sycl,1024,random,6,11,32_32_0_4_2,17.37295913696289,4.19340705871582,31.817523340850595,14.914012267360322,ok
stencil,sycl,1024,random,6,12,32_32_0_2_1,13.805824279785156,0.6262722015380859,4.751847390714836,4.751847390714833,ok
stencil,sycl,1024,random,6,13,32_64_2_4_2,18.29120445251465,5.111652374267578,38.78472002629279,4.751847390714833,ok
stencil,sycl,1024,random,6,14,64_32_2_1_4,22.01276397705078,8.833211898803711,67.02209488122878,4.751847390714833,ok
stencil,sycl,1024,random,6,15,64_32_1_1_4,17.55913543701172,4.379583358764648,33.23013811670563,4.751847390714833,ok
stencil,sycl,1024,random,7,1,16_64_0_2_2,15.374495506286621,2.194943428039551,16.654158009378172,16.654158009378165,ok
stencil,sycl,1024,random,7,2,16_128_2_4_1,14.614655494689941,1.435103416442871,10.888863353797262,10.888863353797266,ok
stencil,sycl,1024,random,7,3,16_32_1_1_4,18.727231979370117,5.547679901123047,42.09308380274565,10.888863353797266,ok
stencil,sycl,1024,random,7,4,16_128_8_2_2,14.94604778289795,1.766495704650879,13.40330607719582,10.888863353797266,ok
stencil,sycl,1024,random,7,5,32_128_0_2_4,23.081632614135742,9.902080535888672,75.1321477171604,10.888863353797266,ok
stencil,sycl,1024,random,7,6,16_64_2_4_2,14.702400207519531,1.522848129272461,11.554627351759027,10.888863353797266,ok
stencil,sycl,1024,random,7,7,32_32_1_4_2,16.538240432739258,3.3586883544921875,25.484085760666495,10.888863353797266,ok
stencil,sycl,1024,random,7,8,32_64_2_1_4,22.535232543945312,9.355680465698242,70.9863310236457,10.888863353797266,ok
stencil,sycl,1024,random,7,9,16_32_1_2_4,21.41004753112793,8.23049545288086,62.44897705184793,10.888863353797266,ok
stencil,sycl,1024,random,7,10,32_64_8_2_2,16.76924705505371,3.5896949768066406,27.236851112197158,10.888863353797266,ok
stencil,sycl,1024,random,7,11,16_32_8_4_1,16.47922706604004,3.2996749877929688,25.036321175429798,10.888863353797266,ok
stencil,sycl,1024,random,7,12,16_128_0_4_2,14.349791526794434,1.1702394485473633,8.879205010911196,8.879205010911187,ok
stencil,sycl,1024,random,7,13,32_32_8_2_4,18.551300048828125,5.371747970581055,40.75819829603433,8.879205010911187,ok
stencil,sycl,1024,random,7,14,16_32_0_4_4,20.775039672851562,7.595487594604492,57.63084776713232,8.879205010911187,ok
stencil,sycl,1024,random,7,15,16_32_2_1_2,16.17485237121582,2.99530029296875,22.726874746468127,8.879205010911187,ok
stencil,sycl,1024,random,8,1,16_64_0_2_2,15.374495506286621,2.194943428039551,16.654158009378172,16.654158009378165,ok
stencil,sycl,1024,random,8,2,32_128_0_2_4,23.081632614135742,9.902080535888672,75.1321477171604,16.654158009378165,ok
stencil,sycl,1024,random,8,3,16_128_8_4_4,21.94451141357422,8.764959335327148,66.50422778626724,16.654158009378165,ok
stencil,sycl,1024,random,8,4,16_32_1_2_1,17.118560791015625,3.9390087127685547,29.887273022502114,16.654158009378165,ok
stencil,sycl,1024,random,8,5,64_128_8_4_4,27.63484764099121,14.45529556274414,109.67971807329242,16.654158009378165,ok
stencil,sycl,1024,random,8,6,32_128_8_4_4,23.049055099487305,9.869503021240234,74.88496545743698,16.654158009378165,ok
stencil,sycl,1024,random,8,7,64_64_0_4_4,22.810588836669922,9.631036758422852,73.07559999947901,16.654158009378165,ok
stencil,sycl,1024,random,8,8,16_128_2_2_4,21.151840209960938,7.972288131713867,60.489826091071606,16.654158009378165,ok
stencil,sycl,1024,random,8,9,16_32_2_1_2,16.17485237121582,2.99530029296875,22.726874746468127,16.654158009378165,ok
stencil,sycl,1024,random,8,10,16_128_8_4_2,15.944767951965332,2.7652158737182617,20.981106621083633,16.654158009378165,ok
stencil,sycl,1024,random,8,11,32_64_8_2_4,21.888099670410156,8.708547592163086,66.07620304893817,16.654158009378165,ok
stencil,sycl,1024,random,8,12,32_32_2_2_1,14.145567893981934,0.9660158157348633,7.329655894218723,7.329655894218728,ok
stencil,sycl,1024,random,8,13,16_32_8_1_2,18.492483139038086,5.312931060791016,40.31192432981119,7.329655894218728,ok
stencil,sycl,1024,random,8,14,64_32_0_2_2,15.072447776794434,1.8928956985473633,14.362367456111036,7.329655894218728,ok
stencil,sycl,1024,random,8,15,64_64_0_2_4,23.060352325439453,9.880800247192383,74.97068328673097,7.329655894218728,ok
stencil,sycl,1024,random,9,1,16_64_0_2_2,15.374495506286621,2.194943428039551,16.654158009378172,16.654158009378165,ok
stencil,sycl,1024,random,9,2,16_128_8_4_1,13.601344108581543,0.42179203033447266,3.2003517860871966,3.200351786087199,ok
stencil,sycl,1024,random,9,3,16_128_8_1_4,21.71708869934082,8.53753662109375,64.77865537771201,3.200351786087199,ok
stencil,sycl,1024,random,9,4,32_128_1_4_4,22.9268798828125,9.74732780456543,73.95795962332781,3.200351786087199,ok
stencil,sycl,1024,random,9,5,16_32_0_4_4,20.775039672851562,7.595487594604492,57.63084776713232,3.200351786087199,ok
stencil,sycl,1024,random,9,6,32_64_2_4_1,15.69513988494873,2.51558780670166,19.08705084790896,3.200351786087199,ok
stencil,sycl,1024,random,9,7,16_64_0_1_4,22.039331436157227,8.859779357910156,67.22367577676084,3.200351786087199,ok
stencil,sycl,1024,random,9,8,32_32_2_2_2,17.65462303161621,4.475070953369141,33.95465131743946,3.200351786087199,ok
stencil,sycl,1024,random,9,9,32_32_8_2_2,16.011167526245117,2.831615447998047,21.484914139621214,3.200351786087199,ok
stencil,sycl,1024,random,9,10,64_64_8_4_4,20.07238006591797,6.892827987670898,52.29941007667136,3.200351786087199,ok
stencil,sycl,1024,random,9,11,16_64_1_1_4,19.668027877807617,6.488475799560547,49.23138329010297,3.200351786087199,ok
stencil,sycl,1024,random,9,12,32_32_8_1_4,22.050107955932617,8.870555877685547,67.30544274206748,3.200351786087199,ok
stencil,sycl,1024,random,9,13,32_32_0_1_4,21.15100860595703,7.971456527709961,60.48351628631521,3.200351786087199,ok
stencil,sycl,1024,random,9,14,32_64_0_4_2,15.164640426635742,1.9850883483886719,15.061880226302016,3.200351786087199,ok
stencil,sycl,1024,random,9,15,32_32_2_2_1,14.145567893981934,0.9660158157348633,7.329655894218723,3.200351786087199,ok
stencil,cuda,1024,bayesian,0,1,16_64_0_2_2,6.534624099731445,1.448512077331543,28.479751742629865,28.479751742629862,ok
stencil,cuda,1024,bayesian,0,2,32_128_0_4_2,9.524191856384277,4.438079833984375,87.25879049534282,28.479751742629862,ok
stencil,cuda,1024,bayesian,0,3,16_32_1_1_2,9.499296188354492,4.41318416595459,86.7693072138079,28.479751742629862,ok
stencil,cuda,1024,bayesian,0,4,64_64_8_4_4,13.823936462402344,8.737824440002441,171.79771899478266,28.479751742629862,ok
stencil,cuda,1024,bayesian,0,5,16_32_2_1_2,7.532832145690918,2.4467201232910156,48.10590314399958,28.479751742629862,ok
stencil,cuda,1024,bayesian,0,6,16_32_2_2_4,13.195967674255371,8.109855651855469,159.45098370107866,28.479751742629862,ok
stencil,cuda,1024,bayesian,0,7,32_32_8_2_4,11.522784233093262,6.436672210693359,126.5538820683739,28.479751742629862,ok
stencil,cuda,1024,bayesian,0,8,32_64_8_4_1,5.531712055206299,0.4456000328063965,8.761113220548733,8.761113220548735,ok
stencil,cuda,1024,bayesian,0,9,32_64_8_4_1,5.531712055206299,0.4456000328063965,8.761113220548733,8.761113220548735,ok
stencil,cuda,1024,bayesian,0,10,16_64_8_2_4,9.439519882202148,4.353407859802246,85.5940223225377,8.761113220548735,ok
stencil,cuda,1024,bayesian,0,11,32_64_1_4_1,6.929728031158447,1.843616008758545,36.248041738739126,8.761113220548735,ok
stencil,cuda,1024,bayesian,0,12,32_64_1_4_1,6.929728031158447,1.843616008758545,36.248041738739126,8.761113220548735,ok
stencil,cuda,1024,bayesian,0,13,16_64_0_1_4,10.552063941955566,5.465951919555664,107.46817796153323,8.761113220548735,ok
stencil,cuda,1024,bayesian,0,14,32_32_8_4_2,7.6526079177856445,2.566495895385742,50.46086055679777,8.761113220548735,ok
stencil,cuda,1024,bayesian,0,15,32_64_2_4_2,7.61740779876709,2.5312957763671875,49.76877751058235,8.761113220548735,ok
stencil,cuda,1024,bayesian,1,1,16_64_0_2_2,6.534624099731445,1.448512077331543,28.479751742629865,28.479751742629862,ok
stencil,cuda,1024,bayesian,1,2,64_64_8_2_4,11.270751953125,6.184639930725098,121.59857870780537,28.479751742629862,ok
stencil,cuda,1024,bayesian,1,3,16_32_0_2_4,10.259072303771973,5.17296028137207,101.70755694309675,28.479751742629862,ok
stencil,cuda,1024,bayesian,1,4,32_128_2_4_4,12.199616432189941,7.113504409790039,139.8613396335204,28.479751742629862,ok
stencil,cuda,1024,bayesian,1,5,16_128_2_1_4,9.85267162322998,4.766559600830078,93.71715722810521,28.479751742629862,ok
stencil,cuda,1024,bayesian,1,6,16_128_2_1_4,9.85267162322998,4.766559600830078,93.71715722810521,28.479751742629862,ok
stencil,cuda,1024,bayesian,1,7,32_64_2_1_4,10.71833610534668,5.632224082946777,110.7373187641508,28.479751742629862,ok
stencil,cuda,1024,bayesian,1,8,32_32_1_4_4,14.327584266662598,9.241472244262695,181.70013172266053,28.479751742629862,ok
stencil,cuda,1024,bayesian,1,9,16_128_8_4_1,5.66099214553833,0.5748801231384277,11.302938680992103,11.302938680992092,ok
stencil,cuda,1024,bayesian,1,10,16_128_8_4_1,5.66099214553833,0.5748801231384277,11.302938680992103,11.302938680992092,ok
stencil,cuda,1024,bayesian,1,11,16_128_2_2_4,10.148032188415527,5.061920166015625,99.52435462927806,11.302938680992092,ok
stencil,cuda,1024,bayesian,1,12,16_128_8_4_1,5.66099214553833,0.5748801231384277,11.302938680992103,11.302938680992092,ok
stencil,cuda,1024,bayesian,1,13,16_128_8_4_1,5.66099214553833,0.5748801231384277,11.302938680992103,11.302938680992092,ok
stencil,cuda,1024,bayesian,1,14,16_32_0_2_2,8.305791854858398,3.219679832458496,63.30336056851689,11.302938680992092,ok
stencil,cuda,1024,bayesian,1,15,16_64_0_1_2,8.277055740356445,3.190943717956543,62.738368795323616,11.302938680992092,ok
stencil,cuda,1024,bayesian,2,1,16_64_0_2_2,6.534624099731445,1.448512077331543,28.479751742629865,28.479751742629862,ok
stencil,cuda,1024,bayesian,2,2,64_64_8_4_4,13.823936462402344,8.737824440002441,171.79771899478266,28.479751742629862,ok
stencil,cuda,1024,bayesian,2,3,16_32_8_2_1,6.578080177307129,1.4919681549072266,29.334158357826247,28.479751742629862,ok
stencil,cuda,1024,bayesian,2,4,64_32_0_4_2,8.973952293395996,3.8878402709960938,76.44031932197987,28.479751742629862,ok
stencil,cuda,1024,bayesian,2,5,32_32_1_4_4,14.327584266662598,9.241472244262695,181.70013172266053,28.479751742629862,ok
stencil,cuda,1024,bayesian,2,6,32_32_2_4_2,7.562975883483887,2.4768638610839844,48.6985707388188,28.479751742629862,ok
stencil,cuda,1024,bayesian,2,7,64_32_8_2_2,8.708127975463867,3.622015953063965,71.21384541103563,28.479751742629862,ok
stencil,cuda,1024,bayesian,2,8,16_64_2_2_2,7.9383039474487305,2.852191925048828,56.078039816807056,28.479751742629862,ok
stencil,cuda,1024,bayesian,2,9,64_32_2_4_4,11.502623558044434,6.416511535644531,126.15749530064173,28.479751742629862,ok
stencil,cuda,1024,bayesian,2,10,16_32_8_2_1,6.578080177307129,1.4919681549072266,29.334158357826247,28.479751742629862,ok
stencil,cuda,1024,bayesian,2,11,32_64_1_2_2,7.533792018890381,2.4476799964904785,48.12477557927502,28.479751742629862,ok
stencil,cuda,1024,bayesian,2,12,16_32_8_2_1,6.578080177307129,1.4919681549072266,29.334158357826247,28.479751742629862,ok
stencil,cuda,1024,bayesian,2,13,32_64_8_1_4,10.472512245178223,5.38640022277832,105.90408152742032,28.479751742629862,ok
stencil,cuda,1024,bayesian,2,14,16_32_8_2_1,6.578080177307129,1.4919681549072266,29.334158357826247,28.479751742629862,ok
stencil,cuda,1024,bayesian,2,15,32_64_0_2_4,10.160991668701172,5.0748796463012695,99.77915594369209,28.479751742629862,ok
stencil,cuda,1024,bayesian,3,1,16_64_0_2_2,6.534624099731445,1.448512077331543,28.479751742629865,28.479751742629862,ok
stencil,cuda,1024,bayesian,3,2,16_32_2_4_2,7.924320220947266,2.8382081985473633,55.80310040454326,28.479751742629862,ok
stencil,cuda,1024,bayesian,3,3,64_32_2_2_2,8.68124771118164,3.5951356887817383,70.68534222109719,28.479751742629862,ok
stencil,cuda,1024,bayesian,3,4,32_32_1_4_4,14.327584266662598,9.241472244262695,181.70013172266053,28.479751742629862,ok
stencil,cuda,1024,bayesian,3,5,32_64_1_2_2,7.533792018890381,2.4476799964904785,48.12477557927502,28.479751742629862,ok
stencil,cuda,1024,bayesian,3,6,32_64_1_2_2,7.533792018890381,2.4476799964904785,48.12477557927502,28.479751742629862,ok
stencil,cuda,1024,bayesian,3,7,32_64_0_4_4,13.113696098327637,8.027584075927734,157.83341067937954,28.479751742629862,ok
stencil,cuda,1024,bayesian,3,8,16_64_1_2_4,9.70361614227295,4.617504119873047,90.78652022481917,28.479751742629862,ok
stencil,cuda,1024,bayesian,3,9,32_128_0_2_4,12.982111930847168,7.895999908447266,155.24628387405252,28.479751742629862,ok
stencil,cuda,1024,bayesian,3,10,32_32_2_2_4,9.483776092529297,4.3976640701293945,86.46416065476943,28.479751742629862,ok
stencil,cuda,1024,bayesian,3,11,64_32_2_1_4,11.019935607910156,5.933823585510254,116.66718230697475,28.479751742629862,ok
stencil,cuda,1024,bayesian,3,12,16_32_1_2_2,7.203999996185303,2.1178879737854004,41.64060808055239,28.479751742629862,ok
stencil,cuda,1024,bayesian,3,13,32_128_2_2_4,11.93945598602295,6.853343963623047,134.74622527856295,28.479751742629862,ok
stencil,cuda,1024,bayesian,3,14,16_64_1_4_1,5.1354241371154785,0.04931211471557617,0.9695444083496207,0.9695444083496229,ok
stencil,cuda,1024,bayesian,3,15,16_64_1_4_1,5.1354241371154785,0.04931211471557617,0.9695444083496207,0.9695444083496229,ok
stencil,cuda,1024,bayesian,4,1,16_64_0_2_2,6.534624099731445,1.448512077331543,28.479751742629865,28.479751742629862,ok
stencil,cuda,1024,bayesian,4,2,32_64_8_4_1,5.531712055206299,0.4456000328063965,8.761113220548733,8.761113220548735,ok
stencil,cuda,1024,bayesian,4,3,32_32_8_1_2,9.943360328674316,4.857248306274414,95.50022266286031,8.761113220548735,ok
stencil,cuda,1024,bayesian,4,4,16_128_0_1_4,12.796128273010254,7.710016250610352,151.5895878158883,8.761113220548735,ok
stencil,cuda,1024,bayesian,4,5,16_64_8_4_1,5.59449577331543,0.5083837509155273,9.995527992237264,8.761113220548735,ok
stencil,cuda,1024,bayesian,4,6,32_64_1_1_4,10.586912155151367,5.500800132751465,108.15334205234217,8.761113220548735,ok
stencil,cuda,1024,bayesian,4,7,16_32_2_2_1,5.869279861450195,0.783167839050293,15.398163382975438,8.761113220548735,ok
stencil,cuda,1024,bayesian,4,8,32_64_0_2_2,6.826784133911133,1.7406721115112305,34.224022275661305,8.761113220548735,ok
stencil,cuda,1024,bayesian,4,9,64_32_2_2_4,11.674112319946289,6.588000297546387,129.52920164817394,8.761113220548735,ok
stencil,cuda,1024,bayesian,4,10,16_32_1_1_1,7.500160217285156,2.414048194885254,47.463527823482266,8.761113220548735,ok
stencil,cuda,1024,bayesian,4,11,16_32_2_2_1,5.869279861450195,0.783167839050293,15.398163382975438,8.761113220548735,ok
stencil,cuda,1024,bayesian,4,12,16_32_2_2_1,5.869279861450195,0.783167839050293,15.398163382975438,8.761113220548735,ok
stencil,cuda,1024,bayesian,4,13,32_128_8_4_2,9.559967994689941,4.473855972290039,87.96219887777919,8.761113220548735,ok
stencil,cuda,1024,bayesian,4,14,32_128_0_2_4,12.982111930847168,7.895999908447266,155.24628387405252,8.761113220548735,ok
stencil,cuda,1024,bayesian,4,15,32_32_2_2_2,6.669856071472168,1.5837440490722656,31.138599427170497,8.761113220548735,ok
stencil,cuda,1024,bayesian,5,1,16_64_0_2_2,6.534624099731445,1.448512077331543,28.479751742629865,28.479751742629862,ok
stencil,cuda,1024,bayesian,5,2,64_64_8_2_4,11.270751953125,6.184639930725098,121.59857870780537,28.479751742629862,ok
stencil,cuda,1024,bayesian,5,3,16_32_1_2_2,7.203999996185303,2.1178879737854004,41.64060808055239,28.479751742629862,ok
stencil,cuda,1024,bayesian,5,4,16_64_0_4_1,5.541600227355957,0.4554882049560547,8.9555283672484,8.955528367248403,ok
stencil,cuda,1024,bayesian,5,5,32_32_8_2_2,6.950687885284424,1.8645758628845215,36.66014147294998,8.955528367248403,ok
stencil,cuda,1024,bayesian,5,6,16_32_2_1_4,9.004608154296875,3.9184961318969727,77.04305596572398,8.955528367248403,ok
stencil,cuda,1024,bayesian,5,7,64_64_2_2_4,11.909119606018066,6.823007583618164,134.14977007129897,8.955528367248403,ok
stencil,cuda,1024,bayesian,5,8,16_64_0_4_1,5.541600227355957,0.4554882049560547,8.9555283672484,8.955528367248403,ok
stencil,cuda,1024,bayesian,5,9,32_32_8_2_4,11.522784233093262,6.436672210693359,126.5538820683739,8.955528367248403,ok
stencil,cuda,1024,bayesian,5,10,32_64_8_1_4,10.472512245178223,5.38640022277832,105.90408152742032,8.955528367248403,ok
stencil,cuda,1024,bayesian,5,11,16_128_8_4_2,7.229311943054199,2.143199920654297,42.138275980068165,8.955528367248403,ok
stencil,cuda,1024,bayesian,5,12,16_64_0_4_1,5.541600227355957,0.4554882049560547,8.9555283672484,8.955528367248403,ok
stencil,cuda,1024,bayesian,5,13,16_64_1_4_2,6.7873921394348145,1.701280117034912,33.449521157659376,8.955528367248403,ok
stencil,cuda,1024,bayesian,5,14,32_64_8_4_1,5.531712055206299,0.4456000328063965,8.761113220548733,8.761113220548735,ok
stencil,cuda,1024,bayesian,5,15,32_64_8_4_1,5.531712055206299,0.4456000328063965,8.761113220548733,8.761113220548735,ok
stencil,cuda,1024,bayesian,6,1,16_64_0_2_2,6.534624099731445,1.448512077331543,28.479751742629865,28.479751742629862,ok
stencil,cuda,1024,bayesian,6,2,16_32_1_4_4,11.686016082763672,6.5999040603637695,129.76324609636848,28.479751742629862,ok
stencil,cuda,1024,bayesian,6,3,32_64_2_2_2,7.373631954193115,2.287519931793213,44.975807094273115,28.479751742629862,ok
stencil,cuda,1024,bayesian,6,4,16_32_0_1_1,9.589280128479004,4.503168106079102,88.53851598719338,28.479751742629862,ok
stencil,cuda,1024,bayesian,6,5,32_32_2_1_4,10.259807586669922,5.1736955642700195,101.72201362227939,28.479751742629862,ok
stencil,cuda,1024,bayesian,6,6,32_32_1_2_4,11.50499153137207,6.418879508972168,126.20405293282144,28.479751742629862,ok
stencil,cuda,1024,bayesian,6,7,16_128_1_4_4,11.058112144470215,5.9720001220703125,117.41778584051713,28.479751742629862,ok
stencil,cuda,1024,bayesian,6,8,32_64_2_4_4,12.066720008850098,6.980607986450195,137.2484120622331,28.479751742629862,ok
stencil,cuda,1024,bayesian,6,9,16_32_8_4_2,8.01411247253418,2.9280004501342773,57.56854031604064,28.479751742629862,ok
stencil,cuda,1024,bayesian,6,10,32_64_0_1_4,10.581215858459473,5.49510383605957,108.04134497742903,28.479751742629862,ok
stencil,cuda,1024,bayesian,6,11,16_32_8_1_1,7.869344234466553,2.7832322120666504,54.722196440206815,28.479751742629862,ok
stencil,cuda,1024,bayesian,6,12,32_32_2_1_2,8.136192321777344,3.0500802993774414,59.9687990737225,28.479751742629862,ok
stencil,cuda,1024,bayesian,6,13,16_64_0_1_4,10.552063941955566,5.465951919555664,107.46817796153323,28.479751742629862,ok
stencil,cuda,1024,bayesian,6,14,32_64_8_2_2,6.85968017578125,1.7735681533813477,34.87080397699307,28.479751742629862,ok
stencil,cuda,1024,bayesian,6,15,32_64_2_2_2,7.373631954193115,2.287519931793213,44.975807094273115,28.479751742629862,ok
stencil,cuda,1024,bayesian,7,1,16_64_0_2_2,6.534624099731445,1.448512077331543,28.479751742629865,28.479751742629862,ok
stencil,cuda,1024,bayesian,7,2,16_32_0_1_2,8.431743621826172,3.3456315994262695,65.77974658622678,28.479751742629862,ok
stencil,cuda,1024,bayesian,7,3,16_64_2_4_1,5.6038079261779785,0.5176959037780762,10.178617802716028,10.178617802716019,ok
stencil,cuda,1024,bayesian,7,4,64_32_0_1_4,12.485952377319336,7.399840354919434,145.4911005170466,10.178617802716019,ok
stencil,cuda,1024,bayesian,7,5,32_64_0_1_4,10.581215858459473,5.49510383605957,108.04134497742903,10.178617802716019,ok
stencil,cuda,1024,bayesian,7,6,16_128_0_2_4,11.201536178588867,6.115424156188965,120.2377008067427,10.178617802716019,ok
stencil,cuda,1024,bayesian,7,7,16_64_2_4_1,5.6038079261779785,0.5176959037780762,10.178617802716028,10.178617802716019,ok
stencil,cuda,1024,bayesian,7,8,16_64_2_4_1,5.6038079261779785,0.5176959037780762,10.178617802716028,10.178617802716019,ok
stencil,cuda,1024,bayesian,7,9,16_32_8_2_2,8.798239707946777,3.712127685546875,72.98556675901315,10.178617802716019,ok
stencil,cuda,1024,bayesian,7,10,64_32_2_4_2,6.915232181549072,1.82912015914917,35.96303327755044,10.178617802716019,ok
stencil,cuda,1024,bayesian,7,11,32_32_0_4_2,8.176416397094727,3.090304374694824,60.7596600524078,10.178617802716019,ok
stencil,cuda,1024,bayesian,7,12,32_32_1_2_4,11.50499153137207,6.418879508972168,126.20405293282144,10.178617802716019,ok
stencil,cuda,1024,bayesian,7,13,64_32_1_4_2,7.511072158813477,2.424960136413574,47.67807169275338,10.178617802716019,ok
stencil,cuda,1024,bayesian,7,14,32_128_8_4_2,9.559967994689941,4.473855972290039,87.96219887777919,10.178617802716019,ok
stencil,cuda,1024,bayesian,7,15,16_64_2_4_1,5.6038079261779785,0.5176959037780762,10.178617802716028,10.178617802716019,ok
stencil,cuda,1024,bayesian,8,1,16_64_0_2_2,6.534624099731445,1.448512077331543,28.479751742629865,28.479751742629862,ok
stencil,cuda,1024,bayesian,8,2,32_128_8_4_2,9.559967994689941,4.473855972290039,87.96219887777919,28.479751742629862,ok
stencil,cuda,1024,bayesian,8,3,64_32_1_4_1,7.203616142272949,2.117504119873047,41.633060981497884,28.479751742629862,ok
stencil,cuda,1024,bayesian,8,4,16_64_8_1_4,9.07590389251709,3.9897918701171875,78.44482883085591,28.479751742629862,ok
stencil,cuda,1024,bayesian,8,5,32_32_0_2_4,13.083135604858398,7.997023582458496,157.23254909130114,28.479751742629862,ok
stencil,cuda,1024,bayesian,8,6,16_64_2_4_1,5.6038079261779785,0.5176959037780762,10.178617802716028,10.178617802716019,ok
stencil,cuda,1024,bayesian,8,7,64_32_0_2_2,7.117248058319092,2.0311360359191895,39.93494494367802,10.178617802716019,ok
stencil,cuda,1024,bayesian,8,8,32_32_8_4_4,11.671711921691895,6.585599899291992,129.48200649706786,10.178617802716019,ok
stencil,cuda,1024,bayesian,8,9,16_64_0_4_2,7.355584144592285,2.269472122192383,44.62096218481486,10.178617802716019,ok
stencil,cuda,1024,bayesian,8,10,32_64_8_4_4,11.167296409606934,6.081184387207031,119.564499571081,10.178617802716019,ok
stencil,cuda,1024,bayesian,8,11,16_64_8_2_4,9.439519882202148,4.353407859802246,85.5940223225377,10.178617802716019,ok
stencil,cuda,1024,bayesian,8,12,16_64_2_4_1,5.6038079261779785,0.5176959037780762,10.178617802716028,10.178617802716019,ok
stencil,cuda,1024,bayesian,8,13,16_32_0_1_2,8.431743621826172,3.3456315994262695,65.77974658622678,10.178617802716019,ok
stencil,cuda,1024,bayesian,8,14,16_32_1_2_2,7.203999996185303,2.1178879737854004,41.64060808055239,10.178617802716019,ok
stencil,cuda,1024,bayesian,8,15,32_32_8_1_4,11.912832260131836,6.826720237731934,134.2227659883653,10.178617802716019,ok
stencil,cuda,1024,bayesian,9,1,16_64_0_2_2,6.534624099731445,1.448512077331543,28.479751742629865,28.479751742629862,ok
stencil,cuda,1024,bayesian,9,2,64_32_1_2_4,10.070976257324219,4.984864234924316,98.00932840193693,28.479751742629862,ok
stencil,cuda,1024,bayesian,9,3,32_32_1_1_2,7.366911888122559,2.2807998657226562,44.8436812967885,28.479751742629862,ok
stencil,cuda,1024,bayesian,9,4,32_32_1_4_1,6.979328155517578,1.8932161331176758,37.223248815199206,28.479751742629862,ok
stencil,cuda,1024,bayesian,9,5,16_32_2_2_2,7.66048002243042,2.5743680000305176,50.61563702672422,28.479751742629862,ok
stencil,cuda,1024,bayesian,9,6,16_32_8_1_4,10.05452823638916,4.968416213989258,97.68593755127107,28.479751742629862,ok
stencil,cuda,1024,bayesian,9,7,16_64_2_2_4,10.237119674682617,5.151007652282715,101.27593787940579,28.479751742629862,ok
stencil,cuda,1024,bayesian,9,8,16_64_1_4_2,6.7873921394348145,1.701280117034912,33.449521157659376,28.479751742629862,ok
stencil,cuda,1024,bayesian,9,9,64_128_1_4_4,16.90025520324707,11.814143180847168,232.28240213381332,28.479751742629862,ok
stencil,cuda,1024,bayesian,9,10,16_64_0_1_2,8.277055740356445,3.190943717956543,62.738368795323616,28.479751742629862,ok
stencil,cuda,1024,bayesian,9,11,32_32_0_4_1,7.006944179534912,1.9208321571350098,37.76621805959866,28.479751742629862,ok
stencil,cuda,1024,bayesian,9,12,16_64_0_1_2,8.277055740356445,3.190943717956543,62.738368795323616,28.479751742629862,ok
stencil,cuda,1024,bayesian,9,13,32_32_8_4_4,11.671711921691895,6.585599899291992,129.48200649706786,28.479751742629862,ok
stencil,cuda,1024,bayesian,9,14,32_32_2_2_4,9.483776092529297,4.3976640701293945,86.46416065476943,28.479751742629862,ok
stencil,cuda,1024,bayesian,9,15,16_64_2_2_2,7.9383039474487305,2.852191925048828,56.078039816807056,28.479751742629862,ok
stencil,cuda,1024,random,0,1,16_64_0_2_2,6.534624099731445,1.448512077331543,28.479751742629865,28.479751742629862,ok
stencil,cuda,1024,random,0,2,32_32_0_4_4,11.168671607971191,6.082559585571289,119.59153787378062,28.479751742629862,ok
stencil,cuda,1024,random,0,3,64_64_8_4_4,13.823936462402344,8.737824440002441,171.79771899478266,28.479751742629862,ok
stencil,cuda,1024,random,0,4,32_32_2_1_2,8.136192321777344,3.0500802993774414,59.9687990737225,28.479751742629862,ok
stencil,cuda,1024,random,0,5,16_32_1_1_2,9.499296188354492,4.41318416595459,86.7693072138079,28.479751742629862,ok
stencil,cuda,1024,random,0,6,16_64_8_4_4,12.250240325927734,7.164128303527832,140.8566754325519,28.479751742629862,ok
stencil,cuda,1024,random,0,7,32_64_1_2_2,7.533792018890381,2.4476799964904785,48.12477557927502,28.479751742629862,ok
stencil,cuda,1024,random,0,8,32_64_0_2_2,6.826784133911133,1.7406721115112305,34.224022275661305,28.479751742629862,ok
stencil,cuda,1024,random,0,9,32_32_1_2_4,11.50499153137207,6.418879508972168,126.20405293282144,28.479751742629862,ok
stencil,cuda,1024,random,0,10,16_128_1_4_2,6.879583835601807,1.7934718132019043,35.262137469706126,28.479751742629862,ok
stencil,cuda,1024,random,0,11,32_32_8_4_4,11.671711921691895,6.585599899291992,129.48200649706786,28.479751742629862,ok
stencil,cuda,1024,random,0,12,32_32_0_1_2,8.132960319519043,3.0468482971191406,59.90525343721143,28.479751742629862,ok
stencil,cuda,1024,random,0,13,32_128_0_4_4,15.076160430908203,9.9900484085083,196.4181749145678,28.479751742629862,ok
stencil,cuda,1024,random,0,14,16_64_2_2_4,10.237119674682617,5.151007652282715,101.27593787940579,28.479751742629862,ok
stencil,cuda,1024,random,0,15,32_64_1_1_4,10.586912155151367,5.500800132751465,108.15334205234217,28.479751742629862,ok
stencil,cuda,1024,random,1,1,16_64_0_2_2,6.534624099731445,1.448512077331543,28.479751742629865,28.479751742629862,ok
stencil,cuda,1024,random,1,2,32_32_2_2_1,8.295455932617188,3.209343910217285,63.100142035466675,28.479751742629862,ok
stencil,cuda,1024,random,1,3,64_32_2_1_4,11.019935607910156,5.933823585510254,116.66718230697475,28.479751742629862,ok
stencil,cuda,1024,random,1,4,64_64_8_4_4,13.823936462402344,8.737824440002441,171.79771899478266,28.479751742629862,ok
stencil,cuda,1024,random,1,5,16_32_2_4_2,7.924320220947266,2.8382081985473633,55.80310040454326,28.479751742629862,ok
stencil,cuda,1024,random,1,6,32_32_1_1_4,9.708800315856934,4.622688293457031,90.88844825080744,28.479751742629862,ok
stencil,cuda,1024,random,1,7,16_128_8_4_4,14.118528366088867,9.032416343688965,177.58980344728985,28.479751742629862,ok
stencil,cuda,1024,random,1,8,16_32_1_4_2,8.538047790527344,3.4519357681274414,67.86983363568606,28.479751742629862,ok
stencil,cuda,1024,random,1,9,32_32_8_2_4,11.522784233093262,6.436672210693359,126.5538820683739,28.479751742629862,ok
stencil,cuda,1024,random,1,10,16_64_0_4_4,11.391072273254395,6.304960250854492,123.9642426884548,28.479751742629862,ok
stencil,cuda,1024,random,1,11,32_64_2_2_2,7.373631954193115,2.287519931793213,44.975807094273115,28.479751742629862,ok
stencil,cuda,1024,random,1,12,32_32_2_2_4,9.483776092529297,4.3976640701293945,86.46416065476943,28.479751742629862,ok
stencil,cuda,1024,random,1,13,16_32_8_4_1,5.345856189727783,0.25974416732788086,5.106929736976573,5.106929736976566,ok
stencil,cuda,1024,random,1,14,16_64_2_4_1,5.6038079261779785,0.5176959037780762,10.178617802716028,5.106929736976566,ok
stencil,cuda,1024,random,1,15,16_64_8_2_1,6.175968170166016,1.0898561477661133,21.428079896121922,5.106929736976566,ok
stencil,cuda,1024,random,2,1,16_64_0_2_2,6.534624099731445,1.448512077331543,28.479751742629865,28.479751742629862,ok
stencil,cuda,1024,random,2,2,32_32_2_4_4,12.454719543457031,7.368607521057129,144.87701978652493,28.479751742629862,ok
stencil,cuda,1024,random,2,3,16_32_1_2_1,6.2136640548706055,1.1275520324707031,22.169233149109125,22.169233149109115,ok
stencil,cuda,1024,random,2,4,64_128_1_4_4,16.90025520324707,11.814143180847168,232.28240213381332,22.169233149109115,ok
stencil,cuda,1024,random,2,5,32_32_8_4_2,7.6526079177856445,2.566495895385742,50.46086055679777,22.169233149109115,ok
stencil,cuda,1024,random,2,6,64_128_0_4_4,14.831583976745605,9.745471954345703,191.60946340594487,22.169233149109115,ok
stencil,cuda,1024,random,2,7,16_64_8_4_2,7.884960174560547,2.7988481521606445,55.029227430189344,22.169233149109115,ok
stencil,cuda,1024,random,2,8,64_32_8_4_1,6.148575782775879,1.0624637603759766,20.889507657258566,20.889507657258573,ok
stencil,cuda,1024,random,2,9,16_64_1_2_2,6.278624057769775,1.192512035369873,23.446436691089257,20.889507657258573,ok
stencil,cuda,1024,random,2,10,32_128_0_2_4,12.982111930847168,7.895999908447266,155.24628387405252,20.889507657258573,ok
stencil,cuda,1024,random,2,11,64_32_0_4_2,8.973952293395996,3.8878402709960938,76.44031932197987,20.889507657258573,ok
stencil,cuda,1024,random,2,12,16_32_8_4_4,14.39948844909668,9.313376426696777,183.1138674429397,20.889507657258573,ok
stencil,cuda,1024,random,2,13,64_64_8_4_2,8.55510425567627,3.468992233276367,68.20518734149921,20.889507657258573,ok
stencil,cuda,1024,random,2,14,32_32_1_2_2,6.688416004180908,1.6023039817810059,31.50351338555364,20.889507657258573,ok
stencil,cuda,1024,random,2,15,16_64_1_4_1,5.1354241371154785,0.04931211471557617,0.9695444083496207,0.9695444083496229,ok
stencil,cuda,1024,random,3,1,16_64_0_2_2,6.534624099731445,1.448512077331543,28.479751742629865,28.479751742629862,ok
stencil,cuda,1024,random,3,2,64_32_0_4_2,8.973952293395996,3.8878402709960938,76.44031932197987,28.479751742629862,ok
stencil,cuda,1024,random,3,3,16_32_8_2_4,10.2640962600708,5.177984237670898,101.80633487556663,28.479751742629862,ok
stencil,cuda,1024,random,3,4,16_128_2_1_4,9.85267162322998,4.766559600830078,93.71715722810521,28.479751742629862,ok
stencil,cuda,1024,random,3,5,16_32_2_2_1,5.869279861450195,0.783167839050293,15.398163382975438,15.398163382975433,ok
stencil,cuda,1024,random,3,6,16_128_0_4_2,8.832159996032715,3.7460479736328125,73.6524865581947,15.398163382975433,ok
stencil,cuda,1024,random,3,7,64_64_0_2_4,10.73862361907959,5.6525115966796875,111.1361993559184,15.398163382975433,ok
stencil,cuda,1024,random,3,8,64_32_1_1_4,10.810367584228516,5.724255561828613,112.54678498267916,15.398163382975433,ok
stencil,cuda,1024,random,3,9,16_128_1_4_4,11.058112144470215,5.9720001220703125,117.41778584051713,15.398163382975433,ok
stencil,cuda,1024,random,3,10,16_64_0_1_2,8.277055740356445,3.190943717956543,62.738368795323616,15.398163382975433,ok
stencil,cuda,1024,random,3,11,32_128_2_4_2,9.565792083740234,4.479680061340332,88.0767085272844,15.398163382975433,ok
stencil,cuda,1024,random,3,12,64_32_2_2_2,8.68124771118164,3.5951356887817383,70.68534222109719,15.398163382975433,ok
stencil,cuda,1024,random,3,13,64_64_0_4_4,14.690848350524902,9.604736328125,188.84240625893582,15.398163382975433,ok
stencil,cuda,1024,random,3,14,32_32_2_4_2,7.562975883483887,2.4768638610839844,48.6985707388188,15.398163382975433,ok
stencil,cuda,1024,random,3,15,16_128_1_4_2,6.879583835601807,1.7934718132019043,35.262137469706126,15.398163382975433,ok
stencil,cuda,1024,random,4,1,16_64_0_2_2,6.534624099731445,1.448512077331543,28.479751742629865,28.479751742629862,ok
stencil,cuda,1024,random,4,2,32_32_1_4_1,6.979328155517578,1.8932161331176758,37.223248815199206,28.479751742629862,ok
stencil,cuda,1024,random,4,3,32_32_1_4_4,14.327584266662598,9.241472244262695,181.70013172266053,28.479751742629862,ok
stencil,cuda,1024,random,4,4,32_32_8_2_2,6.950687885284424,1.8645758628845215,36.66014147294998,28.479751742629862,ok
stencil,cuda,1024,random,4,5,64_32_8_4_2,7.437503814697266,2.3513917922973633,46.231616251107454,28.479751742629862,ok
stencil,cuda,1024,random,4,6,16_64_8_2_4,9.439519882202148,4.353407859802246,85.5940223225377,28.479751742629862,ok
stencil,cuda,1024,random,4,7,32_64_1_1_4,10.586912155151367,5.500800132751465,108.15334205234217,28.479751742629862,ok
stencil,cuda,1024,random,4,8,64_64_0_4_2,8.444095611572266,3.3579835891723633,66.0226037960502,28.479751742629862,ok
stencil,cuda,1024,random,4,9,64_32_1_4_1,7.203616142272949,2.117504119873047,41.633060981497884,28.479751742629862,ok
stencil,cuda,1024,random,4,10,32_32_8_1_4,11.912832260131836,6.826720237731934,134.2227659883653,28.479751742629862,ok
stencil,cuda,1024,random,4,11,16_128_2_2_2,8.658464431762695,3.572352409362793,70.23739142255785,28.479751742629862,ok
stencil,cuda,1024,random,4,12,32_32_1_1_2,7.366911888122559,2.2807998657226562,44.8436812967885,28.479751742629862,ok
stencil,cuda,1024,random,4,13,64_32_1_4_4,12.315711975097656,7.229599952697754,142.1439386481786,28.479751742629862,ok
stencil,cuda,1024,random,4,14,16_32_8_1_4,10.05452823638916,4.968416213989258,97.68593755127107,28.479751742629862,ok
stencil,cuda,1024,random,4,15,32_32_0_2_1,6.732895851135254,1.6467838287353516,32.378048723321484,28.479751742629862,ok
stencil,cuda,1024,random,5,1,16_64_0_2_2,6.534624099731445,1.448512077331543,28.479751742629865,28.479751742629862,ok
stencil,cuda,1024,random,5,2,16_64_8_1_2,7.545119762420654,2.459007740020752,48.34749469124864,28.479751742629862,ok
stencil,cuda,1024,random,5,3,32_32_0_2_1,6.732895851135254,1.6467838287353516,32.378048723321484,28.479751742629862,ok
stencil,cuda,1024,random,5,4,32_32_1_2_1,7.722496032714844,2.6363840103149414,51.83495760030377,28.479751742629862,ok
stencil,cuda,1024,random,5,5,32_32_8_1_4,11.912832260131836,6.826720237731934,134.2227659883653,28.479751742629862,ok
stencil,cuda,1024,random,5,6,16_32_8_1_2,7.7657599449157715,2.679647922515869,52.68558597833373,28.479751742629862,ok
stencil,cuda,1024,random,5,7,32_64_0_4_4,13.113696098327637,8.027584075927734,157.83341067937954,28.479751742629862,ok
stencil,cuda,1024,random,5,8,32_32_1_2_2,6.688416004180908,1.6023039817810059,31.50351338555364,28.479751742629862,ok
stencil,cuda,1024,random,5,9,16_32_1_1_4,9.709759712219238,4.623647689819336,90.90731131080454,28.479751742629862,ok
stencil,cuda,1024,random,5,10,32_64_1_1_4,10.586912155151367,5.500800132751465,108.15334205234217,28.479751742629862,ok
stencil,cuda,1024,random,5,11,16_128_8_2_4,10.304544448852539,5.218432426452637,102.60160223506634,28.479751742629862,ok
stencil,cuda,1024,random,5,12,32_64_1_4_2,8.699904441833496,3.6137924194335938,71.05215936098104,28.479751742629862,ok
stencil,cuda,1024,random,5,13,16_64_8_4_2,7.884960174560547,2.7988481521606445,55.029227430189344,28.479751742629862,ok
stencil,cuda,1024,random,5,14,32_128_1_4_2,7.559999942779541,2.4738879203796387,48.64005962677016,28.479751742629862,ok
stencil,cuda,1024,random,5,15,16_32_1_4_2,8.538047790527344,3.4519357681274414,67.86983363568606,28.479751742629862,ok
stencil,cuda,1024,random,6,1,16_64_0_2_2,6.534624099731445,1.448512077331543,28.479751742629865,28.479751742629862,ok
stencil,cuda,1024,random,6,2,16_64_1_1_4,10.564831733703613,5.478719711303711,107.71921041405919,28.479751742629862,ok
stencil,cuda,1024,random,6,3,16_128_0_4_1,5.71884822845459,0.6327362060546875,12.440469326433124,12.44046932643313,ok
stencil,cuda,1024,random,6,4,16_64_1_1_2,7.890592098236084,2.8044800758361816,55.13995884252814,12.44046932643313,ok
stencil,cuda,1024,random,6,5,64_64_0_4_4,14.690848350524902,9.604736328125,188.84240625893582,12.44046932643313,ok
stencil,cuda,1024,random,6,6,16_64_1_2_1,6.98745584487915,1.901343822479248,37.38305043430976,12.44046932643313,ok
stencil,cuda,1024,random,6,7,16_128_2_4_2,8.861248016357422,3.7751359939575195,74.22439728679444,12.44046932643313,ok
stencil,cuda,1024,random,6,8,64_64_2_2_4,11.909119606018066,6.823007583618164,134.14977007129897,12.44046932643313,ok
stencil,cuda,1024,random,6,9,16_32_8_4_2,8.01411247253418,2.9280004501342773,57.56854031604064,12.44046932643313,ok
stencil,cuda,1024,random,6,10,16_32_1_2_2,7.203999996185303,2.1178879737854004,41.64060808055239,12.44046932643313,ok
stencil,cuda,1024,random,6,11,32_32_0_4_2,8.176416397094727,3.090304374694824,60.7596600524078,12.44046932643313,ok
stencil,cuda,1024,random,6,12,32_32_0_2_1,6.732895851135254,1.6467838287353516,32.378048723321484,12.44046932643313,ok
stencil,cuda,1024,random,6,13,32_64_2_4_2,7.61740779876709,2.5312957763671875,49.76877751058235,12.44046932643313,ok
stencil,cuda,1024,random,6,14,64_32_2_1_4,11.019935607910156,5.933823585510254,116.66718230697475,12.44046932643313,ok
stencil,cuda,1024,random,6,15,64_32_1_1_4,10.810367584228516,5.724255561828613,112.54678498267916,12.44046932643313,ok
stencil,cuda,1024,random,7,1,16_64_0_2_2,6.534624099731445,1.448512077331543,28.479751742629865,28.479751742629862,ok
stencil,cuda,1024,random,7,2,16_128_2_4_1,5.676415920257568,0.590303897857666,11.606191433808188,11.606191433808192,ok
stencil,cuda,1024,random,7,3,16_32_1_1_4,9.709759712219238,4.623647689819336,90.90731131080454,11.606191433808192,ok
stencil,cuda,1024,random,7,4,16_128_8_2_2,8.634271621704102,3.548159599304199,69.76172730127925,11.606191433808192,ok
stencil,cuda,1024,random,7,5,32_128_0_2_4,12.982111930847168,7.895999908447266,155.24628387405252,11.606191433808192,ok
stencil,cuda,1024,random,7,6,16_64_2_4_2,7.338624000549316,2.252511978149414,44.28750228522409,11.606191433808192,ok
stencil,cuda,1024,random,7,7,32_32_1_4_2,8.272416114807129,3.1863040924072266,62.64714733718657,11.606191433808192,ok
stencil,cuda,1024,random,7,8,32_64_2_1_4,10.71833610534668,5.632224082946777,110.7373187641508,11.606191433808192,ok
stencil,cuda,1024,random,7,9,16_32_1_2_4,9.636639595031738,4.550527572631836,89.46966863078747,11.606191433808192,ok
stencil,cuda,1024,random,7,10,32_64_8_2_2,6.85968017578125,1.7735681533813477,34.87080397699307,11.606191433808192,ok
stencil,cuda,1024,random,7,11,16_32_8_4_1,5.345856189727783,0.25974416732788086,5.106929736976573,5.106929736976566,ok
stencil,cuda,1024,random,7,12,16_128_0_4_2,8.832159996032715,3.7460479736328125,73.6524865581947,5.106929736976566,ok
stencil,cuda,1024,random,7,13,32_32_8_2_4,11.522784233093262,6.436672210693359,126.5538820683739,5.106929736976566,ok
stencil,cuda,1024,random,7,14,16_32_0_4_4,11.088895797729492,6.00278377532959,118.02303505885332,5.106929736976566,ok
stencil,cuda,1024,random,7,15,16_32_2_1_2,7.532832145690918,2.4467201232910156,48.10590314399958,5.106929736976566,ok
stencil,cuda,1024,random,8,1,16_64_0_2_2,6.534624099731445,1.448512077331543,28.479751742629865,28.479751742629862,ok
stencil,cuda,1024,random,8,2,32_128_0_2_4,12.982111930847168,7.895999908447266,155.24628387405252,28.479751742629862,ok
stencil,cuda,1024,random,8,3,16_128_8_4_4,14.118528366088867,9.032416343688965,177.58980344728985,28.479751742629862,ok
stencil,cuda,1024,random,8,4,16_32_1_2_1,6.2136640548706055,1.1275520324707031,22.169233149109125,22.169233149109115,ok
stencil,cuda,1024,random,8,5,64_128_8_4_4,14.949055671691895,9.862943649291992,193.91911947385938,22.169233149109115,ok
stencil,cuda,1024,random,8,6,32_128_8_4_4,15.015263557434082,9.92915153503418,195.2208581192254,22.169233149109115,ok
stencil,cuda,1024,random,8,7,64_64_0_4_4,14.690848350524902,9.604736328125,188.84240625893582,22.169233149109115,ok
stencil,cuda,1024,random,8,8,16_128_2_2_4,10.148032188415527,5.061920166015625,99.52435462927806,22.169233149109115,ok
stencil,cuda,1024,random,8,9,16_32_2_1_2,7.532832145690918,2.4467201232910156,48.10590314399958,22.169233149109115,ok
stencil,cuda,1024,random,8,10,16_128_8_4_2,7.229311943054199,2.143199920654297,42.138275980068165,22.169233149109115,ok
stencil,cuda,1024,random,8,11,32_64_8_2_4,10.027135848999023,4.941023826599121,97.14736531240771,22.169233149109115,ok
stencil,cuda,1024,random,8,12,32_32_2_2_1,8.295455932617188,3.209343910217285,63.100142035466675,22.169233149109115,ok
stencil,cuda,1024,random,8,13,16_32_8_1_2,7.7657599449157715,2.679647922515869,52.68558597833373,22.169233149109115,ok
stencil,cuda,1024,random,8,14,64_32_0_2_2,7.117248058319092,2.0311360359191895,39.93494494367802,22.169233149109115,ok
stencil,cuda,1024,random,8,15,64_64_0_2_4,10.73862361907959,5.6525115966796875,111.1361993559184,22.169233149109115,ok
stencil,cuda,1024,random,9,1,16_64_0_2_2,6.534624099731445,1.448512077331543,28.479751742629865,28.479751742629862,ok
stencil,cuda,1024,random,9,2,16_128_8_4_1,5.66099214553833,0.5748801231384277,11.302938680992103,11.302938680992092,ok
stencil,cuda,1024,random,9,3,16_128_8_1_4,12.043680191040039,6.957568168640137,136.795417363953,11.302938680992092,ok
stencil,cuda,1024,random,9,4,32_128_1_4_4,15.18505573272705,10.098943710327148,198.55920722646454,11.302938680992092,ok
stencil,cuda,1024,random,9,5,16_32_0_4_4,11.088895797729492,6.00278377532959,118.02303505885332,11.302938680992092,ok
stencil,cuda,1024,random,9,6,32_64_2_4_1,5.6078081130981445,0.5216960906982422,10.257267012614445,10.257267012614436,ok
stencil,cuda,1024,random,9,7,16_64_0_1_4,10.552063941955566,5.465951919555664,107.46817796153323,10.257267012614436,ok
stencil,cuda,1024,random,9,8,32_32_2_2_2,6.669856071472168,1.5837440490722656,31.138599427170497,10.257267012614436,ok
stencil,cuda,1024,random,9,9,32_32_8_2_2,6.950687885284424,1.8645758628845215,36.66014147294998,10.257267012614436,ok
stencil,cuda,1024,random,9,10,64_64_8_4_4,13.823936462402344,8.737824440002441,171.79771899478266,10.257267012614436,ok
stencil,cuda,1024,random,9,11,16_64_1_1_4,10.564831733703613,5.478719711303711,107.71921041405919,10.257267012614436,ok
stencil,cuda,1024,random,9,12,32_32_8_1_4,11.912832260131836,6.826720237731934,134.2227659883653,10.257267012614436,ok
stencil,cuda,1024,random,9,13,32_32_0_1_4,10.296064376831055,5.209952354431152,102.43487228527096,10.257267012614436,ok
stencil,cuda,1024,random,9,14,32_64_0_4_2,8.288928031921387,3.2028160095214844,62.97179447514849,10.257267012614436,ok
stencil,cuda,1024,random,9,15,32_32_2_2_1,8.295455932617188,3.209343910217285,63.100142035466675,10.257267012614436,ok
stencil,sycl,2048,bayesian,0,1,16_64_0_2_2,30.781391143798828,3.9774551391601562,14.839071166532491,14.839071166532483,ok
stencil,sycl,2048,bayesian,0,2,32_128_0_4_2,33.264766693115234,6.4608306884765625,24.104037136032773,14.839071166532483,ok
stencil,sycl,2048,bayesian,0,3,16_32_1_1_2,38.50368118286133,11.699745178222656,43.64935499099052,14.839071166532483,ok
stencil,sycl,2048,bayesian,0,4,64_64_8_4_4,50.22566223144531,23.42172622680664,87.38166746388774,14.839071166532483,ok
stencil,sycl,2048,bayesian,0,5,16_32_2_1_2,34.15275192260742,7.34881591796875,27.416928307458164,14.839071166532483,ok
stencil,sycl,2048,bayesian,0,6,16_32_2_2_4,50.79182434082031,23.98788833618164,89.49390243294981,14.839071166532483,ok
stencil,sycl,2048,bayesian,0,7,32_32_8_4_2,30.628896713256836,3.824960708618164,14.270145653072074,14.270145653072067,ok
stencil,sycl,2048,bayesian,0,8,32_64_8_4_1,33.07334518432617,6.2694091796875,23.38988265977997,14.270145653072067,ok
stencil,sycl,2048,bayesian,0,9,16_32_8_4_2,28.733551025390625,1.9296150207519531,7.19899876054777,7.198998760547762,ok
stencil,sycl,2048,bayesian,0,10,16_64_8_2_4,49.71686553955078,22.91292953491211,85.48345112802393,7.198998760547762,ok
stencil,sycl,2048,bayesian,0,11,32_64_1_4_1,33.00775909423828,6.203823089599609,23.145194379385092,7.198998760547762,ok
stencil,sycl,2048,bayesian,0,12,16_32_1_4_2,35.36044692993164,8.556510925292969,31.9225912336613,7.198998760547762,ok
stencil,sycl,2048,bayesian,0,13,32_64_8_4_1,33.07334518432617,6.2694091796875,23.38988265977997,7.198998760547762,ok
stencil,sycl,2048,bayesian,0,14,16_32_0_4_1,33.010257720947266,6.206321716308594,23.154516244310287,7.198998760547762,ok
stencil,sycl,2048,bayesian,0,15,32_128_0_4_2,33.264766693115234,6.4608306884765625,24.104037136032773,7.198998760547762,ok
stencil,sycl,2048,bayesian,1,1,16_64_0_2_2,30.781391143798828,3.9774551391601562,14.839071166532491,14.839071166532483,ok
stencil,sycl,2048,bayesian,1,2,64_64_8_2_4,41.289119720458984,14.485183715820312,54.041256154743536,14.839071166532483,ok
stencil,sycl,2048,bayesian,1,3,16_32_0_2_4,44.0826416015625,17.278705596923828,64.46331461891862,14.839071166532483,ok
stencil,sycl,2048,bayesian,1,4,32_128_2_4_4,46.0318717956543,19.227935791015625,71.73549357709274,14.839071166532483,ok
stencil,sycl,2048,bayesian,1,5,16_128_2_1_4,50.315792083740234,23.511856079101562,87.71792349837209,14.839071166532483,ok
stencil,sycl,2048,bayesian,1,6,16_128_0_4_2,27.199392318725586,0.39545631408691406,1.475366580559201,1.475366580559201,ok
stencil,sycl,2048,bayesian,1,7,16_128_0_4_2,27.199392318725586,0.39545631408691406,1.475366580559201,1.475366580559201,ok
stencil,sycl,2048,bayesian,1,8,32_64_2_1_4,49.4582405090332,22.65430450439453,84.5185740649209,1.475366580559201,ok
stencil,sycl,2048,bayesian,1,9,16_128_8_4_1,28.69500732421875,1.8910713195800781,7.055200099167558,1.475366580559201,ok
stencil,sycl,2048,bayesian,1,10,16_64_0_1_4,40.4180793762207,13.614143371582031,50.79158288255119,1.475366580559201,ok
stencil,sycl,2048,bayesian,1,11,16_32_1_4_4,50.14313507080078,23.33919906616211,87.07377551611467,1.475366580559201,ok
stencil,sycl,2048,bayesian,1,12,16_128_0_4_2,27.199392318725586,0.39545631408691406,1.475366580559201,1.475366580559201,ok
stencil,sycl,2048,bayesian,1,13,16_128_0_4_2,27.199392318725586,0.39545631408691406,1.475366580559201,1.475366580559201,ok
stencil,sycl,2048,bayesian,1,14,16_128_0_4_2,27.199392318725586,0.39545631408691406,1.475366580559201,1.475366580559201,ok
stencil,sycl,2048,bayesian,1,15,16_64_0_1_2,40.13929748535156,13.33536148071289,49.75150469843339,1.475366580559201,ok
stencil,sycl,2048,bayesian,2,1,16_64_0_2_2,30.781391143798828,3.9774551391601562,14.839071166532491,14.839071166532483,ok
stencil,sycl,2048,bayesian,2,2,64_64_8_4_4,50.22566223144531,23.42172622680664,87.38166746388774,14.839071166532483,ok
stencil,sycl,2048,bayesian,2,3,16_32_8_2_1,32.86867141723633,6.064735412597656,22.62628671978659,14.839071166532483,ok
stencil,sycl,2048,bayesian,2,4,64_32_0_4_2,28.12073516845703,1.3167991638183594,4.912708206699468,4.912708206699475,ok
stencil,sycl,2048,bayesian,2,5,32_32_1_4_4,40.02556610107422,13.221630096435547,49.327196178006915,4.912708206699475,ok
stencil,sycl,2048,bayesian,2,6,32_32_2_4_2,34.317665100097656,7.513729095458984,28.03218562437495,4.912708206699475,ok
stencil,sycl,2048,bayesian,2,7,32_32_2_4_2,34.317665100097656,7.513729095458984,28.03218562437495,4.912708206699475,ok
stencil,sycl,2048,bayesian,2,8,16_64_2_2_2,29.84868812561035,3.0447521209716797,11.359347076656046,4.912708206699475,ok
stencil,sycl,2048,bayesian,2,9,64_32_2_4_4,46.25987243652344,19.455936431884766,72.58611730947923,4.912708206699475,ok
stencil,sycl,2048,bayesian,2,10,64_64_0_4_4,41.67331314086914,14.869377136230469,55.47460318386517,4.912708206699475,ok
stencil,sycl,2048,bayesian,2,11,32_64_1_2_2,31.044832229614258,4.240896224975586,15.821915946380628,4.912708206699475,ok
stencil,sycl,2048,bayesian,2,12,16_32_8_4_1,33.95463943481445,7.150703430175781,26.677811157802655,4.912708206699475,ok
stencil,sycl,2048,bayesian,2,13,32_64_8_1_4,46.23263931274414,19.42870330810547,72.48451609772218,4.912708206699475,ok
stencil,sycl,2048,bayesian,2,14,16_32_8_4_1,33.95463943481445,7.150703430175781,26.677811157802655,4.912708206699475,ok
stencil,sycl,2048,bayesian,2,15,32_64_0_2_4,49.80403137207031,23.00009536743164,85.8086490112917,4.912708206699475,ok
stencil,sycl,2048,bayesian,3,1,16_64_0_2_2,30.781391143798828,3.9774551391601562,14.839071166532491,14.839071166532483,ok
stencil,sycl,2048,bayesian,3,2,16_32_2_4_2,32.51116943359375,5.707233428955078,21.29251997903363,14.839071166532483,ok
stencil,sycl,2048,bayesian,3,3,64_32_2_2_2,37.81083297729492,11.00689697265625,41.064480122439484,14.839071166532483,ok
stencil,sycl,2048,bayesian,3,4,32_32_1_4_4,40.02556610107422,13.221630096435547,49.327196178006915,14.839071166532483,ok
stencil,sycl,2048,bayesian,3,5,32_64_1_2_2,31.044832229614258,4.240896224975586,15.821915946380628,14.839071166532483,ok
stencil,sycl,2048,bayesian,3,6,16_32_2_4_2,32.51116943359375,5.707233428955078,21.29251997903363,14.839071166532483,ok
stencil,sycl,2048,bayesian,3,7,32_64_0_4_4,43.588382720947266,16.784446716308594,62.619335881879024,14.839071166532483,ok
stencil,sycl,2048,bayesian,3,8,16_64_1_2_4,41.42724609375,14.623310089111328,54.55657738692044,14.839071166532483,ok
stencil,sycl,2048,bayesian,3,9,32_128_0_2_4,43.50681686401367,16.702880859375,62.31503036152755,14.839071166532483,ok
stencil,sycl,2048,bayesian,3,10,32_32_2_2_1,38.33817672729492,11.53424072265625,43.03189173657236,14.839071166532483,ok
stencil,sycl,2048,bayesian,3,11,64_32_2_1_4,51.60736083984375,24.803424835205078,92.53650221710951,14.839071166532483,ok
stencil,sycl,2048,bayesian,3,12,16_32_1_2_2,31.049072265625,4.245136260986328,15.837734653043745,14.839071166532483,ok
stencil,sycl,2048,bayesian,3,13,32_128_2_2_4,42.23420715332031,15.43027114868164,57.56718396138272,14.839071166532483,ok
stencil,sycl,2048,bayesian,3,14,16_32_2_4_2,32.51116943359375,5.707233428955078,21.29251997903363,14.839071166532483,ok
stencil,sycl,2048,bayesian,3,15,64_32_0_4_2,28.12073516845703,1.3167991638183594,4.912708206699468,4.912708206699475,ok
stencil,sycl,2048,bayesian,4,1,16_64_0_2_2,30.781391143798828,3.9774551391601562,14.839071166532491,14.839071166532483,ok
stencil,sycl,2048,bayesian,4,2,32_64_8_4_1,33.07334518432617,6.2694091796875,23.38988265977997,14.839071166532483,ok
stencil,sycl,2048,bayesian,4,3,32_32_8_1_2,34.64006423950195,7.836128234863281,29.234990836820263,14.839071166532483,ok
stencil,sycl,2048,bayesian,4,4,16_128_0_1_4,50.50534439086914,23.70140838623047,88.42510436574955,14.839071166532483,ok
stencil,sycl,2048,bayesian,4,5,16_64_8_4_1,28.1889591217041,1.3850231170654297,5.167237814721459,5.167237814721459,ok
stencil,sycl,2048,bayesian,4,6,32_64_1_1_4,49.37184143066406,22.56790542602539,84.19623678447749,5.167237814721459,ok
stencil,sycl,2048,bayesian,4,7,16_32_2_2_1,33.744110107421875,6.940174102783203,25.892369320618226,5.167237814721459,ok
stencil,sycl,2048,bayesian,4,8,32_64_0_2_2,36.337215423583984,9.533279418945312,35.566714594809845,5.167237814721459,ok
stencil,sycl,2048,bayesian,4,9,64_32_2_2_4,41.61100769042969,14.807071685791016,55.24215429863926,5.167237814721459,ok
stencil,sycl,2048,bayesian,4,10,16_32_1_1_1,44.8713264465332,18.06739044189453,67.405736376806,5.167237814721459,ok
stencil,sycl,2048,bayesian,4,11,16_32_2_2_4,50.79182434082031,23.98788833618164,89.49390243294981,5.167237814721459,ok
stencil,sycl,2048,bayesian,4,12,32_32_2_2_2,30.602752685546875,3.798816680908203,14.172607635874002,5.167237814721459,ok
stencil,sycl,2048,bayesian,4,13,32_128_8_4_2,33.0898551940918,6.285919189453125,23.45147812756041,5.167237814721459,ok
stencil,sycl,2048,bayesian,4,14,16_64_8_4_1,28.1889591217041,1.3850231170654297,5.167237814721459,5.167237814721459,ok
stencil,sycl,2048,bayesian,4,15,16_32_2_1_2,34.15275192260742,7.34881591796875,27.416928307458164,5.167237814721459,ok
stencil,sycl,2048,bayesian,5,1,16_64_0_2_2,30.781391143798828,3.9774551391601562,14.839071166532491,14.839071166532483,ok
stencil,sycl,2048,bayesian,5,2,64_64_8_2_4,41.289119720458984,14.485183715820312,54.041256154743536,14.839071166532483,ok
stencil,sycl,2048,bayesian,5,3,16_32_1_2_2,31.049072265625,4.245136260986328,15.837734653043745,14.839071166532483,ok
stencil,sycl,2048,bayesian,5,4,16_64_0_4_1,28.86510467529297,2.061168670654297,7.689798506822254,7.689798506822252,ok
stencil,sycl,2048,bayesian,5,5,32_32_8_2_2,37.0524787902832,10.248542785644531,38.2352158424454,7.689798506822252,ok
stencil,sycl,2048,bayesian,5,6,16_32_2_1_4,50.879329681396484,24.075393676757812,89.82036695129902,7.689798506822252,ok
stencil,sycl,2048,bayesian,5,7,64_64_2_2_4,50.99951934814453,24.19558334350586,90.2687700019825,7.689798506822252,ok
stencil,sycl,2048,bayesian,5,8,16_64_0_4_1,28.86510467529297,2.061168670654297,7.689798506822254,7.689798506822252,ok
stencil,sycl,2048,bayesian,5,9,32_32_8_2_4,43.65248107910156,16.84854507446289,62.85847373888331,7.689798506822252,ok
stencil,sycl,2048,bayesian,5,10,32_64_8_1_4,46.23263931274414,19.42870330810547,72.48451609772218,7.689798506822252,ok
stencil,sycl,2048,bayesian,5,11,16_128_8_4_2,26.803936004638672,0.0,0.0,0.0,ok
stencil,sycl,2048,bayesian,5,12,16_64_0_4_1,28.86510467529297,2.061168670654297,7.689798506822254,0.0,ok
stencil,sycl,2048,bayesian,5,13,16_64_1_4_2,34.16511917114258,7.361183166503906,27.4630679808741,0.0,ok
stencil,sycl,2048,bayesian,5,14,32_64_8_4_1,33.07334518432617,6.2694091796875,23.38988265977997,0.0,ok
stencil,sycl,2048,bayesian,5,15,64_32_0_2_2,35.34137725830078,8.53744125366211,31.851446191278132,0.0,ok
stencil,sycl,2048,bayesian,6,1,16_64_0_2_2,30.781391143798828,3.9774551391601562,14.839071166532491,14.839071166532483,ok
stencil,sycl,2048,bayesian,6,2,16_32_1_4_4,50.14313507080078,23.33919906616211,87.07377551611467,14.839071166532483,ok
stencil,sycl,2048,bayesian,6,3,32_64_2_2_2,30.342208862304688,3.5382728576660156,13.200571949782614,13.200571949782617,ok
stencil,sycl,2048,bayesian,6,4,16_32_0_1_1,38.89593505859375,12.091999053955078,45.11277392940516,13.200571949782617,ok
stencil,sycl,2048,bayesian,6,5,32_32_2_1_4,50.069183349609375,23.265247344970703,86.79787677803898,13.200571949782617,ok
stencil,sycl,2048,bayesian,6,6,32_32_1_2_1,39.1046257019043,12.300689697265625,45.891356012553075,13.200571949782617,ok
stencil,sycl,2048,bayesian,6,7,16_128_1_4_4,40.30476760864258,13.500831604003906,50.36883986615794,13.200571949782617,ok
stencil,sycl,2048,bayesian,6,8,32_64_2_4_4,39.4224967956543,12.618560791015625,47.07726801329426,13.200571949782617,ok
stencil,sycl,2048,bayesian,6,9,16_32_8_4_2,28.733551025390625,1.9296150207519531,7.19899876054777,7.198998760547762,ok
stencil,sycl,2048,bayesian,6,10,32_32_8_4_2,30.628896713256836,3.824960708618164,14.270145653072074,7.198998760547762,ok
stencil,sycl,2048,bayesian,6,11,16_32_8_1_1,45.40903854370117,18.6051025390625,69.41183017241465,7.198998760547762,ok
stencil,sycl,2048,bayesian,6,12,16_32_8_4_2,28.733551025390625,1.9296150207519531,7.19899876054777,7.198998760547762,ok
stencil,sycl,2048,bayesian,6,13,32_32_8_4_2,30.628896713256836,3.824960708618164,14.270145653072074,7.198998760547762,ok
stencil,sycl,2048,bayesian,6,14,32_64_8_2_2,36.82691192626953,10.02297592163086,37.39367203345169,7.198998760547762,ok
stencil,sycl,2048,bayesian,6,15,32_64_1_4_2,27.880990982055664,1.0770549774169922,4.018271709164645,4.018271709164646,ok
stencil,sycl,2048,bayesian,7,1,16_64_0_2_2,30.781391143798828,3.9774551391601562,14.839071166532491,14.839071166532483,ok
stencil,sycl,2048,bayesian,7,2,16_32_0_1_2,41.08812713623047,14.284191131591797,53.29139395467808,14.839071166532483,ok
stencil,sycl,2048,bayesian,7,3,16_64_2_4_1,33.69246292114258,6.888526916503906,25.699684237836507,14.839071166532483,ok
stencil,sycl,2048,bayesian,7,4,64_32_0_1_4,40.97244644165039,14.168510437011719,52.85981295642448,14.839071166532483,ok
stencil,sycl,2048,bayesian,7,5,32_64_0_1_4,41.30441665649414,14.500480651855469,54.09832589268242,14.839071166532483,ok
stencil,sycl,2048,bayesian,7,6,16_128_0_2_4,50.64326477050781,23.83932876586914,88.9396570777647,14.839071166532483,ok
stencil,sycl,2048,bayesian,7,7,16_64_2_4_1,33.69246292114258,6.888526916503906,25.699684237836507,14.839071166532483,ok
stencil,sycl,2048,bayesian,7,8,16_64_2_4_1,33.69246292114258,6.888526916503906,25.699684237836507,14.839071166532483,ok
stencil,sycl,2048,bayesian,7,9,16_32_8_2_2,31.817663192749023,5.013727188110352,18.705190115521386,14.839071166532483,ok
stencil,sycl,2048,bayesian,7,10,64_32_2_4_2,30.740480422973633,3.936544418334961,14.68644163921935,14.68644163921935,ok
stencil,sycl,2048,bayesian,7,11,32_32_0_4_2,31.24622344970703,4.442287445068359,16.573265375277636,14.68644163921935,ok
stencil,sycl,2048,bayesian,7,12,32_32_1_2_4,50.10947036743164,23.30553436279297,86.94817939708454,14.68644163921935,ok
stencil,sycl,2048,bayesian,7,13,64_32_1_4_2,34.82048034667969,8.016544342041016,29.908086411837708,14.68644163921935,ok
stencil,sycl,2048,bayesian,7,14,32_128_8_4_2,33.0898551940918,6.285919189453125,23.45147812756041,14.68644163921935,ok
stencil,sycl,2048,bayesian,7,15,16_64_2_4_1,33.69246292114258,6.888526916503906,25.699684237836507,14.68644163921935,ok
stencil,sycl,2048,bayesian,8,1,16_64_0_2_2,30.781391143798828,3.9774551391601562,14.839071166532491,14.839071166532483,ok
stencil,sycl,2048,bayesian,8,2,32_128_8_4_2,33.0898551940918,6.285919189453125,23.45147812756041,14.839071166532483,ok
stencil,sycl,2048,bayesian,8,3,64_32_1_4_1,33.36454391479492,6.56060791015625,24.47628553142671,14.839071166532483,ok
stencil,sycl,2048,bayesian,8,4,16_64_8_1_4,44.09489440917969,17.290958404541016,64.5090273366891,14.839071166532483,ok
stencil,sycl,2048,bayesian,8,5,32_32_0_2_4,40.65764617919922,13.853710174560547,51.685357598835616,14.839071166532483,ok
stencil,sycl,2048,bayesian,8,6,16_64_2_4_1,33.69246292114258,6.888526916503906,25.699684237836507,14.839071166532483,ok
stencil,sycl,2048,bayesian,8,7,64_32_0_2_2,35.34137725830078,8.53744125366211,31.851446191278132,14.839071166532483,ok
stencil,sycl,2048,bayesian,8,8,32_32_8_4_4,50.177024841308594,23.373088836669922,87.20021131458078,14.839071166532483,ok
stencil,sycl,2048,bayesian,8,9,16_64_0_4_2,33.531246185302734,6.7273101806640625,25.098217588267026,14.839071166532483,ok
stencil,sycl,2048,bayesian,8,10,32_64_8_4_4,38.821311950683594,12.017375946044922,44.83437038487632,14.839071166532483,ok
stencil,sycl,2048,bayesian,8,11,16_64_8_2_4,49.71686553955078,22.91292953491211,85.48345112802393,14.839071166532483,ok
stencil,sycl,2048,bayesian,8,12,16_64_2_4_1,33.69246292114258,6.888526916503906,25.699684237836507,14.839071166532483,ok
stencil,sycl,2048,bayesian,8,13,16_32_0_1_2,41.08812713623047,14.284191131591797,53.29139395467808,14.839071166532483,ok
stencil,sycl,2048,bayesian,8,14,16_32_1_2_2,31.049072265625,4.245136260986328,15.837734653043745,14.839071166532483,ok
stencil,sycl,2048,bayesian,8,15,32_32_8_1_4,44.225120544433594,17.421184539794922,64.99487439747665,14.839071166532483,ok
stencil,sycl,2048,bayesian,9,1,16_64_0_2_2,30.781391143798828,3.9774551391601562,14.839071166532491,14.839071166532483,ok
stencil,sycl,2048,bayesian,9,2,64_32_1_2_4,40.36003112792969,13.556095123291016,50.5750167473352,14.839071166532483,ok
stencil,sycl,2048,bayesian,9,3,32_32_1_1_2,39.15188980102539,12.347953796386719,46.067688694114885,14.839071166532483,ok
stencil,sycl,2048,bayesian,9,4,32_32_1_4_1,29.4849910736084,2.6810550689697266,10.002467803630566,10.002467803630575,ok
stencil,sycl,2048,bayesian,9,5,16_32_2_2_2,32.24911880493164,5.445182800292969,20.314862710277424,10.002467803630575,ok
stencil,sycl,2048,bayesian,9,6,16_32_8_1_4,50.88166427612305,24.077728271484375,89.82907684646575,10.002467803630575,ok
stencil,sycl,2048,bayesian,9,7,16_64_2_2_4,41.454593658447266,14.650657653808594,54.65860555432292,10.002467803630575,ok
stencil,sycl,2048,bayesian,9,8,16_64_1_4_2,34.16511917114258,7.361183166503906,27.4630679808741,10.002467803630575,ok
stencil,sycl,2048,bayesian,9,9,64_128_1_4_4,52.164703369140625,25.360767364501953,94.61583313776394,10.002467803630575,ok
stencil,sycl,2048,bayesian,9,10,16_64_0_1_2,40.13929748535156,13.33536148071289,49.75150469843339,10.002467803630575,ok
stencil,sycl,2048,bayesian,9,11,32_32_0_4_1,34.24745559692383,7.443519592285156,27.770248335904803,10.002467803630575,ok
stencil,sycl,2048,bayesian,9,12,16_32_1_1_4,51.18435287475586,24.380416870117188,90.95834606491348,10.002467803630575,ok
stencil,sycl,2048,bayesian,9,13,16_64_1_4_2,34.16511917114258,7.361183166503906,27.4630679808741,10.002467803630575,ok
stencil,sycl,2048,bayesian,9,14,16_64_1_4_2,34.16511917114258,7.361183166503906,27.4630679808741,10.002467803630575,ok
stencil,sycl,2048,bayesian,9,15,16_64_2_2_2,29.84868812561035,3.0447521209716797,11.359347076656046,10.002467803630575,ok
stencil,sycl,2048,random,0,1,16_64_0_2_2,30.781391143798828,3.9774551391601562,14.839071166532491,14.839071166532483,ok
stencil,sycl,2048,random,0,2,32_32_0_4_4,50.74990463256836,23.945968627929688,89.33750858002949,14.839071166532483,ok
stencil,sycl,2048,random,0,3,64_64_8_4_4,50.22566223144531,23.42172622680664,87.38166746388774,14.839071166532483,ok
stencil,sycl,2048,random,0,4,32_32_2_1_2,41.1927375793457,14.388801574707031,53.681674110163954,14.839071166532483,ok
stencil,sycl,2048,random,0,5,16_32_1_1_2,38.50368118286133,11.699745178222656,43.64935499099052,14.839071166532483,ok
stencil,sycl,2048,random,0,6,16_64_8_4_4,40.949119567871094,14.145183563232422,52.77278516403139,14.839071166532483,ok
stencil,sycl,2048,random,0,7,32_64_1_2_2,31.044832229614258,4.240896224975586,15.821915946380628,14.839071166532483,ok
stencil,sycl,2048,random,0,8,32_64_0_2_2,36.337215423583984,9.533279418945312,35.566714594809845,14.839071166532483,ok
stencil,sycl,2048,random,0,9,32_32_1_2_4,50.10947036743164,23.30553436279297,86.94817939708454,14.839071166532483,ok
stencil,sycl,2048,random,0,10,16_128_1_4_2,33.240943908691406,6.437007904052734,24.015159202509473,14.839071166532483,ok
stencil,sycl,2048,random,0,11,32_32_8_4_4,50.177024841308594,23.373088836669922,87.20021131458078,14.839071166532483,ok
stencil,sycl,2048,random,0,12,32_32_0_1_2,42.05201721191406,15.24808120727539,56.88747057386112,14.839071166532483,ok
stencil,sycl,2048,random,0,13,32_128_0_4_4,46.3001594543457,19.49622344970703,72.73641992852478,14.839071166532483,ok
stencil,sycl,2048,random,0,14,16_64_2_2_4,41.454593658447266,14.650657653808594,54.65860555432292,14.839071166532483,ok
stencil,sycl,2048,random,0,15,32_64_1_1_4,49.37184143066406,22.56790542602539,84.19623678447749,14.839071166532483,ok
stencil,sycl,2048,random,1,1,16_64_0_2_2,30.781391143798828,3.9774551391601562,14.839071166532491,14.839071166532483,ok
stencil,sycl,2048,random,1,2,32_32_2_2_1,38.33817672729492,11.53424072265625,43.03189173657236,14.839071166532483,ok
stencil,sycl,2048,random,1,3,64_32_2_1_4,51.60736083984375,24.803424835205078,92.53650221710951,14.839071166532483,ok
stencil,sycl,2048,random,1,4,64_64_8_4_4,50.22566223144531,23.42172622680664,87.38166746388774,14.839071166532483,ok
stencil,sycl,2048,random,1,5,16_32_2_4_2,32.51116943359375,5.707233428955078,21.29251997903363,14.839071166532483,ok
stencil,sycl,2048,random,1,6,32_32_1_1_4,50.82508850097656,24.02115249633789,89.61800420722092,14.839071166532483,ok
stencil,sycl,2048,random,1,7,16_128_8_4_4,50.301761627197266,23.497825622558594,87.6655787362426,14.839071166532483,ok
stencil,sycl,2048,random,1,8,16_32_1_4_2,35.36044692993164,8.556510925292969,31.9225912336613,14.839071166532483,ok
stencil,sycl,2048,random,1,9,32_32_8_2_4,43.65248107910156,16.84854507446289,62.85847373888331,14.839071166532483,ok
stencil,sycl,2048,random,1,10,16_64_0_4_4,42.019615173339844,15.215679168701172,56.76658519878557,14.839071166532483,ok
stencil,sycl,2048,random,1,11,32_64_2_2_2,30.342208862304688,3.5382728576660156,13.200571949782614,13.200571949782617,ok
stencil,sycl,2048,random,1,12,32_32_2_2_4,43.717342376708984,16.913406372070312,63.10045796685715,13.200571949782617,ok
stencil,sycl,2048,random,1,13,16_32_8_4_1,33.95463943481445,7.150703430175781,26.677811157802655,13.200571949782617,ok
stencil,sycl,2048,random,1,14,16_64_2_4_1,33.69246292114258,6.888526916503906,25.699684237836507,13.200571949782617,ok
stencil,sycl,2048,random,1,15,16_64_8_2_1,38.76609420776367,11.962158203125,44.62836428595725,13.200571949782617,ok
stencil,sycl,2048,random,2,1,16_64_0_2_2,30.781391143798828,3.9774551391601562,14.839071166532491,14.839071166532483,ok
stencil,sycl,2048,random,2,2,32_32_2_4_4,49.58732604980469,22.783390045166016,85.00016580110898,14.839071166532483,ok
stencil,sycl,2048,random,2,3,16_32_1_2_1,39.307838439941406,12.503902435302734,46.64950115213982,14.839071166532483,ok
stencil,sycl,2048,random,2,4,64_128_1_4_4,52.164703369140625,25.360767364501953,94.61583313776394,14.839071166532483,ok
stencil,sycl,2048,random,2,5,32_32_8_4_2,30.628896713256836,3.824960708618164,14.270145653072074,14.270145653072067,ok
stencil,sycl,2048,random,2,6,64_128_0_4_4,42.99039840698242,16.18646240234375,60.38837877967822,14.270145653072067,ok
stencil,sycl,2048,random,2,7,16_64_8_4_2,33.92512130737305,7.121185302734375,26.5676850649919,14.270145653072067,ok
stencil,sycl,2048,random,2,8,64_32_8_4_1,33.06972885131836,6.2657928466796875,23.376390861384433,14.270145653072067,ok
stencil,sycl,2048,random,2,9,16_64_1_2_2,36.61452865600586,9.810592651367188,36.60131351481131,14.270145653072067,ok
stencil,sycl,2048,random,2,10,32_128_0_2_4,43.50681686401367,16.702880859375,62.31503036152755,14.270145653072067,ok
stencil,sycl,2048,random,2,11,64_32_0_4_2,28.12073516845703,1.3167991638183594,4.912708206699468,4.912708206699475,ok
stencil,sycl,2048,random,2,12,16_32_8_4_4,49.809600830078125,23.005664825439453,85.82942751936919,4.912708206699475,ok
stencil,sycl,2048,random,2,13,64_64_8_4_2,30.237503051757812,3.4335670471191406,12.809935997925571,4.912708206699475,ok
stencil,sycl,2048,random,2,14,32_32_1_2_2,31.768495559692383,4.964559555053711,18.52175573839061,4.912708206699475,ok
stencil,sycl,2048,random,2,15,16_64_1_4_1,33.34137725830078,6.537441253662109,24.389855476937218,4.912708206699475,ok
stencil,sycl,2048,random,3,1,16_64_0_2_2,30.781391143798828,3.9774551391601562,14.839071166532491,14.839071166532483,ok
stencil,sycl,2048,random,3,2,64_32_0_4_2,28.12073516845703,1.3167991638183594,4.912708206699468,4.912708206699475,ok
stencil,sycl,2048,random,3,3,16_32_8_2_4,50.52427291870117,23.7203369140625,88.49572282950338,4.912708206699475,ok
stencil,sycl,2048,random,3,4,16_128_2_1_4,50.315792083740234,23.511856079101562,87.71792349837209,4.912708206699475,ok
stencil,sycl,2048,random,3,5,16_32_2_2_1,33.744110107421875,6.940174102783203,25.892369320618226,4.912708206699475,ok
stencil,sycl,2048,random,3,6,16_128_0_4_2,27.199392318725586,0.39545631408691406,1.475366580559201,1.475366580559201,ok
stencil,sycl,2048,random,3,7,64_64_0_2_4,44.8974723815918,18.093536376953125,67.50328150993148,1.475366580559201,ok
stencil,sycl,2048,random,3,8,64_32_1_1_4,51.93503952026367,25.131103515625,93.75900431666389,1.475366580559201,ok
stencil,sycl,2048,random,3,9,16_128_1_4_4,40.30476760864258,13.500831604003906,50.36883986615794,1.475366580559201,ok
stencil,sycl,2048,random,3,10,16_64_0_1_2,40.13929748535156,13.33536148071289,49.75150469843339,1.475366580559201,ok
stencil,sycl,2048,random,3,11,32_128_2_4_2,33.271263122558594,6.467327117919922,24.128273984838234,1.475366580559201,ok
stencil,sycl,2048,random,3,12,64_32_2_2_2,37.81083297729492,11.00689697265625,41.064480122439484,1.475366580559201,ok
stencil,sycl,2048,random,3,13,64_64_0_4_4,41.67331314086914,14.869377136230469,55.47460318386517,1.475366580559201,ok
stencil,sycl,2048,random,3,14,32_32_2_4_2,34.317665100097656,7.513729095458984,28.03218562437495,1.475366580559201,ok
stencil,sycl,2048,random,3,15,16_128_1_4_2,33.240943908691406,6.437007904052734,24.015159202509473,1.475366580559201,ok
stencil,sycl,2048,random,4,1,16_64_0_2_2,30.781391143798828,3.9774551391601562,14.839071166532491,14.839071166532483,ok
stencil,sycl,2048,random,4,2,32_32_1_4_1,29.4849910736084,2.6810550689697266,10.002467803630566,10.002467803630575,ok
stencil,sycl,2048,random,4,3,32_32_1_4_4,40.02556610107422,13.221630096435547,49.327196178006915,10.002467803630575,ok
stencil,sycl,2048,random,4,4,32_32_8_2_2,37.0524787902832,10.248542785644531,38.2352158424454,10.002467803630575,ok
stencil,sycl,2048,random,4,5,64_32_8_4_2,34.69807815551758,7.894142150878906,29.451428885342622,10.002467803630575,ok
stencil,sycl,2048,random,4,6,16_64_8_2_4,49.71686553955078,22.91292953491211,85.48345112802393,10.002467803630575,ok
stencil,sycl,2048,random,4,7,32_64_1_1_4,49.37184143066406,22.56790542602539,84.19623678447749,10.002467803630575,ok
stencil,sycl,2048,random,4,8,64_64_0_4_2,34.01737594604492,7.21343994140625,26.91186824262637,10.002467803630575,ok
stencil,sycl,2048,random,4,9,64_32_1_4_1,33.36454391479492,6.56060791015625,24.47628553142671,10.002467803630575,ok
stencil,sycl,2048,random,4,10,32_32_8_1_4,44.225120544433594,17.421184539794922,64.99487439747665,10.002467803630575,ok
stencil,sycl,2048,random,4,11,16_128_2_2_2,30.301727294921875,3.497791290283203,13.049543506139827,10.002467803630575,ok
stencil,sycl,2048,random,4,12,32_32_1_1_2,39.15188980102539,12.347953796386719,46.067688694114885,10.002467803630575,ok
stencil,sycl,2048,random,4,13,64_32_1_4_4,44.19731140136719,17.393375396728516,64.8911241756376,10.002467803630575,ok
stencil,sycl,2048,random,4,14,16_32_8_1_4,50.88166427612305,24.077728271484375,89.82907684646575,10.002467803630575,ok
stencil,sycl,2048,random,4,15,32_32_0_2_1,38.8620491027832,12.058113098144531,44.986352362793895,10.002467803630575,ok
stencil,sycl,2048,random,5,1,16_64_0_2_2,30.781391143798828,3.9774551391601562,14.839071166532491,14.839071166532483,ok
stencil,sycl,2048,random,5,2,16_64_8_1_2,40.15118408203125,13.347248077392578,49.79585115813854,14.839071166532483,ok
stencil,sycl,2048,random,5,3,32_32_0_2_1,38.8620491027832,12.058113098144531,44.986352362793895,14.839071166532483,ok
stencil,sycl,2048,random,5,4,32_32_1_2_1,39.1046257019043,12.300689697265625,45.891356012553075,14.839071166532483,ok
stencil,sycl,2048,random,5,5,32_32_8_1_4,44.225120544433594,17.421184539794922,64.99487439747665,14.839071166532483,ok
stencil,sycl,2048,random,5,6,16_32_8_1_2,34.61638259887695,7.812446594238281,29.14663948192633,14.839071166532483,ok
stencil,sycl,2048,random,5,7,32_64_0_4_4,43.588382720947266,16.784446716308594,62.619335881879024,14.839071166532483,ok
stencil,sycl,2048,random,5,8,32_32_1_2_2,31.768495559692383,4.964559555053711,18.52175573839061,14.839071166532483,ok
stencil,sycl,2048,random,5,9,16_32_1_1_4,51.18435287475586,24.380416870117188,90.95834606491348,14.839071166532483,ok
stencil,sycl,2048,random,5,10,32_64_1_1_4,49.37184143066406,22.56790542602539,84.19623678447749,14.839071166532483,ok
stencil,sycl,2048,random,5,11,16_128_8_2_4,45.06391906738281,18.25998306274414,68.124260032497,14.839071166532483,ok
stencil,sycl,2048,random,5,12,32_64_1_4_2,27.880990982055664,1.0770549774169922,4.018271709164645,4.018271709164646,ok
stencil,sycl,2048,random,5,13,16_64_8_4_2,33.92512130737305,7.121185302734375,26.5676850649919,4.018271709164646,ok
stencil,sycl,2048,random,5,14,32_128_1_4_2,28.016992568969727,1.2130565643310547,4.525665798191447,4.018271709164646,ok
stencil,sycl,2048,random,5,15,16_32_1_4_2,35.36044692993164,8.556510925292969,31.9225912336613,4.018271709164646,ok
stencil,sycl,2048,random,6,1,16_64_0_2_2,30.781391143798828,3.9774551391601562,14.839071166532491,14.839071166532483,ok
stencil,sycl,2048,random,6,2,16_64_1_1_4,40.07545471191406,13.27151870727539,49.513320375703884,14.839071166532483,ok
stencil,sycl,2048,random,6,3,16_128_0_4_1,33.533790588378906,6.729854583740234,25.107710235450377,14.839071166532483,ok
stencil,sycl,2048,random,6,4,16_64_1_1_2,40.92457580566406,14.12063980102539,52.681217409941894,14.839071166532483,ok
stencil,sycl,2048,random,6,5,64_64_0_4_4,41.67331314086914,14.869377136230469,55.47460318386517,14.839071166532483,ok
stencil,sycl,2048,random,6,6,16_64_1_2_1,38.57263946533203,11.76870346069336,43.90662423107068,14.839071166532483,ok
stencil,sycl,2048,random,6,7,16_128_2_4_2,30.822784423828125,4.018848419189453,14.993501023483846,14.839071166532483,ok
stencil,sycl,2048,random,6,8,64_64_2_2_4,50.99951934814453,24.19558334350586,90.2687700019825,14.839071166532483,ok
stencil,sycl,2048,random,6,9,16_32_8_4_2,28.733551025390625,1.9296150207519531,7.19899876054777,7.198998760547762,ok
stencil,sycl,2048,random,6,10,16_32_1_2_2,31.049072265625,4.245136260986328,15.837734653043745,7.198998760547762,ok
stencil,sycl,2048,random,6,11,32_32_0_4_2,31.24622344970703,4.442287445068359,16.573265375277636,7.198998760547762,ok
stencil,sycl,2048,random,6,12,32_32_0_2_1,38.8620491027832,12.058113098144531,44.986352362793895,7.198998760547762,ok
stencil,sycl,2048,random,6,13,32_64_2_4_2,27.881439208984375,1.0775032043457031,4.019943952109228,4.019943952109239,ok
stencil,sycl,2048,random,6,14,64_32_2_1_4,51.60736083984375,24.803424835205078,92.53650221710951,4.019943952109239,ok
stencil,sycl,2048,random,6,15,64_32_1_1_4,51.93503952026367,25.131103515625,93.75900431666389,4.019943952109239,ok
stencil,sycl,2048,random,7,1,16_64_0_2_2,30.781391143798828,3.9774551391601562,14.839071166532491,14.839071166532483,ok
stencil,sycl,2048,random,7,2,16_128_2_4_1,33.718448638916016,6.914512634277344,25.796631633058386,14.839071166532483,ok
stencil,sycl,2048,random,7,3,16_32_1_1_4,51.18435287475586,24.380416870117188,90.95834606491348,14.839071166532483,ok
stencil,sycl,2048,random,7,4,16_128_8_2_2,36.69015884399414,9.886222839355469,36.88347426901992,14.839071166532483,ok
stencil,sycl,2048,random,7,5,32_128_0_2_4,43.50681686401367,16.702880859375,62.31503036152755,14.839071166532483,ok
stencil,sycl,2048,random,7,6,16_64_2_4_2,31.524368286132812,4.720432281494141,17.61096683963588,14.839071166532483,ok
stencil,sycl,2048,random,7,7,32_32_1_4_2,34.94308853149414,8.139152526855469,30.36551245849457,14.839071166532483,ok
stencil,sycl,2048,random,7,8,32_64_2_1_4,49.4582405090332,22.65430450439453,84.5185740649209,14.839071166532483,ok
stencil,sycl,2048,random,7,9,16_32_1_2_4,50.076080322265625,23.272144317626953,86.82360797160347,14.839071166532483,ok
stencil,sycl,2048,random,7,10,32_64_8_2_2,36.82691192626953,10.02297592163086,37.39367203345169,14.839071166532483,ok
stencil,sycl,2048,random,7,11,16_32_8_4_1,33.95463943481445,7.150703430175781,26.677811157802655,14.839071166532483,ok
stencil,sycl,2048,random,7,12,16_128_0_4_2,27.199392318725586,0.39545631408691406,1.475366580559201,1.475366580559201,ok
stencil,sycl,2048,random,7,13,32_32_8_2_4,43.65248107910156,16.84854507446289,62.85847373888331,1.475366580559201,ok
stencil,sycl,2048,random,7,14,16_32_0_4_4,40.7380485534668,13.934112548828125,51.98532240345857,1.475366580559201,ok
stencil,sycl,2048,random,7,15,16_32_2_1_2,34.15275192260742,7.34881591796875,27.416928307458164,1.475366580559201,ok
stencil,sycl,2048,random,8,1,16_64_0_2_2,30.781391143798828,3.9774551391601562,14.839071166532491,14.839071166532483,ok
stencil,sycl,2048,random,8,2,32_128_0_2_4,43.50681686401367,16.702880859375,62.31503036152755,14.839071166532483,ok
stencil,sycl,2048,random,8,3,16_128_8_4_4,50.301761627197266,23.497825622558594,87.6655787362426,14.839071166532483,ok
stencil,sycl,2048,random,8,4,16_32_1_2_1,39.307838439941406,12.503902435302734,46.64950115213982,14.839071166532483,ok
stencil,sycl,2048,random,8,5,64_128_8_4_4,41.6577262878418,14.853790283203125,55.41645182495787,14.839071166532483,ok
stencil,sycl,2048,random,8,6,32_128_8_4_4,49.71968078613281,22.91574478149414,85.49395423690147,14.839071166532483,ok
stencil,sycl,2048,random,8,7,64_64_0_4_4,41.67331314086914,14.869377136230469,55.47460318386517,14.839071166532483,ok
stencil,sycl,2048,random,8,8,16_128_2_2_4,47.42607879638672,20.622142791748047,76.9369945823598,14.839071166532483,ok
stencil,sycl,2048,random,8,9,16_32_2_1_2,34.15275192260742,7.34881591796875,27.416928307458164,14.839071166532483,ok
stencil,sycl,2048,random,8,10,16_128_8_4_2,26.803936004638672,0.0,0.0,0.0,ok
stencil,sycl,2048,random,8,11,32_64_8_2_4,44.311649322509766,17.507713317871094,65.31769556098486,0.0,ok
stencil,sycl,2048,random,8,12,32_32_2_2_1,38.33817672729492,11.53424072265625,43.03189173657236,0.0,ok
stencil,sycl,2048,random,8,13,16_32_8_1_2,34.61638259887695,7.812446594238281,29.14663948192633,0.0,ok
stencil,sycl,2048,random,8,14,64_32_0_2_2,35.34137725830078,8.53744125366211,31.851446191278132,0.0,ok
stencil,sycl,2048,random,8,15,64_64_0_2_4,44.8974723815918,18.093536376953125,67.50328150993148,0.0,ok
stencil,sycl,2048,random,9,1,16_64_0_2_2,30.781391143798828,3.9774551391601562,14.839071166532491,14.839071166532483,ok
stencil,sycl,2048,random,9,2,16_128_8_4_1,28.69500732421875,1.8910713195800781,7.055200099167558,7.055200099167565,ok
stencil,sycl,2048,random,9,3,16_128_8_1_4,42.61491012573242,15.81097412109375,58.98750884331881,7.055200099167565,ok
stencil,sycl,2048,random,9,4,32_128_1_4_4,49.156288146972656,22.352352142333984,83.39205159445875,7.055200099167565,ok
stencil,sycl,2048,random,9,5,16_32_0_4_4,40.7380485534668,13.934112548828125,51.98532240345857,7.055200099167565,ok
stencil,sycl,2048,random,9,6,32_64_2_4_1,28.26220703125,1.4582710266113281,5.440510775577745,5.440510775577739,ok
stencil,sycl,2048,random,9,7,16_64_0_1_4,40.4180793762207,13.614143371582031,50.79158288255119,5.440510775577739,ok
stencil,sycl,2048,random,9,8,32_32_2_2_2,30.602752685546875,3.798816680908203,14.172607635874002,5.440510775577739,ok
stencil,sycl,2048,random,9,9,32_32_8_2_2,37.0524787902832,10.248542785644531,38.2352158424454,5.440510775577739,ok
stencil,sycl,2048,random,9,10,64_64_8_4_4,50.22566223144531,23.42172622680664,87.38166746388774,5.440510775577739,ok
stencil,sycl,2048,random,9,11,16_64_1_1_4,40.07545471191406,13.27151870727539,49.513320375703884,5.440510775577739,ok
stencil,sycl,2048,random,9,12,32_32_8_1_4,44.225120544433594,17.421184539794922,64.99487439747665,5.440510775577739,ok
stencil,sycl,2048,random,9,13,32_32_0_1_4,42.84791946411133,16.043983459472656,59.856819001120186,5.440510775577739,ok
stencil,sycl,2048,random,9,14,32_64_0_4_2,28.261215209960938,1.4572792053222656,5.436810493317368,5.4368104933173615,ok
stencil,sycl,2048,random,9,15,32_32_2_2_1,38.33817672729492,11.53424072265625,43.03189173657236,5.4368104933173615,ok
stencil,cuda,2048,bayesian,0,1,16_64_0_2_2,24.963327407836914,11.130975723266602,80.47059514603698,80.47059514603697,ok
stencil,cuda,2048,bayesian,0,2,32_128_0_4_2,20.94419288635254,7.111841201782227,51.414548761909586,51.41454876190959,ok
stencil,cuda,2048,bayesian,0,3,16_32_1_1_2,34.99603271484375,21.163681030273438,153.00132264480425,51.41454876190959,ok
stencil,cuda,2048,bayesian,0,4,64_64_8_4_4,42.491294860839844,28.65894317626953,207.1877857778729,51.41454876190959,ok
stencil,cuda,2048,bayesian,0,5,16_32_2_1_2,29.2192325592041,15.386880874633789,111.2383579127584,51.41454876190959,ok
stencil,cuda,2048,bayesian,0,6,16_32_2_2_4,32.10319900512695,18.27084732055664,132.0877876531825,51.41454876190959,ok
stencil,cuda,2048,bayesian,0,7,32_32_8_4_2,27.120256423950195,13.287904739379883,96.0639596389257,51.41454876190959,ok
stencil,cuda,2048,bayesian,0,8,32_64_8_4_1,16.44812774658203,2.6157760620117188,18.910566486894353,18.910566486894346,ok
stencil,cuda,2048,bayesian,0,9,32_64_8_4_1,16.44812774658203,2.6157760620117188,18.910566486894353,18.910566486894346,ok
stencil,cuda,2048,bayesian,0,10,16_64_8_2_4,33.874046325683594,20.04169464111328,144.89000206284052,18.910566486894346,ok
stencil,cuda,2048,bayesian,0,11,32_64_1_4_1,14.404928207397461,0.5725765228271484,4.139401136437604,4.139401136437596,ok
stencil,cuda,2048,bayesian,0,12,32_64_1_4_1,14.404928207397461,0.5725765228271484,4.139401136437604,4.139401136437596,ok
stencil,cuda,2048,bayesian,0,13,16_64_0_1_4,35.035072326660156,21.202720642089844,153.28355673418147,4.139401136437596,ok
stencil,cuda,2048,bayesian,0,14,16_32_0_4_1,17.202016830444336,3.3696651458740234,24.360753852382256,4.139401136437596,ok
stencil,cuda,2048,bayesian,0,15,32_64_2_4_2,19.905855178833008,6.073503494262695,43.90796035816207,4.139401136437596,ok
stencil,cuda,2048,bayesian,1,1,16_64_0_2_2,24.963327407836914,11.130975723266602,80.47059514603698,80.47059514603697,ok
stencil,cuda,2048,bayesian,1,2,64_64_8_2_4,24.97884750366211,11.146495819091797,80.58279657193413,80.47059514603697,ok
stencil,cuda,2048,bayesian,1,3,16_32_0_2_4,37.72822570800781,23.8958740234375,172.75351703277488,80.47059514603697,ok
stencil,cuda,2048,bayesian,1,4,32_128_2_4_4,34.075679779052734,20.243328094482422,146.3476967337623,80.47059514603697,ok
stencil,cuda,2048,bayesian,1,5,16_128_2_1_4,36.948062896728516,23.115711212158203,167.1133856287306,80.47059514603697,ok
stencil,cuda,2048,bayesian,1,6,16_128_0_4_2,19.401792526245117,5.569440841674805,40.263875360307644,40.26387536030764,ok
stencil,cuda,2048,bayesian,1,7,16_128_0_4_2,19.401792526245117,5.569440841674805,40.263875360307644,40.26387536030764,ok
stencil,cuda,2048,bayesian,1,8,32_64_2_1_4,32.853153228759766,19.020801544189453,137.50952822726984,40.26387536030764,ok
stencil,cuda,2048,bayesian,1,9,16_128_8_4_1,14.97862434387207,1.1462726593017578,8.286896439890267,8.286896439890262,ok
stencil,cuda,2048,bayesian,1,10,16_128_8_4_1,14.97862434387207,1.1462726593017578,8.286896439890267,8.286896439890262,ok
stencil,cuda,2048,bayesian,1,11,16_128_2_2_4,41.90198516845703,28.06963348388672,202.92741338551843,8.286896439890262,ok
stencil,cuda,2048,bayesian,1,12,16_128_8_4_1,14.97862434387207,1.1462726593017578,8.286896439890267,8.286896439890262,ok
stencil,cuda,2048,bayesian,1,13,16_128_8_4_1,14.97862434387207,1.1462726593017578,8.286896439890267,8.286896439890262,ok
stencil,cuda,2048,bayesian,1,14,16_32_0_2_2,22.38479995727539,8.552448272705078,61.829314839103965,8.286896439890262,ok
stencil,cuda,2048,bayesian,1,15,16_64_0_1_2,33.37449645996094,19.542144775390625,141.2785419357828,8.286896439890262,ok
stencil,cuda,2048,bayesian,2,1,16_64_0_2_2,24.963327407836914,11.130975723266602,80.47059514603698,80.47059514603697,ok
stencil,cuda,2048,bayesian,2,2,64_64_8_4_4,42.491294860839844,28.65894317626953,207.1877857778729,80.47059514603697,ok
stencil,cuda,2048,bayesian,2,3,16_32_8_2_1,20.89580726623535,7.063455581665039,51.06474837206583,51.06474837206583,ok
stencil,cuda,2048,bayesian,2,4,64_32_0_4_2,22.20502471923828,8.372673034667969,60.52964257702833,51.06474837206583,ok
stencil,cuda,2048,bayesian,2,5,32_32_1_4_4,35.131553649902344,21.29920196533203,153.98106157965046,51.06474837206583,ok
stencil,cuda,2048,bayesian,2,6,32_32_2_4_2,27.214847564697266,13.382495880126953,96.74779954485133,51.06474837206583,ok
stencil,cuda,2048,bayesian,2,7,64_32_8_2_2,16.455007553100586,2.6226558685302734,18.960303557462233,18.960303557462243,ok
stencil,cuda,2048,bayesian,2,8,16_64_2_2_2,23.10665512084961,9.274303436279297,67.04791526248266,18.960303557462243,ok
stencil,cuda,2048,bayesian,2,9,16_64_0_2_2,24.963327407836914,11.130975723266602,80.47059514603698,18.960303557462243,ok
stencil,cuda,2048,bayesian,2,10,64_64_0_4_4,42.524383544921875,28.692031860351562,207.42699805960618,18.960303557462243,ok
stencil,cuda,2048,bayesian,2,11,32_64_1_2_2,21.09391975402832,7.261568069458008,52.49698847346491,18.960303557462243,ok
stencil,cuda,2048,bayesian,2,12,32_64_1_2_2,21.09391975402832,7.261568069458008,52.49698847346491,18.960303557462243,ok
stencil,cuda,2048,bayesian,2,13,32_64_8_1_4,32.74643325805664,18.914081573486328,136.7380038101878,18.960303557462243,ok
stencil,cuda,2048,bayesian,2,14,16_32_2_2_4,32.10319900512695,18.27084732055664,132.0877876531825,18.960303557462243,ok
stencil,cuda,2048,bayesian,2,15,32_64_0_2_4,32.172672271728516,18.340320587158203,132.5900396793441,18.960303557462243,ok
stencil,cuda,2048,bayesian,3,1,16_64_0_2_2,24.963327407836914,11.130975723266602,80.47059514603698,80.47059514603697,ok
stencil,cuda,2048,bayesian,3,2,16_32_2_4_2,27.213407516479492,13.38105583190918,96.73738881896313,80.47059514603697,ok
stencil,cuda,2048,bayesian,3,3,64_32_2_2_2,22.144256591796875,8.311904907226562,60.090323733586914,60.09032373358691,ok
stencil,cuda,2048,bayesian,3,4,32_32_1_4_4,35.131553649902344,21.29920196533203,153.98106157965046,60.09032373358691,ok
stencil,cuda,2048,bayesian,3,5,32_64_1_2_2,21.09391975402832,7.261568069458008,52.49698847346491,52.496988473464924,ok
stencil,cuda,2048,bayesian,3,6,64_32_8_2_4,33.62294387817383,19.790592193603516,143.07467482683722,52.496988473464924,ok
stencil,cuda,2048,bayesian,3,7,16_64_0_2_2,24.963327407836914,11.130975723266602,80.47059514603698,52.496988473464924,ok
stencil,cuda,2048,bayesian,3,8,16_64_1_2_4,33.430240631103516,19.597888946533203,141.68154044546327,52.496988473464924,ok
stencil,cuda,2048,bayesian,3,9,32_128_0_2_4,31.967327117919922,18.13497543334961,131.1055115348085,52.496988473464924,ok
stencil,cuda,2048,bayesian,3,10,32_32_2_2_1,21.15727996826172,7.324928283691406,52.95504662350512,52.496988473464924,ok
stencil,cuda,2048,bayesian,3,11,16_64_0_2_2,24.963327407836914,11.130975723266602,80.47059514603698,52.496988473464924,ok
stencil,cuda,2048,bayesian,3,12,16_32_1_2_2,27.071456909179688,13.239105224609375,95.71116702720413,52.496988473464924,ok
stencil,cuda,2048,bayesian,3,13,32_128_2_2_4,32.991233825683594,19.15888214111328,138.50777205501936,52.496988473464924,ok
stencil,cuda,2048,bayesian,3,14,16_64_0_2_2,24.963327407836914,11.130975723266602,80.47059514603698,52.496988473464924,ok
stencil,cuda,2048,bayesian,3,15,64_32_0_4_2,22.20502471923828,8.372673034667969,60.52964257702833,52.496988473464924,ok
stencil,cuda,2048,bayesian,4,1,16_64_0_2_2,24.963327407836914,11.130975723266602,80.47059514603698,80.47059514603697,ok
stencil,cuda,2048,bayesian,4,2,32_64_8_4_1,16.44812774658203,2.6157760620117188,18.910566486894353,18.910566486894346,ok
stencil,cuda,2048,bayesian,4,3,32_32_8_1_2,22.59337615966797,8.761024475097656,63.337201618943716,18.910566486894346,ok
stencil,cuda,2048,bayesian,4,4,16_128_0_1_4,30.689311981201172,16.85696029663086,121.86619225011776,18.910566486894346,ok
stencil,cuda,2048,bayesian,4,5,16_64_8_4_1,17.827999114990234,3.995647430419922,28.88624813434277,18.910566486894346,ok
stencil,cuda,2048,bayesian,4,6,32_64_1_1_4,31.42073631286621,17.5883846282959,127.15397229174962,18.910566486894346,ok
stencil,cuda,2048,bayesian,4,7,16_32_2_2_1,30.8055362701416,16.97318458557129,122.706427458062,18.910566486894346,ok
stencil,cuda,2048,bayesian,4,8,32_64_0_2_2,16.209951400756836,2.3775997161865234,17.18868758114851,17.188687581148507,ok
stencil,cuda,2048,bayesian,4,9,64_32_2_2_4,33.68310546875,19.850753784179688,143.5096087552688,17.188687581148507,ok
stencil,cuda,2048,bayesian,4,10,16_32_1_1_1,33.823360443115234,19.991008758544922,144.52357208965742,17.188687581148507,ok
stencil,cuda,2048,bayesian,4,11,16_32_2_2_4,32.10319900512695,18.27084732055664,132.0877876531825,17.188687581148507,ok
stencil,cuda,2048,bayesian,4,12,32_32_2_2_2,23.93987274169922,10.107521057128906,73.07160262852213,17.188687581148507,ok
stencil,cuda,2048,bayesian,4,13,32_128_8_4_2,17.79644775390625,3.9640960693359375,28.65814981958419,17.188687581148507,ok
stencil,cuda,2048,bayesian,4,14,16_64_8_4_1,17.827999114990234,3.995647430419922,28.88624813434277,17.188687581148507,ok
stencil,cuda,2048,bayesian,4,15,16_32_2_1_2,29.2192325592041,15.386880874633789,111.2383579127584,17.188687581148507,ok
stencil,cuda,2048,bayesian,5,1,16_64_0_2_2,24.963327407836914,11.130975723266602,80.47059514603698,80.47059514603697,ok
stencil,cuda,2048,bayesian,5,2,64_64_8_2_4,24.97884750366211,11.146495819091797,80.58279657193413,80.47059514603697,ok
stencil,cuda,2048,bayesian,5,3,16_32_1_2_2,27.071456909179688,13.239105224609375,95.71116702720413,80.47059514603697,ok
stencil,cuda,2048,bayesian,5,4,16_64_0_4_1,14.834527969360352,1.002176284790039,7.245161977105785,7.24516197710578,ok
stencil,cuda,2048,bayesian,5,5,32_32_8_2_2,16.11587142944336,2.283519744873047,16.50854313818715,7.24516197710578,ok
stencil,cuda,2048,bayesian,5,6,16_32_2_1_4,33.330238342285156,19.497886657714844,140.95858103047158,7.24516197710578,ok
stencil,cuda,2048,bayesian,5,7,64_64_2_2_4,32.23984146118164,18.407489776611328,133.07563454408466,7.24516197710578,ok
stencil,cuda,2048,bayesian,5,8,16_64_0_4_1,14.834527969360352,1.002176284790039,7.245161977105785,7.24516197710578,ok
stencil,cuda,2048,bayesian,5,9,32_32_8_2_4,39.796478271484375,25.964126586914062,187.70580143560466,7.24516197710578,ok
stencil,cuda,2048,bayesian,5,10,32_64_8_1_4,32.74643325805664,18.914081573486328,136.7380038101878,7.24516197710578,ok
stencil,cuda,2048,bayesian,5,11,16_128_8_4_2,16.76166343688965,2.929311752319336,21.17725039905485,7.24516197710578,ok
stencil,cuda,2048,bayesian,5,12,16_64_0_4_1,14.834527969360352,1.002176284790039,7.245161977105785,7.24516197710578,ok
stencil,cuda,2048,bayesian,5,13,16_64_0_4_1,14.834527969360352,1.002176284790039,7.245161977105785,7.24516197710578,ok
stencil,cuda,2048,bayesian,5,14,32_64_8_4_1,16.44812774658203,2.6157760620117188,18.910566486894353,7.24516197710578,ok
stencil,cuda,2048,bayesian,5,15,64_32_0_2_2,22.752288818359375,8.919937133789062,64.48604935152898,7.24516197710578,ok
stencil,cuda,2048,bayesian,6,1,16_64_0_2_2,24.963327407836914,11.130975723266602,80.47059514603698,80.47059514603697,ok
stencil,cuda,2048,bayesian,6,2,16_32_1_4_4,42.90787124633789,29.075519561767578,210.1993950471971,80.47059514603697,ok
stencil,cuda,2048,bayesian,6,3,32_64_2_2_2,23.47123146057129,9.638879776000977,69.68359390943579,69.68359390943579,ok
stencil,cuda,2048,bayesian,6,4,16_32_0_1_1,30.515647888183594,16.68329620361328,120.6107000751227,69.68359390943579,ok
stencil,cuda,2048,bayesian,6,5,32_32_2_1_4,25.85558319091797,12.023231506347656,86.92109469541111,69.68359390943579,ok
stencil,cuda,2048,bayesian,6,6,32_32_1_2_4,37.402400970458984,23.570049285888672,170.3979903300214,69.68359390943579,ok
stencil,cuda,2048,bayesian,6,7,16_128_1_4_4,32.63801574707031,18.8056640625,135.95420714669442,69.68359390943579,ok
stencil,cuda,2048,bayesian,6,8,32_64_2_4_4,29.654239654541016,15.821887969970703,114.38321068441076,69.68359390943579,ok
stencil,cuda,2048,bayesian,6,9,16_32_8_4_2,23.921920776367188,10.089569091796875,72.94182017546278,69.68359390943579,ok
stencil,cuda,2048,bayesian,6,10,32_64_0_1_4,31.77168083190918,17.939329147338867,129.69110066330805,69.68359390943579,ok
stencil,cuda,2048,bayesian,6,11,16_32_8_1_1,26.62873649597168,12.796384811401367,92.5105513741055,69.68359390943579,ok
stencil,cuda,2048,bayesian,6,12,32_32_2_1_2,24.140928268432617,10.308576583862305,74.52511922004771,69.68359390943579,ok
stencil,cuda,2048,bayesian,6,13,16_64_0_1_4,35.035072326660156,21.202720642089844,153.28355673418147,69.68359390943579,ok
stencil,cuda,2048,bayesian,6,14,32_64_8_2_2,18.965696334838867,5.133344650268555,37.11114904629478,37.11114904629477,ok
stencil,cuda,2048,bayesian,6,15,32_64_2_2_2,23.47123146057129,9.638879776000977,69.68359390943579,37.11114904629477,ok
stencil,cuda,2048,bayesian,7,1,16_64_0_2_2,24.963327407836914,11.130975723266602,80.47059514603698,80.47059514603697,ok
stencil,cuda,2048,bayesian,7,2,16_32_0_1_2,35.236961364746094,21.40460968017578,154.7430991365854,80.47059514603697,ok
stencil,cuda,2048,bayesian,7,3,16_64_2_4_1,13.832351684570312,0.0,0.0,0.0,ok
stencil,cuda,2048,bayesian,7,4,64_32_0_1_4,32.35500717163086,18.522655487060547,133.90821683432304,0.0,ok
stencil,cuda,2048,bayesian,7,5,32_64_0_1_4,31.77168083190918,17.939329147338867,129.69110066330805,0.0,ok
stencil,cuda,2048,bayesian,7,6,16_128_0_2_4,41.833377838134766,28.001026153564453,202.4314215839306,0.0,ok
stencil,cuda,2048,bayesian,7,7,16_64_2_4_1,13.832351684570312,0.0,0.0,0.0,ok
stencil,cuda,2048,bayesian,7,8,16_64_2_4_1,13.832351684570312,0.0,0.0,0.0,ok
stencil,cuda,2048,bayesian,7,9,16_32_8_2_2,27.000896453857422,13.16854476928711,95.20105524772289,0.0,ok
stencil,cuda,2048,bayesian,7,10,64_32_2_4_2,26.83203125,12.999679565429688,93.98025629966122,0.0,ok
stencil,cuda,2048,bayesian,7,11,32_32_0_4_2,22.42207908630371,8.589727401733398,62.09882164371987,0.0,ok
stencil,cuda,2048,bayesian,7,12,32_32_1_2_4,37.402400970458984,23.570049285888672,170.3979903300214,0.0,ok
stencil,cuda,2048,bayesian,7,13,64_32_1_4_2,21.596223831176758,7.763872146606445,56.128359975598904,0.0,ok
stencil,cuda,2048,bayesian,7,14,32_128_8_4_2,17.79644775390625,3.9640960693359375,28.65814981958419,0.0,ok
stencil,cuda,2048,bayesian,7,15,16_64_2_4_1,13.832351684570312,0.0,0.0,0.0,ok
stencil,cuda,2048,bayesian,8,1,16_64_0_2_2,24.963327407836914,11.130975723266602,80.47059514603698,80.47059514603697,ok
stencil,cuda,2048,bayesian,8,2,32_128_8_4_2,17.79644775390625,3.9640960693359375,28.65814981958419,28.65814981958419,ok
stencil,cuda,2048,bayesian,8,3,64_32_1_4_1,18.3721923828125,4.5398406982421875,32.82045455297584,28.65814981958419,ok
stencil,cuda,2048,bayesian,8,4,16_64_8_1_4,36.940608978271484,23.108257293701172,167.05949805684835,28.65814981958419,ok
stencil,cuda,2048,bayesian,8,5,32_32_0_2_4,42.743614196777344,28.91126251220703,209.01191042197775,28.65814981958419,ok
stencil,cuda,2048,bayesian,8,6,16_64_2_4_1,13.832351684570312,0.0,0.0,0.0,ok
stencil,cuda,2048,bayesian,8,7,64_32_0_2_2,22.752288818359375,8.919937133789062,64.48604935152898,0.0,ok
stencil,cuda,2048,bayesian,8,8,32_32_8_4_4,32.85919952392578,19.02684783935547,137.5532394869594,0.0,ok
stencil,cuda,2048,bayesian,8,9,16_64_0_4_2,19.88915252685547,6.056800842285156,43.787209726899775,0.0,ok
stencil,cuda,2048,bayesian,8,10,32_64_8_4_4,32.83270263671875,19.000350952148438,137.3616821306164,0.0,ok
stencil,cuda,2048,bayesian,8,11,16_64_8_2_4,33.874046325683594,20.04169464111328,144.89000206284052,0.0,ok
stencil,cuda,2048,bayesian,8,12,16_64_2_4_1,13.832351684570312,0.0,0.0,0.0,ok
stencil,cuda,2048,bayesian,8,13,16_32_0_1_2,35.236961364746094,21.40460968017578,154.7430991365854,0.0,ok
stencil,cuda,2048,bayesian,8,14,16_32_1_2_2,27.071456909179688,13.239105224609375,95.71116702720413,0.0,ok
stencil,cuda,2048,bayesian,8,15,32_32_8_1_4,23.678592681884766,9.846240997314453,71.1826970702149,0.0,ok
stencil,cuda,2048,bayesian,9,1,16_64_0_2_2,24.963327407836914,11.130975723266602,80.47059514603698,80.47059514603697,ok
stencil,cuda,2048,bayesian,9,2,64_32_1_2_4,35.42316818237305,21.590816497802734,156.08926804461473,80.47059514603697,ok
stencil,cuda,2048,bayesian,9,3,32_32_1_1_2,21.2860164642334,7.453664779663086,53.88573793982905,53.885737939829035,ok
stencil,cuda,2048,bayesian,9,4,32_32_1_4_1,15.196512222290039,1.3641605377197266,9.862101317460127,9.862101317460125,ok
stencil,cuda,2048,bayesian,9,5,16_32_2_2_2,21.334144592285156,7.501792907714844,54.23367680914974,9.862101317460125,ok
stencil,cuda,2048,bayesian,9,6,16_32_8_1_4,33.03692626953125,19.204574584960938,138.83810231909607,9.862101317460125,ok
stencil,cuda,2048,bayesian,9,7,16_64_2_2_4,32.81884765625,18.986495971679688,137.26151853743502,9.862101317460125,ok
stencil,cuda,2048,bayesian,9,8,16_64_1_4_2,17.640735626220703,3.8083839416503906,27.532440097648482,9.862101317460125,ok
stencil,cuda,2048,bayesian,9,9,64_128_1_4_4,32.007904052734375,18.175552368164062,131.39885959116046,9.862101317460125,ok
stencil,cuda,2048,bayesian,9,10,32_32_1_4_1,15.196512222290039,1.3641605377197266,9.862101317460127,9.862101317460125,ok
stencil,cuda,2048,bayesian,9,11,32_32_0_4_1,16.10915184020996,2.2768001556396484,16.45996434705581,9.862101317460125,ok
stencil,cuda,2048,bayesian,9,12,16_32_1_1_4,34.00543975830078,20.17308807373047,145.8399015131542,9.862101317460125,ok
stencil,cuda,2048,bayesian,9,13,32_32_8_4_4,32.85919952392578,19.02684783935547,137.5532394869594,9.862101317460125,ok
stencil,cuda,2048,bayesian,9,14,32_32_2_2_4,29.701568603515625,15.869216918945312,114.72537194558954,9.862101317460125,ok
stencil,cuda,2048,bayesian,9,15,16_64_2_2_2,23.10665512084961,9.274303436279297,67.04791526248266,9.862101317460125,ok
stencil,cuda,2048,random,0,1,16_64_0_2_2,24.963327407836914,11.130975723266602,80.47059514603698,80.47059514603697,ok
stencil,cuda,2048,random,0,2,32_32_0_4_4,30.873023986816406,17.040672302246094,123.1943250926348,80.47059514603697,ok
stencil,cuda,2048,random,0,3,64_64_8_4_4,42.491294860839844,28.65894317626953,207.1877857778729,80.47059514603697,ok
stencil,cuda,2048,random,0,4,32_32_2_1_2,24.140928268432617,10.308576583862305,74.52511922004771,74.52511922004771,ok
stencil,cuda,2048,random,0,5,16_32_1_1_2,34.99603271484375,21.163681030273438,153.00132264480425,74.52511922004771,ok
stencil,cuda,2048,random,0,6,16_64_8_4_4,37.351295471191406,23.518943786621094,170.02852676783777,74.52511922004771,ok
stencil,cuda,2048,random,0,7,32_64_1_2_2,21.09391975402832,7.261568069458008,52.49698847346491,52.496988473464924,ok
stencil,cuda,2048,random,0,8,32_64_0_2_2,16.209951400756836,2.3775997161865234,17.18868758114851,17.188687581148507,ok
stencil,cuda,2048,random,0,9,32_32_1_2_4,37.402400970458984,23.570049285888672,170.3979903300214,17.188687581148507,ok
stencil,cuda,2048,random,0,10,16_128_1_4_2,23.732799530029297,9.900447845458984,71.57458161292065,17.188687581148507,ok
stencil,cuda,2048,random,0,11,32_32_8_4_4,32.85919952392578,19.02684783935547,137.5532394869594,17.188687581148507,ok
stencil,cuda,2048,random,0,12,32_32_0_1_2,36.090721130371094,22.25836944580078,160.9152944732421,17.188687581148507,ok
stencil,cuda,2048,random,0,13,32_128_0_4_4,29.845279693603516,16.012928009033203,115.7643210221099,17.188687581148507,ok
stencil,cuda,2048,random,0,14,16_64_2_2_4,32.81884765625,18.986495971679688,137.26151853743502,17.188687581148507,ok
stencil,cuda,2048,random,0,15,32_64_1_1_4,31.42073631286621,17.5883846282959,127.15397229174962,17.188687581148507,ok
stencil,cuda,2048,random,1,1,16_64_0_2_2,24.963327407836914,11.130975723266602,80.47059514603698,80.47059514603697,ok
stencil,cuda,2048,random,1,2,32_32_2_2_1,21.15727996826172,7.324928283691406,52.95504662350512,52.95504662350513,ok
stencil,cuda,2048,random,1,3,64_32_2_1_4,32.85830307006836,19.025951385498047,137.54675863773102,52.95504662350513,ok
stencil,cuda,2048,random,1,4,64_64_8_4_4,42.491294860839844,28.65894317626953,207.1877857778729,52.95504662350513,ok
stencil,cuda,2048,random,1,5,16_32_2_4_2,27.213407516479492,13.38105583190918,96.73738881896313,52.95504662350513,ok
stencil,cuda,2048,random,1,6,32_32_1_1_4,23.59699249267578,9.764640808105469,70.59277432193771,52.95504662350513,ok
stencil,cuda,2048,random,1,7,16_128_8_4_4,33.72137451171875,19.889022827148438,143.78627207211778,52.95504662350513,ok
stencil,cuda,2048,random,1,8,16_32_1_4_2,27.28281593322754,13.450464248657227,97.2391720177338,52.95504662350513,ok
stencil,cuda,2048,random,1,9,32_32_8_2_4,39.796478271484375,25.964126586914062,187.70580143560466,52.95504662350513,ok
stencil,cuda,2048,random,1,10,16_64_0_4_4,42.54828643798828,28.71593475341797,207.5998023203095,52.95504662350513,ok
stencil,cuda,2048,random,1,11,32_64_2_2_2,23.47123146057129,9.638879776000977,69.68359390943579,52.95504662350513,ok
stencil,cuda,2048,random,1,12,32_32_2_2_4,29.701568603515625,15.869216918945312,114.72537194558954,52.95504662350513,ok
stencil,cuda,2048,random,1,13,16_32_8_4_1,14.935296058654785,1.1029443740844727,7.973657692023428,7.9736576920234254,ok
stencil,cuda,2048,random,1,14,16_64_2_4_1,13.832351684570312,0.0,0.0,0.0,ok
stencil,cuda,2048,random,1,15,16_64_8_2_1,24.43516731262207,10.602815628051758,76.65229940530625,0.0,ok
stencil,cuda,2048,random,2,1,16_64_0_2_2,24.963327407836914,11.130975723266602,80.47059514603698,80.47059514603697,ok
stencil,cuda,2048,random,2,2,32_32_2_4_4,34.61750411987305,20.785152435302734,150.26477716358326,80.47059514603697,ok
stencil,cuda,2048,random,2,3,16_32_1_2_1,30.621599197387695,16.789247512817383,121.37666750871743,80.47059514603697,ok
stencil,cuda,2048,random,2,4,64_128_1_4_4,32.007904052734375,18.175552368164062,131.39885959116046,80.47059514603697,ok
stencil,cuda,2048,random,2,5,32_32_8_4_2,27.120256423950195,13.287904739379883,96.0639596389257,80.47059514603697,ok
stencil,cuda,2048,random,2,6,64_128_0_4_4,33.334590911865234,19.502239227294922,140.99004762183168,80.47059514603697,ok
stencil,cuda,2048,random,2,7,16_64_8_4_2,19.92310333251953,6.090751647949219,44.03265465512505,44.03265465512505,ok
stencil,cuda,2048,random,2,8,64_32_8_4_1,21.68067169189453,7.848320007324219,56.738869761957034,44.03265465512505,ok
stencil,cuda,2048,random,2,9,16_64_1_2_2,18.381216049194336,4.548864364624023,32.885690505528295,32.8856905055283,ok
stencil,cuda,2048,random,2,10,32_128_0_2_4,31.967327117919922,18.13497543334961,131.1055115348085,32.8856905055283,ok
stencil,cuda,2048,random,2,11,64_32_0_4_2,22.20502471923828,8.372673034667969,60.52964257702833,32.8856905055283,ok
stencil,cuda,2048,random,2,12,16_32_8_4_4,32.48662567138672,18.654273986816406,134.85974339146426,32.8856905055283,ok
stencil,cuda,2048,random,2,13,64_64_8_4_2,17.38083267211914,3.548480987548828,25.65349022687937,25.653490226879367,ok
stencil,cuda,2048,random,2,14,32_32_1_2_2,27.246463775634766,13.414112091064453,96.97636668700092,25.653490226879367,ok
stencil,cuda,2048,random,2,15,16_64_1_4_1,14.324864387512207,0.49251270294189453,3.5605854606146403,3.560585460614638,ok
stencil,cuda,2048,random,3,1,16_64_0_2_2,24.963327407836914,11.130975723266602,80.47059514603698,80.47059514603697,ok
stencil,cuda,2048,random,3,2,64_32_0_4_2,22.20502471923828,8.372673034667969,60.52964257702833,60.52964257702834,ok
stencil,cuda,2048,random,3,3,16_32_8_2_4,35.41775894165039,21.585407257080078,156.05016232458962,60.52964257702834,ok
stencil,cuda,2048,random,3,4,16_128_2_1_4,36.948062896728516,23.115711212158203,167.1133856287306,60.52964257702834,ok
stencil,cuda,2048,random,3,5,16_32_2_2_1,30.8055362701416,16.97318458557129,122.706427458062,60.52964257702834,ok
stencil,cuda,2048,random,3,6,16_128_0_4_2,19.401792526245117,5.569440841674805,40.263875360307644,40.26387536030764,ok
stencil,cuda,2048,random,3,7,64_64_0_2_4,25.176128387451172,11.34377670288086,82.00902465149578,40.26387536030764,ok
stencil,cuda,2048,random,3,8,64_32_1_1_4,27.786239624023438,13.953887939453125,100.87863768688288,40.26387536030764,ok
stencil,cuda,2048,random,3,9,16_128_1_4_4,32.63801574707031,18.8056640625,135.95420714669442,40.26387536030764,ok
stencil,cuda,2048,random,3,10,16_64_0_1_2,33.37449645996094,19.542144775390625,141.2785419357828,40.26387536030764,ok
stencil,cuda,2048,random,3,11,32_128_2_4_2,23.820064544677734,9.987712860107422,72.2054578127051,40.26387536030764,ok
stencil,cuda,2048,random,3,12,64_32_2_2_2,22.144256591796875,8.311904907226562,60.090323733586914,40.26387536030764,ok
stencil,cuda,2048,random,3,13,64_64_0_4_4,42.524383544921875,28.692031860351562,207.42699805960618,40.26387536030764,ok
stencil,cuda,2048,random,3,14,32_32_2_4_2,27.214847564697266,13.382495880126953,96.74779954485133,40.26387536030764,ok
stencil,cuda,2048,random,3,15,16_128_1_4_2,23.732799530029297,9.900447845458984,71.57458161292065,40.26387536030764,ok
stencil,cuda,2048,random,4,1,16_64_0_2_2,24.963327407836914,11.130975723266602,80.47059514603698,80.47059514603697,ok
stencil,cuda,2048,random,4,2,32_32_1_4_1,15.196512222290039,1.3641605377197266,9.862101317460127,9.862101317460125,ok
stencil,cuda,2048,random,4,3,32_32_1_4_4,35.131553649902344,21.29920196533203,153.98106157965046,9.862101317460125,ok
stencil,cuda,2048,random,4,4,32_32_8_2_2,16.11587142944336,2.283519744873047,16.50854313818715,9.862101317460125,ok
stencil,cuda,2048,random,4,5,64_32_8_4_2,26.85228729248047,13.019935607910156,94.1266959141417,9.862101317460125,ok
stencil,cuda,2048,random,4,6,16_64_8_2_4,33.874046325683594,20.04169464111328,144.89000206284052,9.862101317460125,ok
stencil,cuda,2048,random,4,7,32_64_1_1_4,31.42073631286621,17.5883846282959,127.15397229174962,9.862101317460125,ok
stencil,cuda,2048,random,4,8,64_64_0_4_2,14.264960289001465,0.43260860443115234,3.1275130527061323,3.127513052706127,ok
stencil,cuda,2048,random,4,9,64_32_1_4_1,18.3721923828125,4.5398406982421875,32.82045455297584,3.127513052706127,ok
stencil,cuda,2048,random,4,10,32_32_8_1_4,23.678592681884766,9.846240997314453,71.1826970702149,3.127513052706127,ok
stencil,cuda,2048,random,4,11,16_128_2_2_2,24.779136657714844,10.946784973144531,79.13900125425116,3.127513052706127,ok
stencil,cuda,2048,random,4,12,32_32_1_1_2,21.2860164642334,7.453664779663086,53.88573793982905,3.127513052706127,ok
stencil,cuda,2048,random,4,13,64_32_1_4_4,43.96192169189453,30.12957000732422,217.8195775699739,3.127513052706127,ok
stencil,cuda,2048,random,4,14,16_32_8_1_4,33.03692626953125,19.204574584960938,138.83810231909607,3.127513052706127,ok
stencil,cuda,2048,random,4,15,32_32_0_2_1,31.109600067138672,17.27724838256836,124.90463499305582,3.127513052706127,ok
stencil,cuda,2048,random,5,1,16_64_0_2_2,24.963327407836914,11.130975723266602,80.47059514603698,80.47059514603697,ok
stencil,cuda,2048,random,5,2,16_64_8_1_2,27.00636863708496,13.174016952514648,95.24061600609805,80.47059514603697,ok
stencil,cuda,2048,random,5,3,32_32_0_2_1,31.109600067138672,17.27724838256836,124.90463499305582,80.47059514603697,ok
stencil,cuda,2048,random,5,4,32_32_1_2_1,20.253664016723633,6.42131233215332,46.42241954646189,46.422419546461896,ok
stencil,cuda,2048,random,5,5,32_32_8_1_4,23.678592681884766,9.846240997314453,71.1826970702149,46.422419546461896,ok
stencil,cuda,2048,random,5,6,16_32_8_1_2,23.3156795501709,9.483327865600586,68.55904246693665,46.422419546461896,ok
stencil,cuda,2048,random,5,7,32_64_0_4_4,41.840576171875,28.008224487304688,202.4834614243307,46.422419546461896,ok
stencil,cuda,2048,random,5,8,32_32_1_2_2,27.246463775634766,13.414112091064453,96.97636668700092,46.422419546461896,ok
stencil,cuda,2048,random,5,9,16_32_1_1_4,34.00543975830078,20.17308807373047,145.8399015131542,46.422419546461896,ok
stencil,cuda,2048,random,5,10,32_64_1_1_4,31.42073631286621,17.5883846282959,127.15397229174962,46.422419546461896,ok
stencil,cuda,2048,random,5,11,16_128_8_2_4,42.01094436645508,28.178592681884766,203.71512613663066,46.422419546461896,ok
stencil,cuda,2048,random,5,12,32_64_1_4_2,24.309375762939453,10.47702407836914,75.74289836814974,46.422419546461896,ok
stencil,cuda,2048,random,5,13,16_64_8_4_2,19.92310333251953,6.090751647949219,44.03265465512505,44.03265465512505,ok
stencil,cuda,2048,random,5,14,32_128_1_4_2,15.519231796264648,1.686880111694336,12.195179461609662,12.195179461609655,ok
stencil,cuda,2048,random,5,15,16_32_1_4_2,27.28281593322754,13.450464248657227,97.2391720177338,12.195179461609655,ok
stencil,cuda,2048,random,6,1,16_64_0_2_2,24.963327407836914,11.130975723266602,80.47059514603698,80.47059514603697,ok
stencil,cuda,2048,random,6,2,16_64_1_1_4,28.128768920898438,14.296417236328125,103.35492880993957,80.47059514603697,ok
stencil,cuda,2048,random,6,3,16_128_0_4_1,14.266528129577637,0.4341764450073242,3.1388476443354074,3.1388476443354065,ok
stencil,cuda,2048,random,6,4,16_64_1_1_2,31.420448303222656,17.588096618652344,127.15189014657197,3.1388476443354065,ok
stencil,cuda,2048,random,6,5,64_64_0_4_4,42.524383544921875,28.692031860351562,207.42699805960618,3.1388476443354065,ok
stencil,cuda,2048,random,6,6,16_64_1_2_1,23.45859146118164,9.626239776611328,69.59221393531504,3.1388476443354065,ok
stencil,cuda,2048,random,6,7,16_128_2_4_2,21.8852481842041,8.052896499633789,58.217840923005305,3.1388476443354065,ok
stencil,cuda,2048,random,6,8,64_64_2_2_4,32.23984146118164,18.407489776611328,133.07563454408466,3.1388476443354065,ok
stencil,cuda,2048,random,6,9,16_32_8_4_2,23.921920776367188,10.089569091796875,72.94182017546278,3.1388476443354065,ok
stencil,cuda,2048,random,6,10,16_32_1_2_2,27.071456909179688,13.239105224609375,95.71116702720413,3.1388476443354065,ok
stencil,cuda,2048,random,6,11,32_32_0_4_2,22.42207908630371,8.589727401733398,62.09882164371987,3.1388476443354065,ok
stencil,cuda,2048,random,6,12,32_32_0_2_1,31.109600067138672,17.27724838256836,124.90463499305582,3.1388476443354065,ok
stencil,cuda,2048,random,6,13,32_64_2_4_2,19.905855178833008,6.073503494262695,43.90796035816207,3.1388476443354065,ok
stencil,cuda,2048,random,6,14,64_32_2_1_4,32.85830307006836,19.025951385498047,137.54675863773102,3.1388476443354065,ok
stencil,cuda,2048,random,6,15,64_32_1_1_4,27.786239624023438,13.953887939453125,100.87863768688288,3.1388476443354065,ok
stencil,cuda,2048,random,7,1,16_64_0_2_2,24.963327407836914,11.130975723266602,80.47059514603698,80.47059514603697,ok
stencil,cuda,2048,random,7,2,16_128_2_4_1,15.037919998168945,1.2055683135986328,8.715570143747996,8.715570143747994,ok
stencil,cuda,2048,random,7,3,16_32_1_1_4,34.00543975830078,20.17308807373047,145.8399015131542,8.715570143747994,ok
stencil,cuda,2048,random,7,4,16_128_8_2_2,20.40928077697754,6.576929092407227,47.54743981635203,8.715570143747994,ok
stencil,cuda,2048,random,7,5,32_128_0_2_4,31.967327117919922,18.13497543334961,131.1055115348085,8.715570143747994,ok
stencil,cuda,2048,random,7,6,16_64_2_4_2,24.925151824951172,11.09280014038086,80.19460749219265,8.715570143747994,ok
stencil,cuda,2048,random,7,7,32_32_1_4_2,27.1144962310791,13.282144546508789,96.02231673537287,8.715570143747994,ok
stencil,cuda,2048,random,7,8,32_64_2_1_4,32.853153228759766,19.020801544189453,137.50952822726984,8.715570143747994,ok
stencil,cuda,2048,random,7,9,16_32_1_2_4,42.5544319152832,28.72208023071289,207.64423061012644,8.715570143747994,ok
stencil,cuda,2048,random,7,10,32_64_8_2_2,18.965696334838867,5.133344650268555,37.11114904629478,8.715570143747994,ok
stencil,cuda,2048,random,7,11,16_32_8_4_1,14.935296058654785,1.1029443740844727,7.973657692023428,7.9736576920234254,ok
stencil,cuda,2048,random,7,12,16_128_0_4_2,19.401792526245117,5.569440841674805,40.263875360307644,7.9736576920234254,ok
stencil,cuda,2048,random,7,13,32_32_8_2_4,39.796478271484375,25.964126586914062,187.70580143560466,7.9736576920234254,ok
stencil,cuda,2048,random,7,14,16_32_0_4_4,30.09654426574707,16.264192581176758,117.58082032659067,7.9736576920234254,ok
stencil,cuda,2048,random,7,15,16_32_2_1_2,29.2192325592041,15.386880874633789,111.2383579127584,7.9736576920234254,ok
stencil,cuda,2048,random,8,1,16_64_0_2_2,24.963327407836914,11.130975723266602,80.47059514603698,80.47059514603697,ok
stencil,cuda,2048,random,8,2,32_128_0_2_4,31.967327117919922,18.13497543334961,131.1055115348085,80.47059514603697,ok
stencil,cuda,2048,random,8,3,16_128_8_4_4,33.72137451171875,19.889022827148438,143.78627207211778,80.47059514603697,ok
stencil,cuda,2048,random,8,4,16_32_1_2_1,30.621599197387695,16.789247512817383,121.37666750871743,80.47059514603697,ok
stencil,cuda,2048,random,8,5,64_128_8_4_4,33.39158248901367,19.55923080444336,141.40206416426827,80.47059514603697,ok
stencil,cuda,2048,random,8,6,32_128_8_4_4,41.15327835083008,27.320926666259766,197.51469084418716,80.47059514603697,ok
stencil,cuda,2048,random,8,7,64_64_0_4_4,42.524383544921875,28.692031860351562,207.42699805960618,80.47059514603697,ok
stencil,cuda,2048,random,8,8,16_128_2_2_4,41.90198516845703,28.06963348388672,202.92741338551843,80.47059514603697,ok
stencil,cuda,2048,random,8,9,16_32_2_1_2,29.2192325592041,15.386880874633789,111.2383579127584,80.47059514603697,ok
stencil,cuda,2048,random,8,10,16_128_8_4_2,16.76166343688965,2.929311752319336,21.17725039905485,21.177250399054845,ok
stencil,cuda,2048,random,8,11,32_64_8_2_4,41.64940643310547,27.817054748535156,201.10141343184958,21.177250399054845,ok
stencil,cuda,2048,random,8,12,32_32_2_2_1,21.15727996826172,7.324928283691406,52.95504662350512,21.177250399054845,ok
stencil,cuda,2048,random,8,13,16_32_8_1_2,23.3156795501709,9.483327865600586,68.55904246693665,21.177250399054845,ok
stencil,cuda,2048,random,8,14,64_32_0_2_2,22.752288818359375,8.919937133789062,64.48604935152898,21.177250399054845,ok
stencil,cuda,2048,random,8,15,64_64_0_2_4,25.176128387451172,11.34377670288086,82.00902465149578,21.177250399054845,ok
stencil,cuda,2048,random,9,1,16_64_0_2_2,24.963327407836914,11.130975723266602,80.47059514603698,80.47059514603697,ok
stencil,cuda,2048,random,9,2,16_128_8_4_1,14.97862434387207,1.1462726593017578,8.286896439890267,8.286896439890262,ok
stencil,cuda,2048,random,9,3,16_128_8_1_4,30.798784255981445,16.966432571411133,122.65761425323518,8.286896439890262,ok
stencil,cuda,2048,random,9,4,32_128_1_4_4,36.18524932861328,22.35289764404297,161.59867934081765,8.286896439890262,ok
stencil,cuda,2048,random,9,5,16_32_0_4_4,30.09654426574707,16.264192581176758,117.58082032659067,8.286896439890262,ok
stencil,cuda,2048,random,9,6,32_64_2_4_1,19.93449592590332,6.102144241333008,44.11501659648964,8.286896439890262,ok
stencil,cuda,2048,random,9,7,16_64_0_1_4,35.035072326660156,21.202720642089844,153.28355673418147,8.286896439890262,ok
stencil,cuda,2048,random,9,8,32_32_2_2_2,23.93987274169922,10.107521057128906,73.07160262852213,8.286896439890262,ok
stencil,cuda,2048,random,9,9,32_32_8_2_2,16.11587142944336,2.283519744873047,16.50854313818715,8.286896439890262,ok
stencil,cuda,2048,random,9,10,64_64_8_4_4,42.491294860839844,28.65894317626953,207.1877857778729,8.286896439890262,ok
stencil,cuda,2048,random,9,11,16_64_1_1_4,28.128768920898438,14.296417236328125,103.35492880993957,8.286896439890262,ok
stencil,cuda,2048,random,9,12,32_32_8_1_4,23.678592681884766,9.846240997314453,71.1826970702149,8.286896439890262,ok
stencil,cuda,2048,random,9,13,32_32_0_1_4,30.033632278442383,16.20128059387207,117.12600260116469,8.286896439890262,ok
stencil,cuda,2048,random,9,14,32_64_0_4_2,17.29302406311035,3.460672378540039,25.018684150435135,8.286896439890262,ok
stencil,cuda,2048,random,9,15,32_32_2_2_1,21.15727996826172,7.324928283691406,52.95504662350512,8.286896439890262,ok
stencil,sycl,4096,bayesian,0,1,16_64_0_2_2,83.18016052246094,6.851585388183594,8.976435595883036,8.976435595883029,ok
stencil,sycl,4096,bayesian,0,2,32_128_0_4_2,83.36211395263672,7.033538818359375,9.214817394384678,8.976435595883029,ok
stencil,sycl,4096,bayesian,0,3,16_32_1_1_2,101.30028533935547,24.971710205078125,32.71607017574723,8.976435595883029,ok
stencil,sycl,4096,bayesian,0,4,64_64_8_4_4,106.50656127929688,30.17798614501953,39.53694418103624,8.976435595883029,ok
stencil,sycl,4096,bayesian,0,5,16_32_2_1_2,114.6270751953125,38.298500061035156,50.17583518840798,8.976435595883029,ok
stencil,sycl,4096,bayesian,0,6,16_32_2_2_4,97.53580474853516,21.207229614257812,27.78412878394496,8.976435595883029,ok
stencil,sycl,4096,bayesian,0,7,16_32_1_1_2,101.30028533935547,24.971710205078125,32.71607017574723,8.976435595883029,ok
stencil,sycl,4096,bayesian,0,8,32_64_8_4_1,97.7100830078125,21.381507873535156,28.01245514660895,8.976435595883029,ok
stencil,sycl,4096,bayesian,0,9,32_64_8_4_1,97.7100830078125,21.381507873535156,28.01245514660895,8.976435595883029,ok
stencil,sycl,4096,bayesian,0,10,16_64_8_2_4,91.83628845214844,15.507713317871094,20.317048091871094,8.976435595883029,ok
stencil,sycl,4096,bayesian,0,11,32_64_1_4_1,97.36883544921875,21.040260314941406,27.56537807489181,8.976435595883029,ok
stencil,sycl,4096,bayesian,0,12,32_64_1_4_1,97.36883544921875,21.040260314941406,27.56537807489181,8.976435595883029,ok
stencil,sycl,4096,bayesian,0,13,16_64_0_1_4,94.37529754638672,18.046722412109375,23.643468229770505,8.976435595883029,ok
stencil,sycl,4096,bayesian,0,14,32_32_8_4_2,96.6526107788086,20.32403564453125,26.627033989272263,8.976435595883029,ok
stencil,sycl,4096,bayesian,0,15,32_64_2_4_2,81.2608642578125,4.932289123535156,6.4619169359027895,6.461916935902794,ok
stencil,sycl,4096,bayesian,1,1,16_64_0_2_2,83.18016052246094,6.851585388183594,8.976435595883036,8.976435595883029,ok
stencil,sycl,4096,bayesian,1,2,64_64_8_2_4,96.43507385253906,20.10649871826172,26.342033351061957,8.976435595883029,ok
stencil,sycl,4096,bayesian,1,3,16_32_0_2_4,94.07762908935547,17.749053955078125,23.25348524304818,8.976435595883029,ok
stencil,sycl,4096,bayesian,1,4,32_128_2_4_4,107.42982482910156,31.10124969482422,40.74653514769646,8.976435595883029,ok
stencil,sycl,4096,bayesian,1,5,16_128_2_1_4,122.77145385742188,46.44287872314453,60.84599200422929,8.976435595883029,ok
stencil,sycl,4096,bayesian,1,6,16_128_0_4_2,95.76435089111328,19.435775756835938,25.46330220712818,8.976435595883029,ok
stencil,sycl,4096,bayesian,1,7,16_128_0_4_2,95.76435089111328,19.435775756835938,25.46330220712818,8.976435595883029,ok
stencil,sycl,4096,bayesian,1,8,32_64_2_1_4,101.76537322998047,25.436798095703125,33.32539360384321,8.976435595883029,ok
stencil,sycl,4096,bayesian,1,9,16_128_8_4_1,79.34246063232422,3.013885498046875,3.9485677451005063,3.948567745100499,ok
stencil,sycl,4096,bayesian,1,10,16_64_0_1_4,94.37529754638672,18.046722412109375,23.643468229770505,3.948567745100499,ok
stencil,sycl,4096,bayesian,1,11,16_32_1_4_4,145.03500366210938,68.70642852783203,90.01403263058899,3.948567745100499,ok
stencil,sycl,4096,bayesian,1,12,16_128_0_4_2,95.76435089111328,19.435775756835938,25.46330220712818,3.948567745100499,ok
stencil,sycl,4096,bayesian,1,13,16_128_0_4_2,95.76435089111328,19.435775756835938,25.46330220712818,3.948567745100499,ok
stencil,sycl,4096,bayesian,1,14,16_128_0_4_2,95.76435089111328,19.435775756835938,25.46330220712818,3.948567745100499,ok
stencil,sycl,4096,bayesian,1,15,16_64_0_1_2,125.87596893310547,49.547393798828125,64.91329585501143,3.948567745100499,ok
stencil,sycl,4096,bayesian,2,1,16_64_0_2_2,83.18016052246094,6.851585388183594,8.976435595883036,8.976435595883029,ok
stencil,sycl,4096,bayesian,2,2,64_64_8_4_4,106.50656127929688,30.17798614501953,39.53694418103624,8.976435595883029,ok
stencil,sycl,4096,bayesian,2,3,16_32_8_2_1,115.57234954833984,39.2437744140625,51.41426306599435,8.976435595883029,ok
stencil,sycl,4096,bayesian,2,4,64_32_0_4_2,81.50994873046875,5.181373596191406,6.788248813863396,6.788248813863388,ok
stencil,sycl,4096,bayesian,2,5,32_32_1_4_4,96.69696044921875,20.368385314941406,26.68513761603608,6.788248813863388,ok
stencil,sycl,4096,bayesian,2,6,32_32_2_4_2,76.4610595703125,0.13248443603515625,0.1735712160250369,0.17357121602504624,ok
stencil,sycl,4096,bayesian,2,7,64_32_8_2_2,111.47974395751953,35.15116882324219,46.05243679893696,0.17357121602504624,ok
stencil,sycl,4096,bayesian,2,8,16_64_2_2_2,105.53683471679688,29.20825958251953,38.26648084434474,0.17357121602504624,ok
stencil,sycl,4096,bayesian,2,9,64_32_2_4_4,96.72723388671875,20.398658752441406,26.724799613455463,0.17357121602504624,ok
stencil,sycl,4096,bayesian,2,10,64_64_0_4_4,97.42591857910156,21.09734344482422,27.64016412950161,0.17357121602504624,ok
stencil,sycl,4096,bayesian,2,11,32_64_1_2_2,90.07097625732422,13.742401123046875,18.00426786281706,0.17357121602504624,ok
stencil,sycl,4096,bayesian,2,12,16_32_8_4_1,96.08857727050781,19.76000213623047,25.888079400759988,0.17357121602504624,ok
stencil,sycl,4096,bayesian,2,13,32_64_8_4_1,97.7100830078125,21.381507873535156,28.01245514660895,0.17357121602504624,ok
stencil,sycl,4096,bayesian,2,14,64_32_0_4_2,81.50994873046875,5.181373596191406,6.788248813863396,0.17357121602504624,ok
stencil,sycl,4096,bayesian,2,15,32_64_0_2_4,94.79052734375,18.461952209472656,24.187471306773855,0.17357121602504624,ok
stencil,sycl,4096,bayesian,3,1,16_64_0_2_2,83.18016052246094,6.851585388183594,8.976435595883036,8.976435595883029,ok
stencil,sycl,4096,bayesian,3,2,16_32_2_4_2,77.99935913085938,1.6707839965820312,2.1889364417490897,2.18893644174909,ok
stencil,sycl,4096,bayesian,3,3,64_32_2_2_2,101.0531234741211,24.72454833984375,32.392257154477576,2.18893644174909,ok
stencil,sycl,4096,bayesian,3,4,32_32_1_4_4,96.69696044921875,20.368385314941406,26.68513761603608,2.18893644174909,ok
stencil,sycl,4096,bayesian,3,5,32_64_1_2_2,90.07097625732422,13.742401123046875,18.00426786281706,2.18893644174909,ok
stencil,sycl,4096,bayesian,3,6,64_32_8_2_4,96.95744323730469,20.628868103027344,27.026402715807297,2.18893644174909,ok
stencil,sycl,4096,bayesian,3,7,64_32_2_2_2,101.0531234741211,24.72454833984375,32.392257154477576,2.18893644174909,ok
stencil,sycl,4096,bayesian,3,8,16_64_1_2_4,90.99635314941406,14.667778015136719,19.216627572744738,2.18893644174909,ok
stencil,sycl,4096,bayesian,3,9,32_128_0_2_4,96.46636962890625,20.137794494628906,26.383034740531276,2.18893644174909,ok
stencil,sycl,4096,bayesian,3,10,32_32_2_2_4,93.14163208007812,16.81305694580078,22.02721184854195,2.18893644174909,ok
stencil,sycl,4096,bayesian,3,11,64_32_2_1_4,99.28543853759766,22.956863403320312,30.076368336412095,2.18893644174909,ok
stencil,sycl,4096,bayesian,3,12,16_32_1_2_2,83.15257263183594,6.823997497558594,8.940292001460538,2.18893644174909,ok
stencil,sycl,4096,bayesian,3,13,32_128_2_2_4,103.03174591064453,26.703170776367188,34.984500535207076,2.18893644174909,ok
stencil,sycl,4096,bayesian,3,14,16_64_1_4_1,96.69459533691406,20.36602020263672,26.682039022487693,2.18893644174909,ok
stencil,sycl,4096,bayesian,3,15,64_32_1_2_2,112.25081634521484,35.9222412109375,47.062638268489934,2.18893644174909,ok
stencil,sycl,4096,bayesian,4,1,16_64_0_2_2,83.18016052246094,6.851585388183594,8.976435595883036,8.976435595883029,ok
stencil,sycl,4096,bayesian,4,2,32_64_8_4_1,97.7100830078125,21.381507873535156,28.01245514660895,8.976435595883029,ok
stencil,sycl,4096,bayesian,4,3,32_32_8_1_2,82.02591705322266,5.6973419189453125,7.4642319851019545,7.4642319851019625,ok
stencil,sycl,4096,bayesian,4,4,16_128_0_1_4,99.1563491821289,22.827774047851562,29.907245101448442,7.4642319851019625,ok
stencil,sycl,4096,bayesian,4,5,16_64_8_4_1,83.3223648071289,6.9937896728515625,9.162741031845645,7.4642319851019625,ok
stencil,sycl,4096,bayesian,4,6,32_64_1_1_4,97.54854583740234,21.219970703125,27.800821207254025,7.4642319851019625,ok
stencil,sycl,4096,bayesian,4,7,16_32_2_2_1,95.51200103759766,19.183425903320312,25.132692270978207,7.4642319851019625,ok
stencil,sycl,4096,bayesian,4,8,32_64_8_4_1,97.7100830078125,21.381507873535156,28.01245514660895,7.4642319851019625,ok
stencil,sycl,4096,bayesian,4,9,64_32_2_2_4,96.3802261352539,20.051651000976562,26.27017596712853,7.4642319851019625,ok
stencil,sycl,4096,bayesian,4,10,16_32_1_1_1,92.49139404296875,16.162818908691406,21.17531852292245,7.4642319851019625,ok
stencil,sycl,4096,bayesian,4,11,16_32_2_2_4,97.53580474853516,21.207229614257812,27.78412878394496,7.4642319851019625,ok
stencil,sycl,4096,bayesian,4,12,32_32_2_2_2,84.43251037597656,8.103935241699219,10.617170866143866,7.4642319851019625,ok
stencil,sycl,4096,bayesian,4,13,32_128_8_4_2,81.51718139648438,5.188606262207031,6.797724512843617,6.79772451284362,ok
stencil,sycl,4096,bayesian,4,14,32_128_0_2_4,96.46636962890625,20.137794494628906,26.383034740531276,6.79772451284362,ok
stencil,sycl,4096,bayesian,4,15,16_32_2_1_2,114.6270751953125,38.298500061035156,50.17583518840798,6.79772451284362,ok
stencil,sycl,4096,bayesian,5,1,16_64_0_2_2,83.18016052246094,6.851585388183594,8.976435595883036,8.976435595883029,ok
stencil,sycl,4096,bayesian,5,2,64_64_8_2_4,96.43507385253906,20.10649871826172,26.342033351061957,8.976435595883029,ok
stencil,sycl,4096,bayesian,5,3,16_32_1_2_2,83.15257263183594,6.823997497558594,8.940292001460538,8.940292001460538,ok
stencil,sycl,4096,bayesian,5,4,16_64_0_4_1,83.35052490234375,7.021949768066406,9.199634285997593,8.940292001460538,ok
stencil,sycl,4096,bayesian,5,5,32_32_8_2_2,81.88076782226562,5.552192687988281,7.274068300398451,7.274068300398449,ok
stencil,sycl,4096,bayesian,5,6,16_32_2_1_4,133.79833984375,57.469764709472656,75.29259469126963,7.274068300398449,ok
stencil,sycl,4096,bayesian,5,7,16_64_0_2_2,83.18016052246094,6.851585388183594,8.976435595883036,7.274068300398449,ok
stencil,sycl,4096,bayesian,5,8,32_32_8_1_2,82.02591705322266,5.6973419189453125,7.4642319851019545,7.274068300398449,ok
stencil,sycl,4096,bayesian,5,9,32_32_8_2_4,101.62438201904297,25.295806884765625,33.14067744650704,7.274068300398449,ok
stencil,sycl,4096,bayesian,5,10,32_64_8_1_4,97.58150482177734,21.2529296875,27.844001607670286,7.274068300398449,ok
stencil,sycl,4096,bayesian,5,11,16_128_8_4_2,95.70854187011719,19.379966735839844,25.390185394849276,7.274068300398449,ok
stencil,sycl,4096,bayesian,5,12,64_32_1_4_4,105.78707122802734,29.45849609375,38.5943220372273,7.274068300398449,ok
stencil,sycl,4096,bayesian,5,13,16_64_1_4_2,80.17017364501953,3.8415985107421875,5.032975532405848,5.032975532405841,ok
stencil,sycl,4096,bayesian,5,14,16_64_1_4_2,80.17017364501953,3.8415985107421875,5.032975532405848,5.032975532405841,ok
stencil,sycl,4096,bayesian,5,15,64_32_0_2_2,96.24441528320312,19.91584014892578,26.092246729209624,5.032975532405841,ok
stencil,sycl,4096,bayesian,6,1,16_64_0_2_2,83.18016052246094,6.851585388183594,8.976435595883036,8.976435595883029,ok
stencil,sycl,4096,bayesian,6,2,16_32_1_4_4,145.03500366210938,68.70642852783203,90.01403263058899,8.976435595883029,ok
stencil,sycl,4096,bayesian,6,3,32_64_2_2_2,104.08972930908203,27.761154174804688,36.37059138856873,8.976435595883029,ok
stencil,sycl,4096,bayesian,6,4,16_32_0_1_1,92.13056182861328,15.801986694335938,20.702583097532035,8.976435595883029,ok
stencil,sycl,4096,bayesian,6,5,32_32_2_1_4,124.53568267822266,48.20710754394531,63.15735287752888,8.976435595883029,ok
stencil,sycl,4096,bayesian,6,6,32_32_1_2_4,91.95616149902344,15.627586364746094,20.474096807459084,8.976435595883029,ok
stencil,sycl,4096,bayesian,6,7,16_128_1_4_4,126.7720947265625,50.443519592285156,66.08733295956965,8.976435595883029,ok
stencil,sycl,4096,bayesian,6,8,32_64_2_4_4,107.27916717529297,30.950592041015625,40.549154738664114,8.976435595883029,ok
stencil,sycl,4096,bayesian,6,9,16_32_8_4_2,79.02899169921875,2.7004165649414062,3.5378841543823203,3.5378841543823256,ok
stencil,sycl,4096,bayesian,6,10,32_64_0_1_4,122.15872192382812,45.83014678955078,60.04323637500939,3.5378841543823256,ok
stencil,sycl,4096,bayesian,6,11,16_32_8_1_1,91.93190002441406,15.603324890136719,20.442311234930454,3.5378841543823256,ok
stencil,sycl,4096,bayesian,6,12,32_32_1_4_1,91.72608184814453,15.397506713867188,20.17266362797927,3.5378841543823256,ok
stencil,sycl,4096,bayesian,6,13,16_64_0_1_4,94.37529754638672,18.046722412109375,23.643468229770505,3.5378841543823256,ok
stencil,sycl,4096,bayesian,6,14,16_32_8_4_2,79.02899169921875,2.7004165649414062,3.5378841543823203,3.5378841543823256,ok
stencil,sycl,4096,bayesian,6,15,32_64_2_2_2,104.08972930908203,27.761154174804688,36.37059138856873,3.5378841543823256,ok
stencil,sycl,4096,bayesian,7,1,16_64_0_2_2,83.18016052246094,6.851585388183594,8.976435595883036,8.976435595883029,ok
stencil,sycl,4096,bayesian,7,2,16_32_0_1_2,115.49056243896484,39.1619873046875,51.307111701998465,8.976435595883029,ok
stencil,sycl,4096,bayesian,7,3,16_64_2_4_1,89.19602966308594,12.867454528808594,16.857978163711486,8.976435595883029,ok
stencil,sycl,4096,bayesian,7,4,64_32_0_1_4,98.72262573242188,22.39405059814453,29.339013021989313,8.976435595883029,ok
stencil,sycl,4096,bayesian,7,5,32_64_0_1_4,122.15872192382812,45.83014678955078,60.04323637500939,8.976435595883029,ok
stencil,sycl,4096,bayesian,7,6,16_128_0_2_4,93.23571014404297,16.907135009765625,22.150465903526385,8.976435595883029,ok
stencil,sycl,4096,bayesian,7,7,16_64_2_4_1,89.19602966308594,12.867454528808594,16.857978163711486,8.976435595883029,ok
stencil,sycl,4096,bayesian,7,8,16_64_2_4_1,89.19602966308594,12.867454528808594,16.857978163711486,8.976435595883029,ok
stencil,sycl,4096,bayesian,7,9,16_32_8_2_2,82.87039947509766,6.5418243408203125,8.570609800211692,8.570609800211685,ok
stencil,sycl,4096,bayesian,7,10,64_32_2_4_2,105.5792007446289,29.250625610351562,38.321985650713145,8.570609800211685,ok
stencil,sycl,4096,bayesian,7,11,32_32_0_4_2,85.7109146118164,9.382339477539062,12.292040642752244,8.570609800211685,ok
stencil,sycl,4096,bayesian,7,12,32_32_0_4_2,85.7109146118164,9.382339477539062,12.292040642752244,8.570609800211685,ok
stencil,sycl,4096,bayesian,7,13,32_32_0_4_2,85.7109146118164,9.382339477539062,12.292040642752244,8.570609800211685,ok
stencil,sycl,4096,bayesian,7,14,32_32_0_4_2,85.7109146118164,9.382339477539062,12.292040642752244,8.570609800211685,ok
stencil,sycl,4096,bayesian,7,15,32_32_1_4_4,96.69696044921875,20.368385314941406,26.68513761603608,8.570609800211685,ok
stencil,sycl,4096,bayesian,8,1,16_64_0_2_2,83.18016052246094,6.851585388183594,8.976435595883036,8.976435595883029,ok
stencil,sycl,4096,bayesian,8,2,32_128_8_4_2,81.51718139648438,5.188606262207031,6.797724512843617,6.79772451284362,ok
stencil,sycl,4096,bayesian,8,3,64_32_1_4_1,80.92179107666016,4.5932159423828125,6.017688571157542,6.017688571157551,ok
stencil,sycl,4096,bayesian,8,4,16_64_8_1_4,125.098876953125,48.770301818847656,63.89520796510464,6.017688571157551,ok
stencil,sycl,4096,bayesian,8,5,32_32_0_2_4,92.75353240966797,16.424957275390625,21.51875263817753,6.017688571157551,ok
stencil,sycl,4096,bayesian,8,6,16_64_2_4_1,89.19602966308594,12.867454528808594,16.857978163711486,6.017688571157551,ok
stencil,sycl,4096,bayesian,8,7,16_64_0_2_2,83.18016052246094,6.851585388183594,8.976435595883036,6.017688571157551,ok
stencil,sycl,4096,bayesian,8,8,32_32_8_4_4,112.56543731689453,36.23686218261719,47.474831174130074,6.017688571157551,ok
stencil,sycl,4096,bayesian,8,9,16_64_0_2_4,117.72825622558594,41.399681091308594,54.23877102183319,6.017688571157551,ok
stencil,sycl,4096,bayesian,8,10,32_64_8_4_4,95.56883239746094,19.240257263183594,25.20714847530705,6.017688571157551,ok
stencil,sycl,4096,bayesian,8,11,16_64_8_2_4,91.83628845214844,15.507713317871094,20.317048091871094,6.017688571157551,ok
stencil,sycl,4096,bayesian,8,12,16_128_2_2_4,116.06732940673828,39.73875427246094,52.062748718356744,6.017688571157551,ok
stencil,sycl,4096,bayesian,8,13,16_32_0_1_2,115.49056243896484,39.1619873046875,51.307111701998465,6.017688571157551,ok
stencil,sycl,4096,bayesian,8,14,64_32_1_4_1,80.92179107666016,4.5932159423828125,6.017688571157542,6.017688571157551,ok
stencil,sycl,4096,bayesian,8,15,32_32_8_1_4,95.64569854736328,19.317123413085938,25.30785276562968,6.017688571157551,ok
stencil,sycl,4096,bayesian,9,1,16_64_0_2_2,83.18016052246094,6.851585388183594,8.976435595883036,8.976435595883029,ok
stencil,sycl,4096,bayesian,9,2,64_32_1_2_4,98.95110321044922,22.622528076171875,29.638347154226707,8.976435595883029,ok
stencil,sycl,4096,bayesian,9,3,32_32_1_1_2,126.84294128417969,50.514366149902344,66.18015082953848,8.976435595883029,ok
stencil,sycl,4096,bayesian,9,4,32_32_1_4_1,91.72608184814453,15.397506713867188,20.17266362797927,8.976435595883029,ok
stencil,sycl,4096,bayesian,9,5,16_32_2_2_2,83.71520233154297,7.386627197265625,9.677407424769902,8.976435595883029,ok
stencil,sycl,4096,bayesian,9,6,16_32_8_1_1,91.93190002441406,15.603324890136719,20.442311234930454,8.976435595883029,ok
stencil,sycl,4096,bayesian,9,7,16_32_2_2_2,83.71520233154297,7.386627197265625,9.677407424769902,8.976435595883029,ok
stencil,sycl,4096,bayesian,9,8,16_64_1_4_2,80.17017364501953,3.8415985107421875,5.032975532405848,5.032975532405841,ok
stencil,sycl,4096,bayesian,9,9,64_128_1_4_4,100.49823760986328,24.169662475585938,31.665287126173425,5.032975532405841,ok
stencil,sycl,4096,bayesian,9,10,16_64_0_1_2,125.87596893310547,49.547393798828125,64.91329585501143,5.032975532405841,ok
stencil,sycl,4096,bayesian,9,11,32_32_0_4_1,80.87321472167969,4.544639587402344,5.95404745785888,5.032975532405841,ok
stencil,sycl,4096,bayesian,9,12,16_32_1_1_4,97.17107391357422,20.842498779296875,27.306285676931232,5.032975532405841,ok
stencil,sycl,4096,bayesian,9,13,32_32_8_4_4,112.56543731689453,36.23686218261719,47.474831174130074,5.032975532405841,ok
stencil,sycl,4096,bayesian,9,14,32_32_2_2_4,93.14163208007812,16.81305694580078,22.02721184854195,5.032975532405841,ok
stencil,sycl,4096,bayesian,9,15,16_64_2_2_2,105.53683471679688,29.20825958251953,38.26648084434474,5.032975532405841,ok
stencil,sycl,4096,random,0,1,16_64_0_2_2,83.18016052246094,6.851585388183594,8.976435595883036,8.976435595883029,ok
stencil,sycl,4096,random,0,2,32_32_0_4_4,97.92959594726562,21.60102081298828,28.30004460975164,8.976435595883029,ok
stencil,sycl,4096,random,0,3,64_64_8_4_4,106.50656127929688,30.17798614501953,39.53694418103624,8.976435595883029,ok
stencil,sycl,4096,random,0,4,32_32_2_1_2,82.71974182128906,6.391166687011719,8.373229391179349,8.373229391179343,ok
stencil,sycl,4096,random,0,5,16_32_1_1_2,101.30028533935547,24.971710205078125,32.71607017574723,8.373229391179343,ok
stencil,sycl,4096,random,0,6,16_64_8_4_4,114.81561279296875,38.487037658691406,50.42284307152984,8.373229391179343,ok
stencil,sycl,4096,random,0,7,32_64_1_2_2,90.07097625732422,13.742401123046875,18.00426786281706,8.373229391179343,ok
stencil,sycl,4096,random,0,8,32_64_0_2_2,82.833984375,6.505409240722656,8.522901455029563,8.373229391179343,ok
stencil,sycl,4096,random,0,9,32_32_1_2_4,91.95616149902344,15.627586364746094,20.474096807459084,8.373229391179343,ok
stencil,sycl,4096,random,0,10,16_128_1_4_2,80.91033935546875,4.581764221191406,6.00268538110551,6.002685381105516,ok
stencil,sycl,4096,random,0,11,32_32_8_4_4,112.56543731689453,36.23686218261719,47.474831174130074,6.002685381105516,ok
stencil,sycl,4096,random,0,12,32_32_0_1_2,117.45670318603516,41.12812805175781,53.883002505162914,6.002685381105516,ok
stencil,sycl,4096,random,0,13,32_128_0_4_4,124.04338836669922,47.714813232421875,62.51238562816337,6.002685381105516,ok
stencil,sycl,4096,random,0,14,16_64_2_2_4,113.7043228149414,37.37574768066406,48.96691391777273,6.002685381105516,ok
stencil,sycl,4096,random,0,15,32_64_1_1_4,97.54854583740234,21.219970703125,27.800821207254025,6.002685381105516,ok
stencil,sycl,4096,random,1,1,16_64_0_2_2,83.18016052246094,6.851585388183594,8.976435595883036,8.976435595883029,ok
stencil,sycl,4096,random,1,2,32_32_2_2_1,85.82259368896484,9.4940185546875,12.438354231014536,8.976435595883029,ok
stencil,sycl,4096,random,1,3,64_32_2_1_4,99.28543853759766,22.956863403320312,30.076368336412095,8.976435595883029,ok
stencil,sycl,4096,random,1,4,64_64_8_4_4,106.50656127929688,30.17798614501953,39.53694418103624,8.976435595883029,ok
stencil,sycl,4096,random,1,5,16_32_2_4_2,77.99935913085938,1.6707839965820312,2.1889364417490897,2.18893644174909,ok
stencil,sycl,4096,random,1,6,32_32_1_1_4,113.1154556274414,36.78688049316406,48.19542409700237,2.18893644174909,ok
stencil,sycl,4096,random,1,7,16_128_8_4_4,96.78323364257812,20.45465850830078,26.798166312310844,2.18893644174909,ok
stencil,sycl,4096,random,1,8,16_32_1_4_2,85.09369659423828,8.765121459960938,11.483407681253489,2.18893644174909,ok
stencil,sycl,4096,random,1,9,32_32_8_2_4,101.62438201904297,25.295806884765625,33.14067744650704,2.18893644174909,ok
stencil,sycl,4096,random,1,10,16_64_0_4_4,96.09343719482422,19.764862060546875,25.894446510728784,2.18893644174909,ok
stencil,sycl,4096,random,1,11,32_64_2_2_2,104.08972930908203,27.761154174804688,36.37059138856873,2.18893644174909,ok
stencil,sycl,4096,random,1,12,32_32_2_2_4,93.14163208007812,16.81305694580078,22.02721184854195,2.18893644174909,ok
stencil,sycl,4096,random,1,13,16_32_8_4_1,96.08857727050781,19.76000213623047,25.888079400759988,2.18893644174909,ok
stencil,sycl,4096,random,1,14,16_64_2_4_1,89.19602966308594,12.867454528808594,16.857978163711486,2.18893644174909,ok
stencil,sycl,4096,random,1,15,16_64_8_2_1,84.85478210449219,8.526206970214844,11.170399755550964,2.18893644174909,ok
stencil,sycl,4096,random,2,1,16_64_0_2_2,83.18016052246094,6.851585388183594,8.976435595883036,8.976435595883029,ok
stencil,sycl,4096,random,2,2,32_32_2_4_4,97.68934631347656,21.36077117919922,27.98528747801372,8.976435595883029,ok
stencil,sycl,4096,random,2,3,16_32_1_2_1,95.51737213134766,19.188796997070312,25.139729076971975,8.976435595883029,ok
stencil,sycl,4096,random,2,4,64_128_1_4_4,100.49823760986328,24.169662475585938,31.665287126173425,8.976435595883029,ok
stencil,sycl,4096,random,2,5,32_32_8_4_2,96.6526107788086,20.32403564453125,26.627033989272263,8.976435595883029,ok
stencil,sycl,4096,random,2,6,64_128_0_4_4,100.5304946899414,24.201919555664062,31.707547943988224,8.976435595883029,ok
stencil,sycl,4096,random,2,7,16_64_8_4_2,80.02239990234375,3.6938247680664062,4.839373408409919,4.839373408409923,ok
stencil,sycl,4096,random,2,8,64_32_8_4_1,99.59123229980469,23.262657165527344,30.476996491292606,4.839373408409923,ok
stencil,sycl,4096,random,2,9,16_64_1_2_2,85.80582427978516,9.477249145507812,12.416384203210162,4.839373408409923,ok
stencil,sycl,4096,random,2,10,32_128_0_2_4,96.46636962890625,20.137794494628906,26.383034740531276,4.839373408409923,ok
stencil,sycl,4096,random,2,11,64_32_0_4_2,81.50994873046875,5.181373596191406,6.788248813863396,4.839373408409923,ok
stencil,sycl,4096,random,2,12,16_32_8_4_4,95.24813079833984,18.9195556640625,24.786989185608643,4.839373408409923,ok
stencil,sycl,4096,random,2,13,64_64_8_4_2,87.96185302734375,11.633277893066406,15.241052086457962,4.839373408409923,ok
stencil,sycl,4096,random,2,14,32_32_1_2_2,110.24781036376953,33.91923522949219,44.438449387822864,4.839373408409923,ok
stencil,sycl,4096,random,2,15,16_64_1_4_1,96.69459533691406,20.36602020263672,26.682039022487693,4.839373408409923,ok
stencil,sycl,4096,random,3,1,16_64_0_2_2,83.18016052246094,6.851585388183594,8.976435595883036,8.976435595883029,ok
stencil,sycl,4096,random,3,2,64_32_0_4_2,81.50994873046875,5.181373596191406,6.788248813863396,6.788248813863388,ok
stencil,sycl,4096,random,3,3,16_32_8_2_4,93.56633758544922,17.237762451171875,22.583629290664973,6.788248813863388,ok
stencil,sycl,4096,random,3,4,16_128_2_1_4,122.77145385742188,46.44287872314453,60.84599200422929,6.788248813863388,ok
stencil,sycl,4096,random,3,5,16_32_2_2_1,95.51200103759766,19.183425903320312,25.132692270978207,6.788248813863388,ok
stencil,sycl,4096,random,3,6,16_128_0_4_2,95.76435089111328,19.435775756835938,25.46330220712818,6.788248813863388,ok
stencil,sycl,4096,random,3,7,64_64_0_2_4,96.02374267578125,19.695167541503906,25.80313795568192,6.788248813863388,ok
stencil,sycl,4096,random,3,8,64_32_1_1_4,106.35794830322266,30.029373168945312,39.34224255610379,6.788248813863388,ok
stencil,sycl,4096,random,3,9,16_128_1_4_4,126.7720947265625,50.443519592285156,66.08733295956965,6.788248813863388,ok
stencil,sycl,4096,random,3,10,16_64_0_1_2,125.87596893310547,49.547393798828125,64.91329585501143,6.788248813863388,ok
stencil,sycl,4096,random,3,11,32_128_2_4_2,85.0917739868164,8.763198852539062,11.48088882456253,6.788248813863388,ok
stencil,sycl,4096,random,3,12,64_32_2_2_2,101.0531234741211,24.72454833984375,32.392257154477576,6.788248813863388,ok
stencil,sycl,4096,random,3,13,64_64_0_4_4,97.42591857910156,21.09734344482422,27.64016412950161,6.788248813863388,ok
stencil,sycl,4096,random,3,14,32_32_2_4_2,76.4610595703125,0.13248443603515625,0.1735712160250369,0.17357121602504624,ok
stencil,sycl,4096,random,3,15,16_128_1_4_2,80.91033935546875,4.581764221191406,6.00268538110551,0.17357121602504624,ok
stencil,sycl,4096,random,4,1,16_64_0_2_2,83.18016052246094,6.851585388183594,8.976435595883036,8.976435595883029,ok
stencil,sycl,4096,random,4,2,32_32_1_4_1,91.72608184814453,15.397506713867188,20.17266362797927,8.976435595883029,ok
stencil,sycl,4096,random,4,3,32_32_1_4_4,96.69696044921875,20.368385314941406,26.68513761603608,8.976435595883029,ok
stencil,sycl,4096,random,4,4,32_32_8_2_2,81.88076782226562,5.552192687988281,7.274068300398451,7.274068300398449,ok
stencil,sycl,4096,random,4,5,64_32_8_4_2,81.20230102539062,4.873725891113281,6.385191761459463,6.385191761459473,ok
stencil,sycl,4096,random,4,6,16_64_8_2_4,91.83628845214844,15.507713317871094,20.317048091871094,6.385191761459473,ok
stencil,sycl,4096,random,4,7,32_64_1_1_4,97.54854583740234,21.219970703125,27.800821207254025,6.385191761459473,ok
stencil,sycl,4096,random,4,8,64_64_0_4_2,102.2126693725586,25.88409423828125,33.911407612084865,6.385191761459473,ok
stencil,sycl,4096,random,4,9,64_32_1_4_1,80.92179107666016,4.5932159423828125,6.017688571157542,6.017688571157551,ok
stencil,sycl,4096,random,4,10,32_32_8_1_4,95.64569854736328,19.317123413085938,25.30785276562968,6.017688571157551,ok
stencil,sycl,4096,random,4,11,16_128_2_2_2,83.5499496459961,7.22137451171875,9.460905694905076,6.017688571157551,ok
stencil,sycl,4096,random,4,12,32_32_1_1_2,126.84294128417969,50.514366149902344,66.18015082953848,6.017688571157551,ok
stencil,sycl,4096,random,4,13,64_32_1_4_4,105.78707122802734,29.45849609375,38.5943220372273,6.017688571157551,ok
stencil,sycl,4096,random,4,14,16_32_8_1_4,96.17881774902344,19.850242614746094,26.006305737825606,6.017688571157551,ok
stencil,sycl,4096,random,4,15,32_32_0_2_1,83.55174255371094,7.223167419433594,9.463254628724016,6.017688571157551,ok
stencil,sycl,4096,random,5,1,16_64_0_2_2,83.18016052246094,6.851585388183594,8.976435595883036,8.976435595883029,ok
stencil,sycl,4096,random,5,2,16_64_8_1_2,85.46495819091797,9.136383056640625,11.969806904645974,8.976435595883029,ok
stencil,sycl,4096,random,5,3,32_32_0_2_1,83.55174255371094,7.223167419433594,9.463254628724016,8.976435595883029,ok
stencil,sycl,4096,random,5,4,32_32_1_2_1,83.048828125,6.720252990722656,8.804373694779933,8.804373694779938,ok
stencil,sycl,4096,random,5,5,32_32_8_1_4,95.64569854736328,19.317123413085938,25.30785276562968,8.804373694779938,ok
stencil,sycl,4096,random,5,6,16_32_8_1_2,124.91059112548828,48.58201599121094,63.648529932263756,8.804373694779938,ok
stencil,sycl,4096,random,5,7,32_64_0_4_4,101.55615997314453,25.227584838867188,33.051298015830625,8.804373694779938,ok
stencil,sycl,4096,random,5,8,32_32_1_2_2,110.24781036376953,33.91923522949219,44.438449387822864,8.804373694779938,ok
stencil,sycl,4096,random,5,9,16_32_1_1_4,97.17107391357422,20.842498779296875,27.306285676931232,8.804373694779938,ok
stencil,sycl,4096,random,5,10,32_64_1_1_4,97.54854583740234,21.219970703125,27.800821207254025,8.804373694779938,ok
stencil,sycl,4096,random,5,11,16_128_8_2_4,100.6292495727539,24.300674438476562,31.836929217828036,8.804373694779938,ok
stencil,sycl,4096,random,5,12,32_64_1_4_2,80.7923812866211,4.46380615234375,5.8481455267454185,5.8481455267454105,ok
stencil,sycl,4096,random,5,13,16_64_8_4_2,80.02239990234375,3.6938247680664062,4.839373408409919,4.839373408409923,ok
stencil,sycl,4096,random,5,14,32_128_1_4_2,95.23712158203125,18.908546447753906,24.772565732414066,4.839373408409923,ok
stencil,sycl,4096,random,5,15,16_32_1_4_2,85.09369659423828,8.765121459960938,11.483407681253489,4.839373408409923,ok
stencil,sycl,4096,random,6,1,16_64_0_2_2,83.18016052246094,6.851585388183594,8.976435595883036,8.976435595883029,ok
stencil,sycl,4096,random,6,2,16_64_1_1_4,135.25465393066406,58.92607879638672,77.20054867095824,8.976435595883029,ok
stencil,sycl,4096,random,6,3,16_128_0_4_1,83.86163330078125,7.533058166503906,9.869250347267378,8.976435595883029,ok
stencil,sycl,4096,random,6,4,16_64_1_1_2,85.6938247680664,9.365249633789062,12.269650805499378,8.976435595883029,ok
stencil,sycl,4096,random,6,5,64_64_0_4_4,97.42591857910156,21.09734344482422,27.64016412950161,8.976435595883029,ok
stencil,sycl,4096,random,6,6,16_64_1_2_1,82.08998107910156,5.761405944824219,7.548163888411041,7.548163888411049,ok
stencil,sycl,4096,random,6,7,16_128_2_4_2,96.22438049316406,19.89580535888672,26.06599864321584,7.548163888411049,ok
stencil,sycl,4096,random,6,8,64_64_2_2_4,95.86982727050781,19.54125213623047,25.601489483923245,7.548163888411049,ok
stencil,sycl,4096,random,6,9,16_32_8_4_2,79.02899169921875,2.7004165649414062,3.5378841543823203,3.5378841543823256,ok
stencil,sycl,4096,random,6,10,16_32_1_2_2,83.15257263183594,6.823997497558594,8.940292001460538,3.5378841543823256,ok
stencil,sycl,4096,random,6,11,32_32_0_4_2,85.7109146118164,9.382339477539062,12.292040642752244,3.5378841543823256,ok
stencil,sycl,4096,random,6,12,32_32_0_2_1,83.55174255371094,7.223167419433594,9.463254628724016,3.5378841543823256,ok
stencil,sycl,4096,random,6,13,32_64_2_4_2,81.2608642578125,4.932289123535156,6.4619169359027895,3.5378841543823256,ok
stencil,sycl,4096,random,6,14,64_32_2_1_4,99.28543853759766,22.956863403320312,30.076368336412095,3.5378841543823256,ok
stencil,sycl,4096,random,6,15,64_32_1_1_4,106.35794830322266,30.029373168945312,39.34224255610379,3.5378841543823256,ok
stencil,sycl,4096,random,7,1,16_64_0_2_2,83.18016052246094,6.851585388183594,8.976435595883036,8.976435595883029,ok
stencil,sycl,4096,random,7,2,16_128_2_4_1,82.68838500976562,6.359809875488281,8.332148038005549,8.332148038005549,ok
stencil,sycl,4096,random,7,3,16_32_1_1_4,97.17107391357422,20.842498779296875,27.306285676931232,8.332148038005549,ok
stencil,sycl,4096,random,7,4,16_128_8_2_2,81.2806396484375,4.952064514160156,6.48782517615254,6.487825176152544,ok
stencil,sycl,4096,random,7,5,32_128_0_2_4,96.46636962890625,20.137794494628906,26.383034740531276,6.487825176152544,ok
stencil,sycl,4096,random,7,6,16_64_2_4_2,80.3109130859375,3.9823379516601562,5.2173618394610655,5.217361839461069,ok
stencil,sycl,4096,random,7,7,32_32_1_4_2,101.7159652709961,25.38739013671875,33.260662985071065,5.217361839461069,ok
stencil,sycl,4096,random,7,8,32_64_2_1_4,101.76537322998047,25.436798095703125,33.32539360384321,5.217361839461069,ok
stencil,sycl,4096,random,7,9,16_32_1_2_4,111.43795013427734,35.109375,45.99768165229803,5.217361839461069,ok
stencil,sycl,4096,random,7,10,32_64_8_2_2,91.54962921142578,15.221054077148438,19.941488558343366,5.217361839461069,ok
stencil,sycl,4096,random,7,11,16_32_8_4_1,96.08857727050781,19.76000213623047,25.888079400759988,5.217361839461069,ok
stencil,sycl,4096,random,7,12,16_128_0_4_2,95.76435089111328,19.435775756835938,25.46330220712818,5.217361839461069,ok
stencil,sycl,4096,random,7,13,32_32_8_2_4,101.62438201904297,25.295806884765625,33.14067744650704,5.217361839461069,ok
stencil,sycl,4096,random,7,14,16_32_0_4_4,94.9968032836914,18.668228149414062,24.45771864150863,5.217361839461069,ok
stencil,sycl,4096,random,7,15,16_32_2_1_2,114.6270751953125,38.298500061035156,50.17583518840798,5.217361839461069,ok
stencil,sycl,4096,random,8,1,16_64_0_2_2,83.18016052246094,6.851585388183594,8.976435595883036,8.976435595883029,ok
stencil,sycl,4096,random,8,2,32_128_0_2_4,96.46636962890625,20.137794494628906,26.383034740531276,8.976435595883029,ok
stencil,sycl,4096,random,8,3,16_128_8_4_4,96.78323364257812,20.45465850830078,26.798166312310844,8.976435595883029,ok
stencil,sycl,4096,random,8,4,16_32_1_2_1,95.51737213134766,19.188796997070312,25.139729076971975,8.976435595883029,ok
stencil,sycl,4096,random,8,5,64_128_8_4_4,99.8314208984375,23.502845764160156,30.791673659326023,8.976435595883029,ok
stencil,sycl,4096,random,8,6,32_128_8_4_4,136.83328247070312,60.50470733642578,79.26874991441383,8.976435595883029,ok
stencil,sycl,4096,random,8,7,64_64_0_4_4,97.42591857910156,21.09734344482422,27.64016412950161,8.976435595883029,ok
stencil,sycl,4096,random,8,8,16_128_2_2_4,116.06732940673828,39.73875427246094,52.062748718356744,8.976435595883029,ok
stencil,sycl,4096,random,8,9,16_32_2_1_2,114.6270751953125,38.298500061035156,50.17583518840798,8.976435595883029,ok
stencil,sycl,4096,random,8,10,16_128_8_4_2,95.70854187011719,19.379966735839844,25.390185394849276,8.976435595883029,ok
stencil,sycl,4096,random,8,11,32_64_8_2_4,95.19667053222656,18.86809539794922,24.719569787273564,8.976435595883029,ok
stencil,sycl,4096,random,8,12,32_32_2_2_1,85.82259368896484,9.4940185546875,12.438354231014536,8.976435595883029,ok
stencil,sycl,4096,random,8,13,16_32_8_1_2,124.91059112548828,48.58201599121094,63.648529932263756,8.976435595883029,ok
stencil,sycl,4096,random,8,14,64_32_0_2_2,96.24441528320312,19.91584014892578,26.092246729209624,8.976435595883029,ok
stencil,sycl,4096,random,8,15,64_64_0_2_4,96.02374267578125,19.695167541503906,25.80313795568192,8.976435595883029,ok
stencil,sycl,4096,random,9,1,16_64_0_2_2,83.18016052246094,6.851585388183594,8.976435595883036,8.976435595883029,ok
stencil,sycl,4096,random,9,2,16_128_8_4_1,79.34246063232422,3.013885498046875,3.9485677451005063,3.948567745100499,ok
stencil,sycl,4096,random,9,3,16_128_8_1_4,117.0804443359375,40.751869201660156,53.390056253466554,3.948567745100499,ok
stencil,sycl,4096,random,9,4,32_128_1_4_4,132.27142333984375,55.942848205566406,73.29214269643009,3.948567745100499,ok
stencil,sycl,4096,random,9,5,16_32_0_4_4,94.9968032836914,18.668228149414062,24.45771864150863,3.948567745100499,ok
stencil,sycl,4096,random,9,6,32_64_2_4_1,96.55366516113281,20.22509002685547,26.497402828855975,3.948567745100499,ok
stencil,sycl,4096,random,9,7,16_64_0_1_4,94.37529754638672,18.046722412109375,23.643468229770505,3.948567745100499,ok
stencil,sycl,4096,random,9,8,32_32_2_2_2,84.43251037597656,8.103935241699219,10.617170866143866,3.948567745100499,ok
stencil,sycl,4096,random,9,9,32_32_8_2_2,81.88076782226562,5.552192687988281,7.274068300398451,3.948567745100499,ok
stencil,sycl,4096,random,9,10,64_64_8_4_4,106.50656127929688,30.17798614501953,39.53694418103624,3.948567745100499,ok
stencil,sycl,4096,random,9,11,16_64_1_1_4,135.25465393066406,58.92607879638672,77.20054867095824,3.948567745100499,ok
stencil,sycl,4096,random,9,12,32_32_8_1_4,95.64569854736328,19.317123413085938,25.30785276562968,3.948567745100499,ok
stencil,sycl,4096,random,9,13,32_32_0_1_4,95.65773010253906,19.32915496826172,25.323615610874217,3.948567745100499,ok
stencil,sycl,4096,random,9,14,32_64_0_4_2,81.81817626953125,5.489601135253906,7.192065521459812,3.948567745100499,ok
stencil,sycl,4096,random,9,15,32_32_2_2_1,85.82259368896484,9.4940185546875,12.438354231014536,3.948567745100499,ok
stencil,cuda,4096,bayesian,0,1,16_64_0_2_2,71.35865783691406,9.131649017333984,14.67473560204402,14.674735602044011,ok
stencil,cuda,4096,bayesian,0,2,32_128_0_4_2,67.276611328125,5.049602508544922,8.11480835144376,8.114808351443747,ok
stencil,cuda,4096,bayesian,0,3,16_32_1_1_2,83.20240020751953,20.975391387939453,33.70785738513504,8.114808351443747,ok
stencil,cuda,4096,bayesian,0,4,64_64_8_4_4,104.13420867919922,41.90719985961914,67.34567618559998,8.114808351443747,ok
stencil,cuda,4096,bayesian,0,5,16_32_2_1_2,84.19789123535156,21.970882415771484,35.307630613378,8.114808351443747,ok
stencil,cuda,4096,bayesian,0,6,16_32_2_2_4,107.61052703857422,45.38351821899414,72.93218664997755,8.114808351443747,ok
stencil,cuda,4096,bayesian,0,7,32_32_8_4_2,78.98851013183594,16.76150131225586,26.936054986756417,8.114808351443747,ok
stencil,cuda,4096,bayesian,0,8,32_64_8_4_1,63.7542724609375,1.5272636413574219,2.4543420458880583,2.4543420458880543,ok
stencil,cuda,4096,bayesian,0,9,32_64_8_4_1,63.7542724609375,1.5272636413574219,2.4543420458880583,2.4543420458880543,ok
stencil,cuda,4096,bayesian,0,10,16_64_8_2_4,100.84217834472656,38.615169525146484,62.0553201216961,2.4543420458880543,ok
stencil,cuda,4096,bayesian,0,11,32_64_1_4_1,63.851680755615234,1.6246719360351562,2.610879048912196,2.4543420458880543,ok
stencil,cuda,4096,bayesian,0,12,32_64_1_4_1,63.851680755615234,1.6246719360351562,2.610879048912196,2.4543420458880543,ok
stencil,cuda,4096,bayesian,0,13,16_64_0_1_4,100.26227569580078,38.0352668762207,61.1234054114661,2.4543420458880543,ok
stencil,cuda,4096,bayesian,0,14,16_32_0_4_1,67.77388763427734,5.546878814697266,8.913940939664622,2.4543420458880543,ok
stencil,cuda,4096,bayesian,0,15,32_64_2_4_2,69.74591827392578,7.518909454345703,12.083032106116342,2.4543420458880543,ok
stencil,cuda,4096,bayesian,1,1,16_64_0_2_2,71.35865783691406,9.131649017333984,14.67473560204402,14.674735602044011,ok
stencil,cuda,4096,bayesian,1,2,64_64_8_2_4,104.57734680175781,42.350337982177734,68.05780767153307,14.674735602044011,ok
stencil,cuda,4096,bayesian,1,3,16_32_0_2_4,106.66000366210938,44.4329948425293,71.40467730235525,14.674735602044011,ok
stencil,cuda,4096,bayesian,1,4,32_128_2_4_4,100.71260833740234,38.485599517822266,61.84709862787516,14.674735602044011,ok
stencil,cuda,4096,bayesian,1,5,16_128_2_1_4,102.08201599121094,39.85500717163086,64.0477630656903,14.674735602044011,ok
stencil,cuda,4096,bayesian,1,6,16_128_0_4_2,79.84416198730469,17.61715316772461,28.31110397545138,14.674735602044011,ok
stencil,cuda,4096,bayesian,1,7,32_64_2_1_4,102.8315200805664,40.60451126098633,65.25223055267585,14.674735602044011,ok
stencil,cuda,4096,bayesian,1,8,32_32_1_4_4,112.74777221679688,50.5207633972168,81.18783845724585,14.674735602044011,ok
stencil,cuda,4096,bayesian,1,9,16_64_0_2_2,71.35865783691406,9.131649017333984,14.67473560204402,14.674735602044011,ok
stencil,cuda,4096,bayesian,1,10,16_64_0_1_4,100.26227569580078,38.0352668762207,61.1234054114661,14.674735602044011,ok
stencil,cuda,4096,bayesian,1,11,16_32_1_4_4,100.58617401123047,38.35916519165039,61.64391623397534,14.674735602044011,ok
stencil,cuda,4096,bayesian,1,12,16_128_0_4_2,79.84416198730469,17.61715316772461,28.31110397545138,14.674735602044011,ok
stencil,cuda,4096,bayesian,1,13,16_32_1_4_1,68.19353485107422,5.966526031494141,9.588322088232438,9.588322088232433,ok
stencil,cuda,4096,bayesian,1,14,16_32_0_2_2,75.58582305908203,13.358814239501953,21.467871416147077,9.588322088232433,ok
stencil,cuda,4096,bayesian,1,15,16_64_0_1_2,79.78262329101562,17.555614471435547,28.212210106926385,9.588322088232433,ok
stencil,cuda,4096,bayesian,2,1,16_64_0_2_2,71.35865783691406,9.131649017333984,14.67473560204402,14.674735602044011,ok
stencil,cuda,4096,bayesian,2,2,64_64_8_4_4,104.13420867919922,41.90719985961914,67.34567618559998,14.674735602044011,ok
stencil,cuda,4096,bayesian,2,3,16_32_8_2_1,79.65475463867188,17.427745819091797,28.00672272328162,14.674735602044011,ok
stencil,cuda,4096,bayesian,2,4,64_32_0_4_2,77.82780456542969,15.60079574584961,25.070778817413974,14.674735602044011,ok
stencil,cuda,4096,bayesian,2,5,32_32_1_4_4,112.74777221679688,50.5207633972168,81.18783845724585,14.674735602044011,ok
stencil,cuda,4096,bayesian,2,6,32_32_2_4_2,78.76185607910156,16.534847259521484,26.57181756472071,14.674735602044011,ok
stencil,cuda,4096,bayesian,2,7,64_32_8_2_2,77.18943786621094,14.96242904663086,24.04491125391013,14.674735602044011,ok
stencil,cuda,4096,bayesian,2,8,16_64_2_2_2,69.55974578857422,7.332736968994141,11.783849341456465,11.783849341456461,ok
stencil,cuda,4096,bayesian,2,9,16_64_0_2_2,71.35865783691406,9.131649017333984,14.67473560204402,11.783849341456461,ok
stencil,cuda,4096,bayesian,2,10,64_64_0_4_4,104.17919921875,41.95219039916992,67.41797684797189,11.783849341456461,ok
stencil,cuda,4096,bayesian,2,11,32_64_1_2_2,70.34236907958984,8.115360260009766,13.041540022499397,11.783849341456461,ok
stencil,cuda,4096,bayesian,2,12,16_32_8_4_1,76.06221008300781,13.835201263427734,22.233434526061302,11.783849341456461,ok
stencil,cuda,4096,bayesian,2,13,32_64_8_1_4,102.45152282714844,40.22451400756836,64.64156765785516,11.783849341456461,ok
stencil,cuda,4096,bayesian,2,14,16_32_8_4_1,76.06221008300781,13.835201263427734,22.233434526061302,11.783849341456461,ok
stencil,cuda,4096,bayesian,2,15,32_64_0_2_4,102.03702545166016,39.81001663208008,63.975462403318396,11.783849341456461,ok
stencil,cuda,4096,bayesian,3,1,16_64_0_2_2,71.35865783691406,9.131649017333984,14.67473560204402,14.674735602044011,ok
stencil,cuda,4096,bayesian,3,2,16_32_2_4_2,79.52352142333984,17.296512603759766,27.79582842220325,14.674735602044011,ok
stencil,cuda,4096,bayesian,3,3,64_32_2_2_2,77.2850570678711,15.058048248291016,24.198573150044965,14.674735602044011,ok
stencil,cuda,4096,bayesian,3,4,32_32_1_4_4,112.74777221679688,50.5207633972168,81.18783845724585,14.674735602044011,ok
stencil,cuda,4096,bayesian,3,5,32_64_1_2_2,70.34236907958984,8.115360260009766,13.041540022499397,13.041540022499397,ok
stencil,cuda,4096,bayesian,3,6,64_32_8_2_4,109.73689270019531,47.509883880615234,76.3492971651017,13.041540022499397,ok
stencil,cuda,4096,bayesian,3,7,16_64_0_2_2,71.35865783691406,9.131649017333984,14.67473560204402,13.041540022499397,ok
stencil,cuda,4096,bayesian,3,8,16_64_1_2_4,100.00275421142578,37.7757453918457,60.706349394636746,13.041540022499397,ok
stencil,cuda,4096,bayesian,3,9,32_128_0_2_4,100.1995849609375,37.97257614135742,61.02266019479492,13.041540022499397,ok
stencil,cuda,4096,bayesian,3,10,32_32_2_2_1,79.81769561767578,17.590686798095703,28.268572010423696,13.041540022499397,ok
stencil,cuda,4096,bayesian,3,11,16_64_0_2_2,71.35865783691406,9.131649017333984,14.67473560204402,13.041540022499397,ok
stencil,cuda,4096,bayesian,3,12,16_32_1_2_2,75.56070709228516,13.333698272705078,21.427509574443103,13.041540022499397,ok
stencil,cuda,4096,bayesian,3,13,32_128_2_2_4,100.37686157226562,38.14985275268555,61.30754711880266,13.041540022499397,ok
stencil,cuda,4096,bayesian,3,14,16_64_0_2_2,71.35865783691406,9.131649017333984,14.67473560204402,13.041540022499397,ok
stencil,cuda,4096,bayesian,3,15,64_32_0_4_2,77.82780456542969,15.60079574584961,25.070778817413974,13.041540022499397,ok
stencil,cuda,4096,bayesian,4,1,16_64_0_2_2,71.35865783691406,9.131649017333984,14.67473560204402,14.674735602044011,ok
stencil,cuda,4096,bayesian,4,2,32_64_8_4_1,63.7542724609375,1.5272636413574219,2.4543420458880583,2.4543420458880543,ok
stencil,cuda,4096,bayesian,4,3,32_32_8_1_2,87.1220474243164,24.895038604736328,40.00680585003946,2.4543420458880543,ok
stencil,cuda,4096,bayesian,4,4,16_128_0_1_4,102.11968231201172,39.89267349243164,64.10829356766253,2.4543420458880543,ok
stencil,cuda,4096,bayesian,4,5,16_64_8_4_1,66.95833587646484,4.731327056884766,7.603333579158034,2.4543420458880543,ok
stencil,cuda,4096,bayesian,4,6,32_64_1_1_4,102.44287872314453,40.21586990356445,64.62767641646678,2.4543420458880543,ok
stencil,cuda,4096,bayesian,4,7,16_32_2_2_1,77.97241973876953,15.745410919189453,25.303178182389296,2.4543420458880543,ok
stencil,cuda,4096,bayesian,4,8,32_64_0_2_2,70.11666870117188,7.889659881591797,12.6788351734324,2.4543420458880543,ok
stencil,cuda,4096,bayesian,4,9,64_32_2_2_4,110.28864288330078,48.0616340637207,77.23597032129534,2.4543420458880543,ok
stencil,cuda,4096,bayesian,4,10,16_32_1_1_1,91.37078094482422,29.14377212524414,46.83460233440289,2.4543420458880543,ok
stencil,cuda,4096,bayesian,4,11,16_32_2_2_4,107.61052703857422,45.38351821899414,72.93218664997755,2.4543420458880543,ok
stencil,cuda,4096,bayesian,4,12,32_32_2_2_2,81.03858947753906,18.811580657958984,30.230571924967432,2.4543420458880543,ok
stencil,cuda,4096,bayesian,4,13,32_128_8_4_2,67.6247329711914,5.397724151611328,8.674246527358243,2.4543420458880543,ok
stencil,cuda,4096,bayesian,4,14,16_64_8_4_1,66.95833587646484,4.731327056884766,7.603333579158034,2.4543420458880543,ok
stencil,cuda,4096,bayesian,4,15,16_32_2_1_2,84.19789123535156,21.970882415771484,35.307630613378,2.4543420458880543,ok
stencil,cuda,4096,bayesian,5,1,16_64_0_2_2,71.35865783691406,9.131649017333984,14.67473560204402,14.674735602044011,ok
stencil,cuda,4096,bayesian,5,2,64_64_8_2_4,104.57734680175781,42.350337982177734,68.05780767153307,14.674735602044011,ok
stencil,cuda,4096,bayesian,5,3,16_32_1_2_2,75.56070709228516,13.333698272705078,21.427509574443103,14.674735602044011,ok
stencil,cuda,4096,bayesian,5,4,16_64_0_4_1,70.72541046142578,8.498401641845703,13.657094890236209,13.657094890236204,ok
stencil,cuda,4096,bayesian,5,5,32_32_8_2_2,75.96867370605469,13.74166488647461,22.08311976929014,13.657094890236204,ok
stencil,cuda,4096,bayesian,5,6,16_32_2_1_4,105.29401397705078,43.0670051574707,69.20950560605996,13.657094890236204,ok
stencil,cuda,4096,bayesian,5,7,64_64_2_2_4,104.75225830078125,42.52524948120117,68.3388938145784,13.657094890236204,ok
stencil,cuda,4096,bayesian,5,8,16_64_0_4_1,70.72541046142578,8.498401641845703,13.657094890236209,13.657094890236204,ok
stencil,cuda,4096,bayesian,5,9,32_32_8_2_4,108.29840087890625,46.07139205932617,74.03761314143313,13.657094890236204,ok
stencil,cuda,4096,bayesian,5,10,32_64_8_1_4,102.45152282714844,40.22451400756836,64.64156765785516,13.657094890236204,ok
stencil,cuda,4096,bayesian,5,11,16_128_8_4_2,69.63142395019531,7.404415130615234,11.899037525784784,11.899037525784774,ok
stencil,cuda,4096,bayesian,5,12,16_64_0_4_1,70.72541046142578,8.498401641845703,13.657094890236209,11.899037525784774,ok
stencil,cuda,4096,bayesian,5,13,16_64_0_4_1,70.72541046142578,8.498401641845703,13.657094890236209,11.899037525784774,ok
stencil,cuda,4096,bayesian,5,14,32_64_8_4_1,63.7542724609375,1.5272636413574219,2.4543420458880583,2.4543420458880543,ok
stencil,cuda,4096,bayesian,5,15,64_32_0_2_2,77.22793579101562,15.000926971435547,24.106778159511055,2.4543420458880543,ok
stencil,cuda,4096,bayesian,6,1,16_64_0_2_2,71.35865783691406,9.131649017333984,14.67473560204402,14.674735602044011,ok
stencil,cuda,4096,bayesian,6,2,16_32_1_4_4,100.58617401123047,38.35916519165039,61.64391623397534,14.674735602044011,ok
stencil,cuda,4096,bayesian,6,3,32_64_2_2_2,73.24451446533203,11.017505645751953,17.705343475043,14.674735602044011,ok
stencil,cuda,4096,bayesian,6,4,16_32_0_1_1,91.31820678710938,29.091197967529297,46.75011465178378,14.674735602044011,ok
stencil,cuda,4096,bayesian,6,5,32_32_2_1_4,107.4300765991211,45.203067779541016,72.64219932312996,14.674735602044011,ok
stencil,cuda,4096,bayesian,6,6,32_32_1_2_4,107.42864227294922,45.20163345336914,72.639894333385,14.674735602044011,ok
stencil,cuda,4096,bayesian,6,7,16_128_1_4_4,100.53353881835938,38.3065299987793,61.55933046668625,14.674735602044011,ok
stencil,cuda,4096,bayesian,6,8,32_64_2_4_4,104.3832015991211,42.156192779541016,67.74581259685478,14.674735602044011,ok
stencil,cuda,4096,bayesian,6,9,16_32_8_4_2,78.12963104248047,15.90262222290039,25.55581977113537,14.674735602044011,ok
stencil,cuda,4096,bayesian,6,10,32_64_0_1_4,102.455810546875,40.22880172729492,64.6484581059225,14.674735602044011,ok
stencil,cuda,4096,bayesian,6,11,16_32_8_1_1,91.42249298095703,29.195484161376953,46.91770457105826,14.674735602044011,ok
stencil,cuda,4096,bayesian,6,12,32_32_2_1_2,87.81501007080078,25.588001251220703,41.12041015085606,14.674735602044011,ok
stencil,cuda,4096,bayesian,6,13,16_64_0_1_4,100.26227569580078,38.0352668762207,61.1234054114661,14.674735602044011,ok
stencil,cuda,4096,bayesian,6,14,32_64_8_2_2,70.10991668701172,7.882907867431641,12.667984556813927,12.667984556813922,ok
stencil,cuda,4096,bayesian,6,15,32_64_2_2_2,73.24451446533203,11.017505645751953,17.705343475043,12.667984556813922,ok
stencil,cuda,4096,bayesian,7,1,16_64_0_2_2,71.35865783691406,9.131649017333984,14.67473560204402,14.674735602044011,ok
stencil,cuda,4096,bayesian,7,2,16_32_0_1_2,83.67721557617188,21.450206756591797,34.470894814796836,14.674735602044011,ok
stencil,cuda,4096,bayesian,7,3,16_64_2_4_1,73.1319351196289,10.904926300048828,17.52442630123261,14.674735602044011,ok
stencil,cuda,4096,bayesian,7,4,64_32_0_1_4,108.96672058105469,46.73971176147461,75.11161575673826,14.674735602044011,ok
stencil,cuda,4096,bayesian,7,5,32_64_0_1_4,102.455810546875,40.22880172729492,64.6484581059225,14.674735602044011,ok
stencil,cuda,4096,bayesian,7,6,16_128_0_2_4,98.65177917480469,36.42477035522461,58.535306527160834,14.674735602044011,ok
stencil,cuda,4096,bayesian,7,7,16_64_2_4_1,73.1319351196289,10.904926300048828,17.52442630123261,14.674735602044011,ok
stencil,cuda,4096,bayesian,7,8,16_64_2_4_1,73.1319351196289,10.904926300048828,17.52442630123261,14.674735602044011,ok
stencil,cuda,4096,bayesian,7,9,16_32_8_2_2,75.99068450927734,13.763675689697266,22.118491553407992,14.674735602044011,ok
stencil,cuda,4096,bayesian,7,10,64_32_2_4_2,78.6126708984375,16.385662078857422,26.33207411007932,14.674735602044011,ok
stencil,cuda,4096,bayesian,7,11,32_32_0_4_2,85.54361724853516,23.316608428955078,37.47023819923412,14.674735602044011,ok
stencil,cuda,4096,bayesian,7,12,32_32_1_2_4,107.42864227294922,45.20163345336914,72.639894333385,14.674735602044011,ok
stencil,cuda,4096,bayesian,7,13,64_32_1_4_2,84.34143829345703,22.114429473876953,35.53831349662837,14.674735602044011,ok
stencil,cuda,4096,bayesian,7,14,32_128_8_4_2,67.6247329711914,5.397724151611328,8.674246527358243,8.674246527358235,ok
stencil,cuda,4096,bayesian,7,15,16_64_2_4_1,73.1319351196289,10.904926300048828,17.52442630123261,8.674246527358235,ok
stencil,cuda,4096,bayesian,8,1,16_64_0_2_2,71.35865783691406,9.131649017333984,14.67473560204402,14.674735602044011,ok
stencil,cuda,4096,bayesian,8,2,32_128_8_4_2,67.6247329711914,5.397724151611328,8.674246527358243,8.674246527358235,ok
stencil,cuda,4096,bayesian,8,3,64_32_1_4_1,68.20051574707031,5.973506927490234,9.599540522363403,8.674246527358235,ok
stencil,cuda,4096,bayesian,8,4,16_64_8_1_4,100.35702514648438,38.1300163269043,61.27566960105349,8.674246527358235,ok
stencil,cuda,4096,bayesian,8,5,32_32_0_2_4,108.19420623779297,45.96719741821289,73.87017034916366,8.674246527358235,ok
stencil,cuda,4096,bayesian,8,6,16_64_2_4_1,73.1319351196289,10.904926300048828,17.52442630123261,8.674246527358235,ok
stencil,cuda,4096,bayesian,8,7,64_32_0_2_2,77.22793579101562,15.000926971435547,24.106778159511055,8.674246527358235,ok
stencil,cuda,4096,bayesian,8,8,32_32_8_4_4,113.60694122314453,51.37993240356445,82.5685395750494,8.674246527358235,ok
stencil,cuda,4096,bayesian,8,9,16_64_0_4_2,75.48432159423828,13.257312774658203,21.304756609941244,8.674246527358235,ok
stencil,cuda,4096,bayesian,8,10,32_64_8_4_4,104.38582611083984,42.158817291259766,67.75003023766469,8.674246527358235,ok
stencil,cuda,4096,bayesian,8,11,16_64_8_2_4,100.84217834472656,38.615169525146484,62.0553201216961,8.674246527358235,ok
stencil,cuda,4096,bayesian,8,12,16_64_2_4_1,73.1319351196289,10.904926300048828,17.52442630123261,8.674246527358235,ok
stencil,cuda,4096,bayesian,8,13,16_32_0_1_2,83.67721557617188,21.450206756591797,34.470894814796836,8.674246527358235,ok
stencil,cuda,4096,bayesian,8,14,16_32_1_2_2,75.56070709228516,13.333698272705078,21.427509574443103,8.674246527358235,ok
stencil,cuda,4096,bayesian,8,15,32_32_8_1_4,106.47503662109375,44.24802780151367,71.10743170992784,8.674246527358235,ok
stencil,cuda,4096,bayesian,9,1,16_64_0_2_2,71.35865783691406,9.131649017333984,14.67473560204402,14.674735602044011,ok
stencil,cuda,4096,bayesian,9,2,64_32_1_2_4,108.95513916015625,46.72813034057617,75.09300419060622,14.674735602044011,ok
stencil,cuda,4096,bayesian,9,3,32_32_1_1_2,86.0450210571289,23.818012237548828,38.27600376326357,14.674735602044011,ok
stencil,cuda,4096,bayesian,9,4,32_32_1_4_1,72.2135009765625,9.986492156982422,16.048484968861487,14.674735602044011,ok
stencil,cuda,4096,bayesian,9,5,16_32_2_2_2,75.61939239501953,13.392383575439453,21.521817984645697,14.674735602044011,ok
stencil,cuda,4096,bayesian,9,6,16_32_8_1_4,104.42700958251953,42.20000076293945,67.81621286874548,14.674735602044011,ok
stencil,cuda,4096,bayesian,9,7,16_64_2_2_4,101.40243530273438,39.1754264831543,62.955663828770646,14.674735602044011,ok
stencil,cuda,4096,bayesian,9,8,16_64_1_4_2,76.27574157714844,14.04873275756836,22.57658374404756,14.674735602044011,ok
stencil,cuda,4096,bayesian,9,9,64_128_1_4_4,101.63065338134766,39.40364456176758,63.322414670475055,14.674735602044011,ok
stencil,cuda,4096,bayesian,9,10,32_32_1_4_1,72.2135009765625,9.986492156982422,16.048484968861487,14.674735602044011,ok
stencil,cuda,4096,bayesian,9,11,32_32_0_4_1,67.6767349243164,5.449726104736328,8.757814666196095,8.757814666196104,ok
stencil,cuda,4096,bayesian,9,12,16_32_1_1_4,103.47689819335938,41.2498893737793,66.28936559264567,8.757814666196104,ok
stencil,cuda,4096,bayesian,9,13,32_32_1_4_1,72.2135009765625,9.986492156982422,16.048484968861487,8.757814666196104,ok
stencil,cuda,4096,bayesian,9,14,32_32_2_2_4,109.26156616210938,47.0345573425293,75.58543827632866,8.757814666196104,ok
stencil,cuda,4096,bayesian,9,15,16_64_2_2_2,69.55974578857422,7.332736968994141,11.783849341456465,8.757814666196104,ok
stencil,cuda,4096,random,0,1,16_64_0_2_2,71.35865783691406,9.131649017333984,14.67473560204402,14.674735602044011,ok
stencil,cuda,4096,random,0,2,32_32_0_4_4,112.95225524902344,50.72524642944336,81.51644662290497,14.674735602044011,ok
stencil,cuda,4096,random,0,3,64_64_8_4_4,104.13420867919922,41.90719985961914,67.34567618559998,14.674735602044011,ok
stencil,cuda,4096,random,0,4,32_32_2_1_2,87.81501007080078,25.588001251220703,41.12041015085606,14.674735602044011,ok
stencil,cuda,4096,random,0,5,16_32_1_1_2,83.20240020751953,20.975391387939453,33.70785738513504,14.674735602044011,ok
stencil,cuda,4096,random,0,6,16_64_8_4_4,103.78185272216797,41.55484390258789,66.77943338570442,14.674735602044011,ok
stencil,cuda,4096,random,0,7,32_64_1_2_2,70.34236907958984,8.115360260009766,13.041540022499397,13.041540022499397,ok
stencil,cuda,4096,random,0,8,32_64_0_2_2,70.11666870117188,7.889659881591797,12.6788351734324,12.678835173432393,ok
stencil,cuda,4096,random,0,9,32_32_1_2_4,107.42864227294922,45.20163345336914,72.639894333385,12.678835173432393,ok
stencil,cuda,4096,random,0,10,16_128_1_4_2,73.11711883544922,10.89011001586914,17.500616247590717,12.678835173432393,ok
stencil,cuda,4096,random,0,11,32_32_8_4_4,113.60694122314453,51.37993240356445,82.5685395750494,12.678835173432393,ok
stencil,cuda,4096,random,0,12,32_32_0_1_2,86.53778839111328,24.310779571533203,39.06789034648839,12.678835173432393,ok
stencil,cuda,4096,random,0,13,32_128_0_4_4,100.67501068115234,38.448001861572266,61.786678471156705,12.678835173432393,ok
stencil,cuda,4096,random,0,14,16_64_2_2_4,101.40243530273438,39.1754264831543,62.955663828770646,12.678835173432393,ok
stencil,cuda,4096,random,0,15,32_64_1_1_4,102.44287872314453,40.21586990356445,64.62767641646678,12.678835173432393,ok
stencil,cuda,4096,random,1,1,16_64_0_2_2,71.35865783691406,9.131649017333984,14.67473560204402,14.674735602044011,ok
stencil,cuda,4096,random,1,2,32_32_2_2_1,79.81769561767578,17.590686798095703,28.268572010423696,14.674735602044011,ok
stencil,cuda,4096,random,1,3,64_32_2_1_4,109.38726043701172,47.16025161743164,75.78743139360478,14.674735602044011,ok
stencil,cuda,4096,random,1,4,64_64_8_4_4,104.13420867919922,41.90719985961914,67.34567618559998,14.674735602044011,ok
stencil,cuda,4096,random,1,5,16_32_2_4_2,79.52352142333984,17.296512603759766,27.79582842220325,14.674735602044011,ok
stencil,cuda,4096,random,1,6,32_32_1_1_4,106.02706909179688,43.8000602722168,70.38753927448118,14.674735602044011,ok
stencil,cuda,4096,random,1,7,16_128_8_4_4,100.33606719970703,38.10905838012695,61.24198977749309,14.674735602044011,ok
stencil,cuda,4096,random,1,8,16_32_1_4_2,77.9612808227539,15.734272003173828,25.285277730114753,14.674735602044011,ok
stencil,cuda,4096,random,1,9,32_32_8_2_4,108.29840087890625,46.07139205932617,74.03761314143313,14.674735602044011,ok
stencil,cuda,4096,random,1,10,16_64_0_4_4,103.82137298583984,41.594364166259766,66.84294320952779,14.674735602044011,ok
stencil,cuda,4096,random,1,11,32_64_2_2_2,73.24451446533203,11.017505645751953,17.705343475043,14.674735602044011,ok
stencil,cuda,4096,random,1,12,32_32_2_2_4,109.26156616210938,47.0345573425293,75.58543827632866,14.674735602044011,ok
stencil,cuda,4096,random,1,13,16_32_8_4_1,76.06221008300781,13.835201263427734,22.233434526061302,14.674735602044011,ok
stencil,cuda,4096,random,1,14,16_64_2_4_1,73.1319351196289,10.904926300048828,17.52442630123261,14.674735602044011,ok
stencil,cuda,4096,random,1,15,16_64_8_2_1,80.4755859375,18.248577117919922,29.325814407743,14.674735602044011,ok
stencil,cuda,4096,random,2,1,16_64_0_2_2,71.35865783691406,9.131649017333984,14.67473560204402,14.674735602044011,ok
stencil,cuda,4096,random,2,2,32_32_2_4_4,112.891357421875,50.66434860229492,81.41858264341495,14.674735602044011,ok
stencil,cuda,4096,random,2,3,16_32_1_2_1,77.88428497314453,15.657276153564453,25.16154391891292,14.674735602044011,ok
stencil,cuda,4096,random,2,4,64_128_1_4_4,101.63065338134766,39.40364456176758,63.322414670475055,14.674735602044011,ok
stencil,cuda,4096,random,2,5,32_32_8_4_2,78.98851013183594,16.76150131225586,26.936054986756417,14.674735602044011,ok
stencil,cuda,4096,random,2,6,64_128_0_4_4,101.6451187133789,39.41810989379883,63.34566073726447,14.674735602044011,ok
stencil,cuda,4096,random,2,7,16_64_8_4_2,82.52365112304688,20.296642303466797,32.6170945518441,14.674735602044011,ok
stencil,cuda,4096,random,2,8,64_32_8_4_1,69.84639739990234,7.619388580322266,12.24450399409971,12.244503994099716,ok
stencil,cuda,4096,random,2,9,16_64_1_2_2,92.43901062011719,30.21200180053711,48.551267968115376,12.244503994099716,ok
stencil,cuda,4096,random,2,10,32_128_0_2_4,100.1995849609375,37.97257614135742,61.02266019479492,12.244503994099716,ok
stencil,cuda,4096,random,2,11,64_32_0_4_2,77.82780456542969,15.60079574584961,25.070778817413974,12.244503994099716,ok
stencil,cuda,4096,random,2,12,16_32_8_4_4,100.16835021972656,37.941341400146484,60.972465364923714,12.244503994099716,ok
stencil,cuda,4096,random,2,13,64_64_8_4_2,70.90191650390625,8.674907684326172,13.940743495285224,12.244503994099716,ok
stencil,cuda,4096,random,2,14,32_32_1_2_2,81.74732971191406,19.520320892333984,31.3695311129784,12.244503994099716,ok
stencil,cuda,4096,random,2,15,16_64_1_4_1,65.15773010253906,2.9307212829589844,4.709725468978054,4.709725468978056,ok
stencil,cuda,4096,random,3,1,16_64_0_2_2,71.35865783691406,9.131649017333984,14.67473560204402,14.674735602044011,ok
stencil,cuda,4096,random,3,2,64_32_0_4_2,77.82780456542969,15.60079574584961,25.070778817413974,14.674735602044011,ok
stencil,cuda,4096,random,3,3,16_32_8_2_4,107.12601470947266,44.89900588989258,72.1535660183699,14.674735602044011,ok
stencil,cuda,4096,random,3,4,16_128_2_1_4,102.08201599121094,39.85500717163086,64.0477630656903,14.674735602044011,ok
stencil,cuda,4096,random,3,5,16_32_2_2_1,77.97241973876953,15.745410919189453,25.303178182389296,14.674735602044011,ok
stencil,cuda,4096,random,3,6,16_128_0_4_2,79.84416198730469,17.61715316772461,28.31110397545138,14.674735602044011,ok
stencil,cuda,4096,random,3,7,64_64_0_2_4,104.50943756103516,42.28242874145508,67.9486762155771,14.674735602044011,ok
stencil,cuda,4096,random,3,8,64_32_1_1_4,109.17664337158203,46.94963455200195,75.4489657186109,14.674735602044011,ok
stencil,cuda,4096,random,3,9,16_128_1_4_4,100.53353881835938,38.3065299987793,61.55933046668625,14.674735602044011,ok
stencil,cuda,4096,random,3,10,16_64_0_1_2,79.78262329101562,17.555614471435547,28.212210106926385,14.674735602044011,ok
stencil,cuda,4096,random,3,11,32_128_2_4_2,67.65414428710938,5.427135467529297,8.721511077713284,8.72151107771328,ok
stencil,cuda,4096,random,3,12,64_32_2_2_2,77.2850570678711,15.058048248291016,24.198573150044965,8.72151107771328,ok
stencil,cuda,4096,random,3,13,64_64_0_4_4,104.17919921875,41.95219039916992,67.41797684797189,8.72151107771328,ok
stencil,cuda,4096,random,3,14,32_32_2_4_2,78.76185607910156,16.534847259521484,26.57181756472071,8.72151107771328,ok
stencil,cuda,4096,random,3,15,16_128_1_4_2,73.11711883544922,10.89011001586914,17.500616247590717,8.72151107771328,ok
stencil,cuda,4096,random,4,1,16_64_0_2_2,71.35865783691406,9.131649017333984,14.67473560204402,14.674735602044011,ok
stencil,cuda,4096,random,4,2,32_32_1_4_1,72.2135009765625,9.986492156982422,16.048484968861487,14.674735602044011,ok
stencil,cuda,4096,random,4,3,32_32_1_4_4,112.74777221679688,50.5207633972168,81.18783845724585,14.674735602044011,ok
stencil,cuda,4096,random,4,4,32_32_8_2_2,75.96867370605469,13.74166488647461,22.08311976929014,14.674735602044011,ok
stencil,cuda,4096,random,4,5,64_32_8_4_2,80.29657745361328,18.069568634033203,29.038144331224093,14.674735602044011,ok
stencil,cuda,4096,random,4,6,16_64_8_2_4,100.84217834472656,38.615169525146484,62.0553201216961,14.674735602044011,ok
stencil,cuda,4096,random,4,7,32_64_1_1_4,102.44287872314453,40.21586990356445,64.62767641646678,14.674735602044011,ok
stencil,cuda,4096,random,4,8,64_64_0_4_2,70.92652893066406,8.699520111083984,13.980296138461723,13.980296138461714,ok
stencil,cuda,4096,random,4,9,64_32_1_4_1,68.20051574707031,5.973506927490234,9.599540522363403,9.599540522363396,ok
stencil,cuda,4096,random,4,10,32_32_8_1_4,106.47503662109375,44.24802780151367,71.10743170992784,9.599540522363396,ok
stencil,cuda,4096,random,4,11,16_128_2_2_2,67.78598022460938,5.558971405029297,8.933373964907876,8.93337396490788,ok
stencil,cuda,4096,random,4,12,32_32_1_1_2,86.0450210571289,23.818012237548828,38.27600376326357,8.93337396490788,ok
stencil,cuda,4096,random,4,13,64_32_1_4_4,112.57247924804688,50.3454704284668,80.90613928501303,8.93337396490788,ok
stencil,cuda,4096,random,4,14,16_32_8_1_4,104.42700958251953,42.20000076293945,67.81621286874548,8.93337396490788,ok
stencil,cuda,4096,random,4,15,32_32_0_2_1,79.41219329833984,17.185184478759766,27.616921984127817,8.93337396490788,ok
stencil,cuda,4096,random,5,1,16_64_0_2_2,71.35865783691406,9.131649017333984,14.67473560204402,14.674735602044011,ok
stencil,cuda,4096,random,5,2,16_64_8_1_2,85.35485076904297,23.12784194946289,37.166886836099344,14.674735602044011,ok
stencil,cuda,4096,random,5,3,32_32_0_2_1,79.41219329833984,17.185184478759766,27.616921984127817,14.674735602044011,ok
stencil,cuda,4096,random,5,4,32_32_1_2_1,79.68598175048828,17.458972930908203,28.056905292569102,14.674735602044011,ok
stencil,cuda,4096,random,5,5,32_32_8_1_4,106.47503662109375,44.24802780151367,71.10743170992784,14.674735602044011,ok
stencil,cuda,4096,random,5,6,16_32_8_1_2,84.24995422363281,22.022945404052734,35.391296836885864,14.674735602044011,ok
stencil,cuda,4096,random,5,7,32_64_0_4_4,104.55862426757812,42.33161544799805,68.02772019901133,14.674735602044011,ok
stencil,cuda,4096,random,5,8,32_32_1_2_2,81.74732971191406,19.520320892333984,31.3695311129784,14.674735602044011,ok
stencil,cuda,4096,random,5,9,16_32_1_1_4,103.47689819335938,41.2498893737793,66.28936559264567,14.674735602044011,ok
stencil,cuda,4096,random,5,10,32_64_1_1_4,102.44287872314453,40.21586990356445,64.62767641646678,14.674735602044011,ok
stencil,cuda,4096,random,5,11,16_128_8_2_4,98.666015625,36.43900680541992,58.55818477643775,14.674735602044011,ok
stencil,cuda,4096,random,5,12,32_64_1_4_2,90.9002914428711,28.673282623291016,46.07851665572716,14.674735602044011,ok
stencil,cuda,4096,random,5,13,16_64_8_4_2,82.52365112304688,20.296642303466797,32.6170945518441,14.674735602044011,ok
stencil,cuda,4096,random,5,14,32_128_1_4_2,76.58000183105469,14.35299301147461,23.065535823985094,14.674735602044011,ok
stencil,cuda,4096,random,5,15,16_32_1_4_2,77.9612808227539,15.734272003173828,25.285277730114753,14.674735602044011,ok
stencil,cuda,4096,random,6,1,16_64_0_2_2,71.35865783691406,9.131649017333984,14.67473560204402,14.674735602044011,ok
stencil,cuda,4096,random,6,2,16_64_1_1_4,99.99600219726562,37.76899337768555,60.695498778018276,14.674735602044011,ok
stencil,cuda,4096,random,6,3,16_128_0_4_1,63.16896057128906,0.9419517517089844,1.5137345817795245,1.5137345817795342,ok
stencil,cuda,4096,random,6,4,16_64_1_1_2,81.38265228271484,19.155643463134766,30.78348747032709,1.5137345817795342,ok
stencil,cuda,4096,random,6,5,64_64_0_4_4,104.17919921875,41.95219039916992,67.41797684797189,1.5137345817795342,ok
stencil,cuda,4096,random,6,6,16_64_1_2_1,76.9090576171875,14.682048797607422,23.594334801109106,1.5137345817795342,ok
stencil,cuda,4096,random,6,7,16_128_2_4_2,71.51382446289062,9.286815643310547,14.924091354345158,1.5137345817795342,ok
stencil,cuda,4096,random,6,8,64_64_2_2_4,104.75225830078125,42.52524948120117,68.3388938145784,1.5137345817795342,ok
stencil,cuda,4096,random,6,9,16_32_8_4_2,78.12963104248047,15.90262222290039,25.55581977113537,1.5137345817795342,ok
stencil,cuda,4096,random,6,10,16_32_1_2_2,75.56070709228516,13.333698272705078,21.427509574443103,1.5137345817795342,ok
stencil,cuda,4096,random,6,11,32_32_0_4_2,85.54361724853516,23.316608428955078,37.47023819923412,1.5137345817795342,ok
stencil,cuda,4096,random,6,12,32_32_0_2_1,79.41219329833984,17.185184478759766,27.616921984127817,1.5137345817795342,ok
stencil,cuda,4096,random,6,13,32_64_2_4_2,69.74591827392578,7.518909454345703,12.083032106116342,1.5137345817795342,ok
stencil,cuda,4096,random,6,14,64_32_2_1_4,109.38726043701172,47.16025161743164,75.78743139360478,1.5137345817795342,ok
stencil,cuda,4096,random,6,15,64_32_1_1_4,109.17664337158203,46.94963455200195,75.4489657186109,1.5137345817795342,ok
stencil,cuda,4096,random,7,1,16_64_0_2_2,71.35865783691406,9.131649017333984,14.67473560204402,14.674735602044011,ok
stencil,cuda,4096,random,7,2,16_128_2_4_1,62.22700881958008,0.0,0.0,0.0,ok
stencil,cuda,4096,random,7,3,16_32_1_1_4,103.47689819335938,41.2498893737793,66.28936559264567,0.0,ok
stencil,cuda,4096,random,7,4,16_128_8_2_2,73.09091186523438,10.863903045654297,17.458501142410544,0.0,ok
stencil,cuda,4096,random,7,5,32_128_0_2_4,100.1995849609375,37.97257614135742,61.02266019479492,0.0,ok
stencil,cuda,4096,random,7,6,16_64_2_4_2,78.34255981445312,16.115550994873047,25.898000403005383,0.0,ok
stencil,cuda,4096,random,7,7,32_32_1_4_2,80.9448013305664,18.717792510986328,30.07985256893253,0.0,ok
stencil,cuda,4096,random,7,8,32_64_2_1_4,102.8315200805664,40.60451126098633,65.25223055267585,0.0,ok
stencil,cuda,4096,random,7,9,16_32_1_2_4,105.78924560546875,43.56223678588867,70.00535235783593,0.0,ok
stencil,cuda,4096,random,7,10,32_64_8_2_2,70.10991668701172,7.882907867431641,12.667984556813927,0.0,ok
stencil,cuda,4096,random,7,11,16_32_8_4_1,76.06221008300781,13.835201263427734,22.233434526061302,0.0,ok
stencil,cuda,4096,random,7,12,16_128_0_4_2,79.84416198730469,17.61715316772461,28.31110397545138,0.0,ok
stencil,cuda,4096,random,7,13,32_32_8_2_4,108.29840087890625,46.07139205932617,74.03761314143313,0.0,ok
stencil,cuda,4096,random,7,14,16_32_0_4_4,99.59686279296875,37.36985397338867,60.05407407856962,0.0,ok
stencil,cuda,4096,random,7,15,16_32_2_1_2,84.19789123535156,21.970882415771484,35.307630613378,0.0,ok
stencil,cuda,4096,random,8,1,16_64_0_2_2,71.35865783691406,9.131649017333984,14.67473560204402,14.674735602044011,ok
stencil,cuda,4096,random,8,2,32_128_0_2_4,100.1995849609375,37.97257614135742,61.02266019479492,14.674735602044011,ok
stencil,cuda,4096,random,8,3,16_128_8_4_4,100.33606719970703,38.10905838012695,61.24198977749309,14.674735602044011,ok
stencil,cuda,4096,random,8,4,16_32_1_2_1,77.88428497314453,15.657276153564453,25.16154391891292,14.674735602044011,ok
stencil,cuda,4096,random,8,5,64_128_8_4_4,101.58406066894531,39.357051849365234,63.2475392855157,14.674735602044011,ok
stencil,cuda,4096,random,8,6,32_128_8_4_4,100.62899017333984,38.401981353759766,61.71272262997858,14.674735602044011,ok
stencil,cuda,4096,random,8,7,64_64_0_4_4,104.17919921875,41.95219039916992,67.41797684797189,14.674735602044011,ok
stencil,cuda,4096,random,8,8,16_128_2_2_4,98.89580535888672,36.66879653930664,58.92746129839459,14.674735602044011,ok
stencil,cuda,4096,random,8,9,16_32_2_1_2,84.19789123535156,21.970882415771484,35.307630613378,14.674735602044011,ok
stencil,cuda,4096,random,8,10,16_128_8_4_2,69.63142395019531,7.404415130615234,11.899037525784784,11.899037525784774,ok
stencil,cuda,4096,random,8,11,32_64_8_2_4,102.102783203125,39.87577438354492,64.08113637465695,11.899037525784774,ok
stencil,cuda,4096,random,8,12,32_32_2_2_1,79.81769561767578,17.590686798095703,28.268572010423696,11.899037525784774,ok
stencil,cuda,4096,random,8,13,16_32_8_1_2,84.24995422363281,22.022945404052734,35.391296836885864,11.899037525784774,ok
stencil,cuda,4096,random,8,14,64_32_0_2_2,77.22793579101562,15.000926971435547,24.106778159511055,11.899037525784774,ok
stencil,cuda,4096,random,8,15,64_64_0_2_4,104.50943756103516,42.28242874145508,67.9486762155771,11.899037525784774,ok
stencil,cuda,4096,random,9,1,16_64_0_2_2,71.35865783691406,9.131649017333984,14.67473560204402,14.674735602044011,ok
stencil,cuda,4096,random,9,2,16_128_8_4_1,62.543521881103516,0.3165130615234375,0.508642577439522,0.5086425774395328,ok
stencil,cuda,4096,random,9,3,16_128_8_1_4,102.2245101928711,39.997501373291016,64.27675398838322,0.5086425774395328,ok
stencil,cuda,4096,random,9,4,32_128_1_4_4,100.67174530029297,38.44473648071289,61.78143094131183,0.5086425774395328,ok
stencil,cuda,4096,random,9,5,16_32_0_4_4,99.59686279296875,37.36985397338867,60.05407407856962,0.5086425774395328,ok
stencil,cuda,4096,random,9,6,32_64_2_4_1,64.80345916748047,2.5764503479003906,4.14040526256132,0.5086425774395328,ok
stencil,cuda,4096,random,9,7,16_64_0_1_4,100.26227569580078,38.0352668762207,61.1234054114661,0.5086425774395328,ok
stencil,cuda,4096,random,9,8,32_32_2_2_2,81.03858947753906,18.811580657958984,30.230571924967432,0.5086425774395328,ok
stencil,cuda,4096,random,9,9,32_32_8_2_2,75.96867370605469,13.74166488647461,22.08311976929014,0.5086425774395328,ok
stencil,cuda,4096,random,9,10,64_64_8_4_4,104.13420867919922,41.90719985961914,67.34567618559998,0.5086425774395328,ok
stencil,cuda,4096,random,9,11,16_64_1_1_4,99.99600219726562,37.76899337768555,60.695498778018276,0.5086425774395328,ok
stencil,cuda,4096,random,9,12,32_32_8_1_4,106.47503662109375,44.24802780151367,71.10743170992784,0.5086425774395328,ok
stencil,cuda,4096,random,9,13,32_32_0_1_4,106.40287780761719,44.17586898803711,70.99147110882329,0.5086425774395328,ok
stencil,cuda,4096,random,9,14,32_64_0_4_2,72.64157104492188,10.414562225341797,16.736401801888956,0.5086425774395328,ok
stencil,cuda,4096,random,9,15,32_32_2_2_1,79.81769561767578,17.590686798095703,28.268572010423696,0.5086425774395328,ok
