
================================================================================
STATISTICAL ANALYSIS: SYCL STENCIL BAYESIAN vs RANDOM SEARCH
Problem size: 4096x4096x512
Independent runs: 10
Trials per run: 15
Benchmark repeats per config: 10
Warmup runs per config: 5
Independent validation repeats per config: 20
Grid-search repeats per config: 3
================================================================================
Exhaustive grid search SYCL STENCIL: 200 valid configurations
[  1/200] 16_32_0_1_1: 92.1306 ms (median)
[  2/200] 16_32_0_1_2: 115.4906 ms (median)
[  3/200] 16_32_0_1_4: 108.0284 ms (median)
[  4/200] 16_32_0_2_1: 112.2454 ms (median)
[  5/200] 16_32_0_2_2: 82.9712 ms (median)
[  6/200] 16_32_0_2_4: 94.0776 ms (median)
[  7/200] 16_32_0_4_1: 81.1456 ms (median)
[  8/200] 16_32_0_4_2: 94.1280 ms (median)
[  9/200] 16_32_0_4_4: 94.9968 ms (median)
[ 10/200] 16_32_1_1_1: 92.4914 ms (median)
[ 11/200] 16_32_1_1_2: 101.3003 ms (median)
[ 12/200] 16_32_1_1_4: 97.1711 ms (median)
[ 13/200] 16_32_1_2_1: 95.5174 ms (median)
[ 14/200] 16_32_1_2_2: 83.1526 ms (median)
[ 15/200] 16_32_1_2_4: 111.4380 ms (median)
[ 16/200] 16_32_1_4_1: 84.0967 ms (median)
[ 17/200] 16_32_1_4_2: 85.0937 ms (median)
[ 18/200] 16_32_1_4_4: 145.0350 ms (median)
[ 19/200] 16_32_2_1_1: 92.2627 ms (median)
[ 20/200] 16_32_2_1_2: 114.6271 ms (median)
[ 21/200] 16_32_2_1_4: 133.7983 ms (median)
[ 22/200] 16_32_2_2_1: 95.5120 ms (median)
[ 23/200] 16_32_2_2_2: 83.7152 ms (median)
[ 24/200] 16_32_2_2_4: 97.5358 ms (median)
[ 25/200] 16_32_2_4_1: 91.8699 ms (median)
[ 26/200] 16_32_2_4_2: 77.9994 ms (median)
[ 27/200] 16_32_2_4_4: 110.7007 ms (median)
[ 28/200] 16_32_8_1_1: 91.9319 ms (median)
[ 29/200] 16_32_8_1_2: 124.9106 ms (median)
[ 30/200] 16_32_8_1_4: 96.1788 ms (median)
[ 31/200] 16_32_8_2_1: 115.5723 ms (median)
[ 32/200] 16_32_8_2_2: 82.8704 ms (median)
[ 33/200] 16_32_8_2_4: 93.5663 ms (median)
[ 34/200] 16_32_8_4_1: 96.0886 ms (median)
[ 35/200] 16_32_8_4_2: 79.0290 ms (median)
[ 36/200] 16_32_8_4_4: 95.2481 ms (median)
[ 37/200] 16_64_0_1_2: 125.8760 ms (median)
[ 38/200] 16_64_0_1_4: 94.3753 ms (median)
[ 39/200] 16_64_0_2_1: 114.6691 ms (median)
[ 40/200] 16_64_0_2_2: 83.1802 ms (median)
[ 41/200] 16_64_0_2_4: 117.7283 ms (median)
[ 42/200] 16_64_0_4_1: 83.3505 ms (median)
[ 43/200] 16_64_0_4_2: 76.3286 ms (median)
[ 44/200] 16_64_0_4_4: 96.0934 ms (median)
[ 45/200] 16_64_1_1_2: 85.6938 ms (median)
[ 46/200] 16_64_1_1_4: 135.2547 ms (median)
[ 47/200] 16_64_1_2_1: 82.0900 ms (median)
[ 48/200] 16_64_1_2_2: 85.8058 ms (median)
[ 49/200] 16_64_1_2_4: 90.9964 ms (median)
[ 50/200] 16_64_1_4_1: 96.6946 ms (median)
[ 51/200] 16_64_1_4_2: 80.1702 ms (median)
[ 52/200] 16_64_1_4_4: 97.5448 ms (median)
[ 53/200] 16_64_2_1_2: 84.6357 ms (median)
[ 54/200] 16_64_2_1_4: 96.3683 ms (median)
[ 55/200] 16_64_2_2_1: 97.8015 ms (median)
[ 56/200] 16_64_2_2_2: 105.5368 ms (median)
[ 57/200] 16_64_2_2_4: 113.7043 ms (median)
[ 58/200] 16_64_2_4_1: 89.1960 ms (median)
[ 59/200] 16_64_2_4_2: 80.3109 ms (median)
[ 60/200] 16_64_2_4_4: 128.1442 ms (median)
[ 61/200] 16_64_8_1_2: 85.4650 ms (median)
[ 62/200] 16_64_8_1_4: 125.0989 ms (median)
[ 63/200] 16_64_8_2_1: 84.8548 ms (median)
[ 64/200] 16_64_8_2_2: 83.7736 ms (median)
[ 65/200] 16_64_8_2_4: 91.8363 ms (median)
[ 66/200] 16_64_8_4_1: 83.3224 ms (median)
[ 67/200] 16_64_8_4_2: 80.0224 ms (median)
[ 68/200] 16_64_8_4_4: 114.8156 ms (median)
[ 69/200] 16_128_0_1_4: 99.1563 ms (median)
[ 70/200] 16_128_0_2_2: 109.8363 ms (median)
[ 71/200] 16_128_0_2_4: 93.2357 ms (median)
[ 72/200] 16_128_0_4_1: 83.8616 ms (median)
[ 73/200] 16_128_0_4_2: 95.7644 ms (median)
[ 74/200] 16_128_0_4_4: 96.8111 ms (median)
[ 75/200] 16_128_1_1_4: 100.6245 ms (median)
[ 76/200] 16_128_1_2_2: 83.1095 ms (median)
[ 77/200] 16_128_1_2_4: 123.1316 ms (median)
[ 78/200] 16_128_1_4_1: 97.6652 ms (median)
[ 79/200] 16_128_1_4_2: 80.9103 ms (median)
[ 80/200] 16_128_1_4_4: 126.7721 ms (median)
[ 81/200] 16_128_2_1_4: 122.7715 ms (median)
[ 82/200] 16_128_2_2_2: 83.5499 ms (median)
[ 83/200] 16_128_2_2_4: 116.0673 ms (median)
[ 84/200] 16_128_2_4_1: 82.6884 ms (median)
[ 85/200] 16_128_2_4_2: 96.2244 ms (median)
[ 86/200] 16_128_2_4_4: 97.0113 ms (median)
[ 87/200] 16_128_8_1_4: 117.0804 ms (median)
[ 88/200] 16_128_8_2_2: 81.2806 ms (median)
[ 89/200] 16_128_8_2_4: 100.6292 ms (median)
[ 90/200] 16_128_8_4_1: 79.3425 ms (median)
[ 91/200] 16_128_8_4_2: 95.7085 ms (median)
[ 92/200] 16_128_8_4_4: 96.7832 ms (median)
[ 93/200] 32_32_0_1_2: 117.4567 ms (median)
[ 94/200] 32_32_0_1_4: 95.6577 ms (median)
[ 95/200] 32_32_0_2_1: 83.5517 ms (median)
[ 96/200] 32_32_0_2_2: 109.0822 ms (median)
[ 97/200] 32_32_0_2_4: 92.7535 ms (median)
[ 98/200] 32_32_0_4_1: 80.8732 ms (median)
[ 99/200] 32_32_0_4_2: 85.7109 ms (median)
[100/200] 32_32_0_4_4: 97.9296 ms (median)
[101/200] 32_32_1_1_2: 126.8429 ms (median)
[102/200] 32_32_1_1_4: 113.1155 ms (median)
[103/200] 32_32_1_2_1: 83.0488 ms (median)
[104/200] 32_32_1_2_2: 110.2478 ms (median)
[105/200] 32_32_1_2_4: 91.9562 ms (median)
[106/200] 32_32_1_4_1: 91.7261 ms (median)
[107/200] 32_32_1_4_2: 101.7160 ms (median)
[108/200] 32_32_1_4_4: 96.6970 ms (median)
[109/200] 32_32_2_1_2: 82.7197 ms (median)
[110/200] 32_32_2_1_4: 124.5357 ms (median)
[111/200] 32_32_2_2_1: 85.8226 ms (median)
[112/200] 32_32_2_2_2: 84.4325 ms (median)
[113/200] 32_32_2_2_4: 93.1416 ms (median)
[114/200] 32_32_2_4_1: 82.3895 ms (median)
[115/200] 32_32_2_4_2: 76.4611 ms (median)
[116/200] 32_32_2_4_4: 97.6893 ms (median)
[117/200] 32_32_8_1_2: 82.0259 ms (median)
[118/200] 32_32_8_1_4: 95.6457 ms (median)
[119/200] 32_32_8_2_1: 84.2350 ms (median)
[120/200] 32_32_8_2_2: 81.8808 ms (median)
[121/200] 32_32_8_2_4: 101.6244 ms (median)
[122/200] 32_32_8_4_1: 79.9744 ms (median)
[123/200] 32_32_8_4_2: 96.6526 ms (median)
[124/200] 32_32_8_4_4: 112.5654 ms (median)
[125/200] 32_64_0_1_4: 122.1587 ms (median)
[126/200] 32_64_0_2_2: 82.8340 ms (median)
[127/200] 32_64_0_2_4: 94.7905 ms (median)
[128/200] 32_64_0_4_1: 83.6772 ms (median)
[129/200] 32_64_0_4_2: 81.8182 ms (median)
[130/200] 32_64_0_4_4: 101.5562 ms (median)
[131/200] 32_64_1_1_4: 97.5485 ms (median)
[132/200] 32_64_1_2_2: 90.0710 ms (median)
[133/200] 32_64_1_2_4: 120.5723 ms (median)
[134/200] 32_64_1_4_1: 97.3688 ms (median)
[135/200] 32_64_1_4_2: 80.7924 ms (median)
[136/200] 32_64_1_4_4: 95.9740 ms (median)
[137/200] 32_64_2_1_4: 101.7654 ms (median)
[138/200] 32_64_2_2_2: 104.0897 ms (median)
[139/200] 32_64_2_2_4: 116.2753 ms (median)
[140/200] 32_64_2_4_1: 96.5537 ms (median)
[141/200] 32_64_2_4_2: 81.2609 ms (median)
[142/200] 32_64_2_4_4: 107.2792 ms (median)
[143/200] 32_64_8_1_4: 97.5815 ms (median)
[144/200] 32_64_8_2_2: 91.5496 ms (median)
[145/200] 32_64_8_2_4: 95.1967 ms (median)
[146/200] 32_64_8_4_1: 97.7101 ms (median)
[147/200] 32_64_8_4_2: 100.6303 ms (median)
[148/200] 32_64_8_4_4: 95.5688 ms (median)
[149/200] 32_128_0_2_4: 96.4664 ms (median)
[150/200] 32_128_0_4_2: 83.3621 ms (median)
[151/200] 32_128_0_4_4: 124.0434 ms (median)
[152/200] 32_128_1_2_4: 97.2895 ms (median)
[153/200] 32_128_1_4_2: 95.2371 ms (median)
[154/200] 32_128_1_4_4: 132.2714 ms (median)
[155/200] 32_128_2_2_4: 103.0317 ms (median)
[156/200] 32_128_2_4_2: 85.0918 ms (median)
[157/200] 32_128_2_4_4: 107.4298 ms (median)
[158/200] 32_128_8_2_4: 96.3684 ms (median)
[159/200] 32_128_8_4_2: 81.5172 ms (median)
[160/200] 32_128_8_4_4: 136.8333 ms (median)
[161/200] 64_32_0_1_4: 98.7226 ms (median)
[162/200] 64_32_0_2_2: 96.2444 ms (median)
[163/200] 64_32_0_2_4: 135.9034 ms (median)
[164/200] 64_32_0_4_1: 81.3940 ms (median)
[165/200] 64_32_0_4_2: 81.5099 ms (median)
[166/200] 64_32_0_4_4: 127.8622 ms (median)
[167/200] 64_32_1_1_4: 106.3579 ms (median)
[168/200] 64_32_1_2_2: 112.2508 ms (median)
[169/200] 64_32_1_2_4: 98.9511 ms (median)
[170/200] 64_32_1_4_1: 80.9218 ms (median)
[171/200] 64_32_1_4_2: 78.0291 ms (median)
[172/200] 64_32_1_4_4: 105.7871 ms (median)
[173/200] 64_32_2_1_4: 99.2854 ms (median)
[174/200] 64_32_2_2_2: 101.0531 ms (median)
[175/200] 64_32_2_2_4: 96.3802 ms (median)
[176/200] 64_32_2_4_1: 80.9672 ms (median)
[177/200] 64_32_2_4_2: 105.5792 ms (median)
[178/200] 64_32_2_4_4: 96.7272 ms (median)
[179/200] 64_32_8_1_4: 99.2676 ms (median)
[180/200] 64_32_8_2_2: 111.4797 ms (median)
[181/200] 64_32_8_2_4: 96.9574 ms (median)
[182/200] 64_32_8_4_1: 99.5912 ms (median)
[183/200] 64_32_8_4_2: 81.2023 ms (median)
[184/200] 64_32_8_4_4: 96.6554 ms (median)
[185/200] 64_64_0_2_4: 96.0237 ms (median)
[186/200] 64_64_0_4_2: 102.2127 ms (median)
[187/200] 64_64_0_4_4: 97.4259 ms (median)
[188/200] 64_64_1_2_4: 95.6004 ms (median)
[189/200] 64_64_1_4_2: 102.2423 ms (median)
[190/200] 64_64_1_4_4: 97.2744 ms (median)
[191/200] 64_64_2_2_4: 95.8698 ms (median)
[192/200] 64_64_2_4_2: 79.5732 ms (median)
[193/200] 64_64_2_4_4: 96.8001 ms (median)
[194/200] 64_64_8_2_4: 96.4351 ms (median)
[195/200] 64_64_8_4_2: 87.9619 ms (median)
[196/200] 64_64_8_4_4: 106.5066 ms (median)
[197/200] 64_128_0_4_4: 100.5305 ms (median)
[198/200] 64_128_1_4_4: 100.4982 ms (median)
[199/200] 64_128_2_4_4: 100.4389 ms (median)
[200/200] 64_128_8_4_4: 99.8314 ms (median)
Grid optimum: 16_64_0_4_2 at 76.3286 ms (200 configs)

================================================================================
EXPERIMENT 1: SYCL STENCIL Bayesian Search
================================================================================

================================================================================
Bayesian Optimization Auto-tuning SYCL STENCIL kernel (Optuna)
================================================================================
Problem size: 4096x4096x512
Trials to evaluate: 15

Benchmark repeats per config: 10, warmup runs: 5

Valid configurations in search space: 200/324

[  1/15] BM= 16, BN= 64, BK= 0, TM=2, TN=2:  86.2360 ms (median), mean=90.4598 ± 9.4517 ms (597.07 GFLOP/s)
[  2/15] BM= 32, BN=128, BK= 0, TM=4, TN=2: 101.2060 ms (median), mean=92.1529 ± 8.5239 ms (508.76 GFLOP/s)
[  3/15] BM= 16, BN= 32, BK= 1, TM=1, TN=2:  85.5703 ms (median), mean=94.3983 ± 12.7693 ms (601.72 GFLOP/s)
[  4/15] BM= 64, BN= 64, BK= 8, TM=4, TN=4: 135.7765 ms (median), mean=139.4668 ± 10.5554 ms (379.22 GFLOP/s)
[  5/15] BM= 16, BN= 32, BK= 2, TM=1, TN=2: 105.7563 ms (median), mean=98.5505 ± 12.1038 ms (486.87 GFLOP/s)
[  6/15] BM= 16, BN= 32, BK= 2, TM=2, TN=4: 134.3109 ms (median), mean=131.2509 ± 18.1687 ms (383.36 GFLOP/s)
[  7/15] BM= 16, BN= 32, BK= 1, TM=1, TN=2:  79.9939 ms (median), mean=90.9216 ± 12.2221 ms (643.67 GFLOP/s)
[  8/15] BM= 32, BN= 64, BK= 8, TM=4, TN=1:  77.9058 ms (median), mean=84.1258 ± 7.0138 ms (660.92 GFLOP/s)
[  9/15] BM= 32, BN= 64, BK= 8, TM=4, TN=1:  87.1178 ms (median), mean=86.7110 ± 7.2297 ms (591.03 GFLOP/s)
[ 10/15] BM= 16, BN= 64, BK= 8, TM=2, TN=4: 133.4039 ms (median), mean=137.0505 ± 13.7722 ms (385.97 GFLOP/s)
[ 11/15] BM= 32, BN= 64, BK= 1, TM=4, TN=1:  78.0104 ms (median), mean=84.0800 ± 7.0082 ms (660.03 GFLOP/s)
[ 12/15] BM= 32, BN= 64, BK= 1, TM=4, TN=1:  77.8259 ms (median), mean=84.1265 ± 6.9559 ms (661.60 GFLOP/s)
[ 13/15] BM= 16, BN= 64, BK= 0, TM=1, TN=4: 121.2926 ms (median), mean=124.2232 ± 18.4940 ms (424.50 GFLOP/s)
[ 14/15] BM= 32, BN= 32, BK= 8, TM=4, TN=2:  81.0675 ms (median), mean=86.0442 ± 8.5918 ms (635.14 GFLOP/s)
[ 15/15] BM= 32, BN= 64, BK= 2, TM=4, TN=2:  77.8894 ms (median), mean=84.1417 ± 8.0486 ms (661.06 GFLOP/s)

Best trial: Trial #12
Best value: 77.8259 ms
✓ Bayesian run completed: 15 configs evaluated

================================================================================
EXPERIMENT 1: SYCL STENCIL Random Search
================================================================================

================================================================================
Random Search Auto-tuning SYCL STENCIL kernel
================================================================================
Problem size: 4096x4096x512
Samples to evaluate: 15

Benchmark repeats per config: 10, warmup runs: 5

Valid configurations in search space: 200
[  1/15] BM= 16, BN= 64, BK= 0, TM=2, TN=2:  86.0748 ms (median), mean=90.2231 ± 9.2054 ms (598.19 GFLOP/s)
[  2/15] BM= 32, BN= 32, BK= 0, TM=4, TN=4: 135.9605 ms (median), mean=141.8073 ± 11.3307 ms (378.71 GFLOP/s)
[  3/15] BM= 64, BN= 64, BK= 8, TM=4, TN=4: 119.9470 ms (median), mean=120.8705 ± 15.2761 ms (429.27 GFLOP/s)
[  4/15] BM= 32, BN= 32, BK= 2, TM=1, TN=2:  90.1380 ms (median), mean=99.0421 ± 13.8070 ms (571.23 GFLOP/s)
[  5/15] BM= 16, BN= 32, BK= 1, TM=1, TN=2:  89.5815 ms (median), mean=94.8146 ± 12.0882 ms (574.78 GFLOP/s)
[  6/15] BM= 16, BN= 64, BK= 8, TM=4, TN=4: 130.7009 ms (median), mean=134.7696 ± 15.0079 ms (393.95 GFLOP/s)
[  7/15] BM= 32, BN= 64, BK= 1, TM=2, TN=2:  87.7371 ms (median), mean=90.8258 ± 10.1239 ms (586.86 GFLOP/s)
[  8/15] BM= 32, BN= 64, BK= 0, TM=2, TN=2:  80.0876 ms (median), mean=90.5843 ± 11.4193 ms (642.91 GFLOP/s)
[  9/15] BM= 32, BN= 32, BK= 1, TM=2, TN=4:  92.5977 ms (median), mean=105.1355 ± 18.7594 ms (556.05 GFLOP/s)
[ 10/15] BM= 16, BN=128, BK= 1, TM=4, TN=2:  78.3593 ms (median), mean=83.9108 ± 7.3385 ms (657.09 GFLOP/s)
[ 11/15] BM= 32, BN= 32, BK= 8, TM=4, TN=4:  97.8893 ms (median), mean=107.4751 ± 14.2250 ms (525.99 GFLOP/s)
[ 12/15] BM= 32, BN= 32, BK= 0, TM=1, TN=2:  89.6231 ms (median), mean=96.2496 ± 12.9051 ms (574.51 GFLOP/s)
[ 13/15] BM= 32, BN=128, BK= 0, TM=4, TN=4: 130.3743 ms (median), mean=126.1993 ± 18.1157 ms (394.93 GFLOP/s)
[ 14/15] BM= 16, BN= 64, BK= 2, TM=2, TN=4: 133.8888 ms (median), mean=137.9923 ± 12.1486 ms (384.57 GFLOP/s)
[ 15/15] BM= 32, BN= 64, BK= 1, TM=1, TN=4: 134.5034 ms (median), mean=139.8498 ± 13.8755 ms (382.81 GFLOP/s)
✓ Random run completed: 15 configs evaluated
BAYESIAN holdout: geometric-mean speedup=1.063x, 95% CI=[0.973, 1.163], 12/20 paired seeds faster
RANDOM holdout: geometric-mean speedup=1.079x, 95% CI=[0.988, 1.179], 15/20 paired seeds faster

✓ SYCL Bayesian Run 1: best = 77.8259 ms
✓ SYCL Random Run 1:   best = 78.3593 ms

================================================================================
EXPERIMENT 2: SYCL STENCIL Bayesian Search
================================================================================

================================================================================
Bayesian Optimization Auto-tuning SYCL STENCIL kernel (Optuna)
================================================================================
Problem size: 4096x4096x512
Trials to evaluate: 15

Benchmark repeats per config: 10, warmup runs: 5

Valid configurations in search space: 200/324

[  1/15] BM= 16, BN= 64, BK= 0, TM=2, TN=2:  94.3550 ms (median), mean=92.9327 ± 10.1090 ms (545.70 GFLOP/s)
[  2/15] BM= 64, BN= 64, BK= 8, TM=2, TN=4:  95.1430 ms (median), mean=109.6000 ± 16.4884 ms (541.18 GFLOP/s)
[  3/15] BM= 16, BN= 32, BK= 0, TM=2, TN=4: 129.7051 ms (median), mean=135.5052 ± 12.3543 ms (396.97 GFLOP/s)
[  4/15] BM= 32, BN=128, BK= 2, TM=4, TN=4:  96.0137 ms (median), mean=112.9726 ± 19.5205 ms (536.27 GFLOP/s)
[  5/15] BM= 16, BN=128, BK= 2, TM=1, TN=4:  98.2751 ms (median), mean=109.4634 ± 16.8044 ms (523.93 GFLOP/s)
[  6/15] BM= 16, BN=128, BK= 0, TM=4, TN=2:  78.3359 ms (median), mean=82.6970 ± 6.8603 ms (657.29 GFLOP/s)
[  7/15] BM= 16, BN=128, BK= 0, TM=4, TN=2:  76.8268 ms (median), mean=83.5828 ± 7.7604 ms (670.20 GFLOP/s)
[  8/15] BM= 32, BN= 64, BK= 2, TM=1, TN=4:  96.0385 ms (median), mean=115.7765 ± 22.4983 ms (536.13 GFLOP/s)
[  9/15] BM= 16, BN=128, BK= 8, TM=4, TN=1:  79.8440 ms (median), mean=84.9650 ± 6.8628 ms (644.87 GFLOP/s)
[ 10/15] BM= 16, BN= 64, BK= 0, TM=1, TN=4: 134.9585 ms (median), mean=140.8890 ± 13.9835 ms (381.52 GFLOP/s)
[ 11/15] BM= 16, BN= 32, BK= 1, TM=4, TN=4:  95.3094 ms (median), mean=110.1121 ± 17.0082 ms (540.23 GFLOP/s)
[ 12/15] BM= 16, BN=128, BK= 0, TM=4, TN=2:  81.2150 ms (median), mean=84.4488 ± 7.4349 ms (633.99 GFLOP/s)
[ 13/15] BM= 16, BN=128, BK= 0, TM=4, TN=2:  77.4632 ms (median), mean=83.3844 ± 7.7525 ms (664.69 GFLOP/s)
[ 14/15] BM= 16, BN=128, BK= 0, TM=4, TN=2:  78.4831 ms (median), mean=83.0102 ± 6.7345 ms (656.06 GFLOP/s)
[ 15/15] BM= 16, BN= 64, BK= 0, TM=1, TN=2: 104.2714 ms (median), mean=104.3493 ± 16.4851 ms (493.80 GFLOP/s)

Best trial: Trial #7
Best value: 76.8268 ms
✓ Bayesian run completed: 15 configs evaluated

================================================================================
EXPERIMENT 2: SYCL STENCIL Random Search
================================================================================

================================================================================
Random Search Auto-tuning SYCL STENCIL kernel
================================================================================
Problem size: 4096x4096x512
Samples to evaluate: 15

Benchmark repeats per config: 10, warmup runs: 5

Valid configurations in search space: 200
[  1/15] BM= 16, BN= 64, BK= 0, TM=2, TN=2:  80.4227 ms (median), mean=90.1469 ± 10.0522 ms (640.23 GFLOP/s)
[  2/15] BM= 32, BN= 32, BK= 2, TM=2, TN=1:  81.9996 ms (median), mean=95.3384 ± 13.7251 ms (627.92 GFLOP/s)
[  3/15] BM= 64, BN= 32, BK= 2, TM=1, TN=4:  97.7246 ms (median), mean=115.7463 ± 20.7175 ms (526.88 GFLOP/s)
[  4/15] BM= 64, BN= 64, BK= 8, TM=4, TN=4:  95.8458 ms (median), mean=113.4760 ± 20.2395 ms (537.21 GFLOP/s)
[  5/15] BM= 16, BN= 32, BK= 2, TM=4, TN=2:  77.4375 ms (median), mean=85.6875 ± 9.1175 ms (664.91 GFLOP/s)
[  6/15] BM= 32, BN= 32, BK= 1, TM=1, TN=4: 123.3808 ms (median), mean=122.9986 ± 17.8014 ms (417.32 GFLOP/s)
[  7/15] BM= 16, BN=128, BK= 8, TM=4, TN=4:  96.7975 ms (median), mean=113.1989 ± 18.8311 ms (531.93 GFLOP/s)
[  8/15] BM= 16, BN= 32, BK= 1, TM=4, TN=2:  81.2078 ms (median), mean=86.5298 ± 8.7734 ms (634.04 GFLOP/s)
[  9/15] BM= 32, BN= 32, BK= 8, TM=2, TN=4:  93.6607 ms (median), mean=109.8848 ± 18.5405 ms (549.74 GFLOP/s)
[ 10/15] BM= 16, BN= 64, BK= 0, TM=4, TN=4:  96.2870 ms (median), mean=108.1409 ± 17.6684 ms (534.75 GFLOP/s)
[ 11/15] BM= 32, BN= 64, BK= 2, TM=2, TN=2:  89.6185 ms (median), mean=92.2217 ± 10.8394 ms (574.54 GFLOP/s)
[ 12/15] BM= 32, BN= 32, BK= 2, TM=2, TN=4:  93.0280 ms (median), mean=104.7341 ± 17.7661 ms (553.48 GFLOP/s)
[ 13/15] BM= 16, BN= 32, BK= 8, TM=4, TN=1:  79.8185 ms (median), mean=84.0746 ± 6.1289 ms (645.08 GFLOP/s)
[ 14/15] BM= 16, BN= 64, BK= 2, TM=4, TN=1:  81.1032 ms (median), mean=85.4530 ± 6.2090 ms (634.86 GFLOP/s)
[ 15/15] BM= 16, BN= 64, BK= 8, TM=2, TN=1:  83.9590 ms (median), mean=94.5099 ± 12.6377 ms (613.27 GFLOP/s)
✓ Random run completed: 15 configs evaluated
BAYESIAN holdout: geometric-mean speedup=1.037x, 95% CI=[0.963, 1.117], 12/20 paired seeds faster
RANDOM holdout: geometric-mean speedup=1.015x, 95% CI=[0.931, 1.105], 13/20 paired seeds faster

✓ SYCL Bayesian Run 2: best = 76.8268 ms
✓ SYCL Random Run 2:   best = 77.4375 ms

================================================================================
EXPERIMENT 3: SYCL STENCIL Bayesian Search
================================================================================

================================================================================
Bayesian Optimization Auto-tuning SYCL STENCIL kernel (Optuna)
================================================================================
Problem size: 4096x4096x512
Trials to evaluate: 15

Benchmark repeats per config: 10, warmup runs: 5

Valid configurations in search space: 200/324

[  1/15] BM= 16, BN= 64, BK= 0, TM=2, TN=2:  85.0952 ms (median), mean=89.7351 ± 9.6436 ms (605.08 GFLOP/s)
[  2/15] BM= 64, BN= 64, BK= 8, TM=4, TN=4:  99.9998 ms (median), mean=109.2520 ± 12.7712 ms (514.89 GFLOP/s)
[  3/15] BM= 16, BN= 32, BK= 8, TM=2, TN=1:  80.3867 ms (median), mean=89.1628 ± 11.2549 ms (640.52 GFLOP/s)
[  4/15] BM= 64, BN= 32, BK= 0, TM=4, TN=2:  78.5528 ms (median), mean=88.8644 ± 10.0728 ms (655.47 GFLOP/s)
[  5/15] BM= 32, BN= 32, BK= 1, TM=4, TN=4:  96.8646 ms (median), mean=115.7480 ± 21.5152 ms (531.56 GFLOP/s)
[  6/15] BM= 32, BN= 32, BK= 2, TM=4, TN=2:  85.2600 ms (median), mean=87.6603 ± 9.1845 ms (603.91 GFLOP/s)
[  7/15] BM= 64, BN= 32, BK= 8, TM=2, TN=2:  81.2209 ms (median), mean=93.4336 ± 12.2972 ms (633.94 GFLOP/s)
[  8/15] BM= 16, BN= 64, BK= 2, TM=2, TN=2:  93.2173 ms (median), mean=91.9849 ± 9.3219 ms (552.36 GFLOP/s)
[  9/15] BM= 64, BN= 32, BK= 2, TM=4, TN=4: 131.8447 ms (median), mean=136.3686 ± 13.9198 ms (390.53 GFLOP/s)
[ 10/15] BM= 64, BN= 64, BK= 0, TM=4, TN=4:  96.1366 ms (median), mean=116.1634 ± 22.7934 ms (535.58 GFLOP/s)
[ 11/15] BM= 32, BN= 64, BK= 1, TM=2, TN=2:  79.5896 ms (median), mean=90.7661 ± 11.7442 ms (646.93 GFLOP/s)
[ 12/15] BM= 16, BN= 32, BK= 8, TM=4, TN=1:  80.1461 ms (median), mean=85.4779 ± 6.4565 ms (642.44 GFLOP/s)
[ 13/15] BM= 32, BN= 64, BK= 8, TM=4, TN=1:  78.0513 ms (median), mean=83.1697 ± 6.7817 ms (659.68 GFLOP/s)
[ 14/15] BM= 64, BN= 32, BK= 0, TM=4, TN=2:  80.1630 ms (median), mean=89.0766 ± 9.9098 ms (642.31 GFLOP/s)
[ 15/15] BM= 32, BN= 64, BK= 0, TM=2, TN=4: 132.7017 ms (median), mean=136.5388 ± 12.4563 ms (388.01 GFLOP/s)

Best trial: Trial #13
Best value: 78.0513 ms
✓ Bayesian run completed: 15 configs evaluated

================================================================================
EXPERIMENT 3: SYCL STENCIL Random Search
================================================================================

================================================================================
Random Search Auto-tuning SYCL STENCIL kernel
================================================================================
Problem size: 4096x4096x512
Samples to evaluate: 15

Benchmark repeats per config: 10, warmup runs: 5

Valid configurations in search space: 200
[  1/15] BM= 16, BN= 64, BK= 0, TM=2, TN=2:  79.1346 ms (median), mean=89.6916 ± 10.4377 ms (650.65 GFLOP/s)
[  2/15] BM= 32, BN= 32, BK= 2, TM=4, TN=4:  97.6323 ms (median), mean=108.0282 ± 15.9064 ms (527.38 GFLOP/s)
[  3/15] BM= 16, BN= 32, BK= 1, TM=2, TN=1:  85.9043 ms (median), mean=95.6673 ± 12.4034 ms (599.38 GFLOP/s)
[  4/15] BM= 64, BN=128, BK= 1, TM=4, TN=4:  99.3331 ms (median), mean=112.3964 ± 19.4246 ms (518.35 GFLOP/s)
[  5/15] BM= 32, BN= 32, BK= 8, TM=4, TN=2:  82.8827 ms (median), mean=87.5635 ± 9.4601 ms (621.23 GFLOP/s)
[  6/15] BM= 64, BN=128, BK= 0, TM=4, TN=4:  99.4631 ms (median), mean=111.9245 ± 18.6071 ms (517.67 GFLOP/s)
[  7/15] BM= 16, BN= 64, BK= 8, TM=4, TN=2:  79.0985 ms (median), mean=84.8122 ± 7.8507 ms (650.95 GFLOP/s)
[  8/15] BM= 64, BN= 32, BK= 8, TM=4, TN=1:  80.4958 ms (median), mean=86.3469 ± 7.6640 ms (639.65 GFLOP/s)
[  9/15] BM= 16, BN= 64, BK= 1, TM=2, TN=2:  80.9588 ms (median), mean=87.1991 ± 9.9443 ms (635.99 GFLOP/s)
[ 10/15] BM= 32, BN=128, BK= 0, TM=2, TN=4:  95.6358 ms (median), mean=110.3366 ± 15.7659 ms (538.39 GFLOP/s)
[ 11/15] BM= 64, BN= 32, BK= 0, TM=4, TN=2:  81.8533 ms (median), mean=86.9627 ± 9.0093 ms (629.04 GFLOP/s)
[ 12/15] BM= 16, BN= 32, BK= 8, TM=4, TN=4: 127.2595 ms (median), mean=134.4749 ± 14.5152 ms (404.60 GFLOP/s)
[ 13/15] BM= 64, BN= 64, BK= 8, TM=4, TN=2:  80.5335 ms (median), mean=87.0755 ± 9.1638 ms (639.35 GFLOP/s)
[ 14/15] BM= 32, BN= 32, BK= 1, TM=2, TN=2:  83.5335 ms (median), mean=89.6961 ± 10.6304 ms (616.39 GFLOP/s)
[ 15/15] BM= 16, BN= 64, BK= 1, TM=4, TN=1:  79.6098 ms (median), mean=84.2694 ± 6.1665 ms (646.77 GFLOP/s)
✓ Random run completed: 15 configs evaluated
BAYESIAN holdout: geometric-mean speedup=1.062x, 95% CI=[0.976, 1.155], 15/20 paired seeds faster
RANDOM holdout: geometric-mean speedup=1.046x, 95% CI=[0.935, 1.170], 13/20 paired seeds faster

✓ SYCL Bayesian Run 3: best = 78.0513 ms
✓ SYCL Random Run 3:   best = 79.0985 ms

================================================================================
EXPERIMENT 4: SYCL STENCIL Bayesian Search
================================================================================

================================================================================
Bayesian Optimization Auto-tuning SYCL STENCIL kernel (Optuna)
================================================================================
Problem size: 4096x4096x512
Trials to evaluate: 15

Benchmark repeats per config: 10, warmup runs: 5

Valid configurations in search space: 200/324

[  1/15] BM= 16, BN= 64, BK= 0, TM=2, TN=2:  82.6612 ms (median), mean=87.6810 ± 9.2506 ms (622.90 GFLOP/s)
[  2/15] BM= 16, BN= 32, BK= 2, TM=4, TN=2:  89.4089 ms (median), mean=88.4158 ± 9.4385 ms (575.89 GFLOP/s)
[  3/15] BM= 64, BN= 32, BK= 2, TM=2, TN=2:  78.5155 ms (median), mean=86.4933 ± 10.4104 ms (655.79 GFLOP/s)
[  4/15] BM= 32, BN= 32, BK= 1, TM=4, TN=4: 133.7180 ms (median), mean=140.1225 ± 12.0508 ms (385.06 GFLOP/s)
[  5/15] BM= 32, BN= 64, BK= 1, TM=2, TN=2:  80.1863 ms (median), mean=88.7157 ± 10.3855 ms (642.12 GFLOP/s)
[  6/15] BM= 64, BN= 32, BK= 8, TM=2, TN=4: 133.4525 ms (median), mean=135.7026 ± 14.9396 ms (385.82 GFLOP/s)
[  7/15] BM= 64, BN= 32, BK= 2, TM=2, TN=2:  84.0224 ms (median), mean=89.9269 ± 10.7312 ms (612.80 GFLOP/s)
[  8/15] BM= 16, BN= 64, BK= 1, TM=2, TN=4: 132.2893 ms (median), mean=136.4191 ± 12.0260 ms (389.22 GFLOP/s)
[  9/15] BM= 32, BN=128, BK= 0, TM=2, TN=4: 136.3829 ms (median), mean=141.8022 ± 11.3405 ms (377.53 GFLOP/s)
[ 10/15] BM= 32, BN= 32, BK= 2, TM=2, TN=4: 135.8037 ms (median), mean=137.9022 ± 13.9501 ms (379.14 GFLOP/s)
[ 11/15] BM= 64, BN= 32, BK= 2, TM=1, TN=4: 136.3444 ms (median), mean=141.4619 ± 12.2926 ms (377.64 GFLOP/s)
[ 12/15] BM= 16, BN= 32, BK= 1, TM=2, TN=2:  87.9426 ms (median), mean=91.3100 ± 9.7122 ms (585.49 GFLOP/s)
[ 13/15] BM= 32, BN=128, BK= 2, TM=2, TN=4:  97.8931 ms (median), mean=108.7852 ± 13.5119 ms (525.97 GFLOP/s)
[ 14/15] BM= 16, BN= 64, BK= 1, TM=4, TN=1:  80.5802 ms (median), mean=85.4734 ± 6.6100 ms (638.98 GFLOP/s)
[ 15/15] BM= 64, BN= 32, BK= 1, TM=2, TN=2:  78.1217 ms (median), mean=86.4652 ± 10.9665 ms (659.09 GFLOP/s)

Best trial: Trial #15
Best value: 78.1217 ms
✓ Bayesian run completed: 15 configs evaluated

================================================================================
EXPERIMENT 4: SYCL STENCIL Random Search
================================================================================

================================================================================
Random Search Auto-tuning SYCL STENCIL kernel
================================================================================
Problem size: 4096x4096x512
Samples to evaluate: 15

Benchmark repeats per config: 10, warmup runs: 5

Valid configurations in search space: 200
[  1/15] BM= 16, BN= 64, BK= 0, TM=2, TN=2:  79.6552 ms (median), mean=86.4913 ± 9.8616 ms (646.40 GFLOP/s)
[  2/15] BM= 64, BN= 32, BK= 0, TM=4, TN=2:  78.8573 ms (median), mean=88.8852 ± 9.9647 ms (652.94 GFLOP/s)
[  3/15] BM= 16, BN= 32, BK= 8, TM=2, TN=4:  93.0695 ms (median), mean=109.6318 ± 19.0018 ms (553.23 GFLOP/s)
[  4/15] BM= 16, BN=128, BK= 2, TM=1, TN=4:  98.2561 ms (median), mean=111.8402 ± 20.2084 ms (524.03 GFLOP/s)
[  5/15] BM= 16, BN= 32, BK= 2, TM=2, TN=1:  84.0263 ms (median), mean=95.3982 ± 12.3567 ms (612.78 GFLOP/s)
[  6/15] BM= 16, BN=128, BK= 0, TM=4, TN=2:  78.3558 ms (median), mean=84.1441 ± 7.3166 ms (657.12 GFLOP/s)
[  7/15] BM= 64, BN= 64, BK= 0, TM=2, TN=4:  95.0286 ms (median), mean=105.7013 ± 15.8812 ms (541.83 GFLOP/s)
[  8/15] BM= 64, BN= 32, BK= 1, TM=1, TN=4:  98.6454 ms (median), mean=108.5638 ± 14.7868 ms (521.96 GFLOP/s)
[  9/15] BM= 16, BN=128, BK= 1, TM=4, TN=4:  96.5562 ms (median), mean=108.4315 ± 17.8413 ms (533.26 GFLOP/s)
[ 10/15] BM= 16, BN= 64, BK= 0, TM=1, TN=2:  82.9017 ms (median), mean=99.5973 ± 16.3676 ms (621.09 GFLOP/s)
[ 11/15] BM= 32, BN=128, BK= 2, TM=4, TN=2:  79.4327 ms (median), mean=86.4925 ± 8.6669 ms (648.21 GFLOP/s)
[ 12/15] BM= 64, BN= 32, BK= 2, TM=2, TN=2:  81.3324 ms (median), mean=93.1815 ± 12.2649 ms (633.07 GFLOP/s)
[ 13/15] BM= 64, BN= 64, BK= 0, TM=4, TN=4:  96.1466 ms (median), mean=108.7855 ± 18.8106 ms (535.53 GFLOP/s)
[ 14/15] BM= 32, BN= 32, BK= 2, TM=4, TN=2:  76.6579 ms (median), mean=86.3469 ± 9.6012 ms (671.68 GFLOP/s)
[ 15/15] BM= 16, BN=128, BK= 1, TM=4, TN=2:  78.0683 ms (median), mean=84.0734 ± 7.3991 ms (659.54 GFLOP/s)
✓ Random run completed: 15 configs evaluated
BAYESIAN holdout: geometric-mean speedup=0.965x, 95% CI=[0.863, 1.079], 5/20 paired seeds faster
RANDOM holdout: geometric-mean speedup=1.057x, 95% CI=[0.933, 1.197], 11/20 paired seeds faster

✓ SYCL Bayesian Run 4: best = 78.1217 ms
✓ SYCL Random Run 4:   best = 76.6579 ms

================================================================================
EXPERIMENT 5: SYCL STENCIL Bayesian Search
================================================================================

================================================================================
Bayesian Optimization Auto-tuning SYCL STENCIL kernel (Optuna)
================================================================================
Problem size: 4096x4096x512
Trials to evaluate: 15

Benchmark repeats per config: 10, warmup runs: 5

Valid configurations in search space: 200/324

[  1/15] BM= 16, BN= 64, BK= 0, TM=2, TN=2:  79.4630 ms (median), mean=89.7530 ± 10.1946 ms (647.97 GFLOP/s)
[  2/15] BM= 32, BN= 64, BK= 8, TM=4, TN=1:  77.5946 ms (median), mean=82.7112 ± 6.7794 ms (663.57 GFLOP/s)
[  3/15] BM= 32, BN= 32, BK= 8, TM=1, TN=2:  85.3633 ms (median), mean=102.3882 ± 17.1651 ms (603.18 GFLOP/s)
[  4/15] BM= 16, BN=128, BK= 0, TM=1, TN=4:  98.7683 ms (median), mean=111.1561 ± 18.7921 ms (521.31 GFLOP/s)
[  5/15] BM= 16, BN= 64, BK= 8, TM=4, TN=1:  80.8764 ms (median), mean=85.0866 ± 6.4791 ms (636.64 GFLOP/s)
[  6/15] BM= 32, BN= 64, BK= 1, TM=1, TN=4:  96.7245 ms (median), mean=115.8422 ± 22.0032 ms (532.33 GFLOP/s)
[  7/15] BM= 16, BN= 32, BK= 2, TM=2, TN=1:  82.9533 ms (median), mean=94.3773 ± 13.0346 ms (620.70 GFLOP/s)
[  8/15] BM= 32, BN= 64, BK= 8, TM=4, TN=1:  78.4172 ms (median), mean=83.0300 ± 6.7898 ms (656.61 GFLOP/s)
[  9/15] BM= 64, BN= 32, BK= 2, TM=2, TN=4:  95.7253 ms (median), mean=106.3616 ± 16.1244 ms (537.89 GFLOP/s)
[ 10/15] BM= 16, BN= 32, BK= 1, TM=1, TN=1:  91.4278 ms (median), mean=95.9214 ± 9.2501 ms (563.17 GFLOP/s)
[ 11/15] BM= 16, BN= 32, BK= 2, TM=2, TN=4:  93.4297 ms (median), mean=112.1825 ± 21.2562 ms (551.10 GFLOP/s)
[ 12/15] BM= 32, BN= 32, BK= 2, TM=2, TN=2:  79.2287 ms (median), mean=90.6062 ± 11.6779 ms (649.88 GFLOP/s)
[ 13/15] BM= 32, BN=128, BK= 8, TM=4, TN=2:  76.8867 ms (median), mean=83.6236 ± 8.2134 ms (669.68 GFLOP/s)
[ 14/15] BM= 32, BN=128, BK= 0, TM=2, TN=4:  95.0206 ms (median), mean=113.9476 ± 21.5735 ms (541.87 GFLOP/s)
[ 15/15] BM= 16, BN= 32, BK= 2, TM=1, TN=2: 105.3738 ms (median), mean=103.2795 ± 16.1610 ms (488.63 GFLOP/s)

Best trial: Trial #13
Best value: 76.8867 ms
✓ Bayesian run completed: 15 configs evaluated

================================================================================
EXPERIMENT 5: SYCL STENCIL Random Search
================================================================================

================================================================================
Random Search Auto-tuning SYCL STENCIL kernel
================================================================================
Problem size: 4096x4096x512
Samples to evaluate: 15

Benchmark repeats per config: 10, warmup runs: 5

Valid configurations in search space: 200
[  1/15] BM= 16, BN= 64, BK= 0, TM=2, TN=2:  93.7566 ms (median), mean=92.7412 ± 10.2284 ms (549.18 GFLOP/s)
[  2/15] BM= 32, BN= 32, BK= 1, TM=4, TN=1:  80.1585 ms (median), mean=83.7943 ± 6.1409 ms (642.34 GFLOP/s)
[  3/15] BM= 32, BN= 32, BK= 1, TM=4, TN=4:  96.7845 ms (median), mean=115.5933 ± 21.4944 ms (532.00 GFLOP/s)
[  4/15] BM= 32, BN= 32, BK= 8, TM=2, TN=2:  81.8952 ms (median), mean=91.2617 ± 11.2343 ms (628.72 GFLOP/s)
[  5/15] BM= 64, BN= 32, BK= 8, TM=4, TN=2:  80.3649 ms (median), mean=89.0774 ± 9.7716 ms (640.69 GFLOP/s)
[  6/15] BM= 16, BN= 64, BK= 8, TM=2, TN=4:  91.9588 ms (median), mean=110.8407 ± 21.5649 ms (559.92 GFLOP/s)
[  7/15] BM= 32, BN= 64, BK= 1, TM=1, TN=4:  97.0699 ms (median), mean=115.4719 ± 21.0704 ms (530.44 GFLOP/s)
[  8/15] BM= 64, BN= 64, BK= 0, TM=4, TN=2:  78.8899 ms (median), mean=86.8741 ± 9.1771 ms (652.67 GFLOP/s)
[  9/15] BM= 64, BN= 32, BK= 1, TM=4, TN=1:  80.6359 ms (median), mean=86.5609 ± 7.4326 ms (638.54 GFLOP/s)
[ 10/15] BM= 32, BN= 32, BK= 8, TM=1, TN=4:  95.9652 ms (median), mean=109.0595 ± 19.2939 ms (536.54 GFLOP/s)
[ 11/15] BM= 16, BN=128, BK= 2, TM=2, TN=2:  80.1235 ms (median), mean=90.9898 ± 11.3530 ms (642.62 GFLOP/s)
[ 12/15] BM= 32, BN= 32, BK= 1, TM=1, TN=2: 103.6518 ms (median), mean=105.4764 ± 16.8545 ms (496.75 GFLOP/s)
[ 13/15] BM= 64, BN= 32, BK= 1, TM=4, TN=4:  96.7324 ms (median), mean=107.6449 ± 16.5527 ms (532.29 GFLOP/s)
[ 14/15] BM= 16, BN= 32, BK= 8, TM=1, TN=4:  96.3025 ms (median), mean=109.6020 ± 19.8509 ms (534.66 GFLOP/s)
[ 15/15] BM= 32, BN= 32, BK= 0, TM=2, TN=1:  83.9299 ms (median), mean=96.0266 ± 13.3350 ms (613.48 GFLOP/s)
✓ Random run completed: 15 configs evaluated
BAYESIAN holdout: geometric-mean speedup=1.050x, 95% CI=[0.948, 1.163], 11/20 paired seeds faster
RANDOM holdout: geometric-mean speedup=1.041x, 95% CI=[0.978, 1.108], 18/20 paired seeds faster

✓ SYCL Bayesian Run 5: best = 76.8867 ms
✓ SYCL Random Run 5:   best = 78.8899 ms

================================================================================
EXPERIMENT 6: SYCL STENCIL Bayesian Search
================================================================================

================================================================================
Bayesian Optimization Auto-tuning SYCL STENCIL kernel (Optuna)
================================================================================
Problem size: 4096x4096x512
Trials to evaluate: 15

Benchmark repeats per config: 10, warmup runs: 5

Valid configurations in search space: 200/324

[  1/15] BM= 16, BN= 64, BK= 0, TM=2, TN=2:  80.5596 ms (median), mean=89.9293 ± 9.9822 ms (639.15 GFLOP/s)
[  2/15] BM= 64, BN= 64, BK= 8, TM=2, TN=4: 129.7461 ms (median), mean=136.0436 ± 14.9798 ms (396.85 GFLOP/s)
[  3/15] BM= 16, BN= 32, BK= 1, TM=2, TN=2:  80.7407 ms (median), mean=92.6095 ± 11.4444 ms (637.71 GFLOP/s)
[  4/15] BM= 16, BN= 64, BK= 0, TM=4, TN=1:  81.5402 ms (median), mean=85.7596 ± 6.2621 ms (631.46 GFLOP/s)
[  5/15] BM= 32, BN= 32, BK= 8, TM=2, TN=2:  83.1549 ms (median), mean=91.4836 ± 11.1409 ms (619.20 GFLOP/s)
[  6/15] BM= 16, BN= 32, BK= 2, TM=1, TN=4:  97.0454 ms (median), mean=113.7047 ± 19.0785 ms (530.57 GFLOP/s)
[  7/15] BM= 16, BN= 64, BK= 0, TM=2, TN=2:  79.7713 ms (median), mean=89.6460 ± 10.1813 ms (645.46 GFLOP/s)
[  8/15] BM= 32, BN= 32, BK= 8, TM=1, TN=2:  85.0970 ms (median), mean=102.1180 ± 17.3185 ms (605.07 GFLOP/s)
[  9/15] BM= 32, BN= 32, BK= 8, TM=2, TN=4:  93.4963 ms (median), mean=105.1695 ± 17.4399 ms (550.71 GFLOP/s)
[ 10/15] BM= 32, BN= 64, BK= 8, TM=1, TN=4:  96.1064 ms (median), mean=108.9850 ± 19.1039 ms (535.75 GFLOP/s)
[ 11/15] BM= 16, BN=128, BK= 8, TM=4, TN=2:  78.4228 ms (median), mean=84.0040 ± 7.3070 ms (656.56 GFLOP/s)
[ 12/15] BM= 64, BN= 32, BK= 1, TM=4, TN=4: 119.6158 ms (median), mean=121.1284 ± 17.2130 ms (430.46 GFLOP/s)
[ 13/15] BM= 16, BN= 64, BK= 1, TM=4, TN=2:  77.0911 ms (median), mean=84.4531 ± 7.9730 ms (667.90 GFLOP/s)
[ 14/15] BM= 16, BN= 64, BK= 1, TM=4, TN=2:  76.6433 ms (median), mean=84.3409 ± 7.9402 ms (671.80 GFLOP/s)
[ 15/15] BM= 64, BN= 32, BK= 0, TM=2, TN=2:  96.6344 ms (median), mean=96.4849 ± 12.7539 ms (532.83 GFLOP/s)

Best trial: Trial #14
Best value: 76.6433 ms
✓ Bayesian run completed: 15 configs evaluated

================================================================================
EXPERIMENT 6: SYCL STENCIL Random Search
================================================================================

================================================================================
Random Search Auto-tuning SYCL STENCIL kernel
================================================================================
Problem size: 4096x4096x512
Samples to evaluate: 15

Benchmark repeats per config: 10, warmup runs: 5

Valid configurations in search space: 200
[  1/15] BM= 16, BN= 64, BK= 0, TM=2, TN=2:  79.7044 ms (median), mean=89.8313 ± 10.0621 ms (646.00 GFLOP/s)
[  2/15] BM= 16, BN= 64, BK= 8, TM=1, TN=2: 103.5480 ms (median), mean=103.2944 ± 16.6662 ms (497.25 GFLOP/s)
[  3/15] BM= 32, BN= 32, BK= 0, TM=2, TN=1: 102.2929 ms (median), mean=99.7730 ± 13.4210 ms (503.35 GFLOP/s)
[  4/15] BM= 32, BN= 32, BK= 1, TM=2, TN=1:  88.2167 ms (median), mean=93.1713 ± 11.3709 ms (583.67 GFLOP/s)
[  5/15] BM= 32, BN= 32, BK= 8, TM=1, TN=4: 133.6117 ms (median), mean=140.1133 ± 12.7351 ms (385.36 GFLOP/s)
[  6/15] BM= 16, BN= 32, BK= 8, TM=1, TN=2: 103.6584 ms (median), mean=98.5414 ± 12.1351 ms (496.72 GFLOP/s)
[  7/15] BM= 32, BN= 64, BK= 0, TM=4, TN=4: 132.9494 ms (median), mean=137.2894 ± 13.9791 ms (387.28 GFLOP/s)
[  8/15] BM= 32, BN= 32, BK= 1, TM=2, TN=2:  85.9508 ms (median), mean=91.1032 ± 10.6129 ms (599.06 GFLOP/s)
[  9/15] BM= 16, BN= 32, BK= 1, TM=1, TN=4: 124.3859 ms (median), mean=124.2288 ± 17.6155 ms (413.95 GFLOP/s)
[ 10/15] BM= 32, BN= 64, BK= 1, TM=1, TN=4: 120.4044 ms (median), mean=119.1309 ± 14.6894 ms (427.64 GFLOP/s)
[ 11/15] BM= 16, BN=128, BK= 8, TM=2, TN=4: 132.4217 ms (median), mean=137.8354 ± 11.2922 ms (388.83 GFLOP/s)
[ 12/15] BM= 32, BN= 64, BK= 1, TM=4, TN=2:  81.5088 ms (median), mean=87.2264 ± 7.5678 ms (631.70 GFLOP/s)
[ 13/15] BM= 16, BN= 64, BK= 8, TM=4, TN=2:  79.5308 ms (median), mean=84.9586 ± 7.6154 ms (647.41 GFLOP/s)
[ 14/15] BM= 32, BN=128, BK= 1, TM=4, TN=2:  79.2914 ms (median), mean=86.5810 ± 8.7415 ms (649.37 GFLOP/s)
[ 15/15] BM= 16, BN= 32, BK= 1, TM=4, TN=2:  94.3275 ms (median), mean=89.2826 ± 8.2968 ms (545.86 GFLOP/s)
✓ Random run completed: 15 configs evaluated
BAYESIAN holdout: geometric-mean speedup=1.051x, 95% CI=[0.978, 1.128], 14/20 paired seeds faster
RANDOM holdout: geometric-mean speedup=1.018x, 95% CI=[0.911, 1.136], 13/20 paired seeds faster

✓ SYCL Bayesian Run 6: best = 76.6433 ms
✓ SYCL Random Run 6:   best = 79.2914 ms

================================================================================
EXPERIMENT 7: SYCL STENCIL Bayesian Search
================================================================================

================================================================================
Bayesian Optimization Auto-tuning SYCL STENCIL kernel (Optuna)
================================================================================
Problem size: 4096x4096x512
Trials to evaluate: 15

Benchmark repeats per config: 10, warmup runs: 5

Valid configurations in search space: 200/324

[  1/15] BM= 16, BN= 64, BK= 0, TM=2, TN=2:  81.7018 ms (median), mean=90.2444 ± 10.1861 ms (630.21 GFLOP/s)
[  2/15] BM= 16, BN= 32, BK= 1, TM=4, TN=4:  95.3999 ms (median), mean=107.9626 ± 18.7208 ms (539.72 GFLOP/s)
[  3/15] BM= 32, BN= 64, BK= 2, TM=2, TN=2:  77.5127 ms (median), mean=85.4266 ± 9.3052 ms (664.27 GFLOP/s)
[  4/15] BM= 16, BN= 32, BK= 0, TM=1, TN=1: 122.4046 ms (median), mean=125.3079 ± 11.0007 ms (420.65 GFLOP/s)
[  5/15] BM= 32, BN= 32, BK= 2, TM=1, TN=4: 102.5392 ms (median), mean=110.5727 ± 12.9633 ms (502.14 GFLOP/s)
[  6/15] BM= 32, BN= 32, BK= 1, TM=2, TN=4: 105.0426 ms (median), mean=109.1140 ± 13.2737 ms (490.18 GFLOP/s)
[  7/15] BM= 16, BN=128, BK= 1, TM=4, TN=4: 136.2885 ms (median), mean=135.4477 ± 15.2352 ms (377.80 GFLOP/s)
[  8/15] BM= 32, BN= 64, BK= 2, TM=4, TN=4:  95.4839 ms (median), mean=110.9396 ± 18.0081 ms (539.25 GFLOP/s)
[  9/15] BM= 16, BN= 32, BK= 8, TM=4, TN=2:  77.8368 ms (median), mean=85.7575 ± 9.1594 ms (661.50 GFLOP/s)
[ 10/15] BM= 32, BN= 64, BK= 0, TM=1, TN=4: 137.4310 ms (median), mean=139.5611 ± 14.4123 ms (374.66 GFLOP/s)
[ 11/15] BM= 16, BN= 32, BK= 8, TM=1, TN=1: 121.7393 ms (median), mean=126.3291 ± 12.6585 ms (422.95 GFLOP/s)
[ 12/15] BM= 32, BN= 32, BK= 1, TM=4, TN=1:  83.4380 ms (median), mean=86.0521 ± 6.8224 ms (617.10 GFLOP/s)
[ 13/15] BM= 16, BN= 64, BK= 0, TM=1, TN=4: 132.2815 ms (median), mean=139.8743 ± 12.4631 ms (389.24 GFLOP/s)
[ 14/15] BM= 16, BN= 32, BK= 8, TM=4, TN=2:  89.8156 ms (median), mean=88.5139 ± 9.5950 ms (573.28 GFLOP/s)
[ 15/15] BM= 32, BN= 64, BK= 2, TM=2, TN=2:  83.0428 ms (median), mean=88.5816 ± 10.3436 ms (620.03 GFLOP/s)

Best trial: Trial #3
Best value: 77.5127 ms
✓ Bayesian run completed: 15 configs evaluated

================================================================================
EXPERIMENT 7: SYCL STENCIL Random Search
================================================================================

================================================================================
Random Search Auto-tuning SYCL STENCIL kernel
================================================================================
Problem size: 4096x4096x512
Samples to evaluate: 15

Benchmark repeats per config: 10, warmup runs: 5

Valid configurations in search space: 200
[  1/15] BM= 16, BN= 64, BK= 0, TM=2, TN=2:  85.1296 ms (median), mean=88.6901 ± 9.0818 ms (604.83 GFLOP/s)
[  2/15] BM= 16, BN= 64, BK= 1, TM=1, TN=4: 127.7467 ms (median), mean=125.2567 ± 18.2777 ms (403.06 GFLOP/s)
[  3/15] BM= 16, BN=128, BK= 0, TM=4, TN=1:  80.7271 ms (median), mean=85.5282 ± 6.6326 ms (637.82 GFLOP/s)
[  4/15] BM= 16, BN= 64, BK= 1, TM=1, TN=2:  83.3502 ms (median), mean=94.1418 ± 12.9665 ms (617.75 GFLOP/s)
[  5/15] BM= 64, BN= 64, BK= 0, TM=4, TN=4: 117.2735 ms (median), mean=120.6526 ± 17.5432 ms (439.05 GFLOP/s)
[  6/15] BM= 16, BN= 64, BK= 1, TM=2, TN=1:  85.8656 ms (median), mean=90.7447 ± 11.0985 ms (599.65 GFLOP/s)
[  7/15] BM= 16, BN=128, BK= 2, TM=4, TN=2:  85.4853 ms (median), mean=85.9986 ± 7.2326 ms (602.32 GFLOP/s)
[  8/15] BM= 64, BN= 64, BK= 2, TM=2, TN=4: 133.0165 ms (median), mean=137.4182 ± 14.8742 ms (387.09 GFLOP/s)
[  9/15] BM= 16, BN= 32, BK= 8, TM=4, TN=2:  80.0080 ms (median), mean=84.9978 ± 8.3381 ms (643.55 GFLOP/s)
[ 10/15] BM= 16, BN= 32, BK= 1, TM=2, TN=2:  78.7456 ms (median), mean=85.9706 ± 9.8975 ms (653.87 GFLOP/s)
[ 11/15] BM= 32, BN= 32, BK= 0, TM=4, TN=2:  82.2985 ms (median), mean=87.7689 ± 9.3692 ms (625.64 GFLOP/s)
[ 12/15] BM= 32, BN= 32, BK= 0, TM=2, TN=1:  85.6398 ms (median), mean=91.5955 ± 11.6420 ms (601.23 GFLOP/s)
[ 13/15] BM= 32, BN= 64, BK= 2, TM=4, TN=2:  77.2973 ms (median), mean=82.5320 ± 7.0332 ms (666.12 GFLOP/s)
[ 14/15] BM= 64, BN= 32, BK= 2, TM=1, TN=4: 136.3465 ms (median), mean=140.9055 ± 14.3571 ms (377.64 GFLOP/s)
[ 15/15] BM= 64, BN= 32, BK= 1, TM=1, TN=4: 137.5096 ms (median), mean=143.2348 ± 16.7935 ms (374.44 GFLOP/s)
✓ Random run completed: 15 configs evaluated
BAYESIAN holdout: geometric-mean speedup=0.999x, 95% CI=[0.931, 1.073], 11/20 paired seeds faster
RANDOM holdout: geometric-mean speedup=1.034x, 95% CI=[0.948, 1.128], 10/20 paired seeds faster

✓ SYCL Bayesian Run 7: best = 77.5127 ms
✓ SYCL Random Run 7:   best = 77.2973 ms

================================================================================
EXPERIMENT 8: SYCL STENCIL Bayesian Search
================================================================================

================================================================================
Bayesian Optimization Auto-tuning SYCL STENCIL kernel (Optuna)
================================================================================
Problem size: 4096x4096x512
Trials to evaluate: 15

Benchmark repeats per config: 10, warmup runs: 5

Valid configurations in search space: 200/324

[  1/15] BM= 16, BN= 64, BK= 0, TM=2, TN=2:  82.9537 ms (median), mean=87.8590 ± 9.4557 ms (620.70 GFLOP/s)
[  2/15] BM= 16, BN= 32, BK= 0, TM=1, TN=2: 102.3553 ms (median), mean=99.9469 ± 13.0682 ms (503.04 GFLOP/s)
[  3/15] BM= 16, BN= 64, BK= 2, TM=4, TN=1:  80.8200 ms (median), mean=84.7109 ± 6.0147 ms (637.09 GFLOP/s)
[  4/15] BM= 64, BN= 32, BK= 0, TM=1, TN=4: 131.5496 ms (median), mean=137.9369 ± 15.4438 ms (391.41 GFLOP/s)
[  5/15] BM= 32, BN= 64, BK= 0, TM=1, TN=4: 119.5900 ms (median), mean=124.3349 ± 18.4351 ms (430.55 GFLOP/s)
[  6/15] BM= 16, BN=128, BK= 0, TM=2, TN=4: 137.2067 ms (median), mean=138.3154 ± 15.1209 ms (375.27 GFLOP/s)
[  7/15] BM= 16, BN= 64, BK= 2, TM=4, TN=1:  79.6224 ms (median), mean=83.7530 ± 5.6202 ms (646.67 GFLOP/s)
[  8/15] BM= 16, BN= 64, BK= 2, TM=4, TN=1:  89.3803 ms (median), mean=87.6912 ± 6.4834 ms (576.07 GFLOP/s)
[  9/15] BM= 16, BN= 32, BK= 8, TM=2, TN=2:  85.6043 ms (median), mean=91.1148 ± 9.9582 ms (601.48 GFLOP/s)
[ 10/15] BM= 64, BN= 32, BK= 2, TM=4, TN=2:  80.8976 ms (median), mean=84.8192 ± 8.1423 ms (636.48 GFLOP/s)
[ 11/15] BM= 32, BN= 32, BK= 0, TM=4, TN=2:  78.2998 ms (median), mean=86.9109 ± 9.8185 ms (657.59 GFLOP/s)
[ 12/15] BM= 32, BN= 32, BK= 0, TM=4, TN=2:  79.0140 ms (median), mean=86.8331 ± 9.8036 ms (651.65 GFLOP/s)
[ 13/15] BM= 32, BN= 32, BK= 0, TM=4, TN=2:  79.4533 ms (median), mean=85.3655 ± 8.7524 ms (648.04 GFLOP/s)
[ 14/15] BM= 32, BN= 32, BK= 0, TM=4, TN=2:  85.8439 ms (median), mean=88.1955 ± 9.7372 ms (599.80 GFLOP/s)
[ 15/15] BM= 32, BN= 32, BK= 1, TM=4, TN=4: 134.1584 ms (median), mean=141.2448 ± 13.8752 ms (383.79 GFLOP/s)

Best trial: Trial #11
Best value: 78.2998 ms
✓ Bayesian run completed: 15 configs evaluated

================================================================================
EXPERIMENT 8: SYCL STENCIL Random Search
================================================================================

================================================================================
Random Search Auto-tuning SYCL STENCIL kernel
================================================================================
Problem size: 4096x4096x512
Samples to evaluate: 15

Benchmark repeats per config: 10, warmup runs: 5

Valid configurations in search space: 200
[  1/15] BM= 16, BN= 64, BK= 0, TM=2, TN=2:  78.9888 ms (median), mean=86.4205 ± 9.5653 ms (651.86 GFLOP/s)
[  2/15] BM= 16, BN=128, BK= 2, TM=4, TN=1:  88.9508 ms (median), mean=88.0053 ± 7.6444 ms (578.85 GFLOP/s)
[  3/15] BM= 16, BN= 32, BK= 1, TM=1, TN=4:  96.9296 ms (median), mean=109.5333 ± 15.7228 ms (531.20 GFLOP/s)
[  4/15] BM= 16, BN=128, BK= 8, TM=2, TN=2:  82.5348 ms (median), mean=90.5915 ± 11.0252 ms (623.85 GFLOP/s)
[  5/15] BM= 32, BN=128, BK= 0, TM=2, TN=4: 133.2731 ms (median), mean=138.5774 ± 13.4861 ms (386.34 GFLOP/s)
[  6/15] BM= 16, BN= 64, BK= 2, TM=4, TN=2:  87.7490 ms (median), mean=86.9058 ± 8.4035 ms (586.78 GFLOP/s)
[  7/15] BM= 32, BN= 32, BK= 1, TM=4, TN=2:  76.0520 ms (median), mean=84.1784 ± 9.0994 ms (677.03 GFLOP/s)
[  8/15] BM= 32, BN= 64, BK= 2, TM=1, TN=4: 133.0944 ms (median), mean=137.5097 ± 10.8035 ms (386.86 GFLOP/s)
[  9/15] BM= 16, BN= 32, BK= 1, TM=2, TN=4: 131.6561 ms (median), mean=135.7451 ± 12.2093 ms (391.09 GFLOP/s)
[ 10/15] BM= 32, BN= 64, BK= 8, TM=2, TN=2:  85.7136 ms (median), mean=89.8459 ± 10.2465 ms (600.71 GFLOP/s)
[ 11/15] BM= 16, BN= 32, BK= 8, TM=4, TN=1:  83.5188 ms (median), mean=85.4598 ± 6.3950 ms (616.50 GFLOP/s)
[ 12/15] BM= 16, BN=128, BK= 0, TM=4, TN=2:  76.8518 ms (median), mean=82.9096 ± 7.3634 ms (669.98 GFLOP/s)
[ 13/15] BM= 32, BN= 32, BK= 8, TM=2, TN=4: 130.0160 ms (median), mean=136.6219 ± 12.6665 ms (396.02 GFLOP/s)
[ 14/15] BM= 16, BN= 32, BK= 0, TM=4, TN=4: 115.6450 ms (median), mean=119.2414 ± 16.7281 ms (445.24 GFLOP/s)
[ 15/15] BM= 16, BN= 32, BK= 2, TM=1, TN=2: 101.2795 ms (median), mean=99.6993 ± 13.1712 ms (508.39 GFLOP/s)
✓ Random run completed: 15 configs evaluated
BAYESIAN holdout: geometric-mean speedup=1.073x, 95% CI=[0.973, 1.182], 13/20 paired seeds faster
RANDOM holdout: geometric-mean speedup=1.041x, 95% CI=[0.938, 1.156], 10/20 paired seeds faster

✓ SYCL Bayesian Run 8: best = 78.2998 ms
✓ SYCL Random Run 8:   best = 76.0520 ms

================================================================================
EXPERIMENT 9: SYCL STENCIL Bayesian Search
================================================================================

================================================================================
Bayesian Optimization Auto-tuning SYCL STENCIL kernel (Optuna)
================================================================================
Problem size: 4096x4096x512
Trials to evaluate: 15

Benchmark repeats per config: 10, warmup runs: 5

Valid configurations in search space: 200/324

[  1/15] BM= 16, BN= 64, BK= 0, TM=2, TN=2:  78.2100 ms (median), mean=84.7721 ± 8.5210 ms (658.35 GFLOP/s)
[  2/15] BM= 32, BN=128, BK= 8, TM=4, TN=2:  92.7188 ms (median), mean=89.7322 ± 8.5969 ms (555.33 GFLOP/s)
[  3/15] BM= 64, BN= 32, BK= 1, TM=4, TN=1:  79.0566 ms (median), mean=85.3545 ± 7.2942 ms (651.30 GFLOP/s)
[  4/15] BM= 16, BN= 64, BK= 8, TM=1, TN=4: 141.3847 ms (median), mean=141.8156 ± 11.6793 ms (364.18 GFLOP/s)
[  5/15] BM= 32, BN= 32, BK= 0, TM=2, TN=4: 133.8838 ms (median), mean=135.5973 ± 13.4645 ms (384.58 GFLOP/s)
[  6/15] BM= 16, BN= 64, BK= 2, TM=4, TN=1:  85.3029 ms (median), mean=86.4829 ± 6.6038 ms (603.61 GFLOP/s)
[  7/15] BM= 16, BN= 64, BK= 0, TM=2, TN=2:  82.9028 ms (median), mean=88.8217 ± 9.4777 ms (621.08 GFLOP/s)
[  8/15] BM= 32, BN= 32, BK= 8, TM=4, TN=4: 135.6691 ms (median), mean=139.9386 ± 12.4843 ms (379.52 GFLOP/s)
[  9/15] BM= 16, BN= 64, BK= 0, TM=2, TN=4: 132.7044 ms (median), mean=136.4387 ± 11.8981 ms (388.00 GFLOP/s)
[ 10/15] BM= 32, BN= 64, BK= 8, TM=4, TN=4: 131.9017 ms (median), mean=136.9879 ± 14.8173 ms (390.36 GFLOP/s)
[ 11/15] BM= 16, BN= 64, BK= 8, TM=2, TN=4: 134.8821 ms (median), mean=136.4677 ± 12.6073 ms (381.74 GFLOP/s)
[ 12/15] BM= 16, BN=128, BK= 2, TM=2, TN=4: 132.5909 ms (median), mean=139.3256 ± 10.7987 ms (388.33 GFLOP/s)
[ 13/15] BM= 16, BN= 32, BK= 0, TM=1, TN=2: 101.1386 ms (median), mean=97.9888 ± 11.8206 ms (509.10 GFLOP/s)
[ 14/15] BM= 64, BN= 32, BK= 1, TM=4, TN=1:  84.7135 ms (median), mean=87.6833 ± 7.3578 ms (607.80 GFLOP/s)
[ 15/15] BM= 32, BN= 32, BK= 8, TM=1, TN=4: 117.9707 ms (median), mean=118.6962 ± 15.2646 ms (436.46 GFLOP/s)

Best trial: Trial #1
Best value: 78.2100 ms
✓ Bayesian run completed: 15 configs evaluated

================================================================================
EXPERIMENT 9: SYCL STENCIL Random Search
================================================================================

================================================================================
Random Search Auto-tuning SYCL STENCIL kernel
================================================================================
Problem size: 4096x4096x512
Samples to evaluate: 15

Benchmark repeats per config: 10, warmup runs: 5

Valid configurations in search space: 200
[  1/15] BM= 16, BN= 64, BK= 0, TM=2, TN=2:  78.0532 ms (median), mean=84.0304 ± 8.7675 ms (659.67 GFLOP/s)
[  2/15] BM= 32, BN=128, BK= 0, TM=2, TN=4: 137.2926 ms (median), mean=140.2612 ± 12.8205 ms (375.03 GFLOP/s)
[  3/15] BM= 16, BN=128, BK= 8, TM=4, TN=4: 123.8300 ms (median), mean=120.6233 ± 14.1921 ms (415.81 GFLOP/s)
[  4/15] BM= 16, BN= 32, BK= 1, TM=2, TN=1:  84.0079 ms (median), mean=90.4485 ± 11.3086 ms (612.91 GFLOP/s)
[  5/15] BM= 64, BN=128, BK= 8, TM=4, TN=4: 134.0579 ms (median), mean=139.4861 ± 15.3282 ms (384.08 GFLOP/s)
[  6/15] BM= 32, BN=128, BK= 8, TM=4, TN=4: 132.5474 ms (median), mean=137.9257 ± 14.0650 ms (388.46 GFLOP/s)
[  7/15] BM= 64, BN= 64, BK= 0, TM=4, TN=4:  96.0957 ms (median), mean=116.1171 ± 22.8331 ms (535.81 GFLOP/s)
[  8/15] BM= 16, BN=128, BK= 2, TM=2, TN=4: 135.6868 ms (median), mean=132.1537 ± 16.9796 ms (379.47 GFLOP/s)
[  9/15] BM= 16, BN= 32, BK= 2, TM=1, TN=2:  95.7609 ms (median), mean=98.1109 ± 13.4920 ms (537.69 GFLOP/s)
[ 10/15] BM= 16, BN=128, BK= 8, TM=4, TN=2:  78.7270 ms (median), mean=84.3182 ± 7.2927 ms (654.02 GFLOP/s)
[ 11/15] BM= 32, BN= 64, BK= 8, TM=2, TN=4:  93.4721 ms (median), mean=109.1458 ± 18.0543 ms (550.85 GFLOP/s)
[ 12/15] BM= 32, BN= 32, BK= 2, TM=2, TN=1:  90.8260 ms (median), mean=93.2536 ± 11.5131 ms (566.90 GFLOP/s)
[ 13/15] BM= 16, BN= 32, BK= 8, TM=1, TN=2:  79.2824 ms (median), mean=90.1419 ± 12.5439 ms (649.44 GFLOP/s)
[ 14/15] BM= 64, BN= 32, BK= 0, TM=2, TN=2:  81.3398 ms (median), mean=93.3540 ± 12.3195 ms (633.01 GFLOP/s)
[ 15/15] BM= 64, BN= 64, BK= 0, TM=2, TN=4: 130.8680 ms (median), mean=136.7230 ± 13.8303 ms (393.44 GFLOP/s)
✓ Random run completed: 15 configs evaluated
BAYESIAN holdout: geometric-mean speedup=1.000x, 95% CI=[1.000, 1.000], 0/20 paired seeds faster
RANDOM holdout: geometric-mean speedup=1.000x, 95% CI=[1.000, 1.000], 0/20 paired seeds faster

✓ SYCL Bayesian Run 9: best = 78.2100 ms
✓ SYCL Random Run 9:   best = 78.0532 ms

================================================================================
EXPERIMENT 10: SYCL STENCIL Bayesian Search
================================================================================

================================================================================
Bayesian Optimization Auto-tuning SYCL STENCIL kernel (Optuna)
================================================================================
Problem size: 4096x4096x512
Trials to evaluate: 15

Benchmark repeats per config: 10, warmup runs: 5

Valid configurations in search space: 200/324

[  1/15] BM= 16, BN= 64, BK= 0, TM=2, TN=2:  92.3924 ms (median), mean=91.5024 ± 9.0117 ms (557.29 GFLOP/s)
[  2/15] BM= 64, BN= 32, BK= 1, TM=2, TN=4:  95.5187 ms (median), mean=106.5611 ± 16.6030 ms (539.05 GFLOP/s)
[  3/15] BM= 32, BN= 32, BK= 1, TM=1, TN=2:  99.5936 ms (median), mean=103.4386 ± 15.4980 ms (516.99 GFLOP/s)
[  4/15] BM= 32, BN= 32, BK= 1, TM=4, TN=1:  79.9610 ms (median), mean=83.3850 ± 6.4503 ms (643.93 GFLOP/s)
[  5/15] BM= 16, BN= 32, BK= 2, TM=2, TN=2:  78.9327 ms (median), mean=85.8426 ± 9.2761 ms (652.32 GFLOP/s)
[  6/15] BM= 16, BN= 32, BK= 8, TM=1, TN=1:  91.2262 ms (median), mean=96.5742 ± 11.9413 ms (564.41 GFLOP/s)
[  7/15] BM= 16, BN= 32, BK= 2, TM=2, TN=2:  80.3222 ms (median), mean=88.5544 ± 10.6774 ms (641.03 GFLOP/s)
[  8/15] BM= 16, BN= 64, BK= 1, TM=4, TN=2:  77.2031 ms (median), mean=84.3916 ± 7.9886 ms (666.93 GFLOP/s)
[  9/15] BM= 64, BN=128, BK= 1, TM=4, TN=4: 133.9639 ms (median), mean=133.9521 ± 17.8423 ms (384.35 GFLOP/s)
[ 10/15] BM= 16, BN= 64, BK= 0, TM=1, TN=2:  85.4941 ms (median), mean=93.8190 ± 12.9184 ms (602.26 GFLOP/s)
[ 11/15] BM= 32, BN= 32, BK= 0, TM=4, TN=1:  86.4634 ms (median), mean=85.9864 ± 7.4116 ms (595.50 GFLOP/s)
[ 12/15] BM= 16, BN= 32, BK= 1, TM=1, TN=4: 132.4153 ms (median), mean=138.8315 ± 12.0216 ms (388.85 GFLOP/s)
[ 13/15] BM= 32, BN= 32, BK= 8, TM=4, TN=4: 116.2233 ms (median), mean=122.0534 ± 16.8067 ms (443.02 GFLOP/s)
[ 14/15] BM= 32, BN= 32, BK= 2, TM=2, TN=4: 103.6730 ms (median), mean=108.3867 ± 12.9020 ms (496.65 GFLOP/s)
[ 15/15] BM= 16, BN= 64, BK= 2, TM=2, TN=2:  87.9256 ms (median), mean=89.5577 ± 9.2440 ms (585.60 GFLOP/s)

Best trial: Trial #8
Best value: 77.2031 ms
✓ Bayesian run completed: 15 configs evaluated

================================================================================
EXPERIMENT 10: SYCL STENCIL Random Search
================================================================================

================================================================================
Random Search Auto-tuning SYCL STENCIL kernel
================================================================================
Problem size: 4096x4096x512
Samples to evaluate: 15

Benchmark repeats per config: 10, warmup runs: 5

Valid configurations in search space: 200
[  1/15] BM= 16, BN= 64, BK= 0, TM=2, TN=2:  77.7338 ms (median), mean=84.0887 ± 8.4493 ms (662.38 GFLOP/s)
[  2/15] BM= 16, BN=128, BK= 8, TM=4, TN=1:  80.0182 ms (median), mean=84.3162 ± 6.6422 ms (643.47 GFLOP/s)
[  3/15] BM= 16, BN=128, BK= 8, TM=1, TN=4: 134.9474 ms (median), mean=139.3895 ± 15.4017 ms (381.55 GFLOP/s)
[  4/15] BM= 32, BN=128, BK= 1, TM=4, TN=4: 133.5145 ms (median), mean=139.0276 ± 12.8936 ms (385.65 GFLOP/s)
[  5/15] BM= 16, BN= 32, BK= 0, TM=4, TN=4: 132.9040 ms (median), mean=134.3050 ± 15.7005 ms (387.42 GFLOP/s)
[  6/15] BM= 32, BN= 64, BK= 2, TM=4, TN=1:  77.8492 ms (median), mean=83.2584 ± 6.7527 ms (661.40 GFLOP/s)
[  7/15] BM= 16, BN= 64, BK= 0, TM=1, TN=4: 134.5276 ms (median), mean=139.2698 ± 12.9676 ms (382.74 GFLOP/s)
[  8/15] BM= 32, BN= 32, BK= 2, TM=2, TN=2:  81.5688 ms (median), mean=91.2527 ± 11.4144 ms (631.24 GFLOP/s)
[  9/15] BM= 32, BN= 32, BK= 8, TM=2, TN=2:  80.3261 ms (median), mean=90.7624 ± 11.4960 ms (641.00 GFLOP/s)
[ 10/15] BM= 64, BN= 64, BK= 8, TM=4, TN=4:  95.7739 ms (median), mean=108.2917 ± 18.7246 ms (537.61 GFLOP/s)
[ 11/15] BM= 16, BN= 64, BK= 1, TM=1, TN=4:  95.1761 ms (median), mean=108.2787 ± 19.3604 ms (540.99 GFLOP/s)
[ 12/15] BM= 32, BN= 32, BK= 8, TM=1, TN=4: 137.5712 ms (median), mean=133.0571 ± 17.2584 ms (374.27 GFLOP/s)
[ 13/15] BM= 32, BN= 32, BK= 0, TM=1, TN=4:  95.5348 ms (median), mean=116.1089 ± 23.5752 ms (538.96 GFLOP/s)
[ 14/15] BM= 32, BN= 64, BK= 0, TM=4, TN=2:  79.6789 ms (median), mean=83.1103 ± 6.7199 ms (646.21 GFLOP/s)
[ 15/15] BM= 32, BN= 32, BK= 2, TM=2, TN=1:  93.9972 ms (median), mean=95.2391 ± 12.1181 ms (547.77 GFLOP/s)
✓ Random run completed: 15 configs evaluated
BAYESIAN holdout: geometric-mean speedup=1.065x, 95% CI=[1.002, 1.131], 18/20 paired seeds faster
RANDOM holdout: geometric-mean speedup=1.000x, 95% CI=[1.000, 1.000], 0/20 paired seeds faster

✓ SYCL Bayesian Run 10: best = 77.2031 ms
✓ SYCL Random Run 10:   best = 77.7338 ms

BAYESIAN independent validation: median campaign speedup=1.050x; 95% CI above 1.0 in 1/10 campaigns
BAYESIAN grid regret: median=18.878%, mean=20.261% across 10 campaigns

RANDOM independent validation: median campaign speedup=1.038x; 95% CI above 1.0 in 0/10 campaigns
RANDOM grid regret: median=7.719%, mean=12.956% across 10 campaigns

Saved SYCL convergence data to: /home/latorresn/Bayesian_Auto-Tuning_for_Performance_Portability/results_20260930_213706/stencil/size_4096/convergence_sycl.json
Legacy convergence data also saved to: /home/latorresn/Bayesian_Auto-Tuning_for_Performance_Portability/results_20260930_213706/stencil/size_4096/convergence.json

================================================================================
Running SYCL statistical analysis...
================================================================================

================================================================================
STATISTICAL COMPARISON: SYCL STENCIL: BAYESIAN vs RANDOM SEARCH
================================================================================

Sample Sizes:
  Bayesian: 10 runs
  Random:   10 runs

Descriptive Statistics (Best Time Found):

  BAYESIAN:
    Mean:   77.5581 ms
    Median: 77.6693 ms
    Std:    0.5965 ms
    Range:  [76.6433, 78.2998] ms
    IQR:    [76.9658, 78.1041] ms

  RANDOM:
    Mean:   77.8871 ms
    Median: 77.8935 ms
    Std:    1.0074 ms
    Range:  [76.0520, 79.2914] ms
    IQR:    [77.3323, 78.7572] ms

Effect Size (Cohen's d): -0.377
  → Small effect size

Welch's t-test:
  t-statistic: -0.8429
  p-value:     0.4129
  Mean diff:   -0.3289 ms (95% CI: ±0.7256)
  Result:      Not significant

Mann-Whitney U test (non-parametric):
  U-statistic: 39.0000
  p-value:     0.4274
  Result:      Not significant

WINNER: Bayesian
================================================================================

SYCL statistical results saved to: /home/latorresn/Bayesian_Auto-Tuning_for_Performance_Portability/results_20260930_213706/stencil/size_4096/statistical_results_sycl.json
Legacy statistical results also saved to: /home/latorresn/Bayesian_Auto-Tuning_for_Performance_Portability/results_20260930_213706/stencil/size_4096/statistical_results.json

================================================================================
STATISTICAL ANALYSIS: CUDA STENCIL BAYESIAN vs RANDOM SEARCH
Problem size: 4096x4096x512
Independent runs: 10
Trials per run: 15
Benchmark repeats per config: 10
Warmup runs per config: 5
Independent validation repeats per config: 20
Grid-search repeats per config: 3
================================================================================
Exhaustive grid search CUDA STENCIL: 200 valid configurations
[  1/200] 16_32_0_1_1: 91.3182 ms (median)
[  2/200] 16_32_0_1_2: 83.6772 ms (median)
[  3/200] 16_32_0_1_4: 103.7808 ms (median)
[  4/200] 16_32_0_2_1: 77.5867 ms (median)
[  5/200] 16_32_0_2_2: 75.5858 ms (median)
[  6/200] 16_32_0_2_4: 106.6600 ms (median)
[  7/200] 16_32_0_4_1: 67.7739 ms (median)
[  8/200] 16_32_0_4_2: 78.0802 ms (median)
[  9/200] 16_32_0_4_4: 99.5969 ms (median)
[ 10/200] 16_32_1_1_1: 91.3708 ms (median)
[ 11/200] 16_32_1_1_2: 83.2024 ms (median)
[ 12/200] 16_32_1_1_4: 103.4769 ms (median)
[ 13/200] 16_32_1_2_1: 77.8843 ms (median)
[ 14/200] 16_32_1_2_2: 75.5607 ms (median)
[ 15/200] 16_32_1_2_4: 105.7892 ms (median)
[ 16/200] 16_32_1_4_1: 68.1935 ms (median)
[ 17/200] 16_32_1_4_2: 77.9613 ms (median)
[ 18/200] 16_32_1_4_4: 100.5862 ms (median)
[ 19/200] 16_32_2_1_1: 91.7338 ms (median)
[ 20/200] 16_32_2_1_2: 84.1979 ms (median)
[ 21/200] 16_32_2_1_4: 105.2940 ms (median)
[ 22/200] 16_32_2_2_1: 77.9724 ms (median)
[ 23/200] 16_32_2_2_2: 75.6194 ms (median)
[ 24/200] 16_32_2_2_4: 107.6105 ms (median)
[ 25/200] 16_32_2_4_1: 67.8648 ms (median)
[ 26/200] 16_32_2_4_2: 79.5235 ms (median)
[ 27/200] 16_32_2_4_4: 100.4765 ms (median)
[ 28/200] 16_32_8_1_1: 91.4225 ms (median)
[ 29/200] 16_32_8_1_2: 84.2500 ms (median)
[ 30/200] 16_32_8_1_4: 104.4270 ms (median)
[ 31/200] 16_32_8_2_1: 79.6548 ms (median)
[ 32/200] 16_32_8_2_2: 75.9907 ms (median)
[ 33/200] 16_32_8_2_4: 107.1260 ms (median)
[ 34/200] 16_32_8_4_1: 76.0622 ms (median)
[ 35/200] 16_32_8_4_2: 78.1296 ms (median)
[ 36/200] 16_32_8_4_4: 100.1684 ms (median)
[ 37/200] 16_64_0_1_2: 79.7826 ms (median)
[ 38/200] 16_64_0_1_4: 100.2623 ms (median)
[ 39/200] 16_64_0_2_1: 73.9833 ms (median)
[ 40/200] 16_64_0_2_2: 71.3587 ms (median)
[ 41/200] 16_64_0_2_4: 100.7182 ms (median)
[ 42/200] 16_64_0_4_1: 70.7254 ms (median)
[ 43/200] 16_64_0_4_2: 75.4843 ms (median)
[ 44/200] 16_64_0_4_4: 103.8214 ms (median)
[ 45/200] 16_64_1_1_2: 81.3827 ms (median)
[ 46/200] 16_64_1_1_4: 99.9960 ms (median)
[ 47/200] 16_64_1_2_1: 76.9091 ms (median)
[ 48/200] 16_64_1_2_2: 92.4390 ms (median)
[ 49/200] 16_64_1_2_4: 100.0028 ms (median)
[ 50/200] 16_64_1_4_1: 65.1577 ms (median)
[ 51/200] 16_64_1_4_2: 76.2757 ms (median)
[ 52/200] 16_64_1_4_4: 103.7543 ms (median)
[ 53/200] 16_64_2_1_2: 86.5563 ms (median)
[ 54/200] 16_64_2_1_4: 101.1091 ms (median)
[ 55/200] 16_64_2_2_1: 87.9230 ms (median)
[ 56/200] 16_64_2_2_2: 69.5597 ms (median)
[ 57/200] 16_64_2_2_4: 101.4024 ms (median)
[ 58/200] 16_64_2_4_1: 73.1319 ms (median)
[ 59/200] 16_64_2_4_2: 78.3426 ms (median)
[ 60/200] 16_64_2_4_4: 103.5984 ms (median)
[ 61/200] 16_64_8_1_2: 85.3549 ms (median)
[ 62/200] 16_64_8_1_4: 100.3570 ms (median)
[ 63/200] 16_64_8_2_1: 80.4756 ms (median)
[ 64/200] 16_64_8_2_2: 69.6016 ms (median)
[ 65/200] 16_64_8_2_4: 100.8422 ms (median)
[ 66/200] 16_64_8_4_1: 66.9583 ms (median)
[ 67/200] 16_64_8_4_2: 82.5237 ms (median)
[ 68/200] 16_64_8_4_4: 103.7819 ms (median)
[ 69/200] 16_128_0_1_4: 102.1197 ms (median)
[ 70/200] 16_128_0_2_2: 68.8030 ms (median)
[ 71/200] 16_128_0_2_4: 98.6518 ms (median)
[ 72/200] 16_128_0_4_1: 63.1690 ms (median)
[ 73/200] 16_128_0_4_2: 79.8442 ms (median)
[ 74/200] 16_128_0_4_4: 100.3569 ms (median)
[ 75/200] 16_128_1_1_4: 102.6180 ms (median)
[ 76/200] 16_128_1_2_2: 67.8366 ms (median)
[ 77/200] 16_128_1_2_4: 98.8965 ms (median)
[ 78/200] 16_128_1_4_1: 62.6409 ms (median)
[ 79/200] 16_128_1_4_2: 73.1171 ms (median)
[ 80/200] 16_128_1_4_4: 100.5335 ms (median)
[ 81/200] 16_128_2_1_4: 102.0820 ms (median)
[ 82/200] 16_128_2_2_2: 67.7860 ms (median)
[ 83/200] 16_128_2_2_4: 98.8958 ms (median)
[ 84/200] 16_128_2_4_1: 62.2270 ms (median)
[ 85/200] 16_128_2_4_2: 71.5138 ms (median)
[ 86/200] 16_128_2_4_4: 100.4533 ms (median)
[ 87/200] 16_128_8_1_4: 102.2245 ms (median)
[ 88/200] 16_128_8_2_2: 73.0909 ms (median)
[ 89/200] 16_128_8_2_4: 98.6660 ms (median)
[ 90/200] 16_128_8_4_1: 62.5435 ms (median)
[ 91/200] 16_128_8_4_2: 69.6314 ms (median)
[ 92/200] 16_128_8_4_4: 100.3361 ms (median)
[ 93/200] 32_32_0_1_2: 86.5378 ms (median)
[ 94/200] 32_32_0_1_4: 106.4029 ms (median)
[ 95/200] 32_32_0_2_1: 79.4122 ms (median)
[ 96/200] 32_32_0_2_2: 76.0461 ms (median)
[ 97/200] 32_32_0_2_4: 108.1942 ms (median)
[ 98/200] 32_32_0_4_1: 67.6767 ms (median)
[ 99/200] 32_32_0_4_2: 85.5436 ms (median)
[100/200] 32_32_0_4_4: 112.9523 ms (median)
[101/200] 32_32_1_1_2: 86.0450 ms (median)
[102/200] 32_32_1_1_4: 106.0271 ms (median)
[103/200] 32_32_1_2_1: 79.6860 ms (median)
[104/200] 32_32_1_2_2: 81.7473 ms (median)
[105/200] 32_32_1_2_4: 107.4286 ms (median)
[106/200] 32_32_1_4_1: 72.2135 ms (median)
[107/200] 32_32_1_4_2: 80.9448 ms (median)
[108/200] 32_32_1_4_4: 112.7478 ms (median)
[109/200] 32_32_2_1_2: 87.8150 ms (median)
[110/200] 32_32_2_1_4: 107.4301 ms (median)
[111/200] 32_32_2_2_1: 79.8177 ms (median)
[112/200] 32_32_2_2_2: 81.0386 ms (median)
[113/200] 32_32_2_2_4: 109.2616 ms (median)
[114/200] 32_32_2_4_1: 71.4937 ms (median)
[115/200] 32_32_2_4_2: 78.7619 ms (median)
[116/200] 32_32_2_4_4: 112.8914 ms (median)
[117/200] 32_32_8_1_2: 87.1220 ms (median)
[118/200] 32_32_8_1_4: 106.4750 ms (median)
[119/200] 32_32_8_2_1: 79.7678 ms (median)
[120/200] 32_32_8_2_2: 75.9687 ms (median)
[121/200] 32_32_8_2_4: 108.2984 ms (median)
[122/200] 32_32_8_4_1: 67.5139 ms (median)
[123/200] 32_32_8_4_2: 78.9885 ms (median)
[124/200] 32_32_8_4_4: 113.6069 ms (median)
[125/200] 32_64_0_1_4: 102.4558 ms (median)
[126/200] 32_64_0_2_2: 70.1167 ms (median)
[127/200] 32_64_0_2_4: 102.0370 ms (median)
[128/200] 32_64_0_4_1: 63.7696 ms (median)
[129/200] 32_64_0_4_2: 72.6416 ms (median)
[130/200] 32_64_0_4_4: 104.5586 ms (median)
[131/200] 32_64_1_1_4: 102.4429 ms (median)
[132/200] 32_64_1_2_2: 70.3424 ms (median)
[133/200] 32_64_1_2_4: 101.3286 ms (median)
[134/200] 32_64_1_4_1: 63.8517 ms (median)
[135/200] 32_64_1_4_2: 90.9003 ms (median)
[136/200] 32_64_1_4_4: 104.5600 ms (median)
[137/200] 32_64_2_1_4: 102.8315 ms (median)
[138/200] 32_64_2_2_2: 73.2445 ms (median)
[139/200] 32_64_2_2_4: 102.4721 ms (median)
[140/200] 32_64_2_4_1: 64.8035 ms (median)
[141/200] 32_64_2_4_2: 69.7459 ms (median)
[142/200] 32_64_2_4_4: 104.3832 ms (median)
[143/200] 32_64_8_1_4: 102.4515 ms (median)
[144/200] 32_64_8_2_2: 70.1099 ms (median)
[145/200] 32_64_8_2_4: 102.1028 ms (median)
[146/200] 32_64_8_4_1: 63.7543 ms (median)
[147/200] 32_64_8_4_2: 74.3665 ms (median)
[148/200] 32_64_8_4_4: 104.3858 ms (median)
[149/200] 32_128_0_2_4: 100.1996 ms (median)
[150/200] 32_128_0_4_2: 67.2766 ms (median)
[151/200] 32_128_0_4_4: 100.6750 ms (median)
[152/200] 32_128_1_2_4: 100.6275 ms (median)
[153/200] 32_128_1_4_2: 76.5800 ms (median)
[154/200] 32_128_1_4_4: 100.6717 ms (median)
[155/200] 32_128_2_2_4: 100.3769 ms (median)
[156/200] 32_128_2_4_2: 67.6541 ms (median)
[157/200] 32_128_2_4_4: 100.7126 ms (median)
[158/200] 32_128_8_2_4: 100.1253 ms (median)
[159/200] 32_128_8_4_2: 67.6247 ms (median)
[160/200] 32_128_8_4_4: 100.6290 ms (median)
[161/200] 64_32_0_1_4: 108.9667 ms (median)
[162/200] 64_32_0_2_2: 77.2279 ms (median)
[163/200] 64_32_0_2_4: 109.6505 ms (median)
[164/200] 64_32_0_4_1: 68.0695 ms (median)
[165/200] 64_32_0_4_2: 77.8278 ms (median)
[166/200] 64_32_0_4_4: 112.6529 ms (median)
[167/200] 64_32_1_1_4: 109.1766 ms (median)
[168/200] 64_32_1_2_2: 77.2984 ms (median)
[169/200] 64_32_1_2_4: 108.9551 ms (median)
[170/200] 64_32_1_4_1: 68.2005 ms (median)
[171/200] 64_32_1_4_2: 84.3414 ms (median)
[172/200] 64_32_1_4_4: 112.5725 ms (median)
[173/200] 64_32_2_1_4: 109.3873 ms (median)
[174/200] 64_32_2_2_2: 77.2851 ms (median)
[175/200] 64_32_2_2_4: 110.2886 ms (median)
[176/200] 64_32_2_4_1: 68.1369 ms (median)
[177/200] 64_32_2_4_2: 78.6127 ms (median)
[178/200] 64_32_2_4_4: 112.5348 ms (median)
[179/200] 64_32_8_1_4: 109.0955 ms (median)
[180/200] 64_32_8_2_2: 77.1894 ms (median)
[181/200] 64_32_8_2_4: 109.7369 ms (median)
[182/200] 64_32_8_4_1: 69.8464 ms (median)
[183/200] 64_32_8_4_2: 80.2966 ms (median)
[184/200] 64_32_8_4_4: 112.8721 ms (median)
[185/200] 64_64_0_2_4: 104.5094 ms (median)
[186/200] 64_64_0_4_2: 70.9265 ms (median)
[187/200] 64_64_0_4_4: 104.1792 ms (median)
[188/200] 64_64_1_2_4: 104.5057 ms (median)
[189/200] 64_64_1_4_2: 70.8213 ms (median)
[190/200] 64_64_1_4_4: 104.0337 ms (median)
[191/200] 64_64_2_2_4: 104.7523 ms (median)
[192/200] 64_64_2_4_2: 70.8732 ms (median)
[193/200] 64_64_2_4_4: 104.1034 ms (median)
[194/200] 64_64_8_2_4: 104.5773 ms (median)
[195/200] 64_64_8_4_2: 70.9019 ms (median)
[196/200] 64_64_8_4_4: 104.1342 ms (median)
[197/200] 64_128_0_4_4: 101.6451 ms (median)
[198/200] 64_128_1_4_4: 101.6307 ms (median)
[199/200] 64_128_2_4_4: 101.5106 ms (median)
[200/200] 64_128_8_4_4: 101.5841 ms (median)
Grid optimum: 16_128_2_4_1 at 62.2270 ms (200 configs)

================================================================================
EXPERIMENT 1: CUDA STENCIL Bayesian Search
================================================================================

================================================================================
Bayesian Optimization Auto-tuning CUDA STENCIL kernel (Optuna)
================================================================================
Problem size: 4096x4096x512
Trials to evaluate: 15

Benchmark repeats per config: 10, warmup runs: 5

Valid configurations in search space: 200/324

[  1/15] BM= 16, BN= 64, BK= 0, TM=2, TN=2:  71.3692 ms (median), mean=71.6506 ± 0.4512 ms (721.45 GFLOP/s)
[  2/15] BM= 32, BN=128, BK= 0, TM=4, TN=2:  70.7468 ms (median), mean=70.8308 ± 0.1475 ms (727.80 GFLOP/s)
[  3/15] BM= 16, BN= 32, BK= 1, TM=1, TN=2:  83.4457 ms (median), mean=83.4278 ± 0.0406 ms (617.04 GFLOP/s)
[  4/15] BM= 64, BN= 64, BK= 8, TM=4, TN=4: 104.1053 ms (median), mean=104.0990 ± 0.0491 ms (494.59 GFLOP/s)
[  5/15] BM= 16, BN= 32, BK= 2, TM=1, TN=2:  84.2719 ms (median), mean=84.3102 ± 0.0788 ms (610.99 GFLOP/s)
[  6/15] BM= 16, BN= 32, BK= 2, TM=2, TN=4: 107.9124 ms (median), mean=107.9229 ± 0.0615 ms (477.14 GFLOP/s)
[  7/15] BM= 32, BN= 32, BK= 8, TM=4, TN=2:  78.8908 ms (median), mean=78.8991 ± 0.0404 ms (652.67 GFLOP/s)
[  8/15] BM= 32, BN= 64, BK= 8, TM=4, TN=1:  65.5574 ms (median), mean=65.6542 ± 0.5403 ms (785.41 GFLOP/s)
[  9/15] BM= 32, BN= 64, BK= 8, TM=4, TN=1:  69.3674 ms (median), mean=69.1826 ± 0.3919 ms (742.27 GFLOP/s)
[ 10/15] BM= 16, BN= 64, BK= 8, TM=2, TN=4: 100.8726 ms (median), mean=100.8229 ± 0.1363 ms (510.44 GFLOP/s)
[ 11/15] BM= 32, BN= 64, BK= 1, TM=4, TN=1:  69.2163 ms (median), mean=69.2114 ± 0.0152 ms (743.89 GFLOP/s)
[ 12/15] BM= 32, BN= 64, BK= 1, TM=4, TN=1:  67.4413 ms (median), mean=67.3907 ± 0.6167 ms (763.47 GFLOP/s)
[ 13/15] BM= 16, BN= 64, BK= 0, TM=1, TN=4: 100.3910 ms (median), mean=100.3878 ± 0.0437 ms (512.89 GFLOP/s)
[ 14/15] BM= 16, BN= 32, BK= 0, TM=4, TN=1:  68.0317 ms (median), mean=67.9523 ± 0.1360 ms (756.84 GFLOP/s)
[ 15/15] BM= 32, BN= 64, BK= 2, TM=4, TN=2:  71.5470 ms (median), mean=71.7169 ± 0.5075 ms (719.66 GFLOP/s)

Best trial: Trial #8
Best value: 65.5574 ms
✓ Bayesian run completed: 15 configs evaluated

================================================================================
EXPERIMENT 1: CUDA STENCIL Random Search
================================================================================

================================================================================
Random Search Auto-tuning CUDA STENCIL kernel
================================================================================
Problem size: 4096x4096x512
Samples to evaluate: 15

Benchmark repeats per config: 10, warmup runs: 5

Valid configurations in search space: 200
[  1/15] BM= 16, BN= 64, BK= 0, TM=2, TN=2:  70.8291 ms (median), mean=71.0120 ± 0.2210 ms (726.95 GFLOP/s)
[  2/15] BM= 32, BN= 32, BK= 0, TM=4, TN=4: 112.9643 ms (median), mean=112.8561 ± 0.1553 ms (455.80 GFLOP/s)
[  3/15] BM= 64, BN= 64, BK= 8, TM=4, TN=4: 104.0134 ms (median), mean=103.9685 ± 0.1298 ms (495.03 GFLOP/s)
[  4/15] BM= 32, BN= 32, BK= 2, TM=1, TN=2:  86.6769 ms (median), mean=86.6602 ± 0.0802 ms (594.04 GFLOP/s)
[  5/15] BM= 16, BN= 32, BK= 1, TM=1, TN=2:  83.1692 ms (median), mean=83.1824 ± 0.0509 ms (619.09 GFLOP/s)
[  6/15] BM= 16, BN= 64, BK= 8, TM=4, TN=4: 103.2136 ms (median), mean=103.2128 ± 0.0200 ms (498.86 GFLOP/s)
[  7/15] BM= 32, BN= 64, BK= 1, TM=2, TN=2:  72.1312 ms (median), mean=72.0102 ± 0.3263 ms (713.83 GFLOP/s)
[  8/15] BM= 32, BN= 64, BK= 0, TM=2, TN=2:  71.5369 ms (median), mean=71.4108 ± 0.1478 ms (719.76 GFLOP/s)
[  9/15] BM= 32, BN= 32, BK= 1, TM=2, TN=4: 107.0929 ms (median), mean=107.0885 ± 0.0294 ms (480.79 GFLOP/s)
[ 10/15] BM= 16, BN=128, BK= 1, TM=4, TN=2:  69.9340 ms (median), mean=70.2099 ± 0.8712 ms (736.26 GFLOP/s)
[ 11/15] BM= 32, BN= 32, BK= 8, TM=4, TN=4: 113.2497 ms (median), mean=113.2547 ± 0.0214 ms (454.65 GFLOP/s)
[ 12/15] BM= 32, BN= 32, BK= 0, TM=1, TN=2:  86.3310 ms (median), mean=86.3544 ± 0.0908 ms (596.42 GFLOP/s)
[ 13/15] BM= 32, BN=128, BK= 0, TM=4, TN=4: 100.3242 ms (median), mean=100.3158 ± 0.0288 ms (513.23 GFLOP/s)
[ 14/15] BM= 16, BN= 64, BK= 2, TM=2, TN=4: 101.2253 ms (median), mean=101.1592 ± 0.1094 ms (508.66 GFLOP/s)
[ 15/15] BM= 32, BN= 64, BK= 1, TM=1, TN=4: 102.0686 ms (median), mean=102.0723 ± 0.0188 ms (504.46 GFLOP/s)
✓ Random run completed: 15 configs evaluated
BAYESIAN holdout: geometric-mean speedup=1.034x, 95% CI=[1.027, 1.041], 20/20 paired seeds faster
RANDOM holdout: geometric-mean speedup=1.010x, 95% CI=[1.005, 1.015], 17/20 paired seeds faster

✓ CUDA Bayesian Run 1: best = 65.5574 ms
✓ CUDA Random Run 1:   best = 69.9340 ms

================================================================================
EXPERIMENT 2: CUDA STENCIL Bayesian Search
================================================================================

================================================================================
Bayesian Optimization Auto-tuning CUDA STENCIL kernel (Optuna)
================================================================================
Problem size: 4096x4096x512
Trials to evaluate: 15

Benchmark repeats per config: 10, warmup runs: 5

Valid configurations in search space: 200/324

[  1/15] BM= 16, BN= 64, BK= 0, TM=2, TN=2:  70.1327 ms (median), mean=70.0828 ± 0.0743 ms (734.17 GFLOP/s)
[  2/15] BM= 64, BN= 64, BK= 8, TM=2, TN=4: 104.5503 ms (median), mean=104.5662 ± 0.0386 ms (492.48 GFLOP/s)
[  3/15] BM= 16, BN= 32, BK= 0, TM=2, TN=4: 106.5218 ms (median), mean=106.5703 ± 0.0783 ms (483.37 GFLOP/s)
[  4/15] BM= 32, BN=128, BK= 2, TM=4, TN=4: 100.2735 ms (median), mean=100.2932 ± 0.0412 ms (513.49 GFLOP/s)
[  5/15] BM= 16, BN=128, BK= 2, TM=1, TN=4: 101.7823 ms (median), mean=101.7953 ± 0.0213 ms (505.88 GFLOP/s)
[  6/15] BM= 16, BN=128, BK= 0, TM=4, TN=2:  70.6114 ms (median), mean=70.6949 ± 0.1343 ms (729.19 GFLOP/s)
[  7/15] BM= 32, BN= 64, BK= 2, TM=1, TN=4: 102.2700 ms (median), mean=102.3312 ± 0.1473 ms (503.46 GFLOP/s)
[  8/15] BM= 32, BN= 32, BK= 1, TM=4, TN=4: 112.3739 ms (median), mean=112.3655 ± 0.0260 ms (458.20 GFLOP/s)
[  9/15] BM= 16, BN= 64, BK= 0, TM=2, TN=2:  70.8773 ms (median), mean=71.3770 ± 0.6522 ms (726.46 GFLOP/s)
[ 10/15] BM= 16, BN= 64, BK= 0, TM=1, TN=4: 100.0499 ms (median), mean=100.0556 ± 0.0801 ms (514.64 GFLOP/s)
[ 11/15] BM= 16, BN= 32, BK= 1, TM=4, TN=4: 100.3422 ms (median), mean=100.3295 ± 0.1645 ms (513.14 GFLOP/s)
[ 12/15] BM= 16, BN=128, BK= 0, TM=4, TN=2:  69.3052 ms (median), mean=69.1347 ± 0.3439 ms (742.93 GFLOP/s)
[ 13/15] BM= 16, BN= 32, BK= 1, TM=4, TN=1:  70.7761 ms (median), mean=71.1203 ± 0.5878 ms (727.50 GFLOP/s)
[ 14/15] BM= 16, BN= 32, BK= 0, TM=2, TN=2:  75.5564 ms (median), mean=75.5694 ± 0.0614 ms (681.47 GFLOP/s)
[ 15/15] BM= 16, BN= 64, BK= 0, TM=1, TN=2:  79.7492 ms (median), mean=79.7655 ± 0.0540 ms (645.64 GFLOP/s)

Best trial: Trial #12
Best value: 69.3052 ms
✓ Bayesian run completed: 15 configs evaluated

================================================================================
EXPERIMENT 2: CUDA STENCIL Random Search
================================================================================

================================================================================
Random Search Auto-tuning CUDA STENCIL kernel
================================================================================
Problem size: 4096x4096x512
Samples to evaluate: 15

Benchmark repeats per config: 10, warmup runs: 5

Valid configurations in search space: 200
[  1/15] BM= 16, BN= 64, BK= 0, TM=2, TN=2:  71.4396 ms (median), mean=71.4716 ± 0.1817 ms (720.74 GFLOP/s)
[  2/15] BM= 32, BN= 32, BK= 2, TM=2, TN=1:  79.6439 ms (median), mean=79.6517 ± 0.0320 ms (646.49 GFLOP/s)
[  3/15] BM= 64, BN= 32, BK= 2, TM=1, TN=4: 109.0038 ms (median), mean=109.0064 ± 0.0196 ms (472.36 GFLOP/s)
[  4/15] BM= 64, BN= 64, BK= 8, TM=4, TN=4: 103.7294 ms (median), mean=103.7281 ± 0.0185 ms (496.38 GFLOP/s)
[  5/15] BM= 16, BN= 32, BK= 2, TM=4, TN=2:  78.0811 ms (median), mean=78.0670 ± 0.0518 ms (659.43 GFLOP/s)
[  6/15] BM= 32, BN= 32, BK= 1, TM=1, TN=4: 105.6383 ms (median), mean=105.6211 ± 0.0767 ms (487.41 GFLOP/s)
[  7/15] BM= 16, BN=128, BK= 8, TM=4, TN=4: 100.0315 ms (median), mean=100.0382 ± 0.0809 ms (514.73 GFLOP/s)
[  8/15] BM= 16, BN= 32, BK= 1, TM=4, TN=2:  77.9148 ms (median), mean=77.9311 ± 0.0621 ms (660.84 GFLOP/s)
[  9/15] BM= 32, BN= 32, BK= 8, TM=2, TN=4: 108.0107 ms (median), mean=108.0049 ± 0.0284 ms (476.71 GFLOP/s)
[ 10/15] BM= 16, BN= 64, BK= 0, TM=4, TN=4: 103.6769 ms (median), mean=103.6404 ± 0.0828 ms (496.63 GFLOP/s)
[ 11/15] BM= 32, BN= 64, BK= 2, TM=2, TN=2:  71.2923 ms (median), mean=71.7646 ± 0.6311 ms (722.23 GFLOP/s)
[ 12/15] BM= 32, BN= 32, BK= 2, TM=2, TN=4: 108.8917 ms (median), mean=108.8951 ± 0.0175 ms (472.85 GFLOP/s)
[ 13/15] BM= 16, BN= 32, BK= 8, TM=4, TN=1:  68.3869 ms (median), mean=68.4254 ± 0.3425 ms (752.91 GFLOP/s)
[ 14/15] BM= 16, BN= 64, BK= 2, TM=4, TN=1:  66.0116 ms (median), mean=65.9815 ± 0.2001 ms (780.00 GFLOP/s)
[ 15/15] BM= 16, BN= 64, BK= 8, TM=2, TN=1:  73.9802 ms (median), mean=73.9952 ± 0.1089 ms (695.99 GFLOP/s)
✓ Random run completed: 15 configs evaluated
BAYESIAN holdout: geometric-mean speedup=1.005x, 95% CI=[0.999, 1.011], 15/20 paired seeds faster
RANDOM holdout: geometric-mean speedup=1.054x, 95% CI=[1.047, 1.060], 20/20 paired seeds faster

✓ CUDA Bayesian Run 2: best = 69.3052 ms
✓ CUDA Random Run 2:   best = 66.0116 ms

================================================================================
EXPERIMENT 3: CUDA STENCIL Bayesian Search
================================================================================

================================================================================
Bayesian Optimization Auto-tuning CUDA STENCIL kernel (Optuna)
================================================================================
Problem size: 4096x4096x512
Trials to evaluate: 15

Benchmark repeats per config: 10, warmup runs: 5

Valid configurations in search space: 200/324

[  1/15] BM= 16, BN= 64, BK= 0, TM=2, TN=2:  70.9367 ms (median), mean=71.0864 ± 0.1982 ms (725.85 GFLOP/s)
[  2/15] BM= 64, BN= 64, BK= 8, TM=4, TN=4: 103.6921 ms (median), mean=103.6912 ± 0.0221 ms (496.56 GFLOP/s)
[  3/15] BM= 16, BN= 32, BK= 8, TM=2, TN=1:  77.7733 ms (median), mean=77.7760 ± 0.0247 ms (662.04 GFLOP/s)
[  4/15] BM= 64, BN= 32, BK= 0, TM=4, TN=2:  77.8132 ms (median), mean=77.8332 ± 0.0355 ms (661.70 GFLOP/s)
[  5/15] BM= 32, BN= 32, BK= 1, TM=4, TN=4: 112.4315 ms (median), mean=112.4348 ± 0.0190 ms (457.96 GFLOP/s)
[  6/15] BM= 32, BN= 32, BK= 2, TM=4, TN=2:  78.6450 ms (median), mean=78.6579 ± 0.0252 ms (654.71 GFLOP/s)
[  7/15] BM= 64, BN= 32, BK= 8, TM=2, TN=2:  77.1795 ms (median), mean=77.1775 ± 0.0357 ms (667.14 GFLOP/s)
[  8/15] BM= 16, BN= 64, BK= 2, TM=2, TN=2:  71.4050 ms (median), mean=71.2760 ± 0.1651 ms (721.09 GFLOP/s)
[  9/15] BM= 16, BN= 64, BK= 0, TM=2, TN=2:  71.1633 ms (median), mean=71.1674 ± 0.0208 ms (723.54 GFLOP/s)
[ 10/15] BM= 64, BN= 64, BK= 0, TM=4, TN=4: 103.7621 ms (median), mean=103.7614 ± 0.0223 ms (496.22 GFLOP/s)
[ 11/15] BM= 32, BN= 64, BK= 1, TM=2, TN=2:  71.3145 ms (median), mean=71.4369 ± 0.1861 ms (722.00 GFLOP/s)
[ 12/15] BM= 16, BN= 32, BK= 8, TM=4, TN=1:  69.0874 ms (median), mean=69.0033 ± 0.1003 ms (745.28 GFLOP/s)
[ 13/15] BM= 32, BN= 64, BK= 8, TM=1, TN=4: 102.1081 ms (median), mean=102.1109 ± 0.0153 ms (504.26 GFLOP/s)
[ 14/15] BM= 16, BN= 32, BK= 8, TM=4, TN=1:  68.2255 ms (median), mean=68.3674 ± 0.2407 ms (754.69 GFLOP/s)
[ 15/15] BM= 32, BN= 64, BK= 0, TM=2, TN=4: 101.6945 ms (median), mean=101.6966 ± 0.0326 ms (506.31 GFLOP/s)

Best trial: Trial #14
Best value: 68.2255 ms
✓ Bayesian run completed: 15 configs evaluated

================================================================================
EXPERIMENT 3: CUDA STENCIL Random Search
================================================================================

================================================================================
Random Search Auto-tuning CUDA STENCIL kernel
================================================================================
Problem size: 4096x4096x512
Samples to evaluate: 15

Benchmark repeats per config: 10, warmup runs: 5

Valid configurations in search space: 200
[  1/15] BM= 16, BN= 64, BK= 0, TM=2, TN=2:  69.9511 ms (median), mean=70.2099 ± 0.6956 ms (736.08 GFLOP/s)
[  2/15] BM= 32, BN= 32, BK= 2, TM=4, TN=4: 112.5769 ms (median), mean=112.5683 ± 0.0237 ms (457.37 GFLOP/s)
[  3/15] BM= 16, BN= 32, BK= 1, TM=2, TN=1:  77.8941 ms (median), mean=77.8937 ± 0.0257 ms (661.02 GFLOP/s)
[  4/15] BM= 64, BN=128, BK= 1, TM=4, TN=4: 101.2783 ms (median), mean=101.2925 ± 0.0298 ms (508.39 GFLOP/s)
[  5/15] BM= 32, BN= 32, BK= 8, TM=4, TN=2:  78.7030 ms (median), mean=78.6965 ± 0.0281 ms (654.22 GFLOP/s)
[  6/15] BM= 64, BN=128, BK= 0, TM=4, TN=4: 101.2614 ms (median), mean=101.2585 ± 0.0300 ms (508.48 GFLOP/s)
[  7/15] BM= 16, BN= 64, BK= 8, TM=4, TN=2:  71.5848 ms (median), mean=71.4829 ± 0.5411 ms (719.28 GFLOP/s)
[  8/15] BM= 64, BN= 32, BK= 8, TM=4, TN=1:  69.6228 ms (median), mean=69.8578 ± 0.2911 ms (739.55 GFLOP/s)
[  9/15] BM= 16, BN= 64, BK= 1, TM=2, TN=2:  71.2852 ms (median), mean=71.2176 ± 0.1001 ms (722.30 GFLOP/s)
[ 10/15] BM= 32, BN=128, BK= 0, TM=2, TN=4:  99.8802 ms (median), mean=99.8912 ± 0.0380 ms (515.51 GFLOP/s)
[ 11/15] BM= 64, BN= 32, BK= 0, TM=4, TN=2:  77.8150 ms (median), mean=77.8212 ± 0.0700 ms (661.69 GFLOP/s)
[ 12/15] BM= 16, BN= 32, BK= 8, TM=4, TN=4: 100.2481 ms (median), mean=100.1967 ± 0.0748 ms (513.62 GFLOP/s)
[ 13/15] BM= 64, BN= 64, BK= 8, TM=4, TN=2:  71.2436 ms (median), mean=71.2781 ± 0.0590 ms (722.72 GFLOP/s)
[ 14/15] BM= 32, BN= 32, BK= 1, TM=2, TN=2:  75.8040 ms (median), mean=75.8491 ± 0.0841 ms (679.24 GFLOP/s)
[ 15/15] BM= 16, BN= 64, BK= 1, TM=4, TN=1:  65.6803 ms (median), mean=65.6361 ± 0.1935 ms (783.94 GFLOP/s)
✓ Random run completed: 15 configs evaluated
BAYESIAN holdout: geometric-mean speedup=1.011x, 95% CI=[1.009, 1.014], 20/20 paired seeds faster
RANDOM holdout: geometric-mean speedup=1.031x, 95% CI=[1.022, 1.041], 18/20 paired seeds faster

✓ CUDA Bayesian Run 3: best = 68.2255 ms
✓ CUDA Random Run 3:   best = 65.6803 ms

================================================================================
EXPERIMENT 4: CUDA STENCIL Bayesian Search
================================================================================

================================================================================
Bayesian Optimization Auto-tuning CUDA STENCIL kernel (Optuna)
================================================================================
Problem size: 4096x4096x512
Trials to evaluate: 15

Benchmark repeats per config: 10, warmup runs: 5

Valid configurations in search space: 200/324

[  1/15] BM= 16, BN= 64, BK= 0, TM=2, TN=2:  71.0676 ms (median), mean=70.9187 ± 0.6305 ms (724.51 GFLOP/s)
[  2/15] BM= 16, BN= 32, BK= 2, TM=4, TN=2:  78.0172 ms (median), mean=78.0273 ± 0.0464 ms (659.97 GFLOP/s)
[  3/15] BM= 64, BN= 32, BK= 2, TM=2, TN=2:  77.1680 ms (median), mean=77.1785 ± 0.0293 ms (667.24 GFLOP/s)
[  4/15] BM= 32, BN= 32, BK= 1, TM=4, TN=4: 112.4207 ms (median), mean=112.4268 ± 0.0154 ms (458.01 GFLOP/s)
[  5/15] BM= 32, BN= 64, BK= 1, TM=2, TN=2:  71.4100 ms (median), mean=71.6110 ± 0.3476 ms (721.04 GFLOP/s)
[  6/15] BM= 64, BN= 32, BK= 8, TM=2, TN=4: 109.3848 ms (median), mean=109.3650 ± 0.0317 ms (470.72 GFLOP/s)
[  7/15] BM= 16, BN= 64, BK= 0, TM=2, TN=2:  71.1500 ms (median), mean=71.3598 ± 0.2555 ms (723.67 GFLOP/s)
[  8/15] BM= 16, BN= 64, BK= 1, TM=2, TN=4:  99.6016 ms (median), mean=99.6046 ± 0.0454 ms (516.95 GFLOP/s)
[  9/15] BM= 32, BN=128, BK= 0, TM=2, TN=4:  99.9108 ms (median), mean=99.9061 ± 0.0414 ms (515.35 GFLOP/s)
[ 10/15] BM= 32, BN= 32, BK= 2, TM=2, TN=1:  79.6721 ms (median), mean=79.6675 ± 0.0501 ms (646.26 GFLOP/s)
[ 11/15] BM= 16, BN= 64, BK= 0, TM=2, TN=2:  71.3020 ms (median), mean=71.7267 ± 0.5569 ms (722.13 GFLOP/s)
[ 12/15] BM= 16, BN= 32, BK= 1, TM=2, TN=2:  75.6136 ms (median), mean=75.6019 ± 0.0434 ms (680.95 GFLOP/s)
[ 13/15] BM= 32, BN=128, BK= 2, TM=2, TN=4: 100.0029 ms (median), mean=100.0063 ± 0.0288 ms (514.88 GFLOP/s)
[ 14/15] BM= 16, BN= 64, BK= 0, TM=2, TN=2:  70.9021 ms (median), mean=71.4190 ± 0.5636 ms (726.20 GFLOP/s)
[ 15/15] BM= 64, BN= 32, BK= 0, TM=4, TN=2:  77.8987 ms (median), mean=77.9123 ± 0.0544 ms (660.98 GFLOP/s)

Best trial: Trial #14
Best value: 70.9021 ms
✓ Bayesian run completed: 15 configs evaluated

================================================================================
EXPERIMENT 4: CUDA STENCIL Random Search
================================================================================

================================================================================
Random Search Auto-tuning CUDA STENCIL kernel
================================================================================
Problem size: 4096x4096x512
Samples to evaluate: 15

Benchmark repeats per config: 10, warmup runs: 5

Valid configurations in search space: 200
[  1/15] BM= 16, BN= 64, BK= 0, TM=2, TN=2:  71.1786 ms (median), mean=71.2074 ± 0.0812 ms (723.38 GFLOP/s)
[  2/15] BM= 64, BN= 32, BK= 0, TM=4, TN=2:  77.8189 ms (median), mean=77.8017 ± 0.0339 ms (661.66 GFLOP/s)
[  3/15] BM= 16, BN= 32, BK= 8, TM=2, TN=4: 106.6808 ms (median), mean=106.7148 ± 0.0670 ms (482.65 GFLOP/s)
[  4/15] BM= 16, BN=128, BK= 2, TM=1, TN=4: 101.7632 ms (median), mean=101.7786 ± 0.0381 ms (505.97 GFLOP/s)
[  5/15] BM= 16, BN= 32, BK= 2, TM=2, TN=1:  77.8703 ms (median), mean=77.8631 ± 0.0246 ms (661.22 GFLOP/s)
[  6/15] BM= 16, BN=128, BK= 0, TM=4, TN=2:  71.4403 ms (median), mean=71.5049 ± 0.1408 ms (720.73 GFLOP/s)
[  7/15] BM= 64, BN= 64, BK= 0, TM=2, TN=4: 104.5763 ms (median), mean=104.5758 ± 0.0308 ms (492.36 GFLOP/s)
[  8/15] BM= 64, BN= 32, BK= 1, TM=1, TN=4: 108.7433 ms (median), mean=108.7557 ± 0.0317 ms (473.49 GFLOP/s)
[  9/15] BM= 16, BN=128, BK= 1, TM=4, TN=4: 100.2916 ms (median), mean=100.2862 ± 0.0604 ms (513.40 GFLOP/s)
[ 10/15] BM= 16, BN= 64, BK= 0, TM=1, TN=2:  79.7888 ms (median), mean=79.7880 ± 0.0748 ms (645.32 GFLOP/s)
[ 11/15] BM= 32, BN=128, BK= 2, TM=4, TN=2:  70.8410 ms (median), mean=70.8124 ± 0.0489 ms (726.83 GFLOP/s)
[ 12/15] BM= 64, BN= 32, BK= 2, TM=2, TN=2:  77.2012 ms (median), mean=77.2100 ± 0.0329 ms (666.95 GFLOP/s)
[ 13/15] BM= 64, BN= 64, BK= 0, TM=4, TN=4: 103.7296 ms (median), mean=103.7301 ± 0.0277 ms (496.38 GFLOP/s)
[ 14/15] BM= 32, BN= 32, BK= 2, TM=4, TN=2:  78.6781 ms (median), mean=78.6808 ± 0.0381 ms (654.43 GFLOP/s)
[ 15/15] BM= 16, BN=128, BK= 1, TM=4, TN=2:  71.1662 ms (median), mean=71.2385 ± 0.1836 ms (723.51 GFLOP/s)
✓ Random run completed: 15 configs evaluated
BAYESIAN holdout: geometric-mean speedup=1.000x, 95% CI=[1.000, 1.000], 0/20 paired seeds faster
RANDOM holdout: geometric-mean speedup=1.002x, 95% CI=[0.997, 1.006], 14/20 paired seeds faster

✓ CUDA Bayesian Run 4: best = 70.9021 ms
✓ CUDA Random Run 4:   best = 70.8410 ms

================================================================================
EXPERIMENT 5: CUDA STENCIL Bayesian Search
================================================================================

================================================================================
Bayesian Optimization Auto-tuning CUDA STENCIL kernel (Optuna)
================================================================================
Problem size: 4096x4096x512
Trials to evaluate: 15

Benchmark repeats per config: 10, warmup runs: 5

Valid configurations in search space: 200/324

[  1/15] BM= 16, BN= 64, BK= 0, TM=2, TN=2:  71.3015 ms (median), mean=71.5086 ± 0.3316 ms (722.14 GFLOP/s)
[  2/15] BM= 32, BN= 64, BK= 8, TM=4, TN=1:  68.1052 ms (median), mean=68.4153 ± 0.7524 ms (756.03 GFLOP/s)
[  3/15] BM= 32, BN= 32, BK= 8, TM=1, TN=2:  86.6887 ms (median), mean=86.7027 ± 0.0608 ms (593.96 GFLOP/s)
[  4/15] BM= 16, BN=128, BK= 0, TM=1, TN=4: 101.9720 ms (median), mean=101.9806 ± 0.0375 ms (504.94 GFLOP/s)
[  5/15] BM= 16, BN= 64, BK= 8, TM=4, TN=1:  64.6966 ms (median), mean=64.7195 ± 0.1679 ms (795.86 GFLOP/s)
[  6/15] BM= 32, BN= 64, BK= 1, TM=1, TN=4: 102.0616 ms (median), mean=102.0694 ± 0.0378 ms (504.49 GFLOP/s)
[  7/15] BM= 16, BN= 32, BK= 2, TM=2, TN=1:  77.9191 ms (median), mean=77.9258 ± 0.0312 ms (660.80 GFLOP/s)
[  8/15] BM= 32, BN= 64, BK= 0, TM=2, TN=2:  71.5339 ms (median), mean=71.5930 ± 0.2294 ms (719.79 GFLOP/s)
[  9/15] BM= 64, BN= 32, BK= 2, TM=2, TN=4: 110.0888 ms (median), mean=110.0942 ± 0.0265 ms (467.71 GFLOP/s)
[ 10/15] BM= 16, BN= 32, BK= 1, TM=1, TN=1:  91.3616 ms (median), mean=91.3761 ± 0.0891 ms (563.58 GFLOP/s)
[ 11/15] BM= 16, BN= 32, BK= 2, TM=2, TN=4: 107.4975 ms (median), mean=107.5008 ± 0.0419 ms (478.98 GFLOP/s)
[ 12/15] BM= 32, BN= 32, BK= 2, TM=2, TN=2:  75.8979 ms (median), mean=75.9050 ± 0.0526 ms (678.40 GFLOP/s)
[ 13/15] BM= 32, BN=128, BK= 8, TM=4, TN=2:  71.2764 ms (median), mean=71.4960 ± 0.2490 ms (722.39 GFLOP/s)
[ 14/15] BM= 16, BN= 64, BK= 8, TM=4, TN=1:  66.1657 ms (median), mean=66.0167 ± 0.2737 ms (778.19 GFLOP/s)
[ 15/15] BM= 16, BN= 32, BK= 2, TM=1, TN=2:  84.0689 ms (median), mean=84.0938 ± 0.0502 ms (612.47 GFLOP/s)

Best trial: Trial #5
Best value: 64.6966 ms
✓ Bayesian run completed: 15 configs evaluated

================================================================================
EXPERIMENT 5: CUDA STENCIL Random Search
================================================================================

================================================================================
Random Search Auto-tuning CUDA STENCIL kernel
================================================================================
Problem size: 4096x4096x512
Samples to evaluate: 15

Benchmark repeats per config: 10, warmup runs: 5

Valid configurations in search space: 200
[  1/15] BM= 16, BN= 64, BK= 0, TM=2, TN=2:  70.6683 ms (median), mean=70.4060 ± 0.6965 ms (728.61 GFLOP/s)
[  2/15] BM= 32, BN= 32, BK= 1, TM=4, TN=1:  69.6499 ms (median), mean=69.8171 ± 0.2378 ms (739.26 GFLOP/s)
[  3/15] BM= 32, BN= 32, BK= 1, TM=4, TN=4: 112.4066 ms (median), mean=112.4253 ± 0.0536 ms (458.06 GFLOP/s)
[  4/15] BM= 32, BN= 32, BK= 8, TM=2, TN=2:  75.9630 ms (median), mean=75.9512 ± 0.0335 ms (677.82 GFLOP/s)
[  5/15] BM= 64, BN= 32, BK= 8, TM=4, TN=2:  77.9173 ms (median), mean=77.9158 ± 0.0452 ms (660.82 GFLOP/s)
[  6/15] BM= 16, BN= 64, BK= 8, TM=2, TN=4: 100.6011 ms (median), mean=100.5860 ± 0.0562 ms (511.82 GFLOP/s)
[  7/15] BM= 32, BN= 64, BK= 1, TM=1, TN=4: 102.0886 ms (median), mean=102.1072 ± 0.0671 ms (504.36 GFLOP/s)
[  8/15] BM= 64, BN= 64, BK= 0, TM=4, TN=2:  71.4188 ms (median), mean=71.5736 ± 0.2102 ms (720.95 GFLOP/s)
[  9/15] BM= 64, BN= 32, BK= 1, TM=4, TN=1:  68.4522 ms (median), mean=68.3339 ± 0.1680 ms (752.19 GFLOP/s)
[ 10/15] BM= 32, BN= 32, BK= 8, TM=1, TN=4: 106.2202 ms (median), mean=106.2342 ± 0.0862 ms (484.74 GFLOP/s)
[ 11/15] BM= 16, BN=128, BK= 2, TM=2, TN=2:  68.1983 ms (median), mean=68.5853 ± 0.6632 ms (754.99 GFLOP/s)
[ 12/15] BM= 32, BN= 32, BK= 1, TM=1, TN=2:  85.7701 ms (median), mean=85.7611 ± 0.0830 ms (600.32 GFLOP/s)
[ 13/15] BM= 64, BN= 32, BK= 1, TM=4, TN=4: 112.2181 ms (median), mean=112.2079 ± 0.0268 ms (458.83 GFLOP/s)
[ 14/15] BM= 16, BN= 32, BK= 8, TM=1, TN=4: 104.0000 ms (median), mean=104.0177 ± 0.0734 ms (495.09 GFLOP/s)
[ 15/15] BM= 32, BN= 32, BK= 0, TM=2, TN=1:  79.3594 ms (median), mean=79.3627 ± 0.0337 ms (648.81 GFLOP/s)
✓ Random run completed: 15 configs evaluated
BAYESIAN holdout: geometric-mean speedup=1.030x, 95% CI=[1.025, 1.036], 20/20 paired seeds faster
RANDOM holdout: geometric-mean speedup=0.999x, 95% CI=[0.990, 1.008], 11/20 paired seeds faster

✓ CUDA Bayesian Run 5: best = 64.6966 ms
✓ CUDA Random Run 5:   best = 68.1983 ms

================================================================================
EXPERIMENT 6: CUDA STENCIL Bayesian Search
================================================================================

================================================================================
Bayesian Optimization Auto-tuning CUDA STENCIL kernel (Optuna)
================================================================================
Problem size: 4096x4096x512
Trials to evaluate: 15

Benchmark repeats per config: 10, warmup runs: 5

Valid configurations in search space: 200/324

[  1/15] BM= 16, BN= 64, BK= 0, TM=2, TN=2:  71.1819 ms (median), mean=71.3775 ± 0.3176 ms (723.35 GFLOP/s)
[  2/15] BM= 64, BN= 64, BK= 8, TM=2, TN=4: 104.5319 ms (median), mean=104.5282 ± 0.0195 ms (492.57 GFLOP/s)
[  3/15] BM= 16, BN= 32, BK= 1, TM=2, TN=2:  75.6119 ms (median), mean=75.6340 ± 0.0482 ms (680.97 GFLOP/s)
[  4/15] BM= 16, BN= 64, BK= 0, TM=4, TN=1:  64.4443 ms (median), mean=64.4575 ± 0.1737 ms (798.97 GFLOP/s)
[  5/15] BM= 32, BN= 32, BK= 8, TM=2, TN=2:  75.8456 ms (median), mean=75.8443 ± 0.0552 ms (678.87 GFLOP/s)
[  6/15] BM= 16, BN= 32, BK= 2, TM=1, TN=4: 105.0094 ms (median), mean=105.0379 ± 0.0599 ms (490.33 GFLOP/s)
[  7/15] BM= 64, BN= 64, BK= 2, TM=2, TN=4: 104.7899 ms (median), mean=104.7932 ± 0.0343 ms (491.36 GFLOP/s)
[  8/15] BM= 16, BN= 64, BK= 0, TM=4, TN=1:  68.2102 ms (median), mean=68.4814 ± 0.4151 ms (754.86 GFLOP/s)
[  9/15] BM= 32, BN= 32, BK= 8, TM=2, TN=4: 108.0033 ms (median), mean=108.0015 ± 0.0335 ms (476.74 GFLOP/s)
[ 10/15] BM= 32, BN= 64, BK= 8, TM=1, TN=4: 102.0795 ms (median), mean=102.0761 ± 0.0200 ms (504.40 GFLOP/s)
[ 11/15] BM= 16, BN=128, BK= 8, TM=4, TN=2:  70.6612 ms (median), mean=70.7917 ± 0.2074 ms (728.68 GFLOP/s)
[ 12/15] BM= 16, BN= 64, BK= 0, TM=4, TN=1:  67.9761 ms (median), mean=68.2337 ± 0.4379 ms (757.46 GFLOP/s)
[ 13/15] BM= 16, BN= 64, BK= 0, TM=4, TN=1:  67.2546 ms (median), mean=67.4074 ± 0.3895 ms (765.59 GFLOP/s)
[ 14/15] BM= 32, BN= 64, BK= 8, TM=4, TN=1:  68.4380 ms (median), mean=68.8689 ± 0.5494 ms (752.35 GFLOP/s)
[ 15/15] BM= 64, BN= 32, BK= 0, TM=2, TN=2:  77.2343 ms (median), mean=77.2253 ± 0.0339 ms (666.66 GFLOP/s)

Best trial: Trial #4
Best value: 64.4443 ms
✓ Bayesian run completed: 15 configs evaluated

================================================================================
EXPERIMENT 6: CUDA STENCIL Random Search
================================================================================

================================================================================
Random Search Auto-tuning CUDA STENCIL kernel
================================================================================
Problem size: 4096x4096x512
Samples to evaluate: 15

Benchmark repeats per config: 10, warmup runs: 5

Valid configurations in search space: 200
[  1/15] BM= 16, BN= 64, BK= 0, TM=2, TN=2:  69.9244 ms (median), mean=70.2774 ± 0.5322 ms (736.36 GFLOP/s)
[  2/15] BM= 16, BN= 64, BK= 8, TM=1, TN=2:  79.9448 ms (median), mean=79.9374 ± 0.1008 ms (644.06 GFLOP/s)
[  3/15] BM= 32, BN= 32, BK= 0, TM=2, TN=1:  79.2900 ms (median), mean=79.2808 ± 0.0484 ms (649.38 GFLOP/s)
[  4/15] BM= 32, BN= 32, BK= 1, TM=2, TN=1:  79.6171 ms (median), mean=79.6326 ± 0.0268 ms (646.71 GFLOP/s)
[  5/15] BM= 32, BN= 32, BK= 8, TM=1, TN=4: 106.1807 ms (median), mean=106.1414 ± 0.0717 ms (484.92 GFLOP/s)
[  6/15] BM= 16, BN= 32, BK= 8, TM=1, TN=2:  84.1666 ms (median), mean=84.1563 ± 0.0600 ms (611.75 GFLOP/s)
[  7/15] BM= 32, BN= 64, BK= 0, TM=4, TN=4: 104.1664 ms (median), mean=104.1794 ± 0.0413 ms (494.30 GFLOP/s)
[  8/15] BM= 32, BN= 32, BK= 1, TM=2, TN=2:  75.8544 ms (median), mean=75.8524 ± 0.0446 ms (678.79 GFLOP/s)
[  9/15] BM= 16, BN= 32, BK= 1, TM=1, TN=4: 103.4447 ms (median), mean=103.4548 ± 0.1007 ms (497.75 GFLOP/s)
[ 10/15] BM= 32, BN= 64, BK= 1, TM=1, TN=4: 101.9917 ms (median), mean=102.0081 ± 0.0392 ms (504.84 GFLOP/s)
[ 11/15] BM= 16, BN=128, BK= 8, TM=2, TN=4:  98.5198 ms (median), mean=98.5453 ± 0.0722 ms (522.63 GFLOP/s)
[ 12/15] BM= 32, BN= 64, BK= 1, TM=4, TN=2:  70.9414 ms (median), mean=71.4705 ± 0.6271 ms (725.80 GFLOP/s)
[ 13/15] BM= 16, BN= 64, BK= 8, TM=4, TN=2:  71.4736 ms (median), mean=71.8472 ± 0.5213 ms (720.40 GFLOP/s)
[ 14/15] BM= 32, BN=128, BK= 1, TM=4, TN=2:  71.0417 ms (median), mean=71.0167 ± 0.0355 ms (724.78 GFLOP/s)
[ 15/15] BM= 16, BN= 32, BK= 1, TM=4, TN=2:  77.9051 ms (median), mean=77.9066 ± 0.0329 ms (660.92 GFLOP/s)
✓ Random run completed: 15 configs evaluated
BAYESIAN holdout: geometric-mean speedup=1.095x, 95% CI=[1.087, 1.103], 20/20 paired seeds faster
RANDOM holdout: geometric-mean speedup=1.000x, 95% CI=[1.000, 1.000], 0/20 paired seeds faster

✓ CUDA Bayesian Run 6: best = 64.4443 ms
✓ CUDA Random Run 6:   best = 69.9244 ms

================================================================================
EXPERIMENT 7: CUDA STENCIL Bayesian Search
================================================================================

================================================================================
Bayesian Optimization Auto-tuning CUDA STENCIL kernel (Optuna)
================================================================================
Problem size: 4096x4096x512
Trials to evaluate: 15

Benchmark repeats per config: 10, warmup runs: 5

Valid configurations in search space: 200/324

[  1/15] BM= 16, BN= 64, BK= 0, TM=2, TN=2:  71.0662 ms (median), mean=71.3327 ± 0.5385 ms (724.53 GFLOP/s)
[  2/15] BM= 16, BN= 32, BK= 1, TM=4, TN=4: 100.2951 ms (median), mean=100.3168 ± 0.0997 ms (513.38 GFLOP/s)
[  3/15] BM= 32, BN= 64, BK= 2, TM=2, TN=2:  70.6656 ms (median), mean=70.8894 ± 0.6345 ms (728.63 GFLOP/s)
[  4/15] BM= 16, BN= 32, BK= 0, TM=1, TN=1:  91.3279 ms (median), mean=91.3230 ± 0.0692 ms (563.78 GFLOP/s)
[  5/15] BM= 32, BN= 32, BK= 2, TM=1, TN=4: 107.0052 ms (median), mean=107.0310 ± 0.0863 ms (481.18 GFLOP/s)
[  6/15] BM= 32, BN= 32, BK= 1, TM=2, TN=4: 107.0834 ms (median), mean=107.0812 ± 0.0215 ms (480.83 GFLOP/s)
[  7/15] BM= 16, BN=128, BK= 1, TM=4, TN=4: 100.2146 ms (median), mean=100.1974 ± 0.0474 ms (513.79 GFLOP/s)
[  8/15] BM= 32, BN= 64, BK= 2, TM=4, TN=4: 104.0920 ms (median), mean=104.1467 ± 0.1134 ms (494.65 GFLOP/s)
[  9/15] BM= 16, BN= 32, BK= 8, TM=4, TN=2:  78.1167 ms (median), mean=78.0897 ± 0.0527 ms (659.13 GFLOP/s)
[ 10/15] BM= 32, BN= 64, BK= 0, TM=1, TN=4: 102.0758 ms (median), mean=102.1165 ± 0.0833 ms (504.42 GFLOP/s)
[ 11/15] BM= 16, BN= 32, BK= 8, TM=1, TN=1:  91.2678 ms (median), mean=91.2739 ± 0.0813 ms (564.16 GFLOP/s)
[ 12/15] BM= 32, BN= 32, BK= 2, TM=1, TN=2:  86.7432 ms (median), mean=86.7897 ± 0.0769 ms (593.58 GFLOP/s)
[ 13/15] BM= 16, BN= 64, BK= 0, TM=1, TN=4: 100.0650 ms (median), mean=100.1008 ± 0.0605 ms (514.56 GFLOP/s)
[ 14/15] BM= 32, BN= 64, BK= 8, TM=2, TN=2:  71.0146 ms (median), mean=71.4912 ± 0.5822 ms (725.05 GFLOP/s)
[ 15/15] BM= 32, BN= 64, BK= 2, TM=2, TN=2:  71.4570 ms (median), mean=71.6583 ± 0.3442 ms (720.56 GFLOP/s)

Best trial: Trial #3
Best value: 70.6656 ms
✓ Bayesian run completed: 15 configs evaluated

================================================================================
EXPERIMENT 7: CUDA STENCIL Random Search
================================================================================

================================================================================
Random Search Auto-tuning CUDA STENCIL kernel
================================================================================
Problem size: 4096x4096x512
Samples to evaluate: 15

Benchmark repeats per config: 10, warmup runs: 5

Valid configurations in search space: 200
[  1/15] BM= 16, BN= 64, BK= 0, TM=2, TN=2:  71.1054 ms (median), mean=71.1277 ± 0.0659 ms (724.13 GFLOP/s)
[  2/15] BM= 16, BN= 64, BK= 1, TM=1, TN=4:  99.8118 ms (median), mean=99.7970 ± 0.0980 ms (515.86 GFLOP/s)
[  3/15] BM= 16, BN=128, BK= 0, TM=4, TN=1:  64.7411 ms (median), mean=64.6065 ± 0.3264 ms (795.31 GFLOP/s)
[  4/15] BM= 16, BN= 64, BK= 1, TM=1, TN=2:  81.4838 ms (median), mean=81.4195 ± 0.1176 ms (631.90 GFLOP/s)
[  5/15] BM= 64, BN= 64, BK= 0, TM=4, TN=4: 103.7868 ms (median), mean=103.7871 ± 0.0331 ms (496.11 GFLOP/s)
[  6/15] BM= 16, BN= 64, BK= 1, TM=2, TN=1:  73.9248 ms (median), mean=73.9292 ± 0.0452 ms (696.51 GFLOP/s)
[  7/15] BM= 16, BN=128, BK= 2, TM=4, TN=2:  68.6388 ms (median), mean=68.7214 ± 0.6710 ms (750.15 GFLOP/s)
[  8/15] BM= 64, BN= 64, BK= 2, TM=2, TN=4: 104.7685 ms (median), mean=104.7749 ± 0.0196 ms (491.46 GFLOP/s)
[  9/15] BM= 16, BN= 32, BK= 8, TM=4, TN=2:  78.1000 ms (median), mean=78.0869 ± 0.0449 ms (659.27 GFLOP/s)
[ 10/15] BM= 16, BN= 32, BK= 1, TM=2, TN=2:  75.5704 ms (median), mean=75.5892 ± 0.0470 ms (681.34 GFLOP/s)
[ 11/15] BM= 32, BN= 32, BK= 0, TM=4, TN=2:  78.6212 ms (median), mean=78.6230 ± 0.0364 ms (654.90 GFLOP/s)
[ 12/15] BM= 32, BN= 32, BK= 0, TM=2, TN=1:  79.3574 ms (median), mean=79.3622 ± 0.0383 ms (648.83 GFLOP/s)
[ 13/15] BM= 32, BN= 64, BK= 2, TM=4, TN=2:  71.0059 ms (median), mean=71.4128 ± 0.5706 ms (725.14 GFLOP/s)
[ 14/15] BM= 64, BN= 32, BK= 2, TM=1, TN=4: 108.9255 ms (median), mean=108.9310 ± 0.0186 ms (472.70 GFLOP/s)
[ 15/15] BM= 64, BN= 32, BK= 1, TM=1, TN=4: 108.8204 ms (median), mean=108.8229 ± 0.0188 ms (473.16 GFLOP/s)
✓ Random run completed: 15 configs evaluated
BAYESIAN holdout: geometric-mean speedup=1.001x, 95% CI=[0.995, 1.007], 6/20 paired seeds faster
RANDOM holdout: geometric-mean speedup=1.074x, 95% CI=[1.068, 1.079], 20/20 paired seeds faster

✓ CUDA Bayesian Run 7: best = 70.6656 ms
✓ CUDA Random Run 7:   best = 64.7411 ms

================================================================================
EXPERIMENT 8: CUDA STENCIL Bayesian Search
================================================================================

================================================================================
Bayesian Optimization Auto-tuning CUDA STENCIL kernel (Optuna)
================================================================================
Problem size: 4096x4096x512
Trials to evaluate: 15

Benchmark repeats per config: 10, warmup runs: 5

Valid configurations in search space: 200/324

[  1/15] BM= 16, BN= 64, BK= 0, TM=2, TN=2:  71.1673 ms (median), mean=71.2541 ± 0.1535 ms (723.50 GFLOP/s)
[  2/15] BM= 16, BN= 32, BK= 0, TM=1, TN=2:  83.6586 ms (median), mean=83.6652 ± 0.0629 ms (615.47 GFLOP/s)
[  3/15] BM= 16, BN= 64, BK= 2, TM=4, TN=1:  65.7614 ms (median), mean=65.7248 ± 0.1535 ms (782.97 GFLOP/s)
[  4/15] BM= 64, BN= 32, BK= 0, TM=1, TN=4: 108.7741 ms (median), mean=108.7611 ± 0.0249 ms (473.36 GFLOP/s)
[  5/15] BM= 32, BN= 64, BK= 0, TM=1, TN=4: 102.0885 ms (median), mean=102.0834 ± 0.0325 ms (504.36 GFLOP/s)
[  6/15] BM= 16, BN=128, BK= 0, TM=2, TN=4:  98.5374 ms (median), mean=98.5596 ± 0.0700 ms (522.54 GFLOP/s)
[  7/15] BM= 16, BN= 64, BK= 2, TM=4, TN=1:  65.1492 ms (median), mean=65.1005 ± 0.1407 ms (790.33 GFLOP/s)
[  8/15] BM= 16, BN= 64, BK= 2, TM=4, TN=1:  66.7342 ms (median), mean=66.6927 ± 0.5347 ms (771.56 GFLOP/s)
[  9/15] BM= 16, BN= 32, BK= 8, TM=2, TN=2:  75.5412 ms (median), mean=75.5447 ± 0.0403 ms (681.61 GFLOP/s)
[ 10/15] BM= 64, BN= 32, BK= 2, TM=4, TN=2:  77.8829 ms (median), mean=77.8938 ± 0.0438 ms (661.11 GFLOP/s)
[ 11/15] BM= 32, BN= 32, BK= 0, TM=4, TN=2:  78.6252 ms (median), mean=78.6345 ± 0.0417 ms (654.87 GFLOP/s)
[ 12/15] BM= 32, BN= 32, BK= 1, TM=2, TN=4: 107.0273 ms (median), mean=107.0283 ± 0.0195 ms (481.09 GFLOP/s)
[ 13/15] BM= 64, BN= 32, BK= 1, TM=4, TN=2:  77.6789 ms (median), mean=77.6949 ± 0.0406 ms (662.85 GFLOP/s)
[ 14/15] BM= 32, BN=128, BK= 8, TM=4, TN=2:  68.7854 ms (median), mean=69.1075 ± 0.5260 ms (748.55 GFLOP/s)
[ 15/15] BM= 16, BN= 64, BK= 2, TM=4, TN=1:  67.0695 ms (median), mean=67.1052 ± 0.3261 ms (767.70 GFLOP/s)

Best trial: Trial #7
Best value: 65.1492 ms
✓ Bayesian run completed: 15 configs evaluated

================================================================================
EXPERIMENT 8: CUDA STENCIL Random Search
================================================================================

================================================================================
Random Search Auto-tuning CUDA STENCIL kernel
================================================================================
Problem size: 4096x4096x512
Samples to evaluate: 15

Benchmark repeats per config: 10, warmup runs: 5

Valid configurations in search space: 200
[  1/15] BM= 16, BN= 64, BK= 0, TM=2, TN=2:  71.3755 ms (median), mean=71.4240 ± 0.1154 ms (721.39 GFLOP/s)
[  2/15] BM= 16, BN=128, BK= 2, TM=4, TN=1:  64.4398 ms (median), mean=64.3961 ± 0.2844 ms (799.03 GFLOP/s)
[  3/15] BM= 16, BN= 32, BK= 1, TM=1, TN=4: 103.4262 ms (median), mean=103.4136 ± 0.0994 ms (497.84 GFLOP/s)
[  4/15] BM= 16, BN=128, BK= 8, TM=2, TN=2:  69.5608 ms (median), mean=70.1086 ± 0.6584 ms (740.21 GFLOP/s)
[  5/15] BM= 32, BN=128, BK= 0, TM=2, TN=4:  99.8634 ms (median), mean=99.8681 ± 0.0273 ms (515.60 GFLOP/s)
[  6/15] BM= 16, BN= 64, BK= 2, TM=4, TN=2:  71.3486 ms (median), mean=71.4811 ± 0.1900 ms (721.66 GFLOP/s)
[  7/15] BM= 32, BN= 32, BK= 1, TM=4, TN=2:  78.3675 ms (median), mean=78.3833 ± 0.0416 ms (657.02 GFLOP/s)
[  8/15] BM= 32, BN= 64, BK= 2, TM=1, TN=4: 102.2773 ms (median), mean=102.2795 ± 0.0161 ms (503.43 GFLOP/s)
[  9/15] BM= 16, BN= 32, BK= 1, TM=2, TN=4: 105.7747 ms (median), mean=105.7921 ± 0.0813 ms (486.78 GFLOP/s)
[ 10/15] BM= 32, BN= 64, BK= 8, TM=2, TN=2:  71.1178 ms (median), mean=70.9147 ± 0.5119 ms (724.00 GFLOP/s)
[ 11/15] BM= 16, BN= 32, BK= 8, TM=4, TN=1:  68.5998 ms (median), mean=68.7862 ± 0.3251 ms (750.58 GFLOP/s)
[ 12/15] BM= 16, BN=128, BK= 0, TM=4, TN=2:  70.8323 ms (median), mean=71.0460 ± 0.4301 ms (726.92 GFLOP/s)
[ 13/15] BM= 32, BN= 32, BK= 8, TM=2, TN=4: 107.9297 ms (median), mean=107.9358 ± 0.0330 ms (477.06 GFLOP/s)
[ 14/15] BM= 16, BN= 32, BK= 0, TM=4, TN=4:  99.5675 ms (median), mean=99.6121 ± 0.1282 ms (517.13 GFLOP/s)
[ 15/15] BM= 16, BN= 32, BK= 2, TM=1, TN=2:  84.1531 ms (median), mean=84.1502 ± 0.0464 ms (611.85 GFLOP/s)
✓ Random run completed: 15 configs evaluated
BAYESIAN holdout: geometric-mean speedup=1.086x, 95% CI=[1.080, 1.093], 20/20 paired seeds faster
RANDOM holdout: geometric-mean speedup=1.031x, 95% CI=[1.024, 1.037], 20/20 paired seeds faster

✓ CUDA Bayesian Run 8: best = 65.1492 ms
✓ CUDA Random Run 8:   best = 64.4398 ms

================================================================================
EXPERIMENT 9: CUDA STENCIL Bayesian Search
================================================================================

================================================================================
Bayesian Optimization Auto-tuning CUDA STENCIL kernel (Optuna)
================================================================================
Problem size: 4096x4096x512
Trials to evaluate: 15

Benchmark repeats per config: 10, warmup runs: 5

Valid configurations in search space: 200/324

[  1/15] BM= 16, BN= 64, BK= 0, TM=2, TN=2:  71.3729 ms (median), mean=71.5574 ± 0.3445 ms (721.41 GFLOP/s)
[  2/15] BM= 32, BN=128, BK= 8, TM=4, TN=2:  70.7571 ms (median), mean=70.7526 ± 0.0347 ms (727.69 GFLOP/s)
[  3/15] BM= 64, BN= 32, BK= 1, TM=4, TN=1:  70.7725 ms (median), mean=70.7746 ± 0.0116 ms (727.53 GFLOP/s)
[  4/15] BM= 16, BN= 64, BK= 8, TM=1, TN=4: 100.0210 ms (median), mean=100.0305 ± 0.0688 ms (514.78 GFLOP/s)
[  5/15] BM= 32, BN= 32, BK= 0, TM=2, TN=4: 107.8761 ms (median), mean=107.8673 ± 0.0237 ms (477.30 GFLOP/s)
[  6/15] BM= 16, BN= 64, BK= 2, TM=4, TN=1:  64.2967 ms (median), mean=64.4305 ± 0.3076 ms (800.81 GFLOP/s)
[  7/15] BM= 64, BN= 32, BK= 0, TM=2, TN=2:  77.0956 ms (median), mean=77.0950 ± 0.0405 ms (667.86 GFLOP/s)
[  8/15] BM= 32, BN= 32, BK= 8, TM=4, TN=4: 113.2842 ms (median), mean=113.2862 ± 0.0277 ms (454.51 GFLOP/s)
[  9/15] BM= 16, BN= 64, BK= 0, TM=4, TN=2:  71.3666 ms (median), mean=71.5165 ± 0.5051 ms (721.48 GFLOP/s)
[ 10/15] BM= 32, BN= 64, BK= 8, TM=4, TN=4: 103.9957 ms (median), mean=103.9926 ± 0.0221 ms (495.11 GFLOP/s)
[ 11/15] BM= 16, BN= 64, BK= 8, TM=2, TN=4: 100.5946 ms (median), mean=100.5827 ± 0.0630 ms (511.85 GFLOP/s)
[ 12/15] BM= 16, BN= 64, BK= 2, TM=4, TN=1:  65.5501 ms (median), mean=65.5922 ± 0.1417 ms (785.50 GFLOP/s)
[ 13/15] BM= 16, BN= 32, BK= 0, TM=1, TN=2:  83.6680 ms (median), mean=83.6583 ± 0.0540 ms (615.40 GFLOP/s)
[ 14/15] BM= 16, BN= 32, BK= 1, TM=2, TN=2:  75.6545 ms (median), mean=75.6740 ± 0.0570 ms (680.58 GFLOP/s)
[ 15/15] BM= 32, BN= 32, BK= 8, TM=1, TN=4: 106.1766 ms (median), mean=106.1763 ± 0.0481 ms (484.94 GFLOP/s)

Best trial: Trial #6
Best value: 64.2967 ms
✓ Bayesian run completed: 15 configs evaluated

================================================================================
EXPERIMENT 9: CUDA STENCIL Random Search
================================================================================

================================================================================
Random Search Auto-tuning CUDA STENCIL kernel
================================================================================
Problem size: 4096x4096x512
Samples to evaluate: 15

Benchmark repeats per config: 10, warmup runs: 5

Valid configurations in search space: 200
[  1/15] BM= 16, BN= 64, BK= 0, TM=2, TN=2:  70.6976 ms (median), mean=70.3895 ± 0.6652 ms (728.30 GFLOP/s)
[  2/15] BM= 32, BN=128, BK= 0, TM=2, TN=4:  99.8273 ms (median), mean=99.8306 ± 0.0289 ms (515.78 GFLOP/s)
[  3/15] BM= 16, BN=128, BK= 8, TM=4, TN=4:  99.9813 ms (median), mean=99.9752 ± 0.0513 ms (514.99 GFLOP/s)
[  4/15] BM= 16, BN= 32, BK= 1, TM=2, TN=1:  77.9083 ms (median), mean=77.9103 ± 0.0498 ms (660.90 GFLOP/s)
[  5/15] BM= 64, BN=128, BK= 8, TM=4, TN=4: 101.2386 ms (median), mean=101.2336 ± 0.0183 ms (508.59 GFLOP/s)
[  6/15] BM= 32, BN=128, BK= 8, TM=4, TN=4: 100.3576 ms (median), mean=100.3709 ± 0.0541 ms (513.06 GFLOP/s)
[  7/15] BM= 64, BN= 64, BK= 0, TM=4, TN=4: 103.7198 ms (median), mean=103.7219 ± 0.0178 ms (496.43 GFLOP/s)
[  8/15] BM= 16, BN=128, BK= 2, TM=2, TN=4:  98.8451 ms (median), mean=98.8519 ± 0.0607 ms (520.91 GFLOP/s)
[  9/15] BM= 16, BN= 32, BK= 2, TM=1, TN=2:  84.1536 ms (median), mean=84.1525 ± 0.0558 ms (611.85 GFLOP/s)
[ 10/15] BM= 16, BN=128, BK= 8, TM=4, TN=2:  68.9105 ms (median), mean=68.8825 ± 0.6782 ms (747.19 GFLOP/s)
[ 11/15] BM= 32, BN= 64, BK= 8, TM=2, TN=4: 101.7326 ms (median), mean=101.7780 ± 0.0814 ms (506.12 GFLOP/s)
[ 12/15] BM= 32, BN= 32, BK= 2, TM=2, TN=1:  79.6942 ms (median), mean=79.7050 ± 0.0419 ms (646.09 GFLOP/s)
[ 13/15] BM= 16, BN= 32, BK= 8, TM=1, TN=2:  84.1795 ms (median), mean=84.1966 ± 0.0778 ms (611.66 GFLOP/s)
[ 14/15] BM= 64, BN= 32, BK= 0, TM=2, TN=2:  77.1726 ms (median), mean=77.1777 ± 0.0461 ms (667.20 GFLOP/s)
[ 15/15] BM= 64, BN= 64, BK= 0, TM=2, TN=4: 104.5136 ms (median), mean=104.5008 ± 0.0282 ms (492.66 GFLOP/s)
✓ Random run completed: 15 configs evaluated
BAYESIAN holdout: geometric-mean speedup=1.024x, 95% CI=[1.016, 1.033], 17/20 paired seeds faster
RANDOM holdout: geometric-mean speedup=1.002x, 95% CI=[1.001, 1.004], 16/20 paired seeds faster

✓ CUDA Bayesian Run 9: best = 64.2967 ms
✓ CUDA Random Run 9:   best = 68.9105 ms

================================================================================
EXPERIMENT 10: CUDA STENCIL Bayesian Search
================================================================================

================================================================================
Bayesian Optimization Auto-tuning CUDA STENCIL kernel (Optuna)
================================================================================
Problem size: 4096x4096x512
Trials to evaluate: 15

Benchmark repeats per config: 10, warmup runs: 5

Valid configurations in search space: 200/324

[  1/15] BM= 16, BN= 64, BK= 0, TM=2, TN=2:  71.1178 ms (median), mean=71.1125 ± 0.0178 ms (724.00 GFLOP/s)
[  2/15] BM= 64, BN= 32, BK= 1, TM=2, TN=4: 108.6129 ms (median), mean=108.6154 ± 0.0174 ms (474.06 GFLOP/s)
[  3/15] BM= 32, BN= 32, BK= 1, TM=1, TN=2:  85.8569 ms (median), mean=85.8566 ± 0.0614 ms (599.71 GFLOP/s)
[  4/15] BM= 32, BN= 32, BK= 1, TM=4, TN=1:  70.3372 ms (median), mean=70.3924 ± 0.0808 ms (732.03 GFLOP/s)
[  5/15] BM= 16, BN= 32, BK= 2, TM=2, TN=2:  75.5667 ms (median), mean=75.5979 ± 0.0794 ms (681.38 GFLOP/s)
[  6/15] BM= 16, BN= 32, BK= 8, TM=1, TN=4: 104.0166 ms (median), mean=104.0570 ± 0.0976 ms (495.01 GFLOP/s)
[  7/15] BM= 16, BN= 64, BK= 2, TM=2, TN=4: 101.1809 ms (median), mean=101.1761 ± 0.0775 ms (508.88 GFLOP/s)
[  8/15] BM= 16, BN= 64, BK= 1, TM=4, TN=2:  71.2944 ms (median), mean=71.3047 ± 0.0301 ms (722.21 GFLOP/s)
[  9/15] BM= 64, BN=128, BK= 1, TM=4, TN=4: 101.3010 ms (median), mean=101.3157 ± 0.0251 ms (508.28 GFLOP/s)
[ 10/15] BM= 32, BN= 32, BK= 1, TM=4, TN=1:  69.8047 ms (median), mean=69.8103 ± 0.0244 ms (737.62 GFLOP/s)
[ 11/15] BM= 32, BN= 32, BK= 0, TM=4, TN=1:  70.4337 ms (median), mean=70.5918 ± 0.2044 ms (731.03 GFLOP/s)
[ 12/15] BM= 16, BN= 32, BK= 1, TM=1, TN=4: 103.3292 ms (median), mean=103.3023 ± 0.0972 ms (498.30 GFLOP/s)
[ 13/15] BM= 32, BN= 32, BK= 1, TM=4, TN=1:  67.8980 ms (median), mean=68.0436 ± 0.2542 ms (758.33 GFLOP/s)
[ 14/15] BM= 32, BN= 32, BK= 2, TM=2, TN=4: 108.8245 ms (median), mean=108.8217 ± 0.0222 ms (473.14 GFLOP/s)
[ 15/15] BM= 16, BN= 64, BK= 2, TM=2, TN=2:  70.8718 ms (median), mean=71.0832 ± 0.3023 ms (726.51 GFLOP/s)

Best trial: Trial #13
Best value: 67.8980 ms
✓ Bayesian run completed: 15 configs evaluated

================================================================================
EXPERIMENT 10: CUDA STENCIL Random Search
================================================================================

================================================================================
Random Search Auto-tuning CUDA STENCIL kernel
================================================================================
Problem size: 4096x4096x512
Samples to evaluate: 15

Benchmark repeats per config: 10, warmup runs: 5

Valid configurations in search space: 200
[  1/15] BM= 16, BN= 64, BK= 0, TM=2, TN=2:  71.1443 ms (median), mean=71.1568 ± 0.0998 ms (723.73 GFLOP/s)
[  2/15] BM= 16, BN=128, BK= 8, TM=4, TN=1:  64.4267 ms (median), mean=64.3655 ± 0.2767 ms (799.19 GFLOP/s)
[  3/15] BM= 16, BN=128, BK= 8, TM=1, TN=4: 102.0032 ms (median), mean=102.0907 ± 0.1270 ms (504.78 GFLOP/s)
[  4/15] BM= 32, BN=128, BK= 1, TM=4, TN=4: 100.2749 ms (median), mean=100.2829 ± 0.0274 ms (513.48 GFLOP/s)
[  5/15] BM= 16, BN= 32, BK= 0, TM=4, TN=4:  99.5024 ms (median), mean=99.5034 ± 0.0493 ms (517.47 GFLOP/s)
[  6/15] BM= 32, BN= 64, BK= 2, TM=4, TN=1:  66.0818 ms (median), mean=66.0576 ± 0.1752 ms (779.18 GFLOP/s)
[  7/15] BM= 16, BN= 64, BK= 0, TM=1, TN=4: 100.0306 ms (median), mean=100.0357 ± 0.0444 ms (514.74 GFLOP/s)
[  8/15] BM= 32, BN= 32, BK= 2, TM=2, TN=2:  75.8895 ms (median), mean=75.8773 ± 0.0692 ms (678.48 GFLOP/s)
[  9/15] BM= 32, BN= 32, BK= 8, TM=2, TN=2:  75.8623 ms (median), mean=75.8809 ± 0.0490 ms (678.72 GFLOP/s)
[ 10/15] BM= 64, BN= 64, BK= 8, TM=4, TN=4: 103.7066 ms (median), mean=103.7021 ± 0.0202 ms (496.49 GFLOP/s)
[ 11/15] BM= 16, BN= 64, BK= 1, TM=1, TN=4:  99.7756 ms (median), mean=99.7779 ± 0.1224 ms (516.05 GFLOP/s)
[ 12/15] BM= 32, BN= 32, BK= 8, TM=1, TN=4: 106.2618 ms (median), mean=106.2632 ± 0.0463 ms (484.55 GFLOP/s)
[ 13/15] BM= 32, BN= 32, BK= 0, TM=1, TN=4: 106.1942 ms (median), mean=106.2268 ± 0.0734 ms (484.86 GFLOP/s)
[ 14/15] BM= 32, BN= 64, BK= 0, TM=4, TN=2:  71.2248 ms (median), mean=71.4246 ± 0.3704 ms (722.91 GFLOP/s)
[ 15/15] BM= 32, BN= 32, BK= 2, TM=2, TN=1:  79.6257 ms (median), mean=79.6291 ± 0.0436 ms (646.64 GFLOP/s)
✓ Random run completed: 15 configs evaluated
BAYESIAN holdout: geometric-mean speedup=1.008x, 95% CI=[1.004, 1.012], 18/20 paired seeds faster
RANDOM holdout: geometric-mean speedup=1.036x, 95% CI=[1.029, 1.043], 20/20 paired seeds faster

✓ CUDA Bayesian Run 10: best = 67.8980 ms
✓ CUDA Random Run 10:   best = 64.4267 ms

BAYESIAN independent validation: median campaign speedup=1.018x; 95% CI above 1.0 in 7/10 campaigns
BAYESIAN grid regret: median=16.786%, mean=15.774% across 10 campaigns

RANDOM independent validation: median campaign speedup=1.021x; 95% CI above 1.0 in 7/10 campaigns
RANDOM grid regret: median=8.827%, mean=8.599% across 10 campaigns

Saved CUDA convergence data to: /home/latorresn/Bayesian_Auto-Tuning_for_Performance_Portability/results_20260930_213706/stencil/size_4096/convergence_cuda.json

================================================================================
Running CUDA statistical analysis...
================================================================================

================================================================================
STATISTICAL COMPARISON: CUDA STENCIL: BAYESIAN vs RANDOM SEARCH
================================================================================

Sample Sizes:
  Bayesian: 10 runs
  Random:   10 runs

Descriptive Statistics (Best Time Found):

  BAYESIAN:
    Mean:   67.1141 ms
    Median: 66.7277 ms
    Std:    2.4659 ms
    Range:  [64.2967, 70.9021] ms
    IQR:    [64.8098, 69.0353] ms

  RANDOM:
    Mean:   67.3108 ms
    Median: 67.1050 ms
    Std:    2.3881 ms
    Range:  [64.4267, 70.8410] ms
    IQR:    [64.9759, 69.6709] ms

Effect Size (Cohen's d): -0.077
  → Negligible effect size

Welch's t-test:
  t-statistic: -0.1719
  p-value:     0.8654
  Mean diff:   -0.1967 ms (95% CI: ±2.1276)
  Result:      Not significant

Mann-Whitney U test (non-parametric):
  U-statistic: 47.0000
  p-value:     0.8501
  Result:      Not significant

WINNER: Bayesian
================================================================================

CUDA statistical results saved to: /home/latorresn/Bayesian_Auto-Tuning_for_Performance_Portability/results_20260930_213706/stencil/size_4096/statistical_results_cuda.json

================================================================================
Analysis complete! Results saved to:
  - SYCL STENCIL convergence data: /home/latorresn/Bayesian_Auto-Tuning_for_Performance_Portability/results_20260930_213706/stencil/size_4096/convergence_sycl.json
  - SYCL STENCIL statistical results: /home/latorresn/Bayesian_Auto-Tuning_for_Performance_Portability/results_20260930_213706/stencil/size_4096/statistical_results_sycl.json
  - CUDA STENCIL convergence data: /home/latorresn/Bayesian_Auto-Tuning_for_Performance_Portability/results_20260930_213706/stencil/size_4096/convergence_cuda.json
  - CUDA STENCIL statistical results: /home/latorresn/Bayesian_Auto-Tuning_for_Performance_Portability/results_20260930_213706/stencil/size_4096/statistical_results_cuda.json
================================================================================

